Song Name	Calamity Fortune [EXTENDED CUT] (Hard) by LeaF (7eaF) [Anniversary]
Title	Calamity Fortune [EXTENDED CUT] (Hard)
Artist	LeaF (7eaF) [Anniversary]
Description	A full-length cut of LeaF's 'Calamity Fortune'. Permission granted by Team Shanghai Alice. Map by Fritzy.
Difficulty	35
Primary Color	Rush
Secondary Color	Chill
Cover Image ID	12718400947
Audio Asset ID	rbxassetid://9064557267
Audio File	9064557267.ogg
Last Note Time	377.469
Total Notes	6843
Fever Fill	2024
Fever Time	56.620350
Long Notes	765
BPM	200
Song Length	378.469000000

Timing Points
0.669	300.000000


Song Data
0.669	1	4	1
0.669	2	1	1
0.744	3	3	1
0.819	4	2	1
0.894	5	1	1
0.969	6	4	2
1.119	7	4	3
0.969	8	3	2
1.119	9	3	3
1.119	10	2	1
1.194	11	3	2
1.344	12	3	3
1.194	13	1	2
1.494	14	1	3
1.344	15	4	1
1.419	16	3	1
1.494	17	2	1
1.569	18	4	1
1.569	19	1	1
1.719	20	2	1
1.869	21	4	1
1.869	22	3	1
1.869	23	1	1
1.944	24	2	1
2.019	25	3	1
2.094	26	4	1
2.169	27	3	1
2.169	28	2	1
2.169	29	1	1
2.319	30	3	1
2.394	31	2	1
2.469	32	3	1
2.469	33	1	1
2.544	34	4	1
2.694	35	1	1
2.769	36	3	1
2.769	37	4	1
2.769	38	2	1
2.919	39	4	1
2.919	40	3	1
3.069	41	2	2
3.219	42	2	3
3.069	43	1	2
3.219	44	1	3
3.369	45	4	1
3.369	46	1	1
3.519	47	1	1
3.519	48	3	1
3.594	49	2	1
3.669	50	3	1
3.669	51	1	1
3.744	52	2	1
3.819	53	3	1
3.819	54	1	1
3.969	55	4	1
3.969	56	1	1
4.269	57	4	1
4.269	58	1	1
4.269	59	2	1
4.344	60	3	1
4.419	61	2	1
4.569	62	4	1
4.569	63	3	1
4.569	64	1	1
4.719	65	2	1
4.794	66	3	1
4.869	67	2	1
4.869	68	1	1
4.944	69	4	1
5.094	70	4	1
5.169	71	3	1
5.169	72	2	1
5.169	73	1	1
5.319	74	4	1
5.319	75	1	1
5.469	76	3	2
5.619	77	3	3
5.469	78	2	2
5.619	79	2	3
5.619	80	4	2
5.769	81	4	3
5.619	82	1	2
5.769	83	1	3
5.769	84	2	2
5.919	85	2	3
5.919	86	1	2
6.519	87	1	3
5.919	88	4	2
6.069	89	4	3
6.069	90	3	2
6.369	91	3	3
6.219	92	2	1
6.369	93	4	1
6.519	94	2	1
6.594	95	3	1
6.669	96	4	1
6.669	97	1	1
6.744	98	2	1
6.819	99	3	1
6.894	100	1	1
6.969	101	4	1
6.969	102	3	1
6.969	103	2	1
7.044	104	1	1
7.119	105	4	1
7.194	106	3	1
7.269	107	2	1
7.269	108	1	1
7.344	109	3	1
7.419	110	2	1
7.494	111	3	1
7.569	112	4	1
7.569	113	2	1
7.569	114	1	1
7.719	115	3	1
7.719	116	1	1
7.869	117	4	1
7.869	118	2	1
7.944	119	3	1
8.019	120	2	1
8.169	121	4	1
8.169	122	3	1
8.169	123	1	1
8.319	124	2	1
8.394	125	3	1
8.469	126	2	1
8.469	127	1	1
8.544	128	4	1
8.619	129	3	1
8.694	130	2	1
8.769	131	4	1
8.769	132	3	1
8.769	133	1	1
8.919	134	2	1
8.919	135	1	1
9.069	136	3	1
9.069	137	2	1
9.069	138	1	1
9.294	139	3	1
9.294	140	2	1
9.294	141	1	1
9.369	142	3	1
9.369	143	2	1
9.369	144	1	1
9.519	145	4	1
9.519	146	3	1
9.519	147	1	1
9.669	148	3	1
9.669	149	2	1
9.669	150	1	1
9.969	151	4	1
9.969	152	3	1
9.969	153	2	1
10.119	154	4	1
10.119	155	3	1
10.119	156	1	1
10.269	157	4	1
10.269	158	3	1
10.269	159	2	1
10.269	160	1	1
10.419	161	4	1
10.419	162	3	1
10.419	163	2	1
10.419	164	1	1
10.569	165	4	2
10.719	166	4	3
10.569	167	2	2
10.719	168	2	3
10.569	169	3	2
10.719	170	3	3
10.569	171	1	2
10.719	172	1	3
10.869	173	1	2
11.019	174	1	3
10.869	175	2	2
11.019	176	2	3
10.869	177	3	2
11.019	178	3	3
10.869	179	4	2
11.019	180	4	3
11.169	181	4	1
11.169	182	3	1
11.169	183	1	1
11.244	184	2	1
11.319	185	3	1
11.394	186	4	1
11.469	187	3	1
11.469	188	2	1
11.469	189	1	1
11.619	190	2	1
11.694	191	3	1
11.769	192	4	1
11.769	193	2	1
11.769	194	1	1
11.844	195	3	1
11.919	196	4	1
12.069	197	2	1
12.069	198	1	1
12.219	199	2	1
12.369	200	4	1
12.369	201	3	2
12.444	202	3	3
12.444	203	1	1
12.444	204	2	2
12.519	205	2	3
12.519	206	3	1
12.519	207	4	2
12.594	208	4	3
12.594	209	2	1
12.594	210	1	2
12.669	211	1	3
12.669	212	4	1
12.669	213	3	1
12.819	214	3	1
12.894	215	2	1
12.969	216	4	1
12.969	217	3	1
12.969	218	1	1
13.044	219	2	1
13.119	220	4	1
13.269	221	3	1
13.269	222	1	1
13.419	223	3	1
13.569	224	1	1
13.569	225	2	2
13.644	226	2	3
13.644	227	4	1
13.644	228	3	2
13.719	229	3	3
13.719	230	2	1
13.719	231	1	2
13.794	232	1	3
13.794	233	3	1
13.794	234	4	2
13.869	235	4	3
13.869	236	2	1
13.869	237	1	1
14.019	238	3	1
14.094	239	1	1
14.169	240	4	1
14.169	241	3	1
14.169	242	2	1
14.244	243	1	1
14.319	244	4	1
14.469	245	3	1
14.469	246	2	1
14.619	247	3	1
14.769	248	2	1
14.769	249	1	2
14.844	250	1	3
14.844	251	4	1
14.844	252	3	2
14.919	253	3	3
14.919	254	1	1
14.919	255	2	2
14.994	256	2	3
14.994	257	3	1
14.994	258	4	2
15.069	259	4	3
15.069	260	1	1
15.069	261	2	2
15.219	262	2	3
15.219	263	3	2
15.369	264	3	3
15.369	265	4	1
15.369	266	2	1
15.369	267	1	2
15.519	268	1	3
15.519	269	3	1
15.519	270	4	2
15.669	271	4	3
15.669	272	1	1
15.669	273	2	2
15.969	274	2	3
15.819	275	3	1
15.969	276	4	1
15.969	277	3	1
16.044	278	1	1
16.119	279	2	1
16.194	280	3	1
16.269	281	4	1
16.269	282	1	1
16.419	283	2	1
16.494	284	3	1
16.569	285	4	1
16.569	286	2	1
16.569	287	1	1
16.644	288	3	1
16.719	289	4	1
16.869	290	2	1
16.869	291	1	1
17.019	292	2	1
17.169	293	4	1
17.169	294	3	2
17.244	295	3	3
17.244	296	1	1
17.244	297	2	2
17.319	298	2	3
17.319	299	3	1
17.319	300	4	2
17.394	301	4	3
17.394	302	2	1
17.394	303	1	2
17.469	304	1	3
17.469	305	4	1
17.469	306	3	1
17.619	307	3	1
17.694	308	2	1
17.769	309	4	1
17.769	310	3	1
17.769	311	1	1
17.844	312	2	1
17.919	313	4	1
18.069	314	3	1
18.069	315	1	1
18.219	316	3	1
18.369	317	1	1
18.369	318	2	2
18.444	319	2	3
18.444	320	4	1
18.444	321	3	2
18.519	322	3	3
18.519	323	2	1
18.519	324	1	2
18.594	325	1	3
18.594	326	3	1
18.594	327	4	2
18.669	328	4	3
18.669	329	2	1
18.669	330	1	1
18.819	331	3	1
18.894	332	1	1
18.969	333	4	1
18.969	334	3	1
18.969	335	2	1
19.044	336	1	1
19.119	337	4	1
19.269	338	3	1
19.269	339	2	1
19.419	340	3	1
19.569	341	2	1
19.569	342	1	2
19.644	343	1	3
19.644	344	4	1
19.644	345	3	2
19.719	346	3	3
19.719	347	2	1
19.719	348	1	1
19.869	349	1	1
19.869	350	4	2
20.019	351	4	3
20.019	352	3	1
20.094	353	2	1
20.169	354	3	1
20.169	355	4	1
20.169	356	1	2
20.319	357	1	3
20.319	358	2	1
20.469	359	1	1
20.469	360	3	2
20.544	361	3	3
20.544	362	2	2
20.619	363	2	3
20.619	364	4	2
20.769	365	4	3
20.769	366	3	1
20.769	367	2	1
20.769	368	1	1
20.919	369	3	1
21.069	370	4	1
21.069	371	2	1
21.069	372	1	1
21.219	373	2	1
21.369	374	4	1
21.369	375	3	1
21.519	376	1	1
21.669	377	4	1
21.669	378	2	1
21.819	379	3	1
21.819	380	1	1
21.894	381	2	1
21.969	382	3	1
21.969	383	1	1
22.119	384	3	1
22.119	385	2	1
22.419	386	4	1
22.419	387	1	1
22.569	388	4	1
22.569	389	3	1
22.569	390	2	1
22.719	391	3	1
22.794	392	1	1
22.869	393	2	1
22.869	394	4	1
22.944	395	3	1
23.019	396	2	1
23.019	397	1	1
23.169	398	1	2
23.469	399	1	3
23.469	400	4	1
23.469	401	3	1
23.619	402	4	1
23.619	403	3	1
23.619	404	2	1
23.769	405	2	1
23.769	406	1	1
23.919	407	3	1
24.069	408	4	1
24.069	409	1	1
24.219	410	4	1
24.219	411	2	1
24.294	412	3	1
24.369	413	4	1
24.369	414	2	1
24.519	415	3	1
24.519	416	2	1
24.819	417	4	1
24.819	418	1	1
24.969	419	3	1
24.969	420	2	1
24.969	421	1	1
25.119	422	4	1
25.194	423	3	1
25.269	424	2	1
25.344	425	4	1
25.419	426	2	1
25.494	427	3	1
25.569	428	4	2
25.719	429	4	3
25.569	430	2	2
25.719	431	2	3
25.569	432	1	1
25.869	433	1	2
25.944	434	1	3
25.944	435	3	2
26.019	436	3	3
26.019	437	2	2
26.094	438	2	3
26.094	439	4	2
26.169	440	4	3
26.169	441	1	2
26.244	442	1	3
26.244	443	3	2
26.319	444	3	3
26.319	445	2	2
26.394	446	2	3
26.394	447	4	2
26.469	448	4	3
26.469	449	1	2
26.544	450	1	3
26.544	451	2	2
26.619	452	2	3
26.619	453	3	2
26.694	454	3	3
26.694	455	4	2
26.769	456	4	3
26.769	457	1	2
26.844	458	1	3
26.844	459	2	2
26.919	460	2	3
26.919	461	3	2
26.994	462	3	3
26.994	463	4	2
27.069	464	4	3
27.069	465	3	1
27.069	466	2	1
27.069	467	1	1
27.219	468	4	1
27.294	469	3	1
27.369	470	4	1
27.369	471	2	1
27.444	472	1	1
27.519	473	3	2
27.669	474	3	3
27.669	475	2	1
27.669	476	1	1
27.744	477	3	2
27.894	478	3	3
27.744	479	4	2
27.894	480	4	3
27.894	481	2	1
27.969	482	4	1
27.969	483	3	1
28.119	484	2	1
28.119	485	1	1
28.269	486	3	2
28.419	487	3	3
28.269	488	2	1
28.419	489	4	1
28.494	490	2	1
28.494	491	1	2
28.644	492	1	3
28.569	493	4	1
28.569	494	3	1
28.644	495	2	1
28.719	496	3	1
28.719	497	4	2
28.869	498	4	3
28.869	499	3	1
28.869	500	1	1
28.944	501	2	2
29.094	502	2	3
29.019	503	4	1
29.094	504	1	1
29.169	505	4	2
29.319	506	4	3
29.169	507	3	2
29.319	508	3	3
29.319	509	1	2
29.469	510	1	3
29.319	511	2	2
29.469	512	2	3
29.469	513	4	1
29.469	514	3	1
29.619	515	1	1
29.694	516	2	1
29.769	517	1	1
29.769	518	3	1
29.844	519	4	1
29.919	520	2	2
30.069	521	2	3
30.069	522	3	1
30.069	523	4	1
30.144	524	2	2
30.294	525	2	3
30.144	526	1	2
30.294	527	1	3
30.294	528	3	1
30.369	529	1	1
30.369	530	2	1
30.519	531	3	1
30.519	532	4	1
30.669	533	2	1
30.669	534	3	2
30.819	535	3	3
30.819	536	1	2
30.969	537	1	3
30.969	538	3	1
30.969	539	4	2
31.119	540	4	3
31.119	541	2	2
31.269	542	2	3
31.269	543	3	1
31.269	544	1	1
31.344	545	2	1
31.419	546	3	1
31.569	547	2	1
31.569	548	4	2
31.719	549	4	3
31.719	550	2	1
31.719	551	1	1
31.869	552	3	1
31.869	553	1	1
32.019	554	4	1
32.094	555	3	1
32.169	556	4	1
32.169	557	2	1
32.244	558	1	1
32.319	559	3	2
32.469	560	3	3
32.469	561	2	1
32.469	562	4	1
32.544	563	3	2
32.694	564	3	3
32.544	565	1	2
32.694	566	1	3
32.694	567	2	1
32.769	568	4	1
32.769	569	3	1
32.919	570	2	1
32.919	571	1	1
33.069	572	4	1
33.069	573	1	1
33.219	574	3	1
33.219	575	4	2
33.294	576	4	3
33.294	577	1	1
33.294	578	2	2
33.369	579	2	3
33.369	580	4	1
33.369	581	3	2
33.444	582	3	3
33.444	583	2	1
33.444	584	1	2
33.519	585	1	3
33.519	586	3	1
33.519	587	4	2
33.594	588	4	3
33.594	589	1	1
33.594	590	2	2
33.669	591	2	3
33.669	592	4	1
33.669	593	3	2
33.819	594	3	3
33.819	595	2	1
33.819	596	1	2
33.969	597	1	3
33.969	598	4	1
33.969	599	3	1
34.119	600	4	1
34.119	601	2	2
34.269	602	2	3
34.269	603	3	1
34.269	604	1	1
34.269	605	4	2
35.469	606	4	3
34.419	607	2	1
34.569	608	3	1
34.569	609	1	1
34.644	610	2	1
34.719	611	1	1
34.794	612	3	1
34.869	613	2	1
34.869	614	1	1
34.944	615	3	1
35.019	616	2	1
35.094	617	1	1
35.169	618	3	1
35.169	619	2	1
35.244	620	1	1
35.319	621	3	1
35.394	622	2	1
35.469	623	3	1
35.469	624	1	1
35.619	625	4	1
35.619	626	2	1
35.769	627	1	1
35.769	628	3	1
35.769	629	2	1
35.919	630	4	1
35.919	631	3	1
36.069	632	4	1
36.069	633	3	1
36.069	634	2	1
36.219	635	1	1
36.369	636	4	1
36.369	637	2	1
36.369	638	1	1
36.519	639	4	1
36.519	640	3	1
36.594	641	2	1
36.594	642	1	1
36.669	643	4	1
36.669	644	3	1
36.819	645	2	1
36.894	646	3	1
36.969	647	4	1
36.969	648	2	1
36.969	649	1	1
37.044	650	3	1
37.119	651	4	1
37.269	652	2	1
37.269	653	1	1
37.419	654	2	1
37.569	655	3	1
37.569	656	4	2
37.644	657	4	3
37.644	658	2	1
37.644	659	1	2
37.719	660	1	3
37.719	661	3	1
37.719	662	4	2
37.794	663	4	3
37.794	664	2	1
37.794	665	1	2
37.869	666	1	3
37.869	667	4	1
37.869	668	3	1
38.019	669	3	1
38.094	670	2	1
38.169	671	4	1
38.169	672	3	1
38.169	673	1	1
38.244	674	2	1
38.319	675	4	1
38.469	676	3	1
38.469	677	1	1
38.619	678	3	1
38.769	679	1	1
38.769	680	2	2
38.844	681	2	3
38.844	682	4	1
38.844	683	3	2
38.919	684	3	3
38.919	685	1	1
38.919	686	2	2
38.994	687	2	3
38.994	688	4	1
38.994	689	3	2
39.069	690	3	3
39.069	691	2	1
39.069	692	1	1
39.219	693	3	1
39.294	694	1	1
39.369	695	4	1
39.369	696	3	1
39.369	697	2	1
39.444	698	1	1
39.519	699	4	1
39.669	700	3	1
39.669	701	2	1
39.819	702	3	1
39.969	703	2	1
39.969	704	1	2
40.044	705	1	3
40.044	706	4	1
40.044	707	3	2
40.119	708	3	3
40.119	709	2	1
40.119	710	1	2
40.194	711	1	3
40.194	712	4	1
40.194	713	3	2
40.269	714	3	3
40.269	715	1	1
40.269	716	2	2
40.419	717	2	3
40.419	718	3	2
40.569	719	3	3
40.569	720	4	1
40.569	721	2	1
40.569	722	1	2
40.719	723	1	3
40.719	724	3	1
40.719	725	4	2
40.869	726	4	3
40.869	727	1	1
40.869	728	2	2
41.169	729	2	3
41.019	730	3	1
41.169	731	4	1
41.169	732	3	1
41.244	733	1	1
41.319	734	2	1
41.394	735	3	1
41.469	736	4	1
41.469	737	1	1
41.619	738	2	1
41.694	739	3	1
41.769	740	4	1
41.769	741	2	1
41.769	742	1	1
41.844	743	3	1
41.919	744	4	1
42.069	745	2	1
42.069	746	1	1
42.219	747	2	1
42.369	748	3	1
42.369	749	4	2
42.444	750	4	3
42.444	751	2	1
42.444	752	1	2
42.519	753	1	3
42.519	754	3	1
42.519	755	4	2
42.594	756	4	3
42.594	757	2	1
42.594	758	1	2
42.669	759	1	3
42.669	760	4	1
42.669	761	3	1
42.819	762	3	1
42.894	763	2	1
42.969	764	4	1
42.969	765	3	1
42.969	766	1	1
43.044	767	2	1
43.119	768	4	1
43.269	769	3	1
43.269	770	1	1
43.419	771	3	1
43.569	772	1	1
43.569	773	2	2
43.644	774	2	3
43.644	775	4	1
43.644	776	3	2
43.719	777	3	3
43.719	778	1	1
43.719	779	2	2
43.794	780	2	3
43.794	781	4	1
43.794	782	3	2
43.869	783	3	3
43.869	784	2	1
43.869	785	1	1
44.019	786	3	1
44.094	787	1	1
44.169	788	4	1
44.169	789	3	1
44.169	790	2	1
44.244	791	1	1
44.319	792	4	1
44.469	793	3	1
44.469	794	2	1
44.619	795	3	1
44.769	796	2	1
44.769	797	1	2
44.844	798	1	3
44.844	799	3	1
44.844	800	4	2
44.919	801	4	3
44.919	802	2	1
44.919	803	1	1
45.069	804	1	1
45.069	805	4	2
45.219	806	4	3
45.219	807	3	1
45.294	808	2	1
45.369	809	3	1
45.369	810	4	1
45.369	811	1	2
45.519	812	1	3
45.519	813	2	1
45.669	814	1	1
45.669	815	3	2
45.744	816	3	3
45.744	817	2	2
45.819	818	2	3
45.819	819	4	2
45.969	820	4	3
45.969	821	3	1
45.969	822	2	1
45.969	823	1	1
46.119	824	3	1
46.269	825	4	1
46.269	826	2	1
46.269	827	1	1
46.419	828	3	1
46.419	829	2	1
46.569	830	4	1
46.569	831	3	1
46.569	832	1	1
46.869	833	2	1
46.869	834	4	1
47.019	835	3	1
47.019	836	2	1
47.094	837	3	1
47.094	838	2	1
47.169	839	4	1
47.169	840	1	1
47.319	841	1	1
47.319	842	2	1
47.619	843	3	1
47.619	844	2	1
47.769	845	4	1
47.769	846	3	1
47.769	847	2	1
47.919	848	1	1
47.994	849	2	1
48.069	850	3	1
48.144	851	1	1
48.219	852	3	1
48.369	853	2	2
48.669	854	2	3
48.669	855	4	1
48.669	856	3	1
48.819	857	4	1
48.819	858	3	1
48.819	859	2	1
48.969	860	4	1
48.969	861	3	1
48.969	862	2	1
48.969	863	1	1
49.269	864	4	1
49.269	865	1	1
49.419	866	3	1
49.419	867	2	1
49.494	868	3	1
49.494	869	2	1
49.569	870	4	1
49.569	871	1	1
49.719	872	4	1
49.719	873	3	1
50.019	874	4	1
50.019	875	2	1
50.169	876	4	1
50.169	877	3	1
50.169	878	2	1
50.319	879	1	1
50.394	880	2	1
50.469	881	4	1
50.544	882	3	1
50.619	883	2	1
50.694	884	1	1
50.769	885	2	2
50.919	886	2	3
50.769	887	3	2
50.919	888	3	3
51.069	889	1	2
51.144	890	1	3
51.144	891	2	2
51.219	892	2	3
51.219	893	4	2
51.294	894	4	3
51.294	895	3	2
51.369	896	3	3
51.369	897	2	2
51.444	898	2	3
51.444	899	1	2
51.519	900	1	3
51.519	901	4	2
51.594	902	4	3
51.594	903	3	2
51.669	904	3	3
51.669	905	2	2
51.744	906	2	3
51.744	907	4	2
51.819	908	4	3
51.819	909	1	2
51.894	910	1	3
51.894	911	3	2
51.969	912	3	3
51.969	913	2	2
52.044	914	2	3
52.044	915	4	2
52.119	916	4	3
52.119	917	1	2
52.194	918	1	3
52.194	919	3	2
52.269	920	3	3
52.269	921	4	1
52.269	922	2	1
52.269	923	1	1
52.419	924	4	1
52.494	925	3	1
52.569	926	4	1
52.569	927	2	1
52.644	928	1	1
52.719	929	3	2
52.869	930	3	3
52.869	931	2	1
52.869	932	1	1
52.944	933	3	2
53.094	934	3	3
52.944	935	4	2
53.094	936	4	3
53.094	937	2	1
53.169	938	4	1
53.169	939	3	1
53.319	940	2	1
53.319	941	1	1
53.469	942	3	2
53.619	943	3	3
53.469	944	2	1
53.619	945	4	1
53.694	946	2	1
53.694	947	1	2
53.844	948	1	3
53.769	949	4	1
53.769	950	3	1
53.844	951	2	1
53.919	952	3	1
53.919	953	4	2
54.069	954	4	3
54.069	955	3	1
54.069	956	1	1
54.144	957	2	2
54.294	958	2	3
54.219	959	4	1
54.294	960	1	1
54.369	961	4	2
54.519	962	4	3
54.369	963	3	2
54.519	964	3	3
54.519	965	1	2
54.669	966	1	3
54.519	967	2	2
54.669	968	2	3
54.669	969	4	1
54.669	970	3	1
54.819	971	1	1
54.894	972	2	1
54.969	973	1	1
54.969	974	3	1
55.044	975	4	1
55.119	976	2	2
55.269	977	2	3
55.269	978	3	1
55.269	979	4	1
55.344	980	2	2
55.494	981	2	3
55.344	982	1	2
55.494	983	1	3
55.494	984	3	1
55.569	985	1	1
55.569	986	2	1
55.719	987	3	1
55.719	988	4	1
55.869	989	2	1
55.869	990	3	2
56.019	991	3	3
56.019	992	1	2
56.169	993	1	3
56.169	994	3	1
56.169	995	4	2
56.319	996	4	3
56.319	997	2	2
56.469	998	2	3
56.469	999	3	1
56.469	1000	1	1
56.544	1001	2	1
56.619	1002	3	1
56.694	1003	1	1
56.769	1004	2	1
56.769	1005	4	2
56.919	1006	4	3
56.919	1007	2	1
56.919	1008	1	1
57.069	1009	3	1
57.069	1010	1	1
57.219	1011	4	1
57.294	1012	3	1
57.369	1013	4	1
57.369	1014	2	1
57.444	1015	1	1
57.519	1016	3	2
57.669	1017	3	3
57.669	1018	2	1
57.669	1019	4	1
57.744	1020	3	2
57.894	1021	3	3
57.744	1022	1	2
57.894	1023	1	3
57.894	1024	2	1
57.969	1025	4	1
57.969	1026	3	1
58.119	1027	2	1
58.119	1028	1	1
58.269	1029	4	1
58.269	1030	1	1
58.419	1031	3	1
58.419	1032	4	2
58.494	1033	4	3
58.494	1034	1	1
58.494	1035	2	2
58.569	1036	2	3
58.569	1037	4	1
58.569	1038	3	2
58.644	1039	3	3
58.644	1040	2	1
58.644	1041	1	2
58.719	1042	1	3
58.719	1043	3	1
58.719	1044	4	2
58.794	1045	4	3
58.794	1046	1	1
58.794	1047	2	2
58.869	1048	2	3
58.869	1049	4	1
58.869	1050	3	2
59.019	1051	3	3
59.019	1052	2	1
59.019	1053	1	2
59.169	1054	1	3
59.169	1055	4	1
59.169	1056	3	1
59.319	1057	4	1
59.469	1058	3	2
59.619	1059	3	3
59.469	1060	2	2
59.619	1061	2	3
59.469	1062	1	2
59.619	1063	1	3
59.694	1064	3	1
59.694	1065	2	1
59.694	1066	1	1
59.769	1067	3	1
59.769	1068	2	1
59.769	1069	1	1
59.919	1070	4	1
59.919	1071	3	1
59.919	1072	2	1
60.069	1073	1	2
60.219	1074	1	3
60.069	1075	4	2
60.219	1076	4	3
60.069	1077	3	2
60.219	1078	3	3
60.369	1079	4	2
60.519	1080	4	3
60.369	1081	1	2
60.519	1082	1	3
60.369	1083	2	2
60.519	1084	2	3
60.519	1085	3	1
60.669	1086	4	1
60.669	1087	3	1
60.669	1088	2	1
60.669	1089	1	1
60.819	1090	2	1
60.819	1091	1	1
60.819	1092	3	1
60.819	1093	4	1
60.969	1094	3	2
61.119	1095	3	3
60.969	1096	4	2
61.119	1097	4	3
60.969	1098	2	2
61.119	1099	2	3
60.969	1100	1	2
61.119	1101	1	3
61.269	1102	1	2
61.419	1103	1	3
61.269	1104	2	2
61.419	1105	2	3
61.269	1106	3	2
61.419	1107	3	3
61.269	1108	4	2
61.419	1109	4	3
61.569	1110	4	1
61.569	1111	3	1
61.644	1112	1	1
61.644	1113	2	1
61.719	1114	4	1
61.719	1115	3	1
61.794	1116	1	1
61.794	1117	2	1
61.869	1118	4	1
61.869	1119	3	1
62.019	1120	2	1
62.169	1121	4	1
62.169	1122	3	1
62.169	1123	1	1
62.319	1124	2	1
62.394	1125	3	1
62.469	1126	2	1
62.469	1127	4	1
62.544	1128	1	1
62.619	1129	4	1
62.619	1130	3	1
62.769	1131	3	1
62.769	1132	2	1
62.769	1133	1	1
62.919	1134	2	1
63.069	1135	4	1
63.069	1136	3	1
63.069	1137	1	1
63.219	1138	3	1
63.219	1139	2	1
63.219	1140	1	1
63.294	1141	4	1
63.369	1142	2	1
63.369	1143	3	1
63.369	1144	1	1
63.519	1145	4	1
63.519	1146	3	1
63.519	1147	1	1
63.669	1148	4	1
63.669	1149	2	1
63.669	1150	1	1
63.819	1151	3	2
64.119	1152	3	3
63.819	1153	2	1
63.969	1154	2	2
64.119	1155	2	3
63.969	1156	1	2
64.119	1157	1	3
64.119	1158	4	2
64.269	1159	4	3
64.269	1160	3	1
64.269	1161	2	1
64.269	1162	1	1
64.344	1163	4	1
64.419	1164	3	1
64.494	1165	2	1
64.569	1166	4	1
64.569	1167	3	1
64.569	1168	1	1
64.719	1169	2	1
64.794	1170	3	1
64.869	1171	2	1
64.869	1172	4	1
64.944	1173	1	1
65.019	1174	4	1
65.019	1175	3	1
65.094	1176	2	1
65.169	1177	4	1
65.169	1178	1	1
65.319	1179	3	1
65.319	1180	2	1
65.469	1181	4	1
65.469	1182	3	1
65.469	1183	1	1
65.544	1184	4	1
65.544	1185	3	1
65.544	1186	1	1
65.694	1187	4	1
65.694	1188	2	1
65.694	1189	1	1
65.769	1190	4	1
65.769	1191	2	1
65.769	1192	1	1
65.919	1193	4	1
65.919	1194	3	1
65.994	1195	2	1
65.994	1196	1	1
66.069	1197	4	1
66.069	1198	3	1
66.219	1199	2	1
66.219	1200	1	1
66.294	1201	2	1
66.294	1202	1	1
66.369	1203	4	1
66.369	1204	3	1
66.444	1205	4	1
66.444	1206	3	1
66.519	1207	2	1
66.519	1208	1	1
66.594	1209	2	1
66.594	1210	1	1
66.669	1211	4	2
67.269	1212	4	3
66.669	1213	3	1
66.819	1214	3	1
66.969	1215	2	1
66.969	1216	1	1
67.119	1217	2	1
67.194	1218	3	1
67.269	1219	2	1
67.269	1220	1	2
67.869	1221	1	3
67.344	1222	3	1
67.494	1223	2	1
67.569	1224	4	1
67.569	1225	3	1
67.719	1226	4	1
67.794	1227	3	1
67.869	1228	4	2
68.019	1229	4	3
67.869	1230	2	2
68.019	1231	2	3
68.019	1232	3	1
68.169	1233	3	2
68.319	1234	3	3
68.169	1235	1	2
68.319	1236	1	3
68.319	1237	2	1
68.469	1238	4	2
68.619	1239	4	3
68.469	1240	3	2
68.619	1241	3	3
68.619	1242	2	1
68.769	1243	2	2
68.919	1244	2	3
68.769	1245	1	2
68.919	1246	1	3
68.919	1247	3	1
69.069	1248	4	1
69.069	1249	2	1
69.069	1250	1	1
69.144	1251	3	1
69.219	1252	2	1
69.294	1253	1	1
69.369	1254	4	1
69.369	1255	3	1
69.444	1256	2	1
69.519	1257	1	1
69.594	1258	2	1
69.669	1259	4	1
69.669	1260	3	1
69.669	1261	1	1
69.744	1262	2	1
69.819	1263	4	1
69.894	1264	3	1
69.969	1265	4	1
69.969	1266	1	1
70.044	1267	2	1
70.119	1268	3	1
70.194	1269	4	1
70.269	1270	3	1
70.269	1271	2	1
70.269	1272	1	1
70.419	1273	1	1
70.419	1274	2	1
70.494	1275	4	1
70.494	1276	3	1
70.569	1277	4	1
70.569	1278	3	1
70.569	1279	2	1
70.719	1280	1	1
70.719	1281	2	1
70.794	1282	3	1
70.794	1283	2	1
70.794	1284	1	1
70.944	1285	4	1
70.944	1286	3	1
71.094	1287	2	1
71.094	1288	1	1
71.169	1289	4	1
71.169	1290	2	1
71.169	1291	1	1
71.319	1292	1	1
71.319	1293	4	1
71.319	1294	3	1
71.469	1295	4	1
71.469	1296	3	1
71.469	1297	2	1
71.469	1298	1	1
71.769	1299	3	1
72.069	1300	1	2
72.294	1301	1	3
72.294	1302	2	2
72.519	1303	2	3
72.519	1304	3	2
72.669	1305	3	3
72.669	1306	4	2
72.969	1307	4	3
72.819	1308	1	1
72.969	1309	3	1
73.119	1310	2	1
73.269	1311	1	2
73.494	1312	1	3
73.419	1313	4	1
73.494	1314	2	2
73.719	1315	2	3
73.569	1316	3	1
73.719	1317	3	2
73.869	1318	3	3
73.869	1319	4	2
74.469	1320	4	3
74.019	1321	1	1
74.169	1322	3	1
74.319	1323	1	1
74.469	1324	2	2
75.069	1325	2	3
74.619	1326	3	1
74.769	1327	4	1
74.919	1328	3	1
75.069	1329	1	2
76.269	1330	1	3
75.219	1331	4	1
75.369	1332	2	1
75.519	1333	3	1
75.669	1334	2	1
75.819	1335	3	1
75.969	1336	4	1
75.969	1337	3	1
76.119	1338	2	1
76.269	1339	4	1
76.269	1340	3	1
76.269	1341	2	1
76.569	1342	1	1
76.719	1343	4	1
76.869	1344	3	2
77.094	1345	3	3
77.094	1346	2	2
77.319	1347	2	3
77.319	1348	1	2
77.469	1349	1	3
77.469	1350	4	2
77.769	1351	4	3
77.619	1352	2	1
77.769	1353	3	1
77.919	1354	2	1
78.069	1355	4	2
78.294	1356	4	3
78.219	1357	1	1
78.294	1358	3	2
78.519	1359	3	3
78.369	1360	1	1
78.519	1361	2	2
78.669	1362	2	3
78.669	1363	1	1
78.669	1364	4	2
79.269	1365	4	3
78.819	1366	3	1
78.969	1367	2	1
79.119	1368	1	1
79.269	1369	3	1
79.269	1370	2	2
79.869	1371	2	3
79.419	1372	4	1
79.569	1373	3	1
79.719	1374	1	1
79.869	1375	4	1
79.869	1376	3	2
80.469	1377	3	3
80.019	1378	1	1
80.169	1379	2	1
80.319	1380	4	1
80.469	1381	2	1
80.469	1382	1	2
81.069	1383	1	3
80.619	1384	3	1
80.769	1385	4	1
80.769	1386	3	1
81.069	1387	4	1
81.069	1388	3	1
81.069	1389	2	1
81.369	1390	3	1
81.669	1391	1	2
81.894	1392	1	3
81.894	1393	2	2
82.119	1394	2	3
82.119	1395	3	2
82.269	1396	3	3
82.269	1397	4	2
82.569	1398	4	3
82.419	1399	1	1
82.569	1400	3	1
82.719	1401	2	1
82.869	1402	1	2
83.094	1403	1	3
83.019	1404	4	1
83.094	1405	2	2
83.319	1406	2	3
83.169	1407	4	1
83.319	1408	3	2
83.469	1409	3	3
83.469	1410	1	1
83.469	1411	4	2
83.769	1412	4	3
83.619	1413	2	1
83.769	1414	1	1
83.769	1415	3	2
84.069	1416	3	3
83.919	1417	1	1
84.069	1418	4	1
84.069	1419	2	2
84.369	1420	2	3
84.219	1421	3	1
84.369	1422	4	1
84.369	1423	1	2
84.669	1424	1	3
84.519	1425	2	1
84.669	1426	3	1
84.669	1427	4	2
85.869	1428	4	3
84.819	1429	2	1
84.969	1430	1	1
85.119	1431	3	1
85.269	1432	2	1
85.419	1433	1	1
85.569	1434	3	2
85.869	1435	3	3
85.869	1436	2	1
85.869	1437	1	1
85.944	1438	3	1
86.019	1439	4	1
86.094	1440	2	1
86.169	1441	3	1
86.244	1442	1	1
86.319	1443	2	1
86.394	1444	4	1
86.469	1445	1	1
86.469	1446	3	1
86.544	1447	2	1
86.619	1448	3	1
86.694	1449	4	1
86.694	1450	1	1
86.769	1451	2	1
86.844	1452	3	1
86.919	1453	4	1
86.919	1454	2	1
86.994	1455	1	1
87.069	1456	4	1
87.069	1457	3	1
87.144	1458	2	1
87.219	1459	4	1
87.294	1460	3	1
87.369	1461	1	1
87.444	1462	2	1
87.519	1463	3	1
87.594	1464	4	1
87.669	1465	2	1
87.669	1466	1	1
87.744	1467	3	1
87.819	1468	4	1
87.894	1469	3	1
87.894	1470	1	1
87.969	1471	2	1
88.044	1472	3	1
88.119	1473	4	1
88.119	1474	2	1
88.194	1475	1	1
88.269	1476	4	1
88.269	1477	3	1
88.344	1478	2	1
88.419	1479	1	1
88.494	1480	3	1
88.569	1481	4	1
88.569	1482	1	1
88.644	1483	2	1
88.719	1484	3	1
88.794	1485	4	1
88.869	1486	2	1
88.869	1487	1	1
88.944	1488	3	1
89.019	1489	4	1
89.094	1490	2	1
89.169	1491	3	1
89.169	1492	1	1
89.244	1493	2	1
89.319	1494	4	1
89.394	1495	3	1
89.469	1496	2	1
89.469	1497	4	1
89.544	1498	1	1
89.619	1499	3	1
89.694	1500	2	1
89.769	1501	1	1
89.769	1502	4	1
89.769	1503	3	1
89.844	1504	2	1
89.919	1505	1	1
89.919	1506	3	1
89.919	1507	4	1
89.994	1508	2	1
90.069	1509	4	1
90.069	1510	3	1
90.069	1511	1	1
90.144	1512	2	1
90.219	1513	4	1
90.294	1514	3	1
90.369	1515	2	1
90.369	1516	4	1
90.369	1517	1	1
90.444	1518	3	1
90.519	1519	2	1
90.594	1520	1	1
90.669	1521	4	1
90.744	1522	3	1
90.819	1523	2	1
90.894	1524	1	1
90.969	1525	3	2
91.119	1526	3	3
90.969	1527	4	2
91.119	1528	4	3
91.119	1529	2	1
91.194	1530	4	1
91.194	1531	1	2
91.569	1532	1	3
91.344	1533	2	2
91.569	1534	2	3
91.419	1535	3	1
91.494	1536	4	1
91.569	1537	3	1
91.869	1538	4	1
91.869	1539	1	1
91.906	1540	2	1
91.944	1541	3	1
91.981	1542	4	1
92.019	1543	1	1
92.056	1544	2	1
92.094	1545	3	1
92.131	1546	4	1
92.169	1547	2	1
92.169	1548	1	1
92.244	1549	3	1
92.319	1550	1	1
92.394	1551	2	1
92.469	1552	4	1
92.544	1553	3	1
92.619	1554	1	1
92.619	1555	2	1
92.694	1556	3	1
92.694	1557	4	1
92.769	1558	3	1
92.769	1559	2	1
92.769	1560	1	1
92.844	1561	1	1
92.919	1562	2	1
92.994	1563	3	1
93.069	1564	4	1
93.069	1565	1	1
93.106	1566	2	1
93.144	1567	3	1
93.181	1568	4	1
93.219	1569	2	1
93.219	1570	1	1
93.294	1571	3	1
93.369	1572	2	1
93.444	1573	4	1
93.519	1574	1	1
93.594	1575	3	1
93.669	1576	2	1
93.744	1577	1	1
93.744	1578	4	1
93.781	1579	3	1
93.819	1580	2	1
93.894	1581	1	1
93.969	1582	4	1
93.969	1583	3	1
94.006	1584	2	1
94.044	1585	1	1
94.119	1586	3	1
94.194	1587	4	1
94.269	1588	2	1
94.269	1589	1	1
94.306	1590	3	1
94.344	1591	4	1
94.419	1592	2	1
94.456	1593	1	1
94.494	1594	3	1
94.569	1595	2	1
94.569	1596	4	1
94.644	1597	3	1
94.719	1598	2	1
94.794	1599	3	1
94.831	1600	4	1
94.869	1601	1	1
94.944	1602	2	1
95.019	1603	4	1
95.019	1604	3	1
95.056	1605	2	1
95.056	1606	1	1
95.094	1607	4	1
95.169	1608	1	1
95.244	1609	2	1
95.319	1610	3	1
95.394	1611	2	1
95.469	1612	4	1
95.544	1613	3	1
95.581	1614	1	1
95.619	1615	2	1
95.656	1616	4	1
95.694	1617	3	1
95.769	1618	4	1
95.769	1619	2	1
95.769	1620	1	1
95.844	1621	3	1
95.919	1622	1	1
95.994	1623	2	1
96.069	1624	3	1
96.144	1625	1	1
96.144	1626	2	1
96.219	1627	4	1
96.219	1628	2	1
96.219	1629	1	1
96.294	1630	3	1
96.444	1631	4	1
96.444	1632	3	1
96.481	1633	1	1
96.519	1634	2	1
96.556	1635	3	1
96.594	1636	4	1
96.631	1637	1	1
96.669	1638	3	1
96.669	1639	2	1
96.706	1640	4	1
96.744	1641	1	1
96.781	1642	2	1
96.819	1643	3	1
96.856	1644	4	1
96.894	1645	2	1
96.894	1646	1	1
96.969	1647	3	1
97.044	1648	4	1
97.119	1649	2	1
97.194	1650	3	1
97.269	1651	1	1
97.344	1652	2	1
97.419	1653	4	1
97.419	1654	3	1
97.494	1655	2	1
97.494	1656	1	1
97.569	1657	3	1
97.606	1658	4	1
97.644	1659	1	1
97.719	1660	2	1
97.756	1661	3	1
97.794	1662	4	1
97.869	1663	3	1
97.869	1664	1	1
97.944	1665	4	1
97.944	1666	2	1
98.019	1667	3	1
98.094	1668	2	1
98.094	1669	1	1
98.169	1670	4	1
98.169	1671	3	1
98.244	1672	1	1
98.319	1673	4	1
98.394	1674	2	1
98.469	1675	4	1
98.469	1676	3	1
98.544	1677	1	1
98.544	1678	4	1
98.544	1679	3	1
98.619	1680	2	1
98.694	1681	3	1
98.769	1682	4	1
98.769	1683	1	1
98.806	1684	2	1
98.844	1685	3	1
98.881	1686	4	1
98.919	1687	2	1
98.919	1688	1	1
98.994	1689	3	1
99.069	1690	2	1
99.069	1691	1	1
99.144	1692	4	1
99.144	1693	3	1
99.219	1694	1	1
99.219	1695	2	1
99.294	1696	4	1
99.369	1697	2	1
99.369	1698	3	1
99.444	1699	1	1
99.519	1700	2	1
99.594	1701	4	1
99.594	1702	3	1
99.669	1703	1	1
99.744	1704	3	1
99.744	1705	4	1
99.819	1706	1	1
99.856	1707	2	1
99.894	1708	3	1
99.931	1709	4	1
99.969	1710	2	1
99.969	1711	1	1
100.044	1712	2	1
100.044	1713	1	1
100.119	1714	4	1
100.119	1715	3	1
100.194	1716	4	1
100.194	1717	3	1
100.269	1718	2	1
100.344	1719	1	1
100.419	1720	4	1
100.456	1721	3	1
100.494	1722	2	1
100.569	1723	1	1
100.569	1724	4	1
100.644	1725	3	1
100.644	1726	2	1
100.719	1727	1	1
100.794	1728	3	1
100.869	1729	4	1
100.869	1730	2	1
100.944	1731	1	1
100.944	1732	3	1
101.019	1733	4	1
101.019	1734	2	1
101.094	1735	3	1
101.169	1736	2	1
101.169	1737	1	1
101.244	1738	4	1
101.244	1739	2	1
101.244	1740	1	1
101.469	1741	1	1
101.469	1742	4	1
101.506	1743	3	1
101.544	1744	2	1
101.581	1745	1	1
101.619	1746	3	1
101.619	1747	4	1
101.694	1748	1	1
101.694	1749	2	1
101.769	1750	4	1
101.769	1751	3	1
101.919	1752	1	1
101.956	1753	2	1
101.994	1754	3	1
102.069	1755	2	1
102.069	1756	1	1
102.144	1757	4	1
102.144	1758	3	1
102.219	1759	2	1
102.219	1760	1	1
102.256	1761	3	1
102.294	1762	4	1
102.369	1763	1	1
102.406	1764	2	1
102.519	1765	4	1
102.556	1766	3	1
102.669	1767	1	1
102.706	1768	2	1
102.744	1769	3	1
102.781	1770	4	1
102.819	1771	1	1
102.819	1772	2	1
102.894	1773	4	1
102.894	1774	3	1
102.969	1775	1	1
102.969	1776	2	1
103.119	1777	3	1
103.194	1778	3	1
103.194	1779	2	1
103.269	1780	1	1
103.269	1781	4	1
103.344	1782	3	1
103.344	1783	2	1
103.419	1784	4	1
103.419	1785	1	1
103.569	1786	4	1
103.606	1787	3	1
103.644	1788	2	1
103.681	1789	1	1
103.719	1790	2	1
103.756	1791	3	1
103.794	1792	4	1
103.831	1793	3	1
103.869	1794	1	1
103.906	1795	2	1
103.944	1796	3	1
104.019	1797	1	1
104.056	1798	2	1
104.094	1799	3	1
104.169	1800	4	1
104.169	1801	1	1
104.319	1802	2	1
104.394	1803	1	1
104.394	1804	3	1
104.469	1805	4	1
104.544	1806	2	1
104.544	1807	1	1
104.619	1808	4	1
104.656	1809	3	1
104.694	1810	2	1
104.769	1811	4	1
104.844	1812	1	1
104.919	1813	2	1
104.994	1814	3	1
105.069	1815	4	1
105.144	1816	2	1
105.219	1817	3	1
105.256	1818	4	1
105.294	1819	2	1
105.294	1820	1	1
105.369	1821	3	1
105.369	1822	2	1
105.369	1823	1	1
105.444	1824	4	1
105.519	1825	2	1
105.594	1826	1	1
105.669	1827	4	2
105.819	1828	4	3
105.819	1829	2	1
105.819	1830	1	1
105.819	1831	3	2
105.969	1832	3	3
105.969	1833	2	2
106.119	1834	2	3
106.044	1835	4	1
106.044	1836	3	1
106.119	1837	1	2
106.269	1838	1	3
106.269	1839	4	1
106.306	1840	3	1
106.344	1841	2	1
106.381	1842	1	1
106.419	1843	4	1
106.456	1844	3	1
106.494	1845	2	1
106.531	1846	1	1
106.569	1847	4	1
106.569	1848	3	1
106.719	1849	1	1
106.719	1850	2	1
106.756	1851	4	1
106.756	1852	3	1
106.869	1853	1	1
106.869	1854	2	1
106.944	1855	3	1
107.019	1856	4	1
107.019	1857	2	1
107.094	1858	1	1
107.094	1859	3	1
107.169	1860	2	1
107.206	1861	4	1
107.319	1862	1	1
107.356	1863	2	1
107.469	1864	4	1
107.506	1865	3	1
107.544	1866	2	1
107.619	1867	3	1
107.619	1868	4	1
107.694	1869	2	1
107.694	1870	1	1
107.769	1871	4	1
107.769	1872	3	1
107.844	1873	2	1
107.919	1874	1	1
107.994	1875	4	1
108.069	1876	2	1
108.069	1877	1	1
108.144	1878	4	1
108.144	1879	3	1
108.219	1880	3	1
108.219	1881	2	1
108.369	1882	4	1
108.369	1883	1	1
108.406	1884	2	1
108.444	1885	3	1
108.481	1886	4	1
108.519	1887	1	1
108.556	1888	2	1
108.669	1889	4	1
108.669	1890	1	1
108.706	1891	2	1
108.819	1892	4	1
108.819	1893	1	1
108.856	1894	3	1
108.894	1895	2	1
108.969	1896	4	1
109.044	1897	1	1
109.119	1898	2	1
109.194	1899	3	1
109.269	1900	2	1
109.269	1901	1	1
109.344	1902	3	1
109.419	1903	4	1
109.419	1904	1	1
109.456	1905	2	1
109.494	1906	3	1
109.531	1907	4	1
109.569	1908	1	1
109.644	1909	2	1
109.719	1910	3	1
109.794	1911	1	1
109.869	1912	4	1
109.944	1913	3	1
110.019	1914	2	1
110.056	1915	4	1
110.094	1916	1	1
110.131	1917	3	1
110.169	1918	2	1
110.244	1919	1	1
110.244	1920	4	1
110.319	1921	2	1
110.319	1922	3	1
110.394	1923	1	1
110.469	1924	3	1
110.469	1925	4	1
110.544	1926	1	1
110.544	1927	2	1
110.619	1928	4	1
110.619	1929	3	1
110.694	1930	2	1
110.769	1931	4	1
110.769	1932	1	1
110.844	1933	3	1
110.844	1934	2	1
110.919	1935	4	1
110.919	1936	1	1
110.994	1937	3	1
111.069	1938	2	1
111.106	1939	3	1
111.144	1940	4	1
111.181	1941	1	1
111.219	1942	2	1
111.294	1943	4	1
111.294	1944	3	1
111.369	1945	2	1
111.369	1946	1	1
111.444	1947	3	1
111.519	1948	4	1
111.519	1949	1	1
111.594	1950	2	1
111.669	1951	4	1
111.669	1952	3	1
111.744	1953	2	1
111.744	1954	1	1
111.819	1955	4	1
111.819	1956	3	1
111.894	1957	2	1
111.969	1958	1	1
112.006	1959	2	1
112.044	1960	3	1
112.081	1961	4	1
112.119	1962	1	1
112.156	1963	2	1
112.194	1964	3	1
112.231	1965	4	1
112.269	1966	2	1
112.269	1967	1	1
112.306	1968	3	1
112.419	1969	4	1
112.419	1970	2	1
112.494	1971	3	1
112.569	1972	4	1
112.569	1973	2	1
112.719	1974	3	1
112.719	1975	1	1
112.794	1976	2	1
112.869	1977	4	1
112.869	1978	1	1
112.944	1979	3	1
113.019	1980	4	1
113.019	1981	2	1
113.094	1982	3	1
113.169	1983	1	1
113.206	1984	2	1
113.244	1985	3	1
113.281	1986	4	1
113.319	1987	1	1
113.356	1988	2	1
113.394	1989	3	1
113.431	1990	4	1
113.469	1991	2	1
113.469	1992	1	1
113.619	1993	3	1
113.619	1994	2	1
113.619	1995	1	1
113.769	1996	2	1
113.769	1997	1	1
113.769	1998	4	2
113.919	1999	4	3
113.919	2000	3	1
113.994	2001	4	1
113.994	2002	2	1
114.069	2003	3	1
114.144	2004	2	1
114.144	2005	1	1
114.219	2006	4	1
114.256	2007	3	1
114.369	2008	1	1
114.444	2009	2	1
114.519	2010	3	1
114.594	2011	2	1
114.594	2012	1	1
114.669	2013	4	1
114.744	2014	1	1
114.744	2015	3	1
114.819	2016	2	1
114.856	2017	4	1
114.894	2018	1	1
114.969	2019	3	1
114.969	2020	2	1
115.044	2021	4	1
115.044	2022	1	1
115.119	2023	2	1
115.119	2024	3	1
115.194	2025	1	1
115.269	2026	4	2
115.419	2027	4	3
115.419	2028	1	1
115.419	2029	2	1
115.419	2030	3	2
115.569	2031	3	3
115.569	2032	2	2
115.719	2033	2	3
115.644	2034	4	2
115.869	2035	4	3
115.644	2036	3	1
115.719	2037	1	2
115.869	2038	1	3
115.869	2039	3	1
115.906	2040	2	1
115.944	2041	1	1
115.981	2042	4	1
116.019	2043	3	1
116.094	2044	1	1
116.094	2045	2	1
116.169	2046	3	1
116.169	2047	4	1
116.244	2048	2	1
116.319	2049	1	1
116.319	2050	4	1
116.394	2051	3	1
116.469	2052	1	1
116.469	2053	2	1
116.544	2054	3	1
116.544	2055	4	1
116.619	2056	1	1
116.619	2057	2	1
116.694	2058	3	1
116.769	2059	4	1
116.806	2060	3	1
116.844	2061	2	1
116.881	2062	1	1
116.919	2063	4	1
116.956	2064	3	1
116.994	2065	2	1
117.031	2066	1	1
117.069	2067	3	1
117.069	2068	4	1
117.106	2069	2	1
117.219	2070	1	1
117.219	2071	3	1
117.294	2072	2	1
117.369	2073	1	1
117.369	2074	3	1
117.519	2075	2	1
117.519	2076	4	1
117.594	2077	3	1
117.669	2078	1	1
117.669	2079	4	1
117.744	2080	2	1
117.819	2081	1	1
117.819	2082	3	1
117.894	2083	2	1
117.969	2084	4	1
118.006	2085	3	1
118.044	2086	2	1
118.081	2087	1	1
118.119	2088	4	1
118.156	2089	3	1
118.194	2090	2	1
118.231	2091	1	1
118.269	2092	3	1
118.269	2093	4	1
118.419	2094	2	1
118.419	2095	3	1
118.419	2096	4	1
118.569	2097	3	1
118.569	2098	4	1
118.569	2099	1	2
118.719	2100	1	3
118.719	2101	2	1
118.794	2102	1	1
118.794	2103	3	1
118.869	2104	2	1
118.944	2105	3	1
118.944	2106	4	1
119.019	2107	1	1
119.056	2108	2	1
119.169	2109	4	1
119.244	2110	3	1
119.319	2111	2	1
119.394	2112	3	1
119.394	2113	4	1
119.469	2114	1	1
119.544	2115	4	1
119.544	2116	2	1
119.619	2117	3	1
119.656	2118	1	1
119.694	2119	4	1
119.769	2120	2	1
119.769	2121	3	1
119.844	2122	1	1
119.844	2123	4	1
119.919	2124	3	1
119.919	2125	2	1
119.994	2126	1	1
120.069	2127	4	2
120.219	2128	4	3
120.219	2129	1	1
120.219	2130	2	1
120.219	2131	3	2
120.369	2132	3	3
120.369	2133	2	2
120.519	2134	2	3
120.444	2135	4	2
120.669	2136	4	3
120.444	2137	3	1
120.519	2138	1	2
120.669	2139	1	3
120.669	2140	2	1
120.706	2141	3	1
120.744	2142	4	1
120.781	2143	1	1
120.819	2144	2	1
120.894	2145	3	1
120.894	2146	4	1
120.969	2147	1	1
120.969	2148	2	1
121.044	2149	3	1
121.119	2150	1	1
121.119	2151	4	1
121.194	2152	2	1
121.269	2153	3	1
121.269	2154	4	1
121.344	2155	1	1
121.344	2156	2	1
121.419	2157	3	1
121.419	2158	4	1
121.494	2159	2	1
121.569	2160	1	1
121.606	2161	2	1
121.644	2162	3	1
121.681	2163	4	1
121.719	2164	1	1
121.756	2165	2	1
121.794	2166	3	1
121.831	2167	4	1
121.869	2168	1	1
121.869	2169	2	1
121.906	2170	3	1
122.019	2171	2	1
122.019	2172	4	1
122.094	2173	3	1
122.169	2174	2	1
122.169	2175	4	1
122.319	2176	1	1
122.319	2177	3	1
122.394	2178	2	1
122.469	2179	1	1
122.469	2180	4	1
122.544	2181	3	1
122.619	2182	2	1
122.619	2183	4	1
122.694	2184	3	1
122.769	2185	1	1
122.806	2186	2	1
122.844	2187	3	1
122.881	2188	4	1
122.919	2189	1	1
122.956	2190	2	1
122.994	2191	3	1
123.031	2192	4	1
123.069	2193	1	1
123.069	2194	2	1
123.219	2195	1	1
123.219	2196	2	1
123.219	2197	3	1
123.369	2198	4	2
123.519	2199	4	3
123.369	2200	1	1
123.369	2201	2	1
123.519	2202	3	1
123.594	2203	2	1
123.594	2204	4	1
123.669	2205	3	1
123.744	2206	1	1
123.744	2207	2	1
123.819	2208	4	1
123.856	2209	3	1
123.969	2210	1	1
124.044	2211	2	1
124.119	2212	3	1
124.194	2213	1	1
124.194	2214	2	1
124.269	2215	4	1
124.344	2216	3	1
124.344	2217	1	1
124.419	2218	2	1
124.456	2219	4	1
124.494	2220	1	1
124.569	2221	2	1
124.569	2222	3	1
124.644	2223	1	1
124.644	2224	4	1
124.719	2225	3	1
124.719	2226	2	1
124.794	2227	1	1
124.869	2228	4	2
125.019	2229	4	3
125.019	2230	3	2
125.169	2231	3	3
125.019	2232	2	1
125.019	2233	1	1
125.169	2234	2	2
125.319	2235	2	3
125.244	2236	4	2
125.469	2237	4	3
125.244	2238	3	1
125.319	2239	1	2
125.469	2240	1	3
125.469	2241	2	1
125.544	2242	3	1
125.619	2243	2	1
125.619	2244	1	1
125.694	2245	4	1
125.694	2246	3	1
125.769	2247	1	1
125.769	2248	2	1
125.844	2249	4	1
125.919	2250	3	1
125.919	2251	1	1
125.994	2252	2	1
126.069	2253	4	1
126.069	2254	3	1
126.144	2255	2	1
126.144	2256	1	1
126.219	2257	4	1
126.219	2258	3	1
126.294	2259	2	1
126.369	2260	4	1
126.369	2261	1	1
126.444	2262	3	1
126.519	2263	1	1
126.519	2264	2	1
126.594	2265	3	1
126.669	2266	4	1
126.669	2267	2	1
126.744	2268	1	1
126.819	2269	4	1
126.819	2270	3	1
126.894	2271	2	1
126.894	2272	1	1
126.969	2273	4	1
126.969	2274	3	1
127.044	2275	2	1
127.119	2276	4	1
127.119	2277	1	1
127.194	2278	3	1
127.269	2279	2	1
127.269	2280	1	1
127.344	2281	4	1
127.344	2282	3	1
127.419	2283	2	1
127.419	2284	1	1
127.494	2285	3	1
127.569	2286	4	1
127.569	2287	1	1
127.644	2288	2	1
127.719	2289	3	1
127.719	2290	1	1
127.794	2291	2	1
127.869	2292	4	1
127.869	2293	3	1
127.944	2294	2	1
128.019	2295	4	1
128.019	2296	1	1
128.094	2297	2	1
128.094	2298	3	1
128.169	2299	1	1
128.169	2300	4	1
128.244	2301	2	1
128.319	2302	4	1
128.319	2303	3	1
128.394	2304	2	1
128.469	2305	3	1
128.469	2306	1	1
128.544	2307	4	1
128.619	2308	2	1
128.619	2309	1	1
128.694	2310	4	1
128.769	2311	3	1
128.769	2312	2	1
128.769	2313	1	1
128.919	2314	4	1
128.919	2315	3	1
128.919	2316	2	1
128.919	2317	1	1
129.219	2318	4	1
129.219	2319	3	1
129.219	2320	2	1
129.219	2321	1	1
129.519	2322	4	1
129.519	2323	3	1
129.519	2324	2	1
129.519	2325	1	1
129.669	2326	4	1
129.669	2327	3	1
129.669	2328	2	1
129.819	2329	1	1
129.856	2330	2	1
129.894	2331	3	1
129.931	2332	4	1
129.969	2333	3	1
129.969	2334	2	1
129.969	2335	1	1
130.119	2336	2	1
130.119	2337	3	1
130.269	2338	2	1
130.269	2339	1	1
130.269	2340	4	2
130.869	2341	4	3
130.419	2342	3	1
130.569	2343	2	1
130.569	2344	1	1
130.719	2345	3	1
130.869	2346	2	1
130.869	2347	1	2
131.319	2348	1	3
131.019	2349	3	1
131.169	2350	4	1
131.169	2351	3	1
131.319	2352	2	1
131.394	2353	3	1
131.469	2354	1	2
131.619	2355	1	3
131.469	2356	2	2
131.619	2357	2	3
131.619	2358	4	1
131.769	2359	3	2
131.919	2360	3	3
131.769	2361	1	2
131.919	2362	1	3
131.919	2363	2	1
132.069	2364	1	2
132.144	2365	1	3
132.069	2366	4	2
132.144	2367	4	3
132.369	2368	4	2
132.519	2369	4	3
132.369	2370	3	2
132.519	2371	3	3
132.669	2372	4	1
132.669	2373	2	1
132.669	2374	1	1
132.819	2375	3	1
132.819	2376	1	1
132.894	2377	4	1
132.894	2378	2	1
132.969	2379	1	1
132.969	2380	3	1
133.119	2381	3	1
133.119	2382	2	1
133.269	2383	2	1
133.269	2384	3	1
133.419	2385	1	1
133.456	2386	2	1
133.494	2387	3	1
133.531	2388	4	1
133.569	2389	2	1
133.569	2390	1	1
133.719	2391	4	1
133.719	2392	3	1
133.869	2393	4	2
134.019	2394	4	3
133.869	2395	3	2
134.019	2396	3	3
134.019	2397	1	1
134.169	2398	2	2
134.319	2399	2	3
134.169	2400	4	2
134.319	2401	4	3
134.319	2402	3	1
134.469	2403	4	2
134.544	2404	4	3
134.469	2405	1	2
134.544	2406	1	3
134.769	2407	3	1
134.769	2408	1	2
135.069	2409	1	3
135.069	2410	4	2
135.294	2411	4	3
135.069	2412	2	1
135.069	2413	3	2
135.294	2414	3	3
135.294	2415	2	1
135.294	2416	1	1
135.369	2417	4	1
135.369	2418	3	1
135.519	2419	2	1
135.519	2420	1	1
135.669	2421	3	1
135.669	2422	2	1
135.819	2423	1	1
135.819	2424	4	2
135.969	2425	4	3
135.969	2426	3	1
135.969	2427	2	2
136.119	2428	2	3
136.119	2429	4	2
136.194	2430	4	3
136.119	2431	1	1
136.194	2432	3	2
136.269	2433	3	3
136.269	2434	2	2
136.419	2435	2	3
136.269	2436	1	2
136.419	2437	1	3
136.419	2438	3	1
136.569	2439	4	2
136.719	2440	4	3
136.569	2441	3	2
136.719	2442	3	3
136.719	2443	2	1
136.869	2444	3	2
136.944	2445	3	3
136.869	2446	2	2
136.944	2447	2	3
137.169	2448	4	2
137.319	2449	4	3
137.169	2450	1	2
137.319	2451	1	3
137.469	2452	4	1
137.469	2453	1	1
137.619	2454	4	1
137.619	2455	1	1
137.694	2456	3	1
137.769	2457	4	1
137.769	2458	1	1
137.919	2459	3	1
137.919	2460	2	1
138.069	2461	1	1
138.106	2462	2	1
138.144	2463	3	1
138.181	2464	4	1
138.219	2465	2	1
138.219	2466	1	1
138.369	2467	4	1
138.369	2468	3	1
138.519	2469	4	1
138.519	2470	1	1
138.669	2471	3	2
138.819	2472	3	3
138.669	2473	2	2
138.819	2474	2	3
138.819	2475	1	1
138.969	2476	3	2
139.119	2477	3	3
138.969	2478	2	2
139.119	2479	2	3
139.119	2480	4	1
139.269	2481	3	2
139.344	2482	3	3
139.269	2483	2	2
139.344	2484	2	3
139.419	2485	4	1
139.419	2486	3	1
139.419	2487	2	1
139.419	2488	1	1
139.569	2489	4	1
139.569	2490	3	1
139.569	2491	2	1
139.569	2492	1	1
139.719	2493	4	1
139.756	2494	3	1
139.794	2495	2	1
139.831	2496	1	1
139.869	2497	4	1
139.869	2498	3	1
139.869	2499	2	1
139.944	2500	1	1
140.019	2501	2	1
140.094	2502	3	1
140.169	2503	4	1
140.169	2504	1	1
140.244	2505	2	1
140.319	2506	3	1
140.394	2507	2	1
140.469	2508	4	1
140.469	2509	3	1
140.544	2510	1	1
140.619	2511	4	1
140.694	2512	3	1
140.769	2513	2	1
140.769	2514	1	1
140.844	2515	3	2
140.919	2516	3	3
140.919	2517	4	2
140.994	2518	4	3
140.994	2519	1	2
141.069	2520	1	3
141.069	2521	3	1
141.069	2522	2	1
141.144	2523	4	1
141.219	2524	1	1
141.294	2525	2	1
141.369	2526	4	1
141.369	2527	3	1
141.444	2528	2	1
141.519	2529	1	1
141.594	2530	3	1
141.669	2531	2	1
141.669	2532	1	1
141.744	2533	4	1
141.819	2534	3	1
141.894	2535	2	1
141.969	2536	4	1
141.969	2537	1	1
142.044	2538	3	2
142.119	2539	3	3
142.119	2540	2	2
142.194	2541	2	3
142.194	2542	3	2
142.269	2543	3	3
142.269	2544	1	1
142.269	2545	2	1
142.344	2546	4	1
142.419	2547	3	1
142.494	2548	2	1
142.569	2549	3	1
142.569	2550	1	1
142.644	2551	2	1
142.719	2552	4	1
142.794	2553	3	1
142.869	2554	4	1
142.869	2555	2	1
142.944	2556	3	1
143.019	2557	1	1
143.094	2558	2	1
143.169	2559	4	1
143.169	2560	3	1
143.244	2561	1	2
143.319	2562	1	3
143.319	2563	2	2
143.394	2564	2	3
143.394	2565	3	2
143.469	2566	3	3
143.469	2567	4	1
143.469	2568	1	1
143.544	2569	2	1
143.619	2570	3	1
143.694	2571	4	1
143.769	2572	2	1
143.769	2573	1	1
143.844	2574	4	2
143.919	2575	4	3
143.919	2576	3	2
143.994	2577	3	3
143.994	2578	2	2
144.069	2579	2	3
144.069	2580	4	1
144.069	2581	1	1
144.144	2582	3	1
144.219	2583	2	1
144.294	2584	1	1
144.369	2585	4	1
144.369	2586	3	1
144.444	2587	2	2
144.519	2588	2	3
144.519	2589	3	2
144.594	2590	3	3
144.594	2591	4	2
144.669	2592	4	3
144.669	2593	2	1
144.669	2594	1	1
144.744	2595	3	1
144.819	2596	4	1
144.894	2597	2	1
144.969	2598	3	1
144.969	2599	1	1
145.044	2600	2	1
145.119	2601	4	1
145.194	2602	3	1
145.269	2603	4	1
145.269	2604	2	1
145.344	2605	1	1
145.419	2606	3	1
145.494	2607	2	1
145.569	2608	4	1
145.569	2609	3	1
145.644	2610	1	2
145.719	2611	1	3
145.719	2612	2	2
145.794	2613	2	3
145.794	2614	3	2
145.869	2615	3	3
145.869	2616	4	1
145.869	2617	1	1
145.944	2618	2	1
146.019	2619	3	1
146.094	2620	4	1
146.169	2621	2	1
146.169	2622	1	1
146.244	2623	4	1
146.319	2624	3	1
146.394	2625	2	1
146.469	2626	4	1
146.469	2627	1	1
146.544	2628	3	1
146.619	2629	2	1
146.694	2630	3	1
146.769	2631	1	1
146.769	2632	2	1
146.844	2633	4	2
146.919	2634	4	3
146.919	2635	3	2
146.994	2636	3	3
146.994	2637	2	2
147.069	2638	2	3
147.069	2639	4	1
147.069	2640	1	1
147.144	2641	3	1
147.219	2642	2	1
147.294	2643	3	1
147.369	2644	2	1
147.369	2645	1	1
147.444	2646	4	1
147.519	2647	3	1
147.594	2648	2	1
147.669	2649	4	1
147.669	2650	1	1
147.744	2651	3	1
147.819	2652	2	1
147.894	2653	4	1
147.969	2654	3	1
147.969	2655	1	1
148.044	2656	2	2
148.119	2657	2	3
148.119	2658	4	2
148.194	2659	4	3
148.194	2660	1	2
148.269	2661	1	3
148.269	2662	4	1
148.269	2663	3	1
148.344	2664	2	1
148.419	2665	3	1
148.494	2666	4	1
148.569	2667	2	2
148.644	2668	2	3
148.569	2669	1	1
148.644	2670	3	2
148.719	2671	3	3
148.719	2672	1	2
148.794	2673	1	3
148.794	2674	4	2
148.869	2675	4	3
148.869	2676	3	1
148.869	2677	2	1
148.944	2678	1	2
149.019	2679	1	3
149.019	2680	4	2
149.094	2681	4	3
149.094	2682	3	2
149.169	2683	3	3
149.169	2684	4	1
149.169	2685	2	1
149.244	2686	1	2
149.319	2687	1	3
149.319	2688	2	2
149.394	2689	2	3
149.394	2690	3	2
149.469	2691	3	3
149.469	2692	4	1
149.469	2693	2	1
149.469	2694	1	1
149.619	2695	2	1
149.656	2696	1	1
149.694	2697	3	1
149.731	2698	4	1
149.769	2699	2	2
149.919	2700	2	3
149.769	2701	1	2
149.919	2702	1	3
149.919	2703	3	2
149.994	2704	3	3
149.994	2705	2	1
150.069	2706	4	1
150.069	2707	3	1
150.144	2708	1	1
150.144	2709	2	1
150.219	2710	3	1
150.219	2711	4	1
150.294	2712	2	1
150.294	2713	1	1
150.369	2714	2	2
150.519	2715	2	3
150.369	2716	1	2
150.519	2717	1	3
150.519	2718	4	1
150.519	2719	3	1
150.669	2720	4	1
150.669	2721	2	1
150.669	2722	1	1
150.819	2723	3	1
150.894	2724	2	1
150.969	2725	4	1
150.969	2726	3	1
150.969	2727	1	1
151.119	2728	2	1
151.194	2729	4	1
151.194	2730	3	1
151.269	2731	1	1
151.269	2732	2	1
151.344	2733	4	1
151.419	2734	3	1
151.419	2735	1	1
151.494	2736	2	1
151.569	2737	4	2
151.644	2738	4	3
151.569	2739	3	2
151.644	2740	3	3
151.719	2741	1	2
151.794	2742	1	3
151.719	2743	2	2
151.794	2744	2	3
151.869	2745	4	1
151.869	2746	3	1
151.869	2747	1	2
152.169	2748	1	3
152.169	2749	4	1
152.169	2750	3	1
152.319	2751	2	1
152.469	2752	3	1
152.469	2753	4	1
152.469	2754	1	2
152.694	2755	1	3
152.544	2756	2	1
152.619	2757	4	1
152.694	2758	2	2
152.919	2759	2	3
152.769	2760	3	2
152.919	2761	3	3
152.769	2762	4	2
152.919	2763	4	3
152.919	2764	1	1
153.069	2765	4	1
153.106	2766	3	1
153.144	2767	2	1
153.181	2768	1	1
153.219	2769	4	1
153.256	2770	3	1
153.294	2771	2	1
153.331	2772	1	1
153.369	2773	4	1
153.369	2774	3	1
153.519	2775	2	1
153.669	2776	3	1
153.669	2777	1	1
153.744	2778	3	1
153.744	2779	2	1
153.819	2780	4	1
153.819	2781	1	1
153.969	2782	2	2
154.119	2783	2	3
153.969	2784	3	2
154.119	2785	3	3
154.119	2786	1	1
154.269	2787	4	1
154.269	2788	2	1
154.419	2789	3	1
154.419	2790	2	1
154.569	2791	1	1
154.606	2792	2	1
154.644	2793	3	1
154.681	2794	4	1
154.719	2795	1	1
154.869	2796	3	1
155.019	2797	3	1
155.019	2798	2	1
155.169	2799	2	2
155.319	2800	2	3
155.169	2801	1	2
155.319	2802	1	3
155.319	2803	4	1
155.469	2804	4	1
155.469	2805	3	1
155.619	2806	2	1
155.769	2807	4	1
155.769	2808	3	1
155.769	2809	1	1
155.919	2810	2	1
155.994	2811	4	1
155.994	2812	3	1
156.069	2813	1	1
156.144	2814	4	1
156.144	2815	3	1
156.219	2816	1	1
156.219	2817	2	1
156.369	2818	1	2
156.519	2819	1	3
156.369	2820	3	2
156.519	2821	3	3
156.669	2822	4	1
156.669	2823	1	1
156.669	2824	2	1
156.744	2825	3	1
156.819	2826	2	1
156.894	2827	1	1
156.969	2828	4	1
156.969	2829	3	1
157.044	2830	2	1
157.119	2831	3	1
157.194	2832	4	1
157.269	2833	2	1
157.269	2834	1	1
157.344	2835	3	1
157.419	2836	2	1
157.494	2837	1	1
157.569	2838	4	1
157.569	2839	3	1
157.569	2840	2	1
157.719	2841	4	1
157.719	2842	1	1
157.869	2843	3	1
157.869	2844	2	1
157.869	2845	1	1
157.944	2846	4	1
158.019	2847	3	1
158.094	2848	2	1
158.169	2849	4	1
158.169	2850	1	1
158.244	2851	3	1
158.319	2852	2	1
158.394	2853	3	1
158.469	2854	1	1
158.469	2855	4	1
158.544	2856	2	1
158.619	2857	3	1
158.694	2858	4	1
158.769	2859	3	1
158.769	2860	2	1
158.769	2861	1	1
158.919	2862	4	1
158.919	2863	1	1
159.069	2864	4	1
159.106	2865	3	1
159.144	2866	2	1
159.181	2867	1	1
159.219	2868	4	1
159.256	2869	3	1
159.294	2870	2	1
159.331	2871	1	1
159.369	2872	4	1
159.369	2873	3	1
159.669	2874	1	1
159.706	2875	2	1
159.744	2876	3	1
159.781	2877	4	1
159.819	2878	1	1
159.856	2879	2	1
159.894	2880	3	1
159.931	2881	4	1
159.969	2882	1	1
159.969	2883	2	1
160.269	2884	1	1
160.306	2885	2	1
160.344	2886	3	1
160.381	2887	4	1
160.419	2888	1	1
160.456	2889	2	1
160.494	2890	3	1
160.531	2891	4	1
160.569	2892	1	1
160.606	2893	2	1
160.644	2894	3	1
160.681	2895	4	1
160.719	2896	1	1
160.756	2897	2	1
160.794	2898	3	1
160.831	2899	4	1
160.869	2900	1	1
160.906	2901	2	1
160.944	2902	3	1
160.981	2903	4	1
161.019	2904	1	1
161.056	2905	2	1
161.094	2906	3	1
161.131	2907	4	1
161.169	2908	1	1
161.206	2909	2	1
161.244	2910	3	1
161.281	2911	4	1
161.319	2912	1	1
161.356	2913	2	1
161.394	2914	3	1
161.431	2915	4	1
161.469	2916	1	1
161.506	2917	3	1
161.544	2918	2	1
161.581	2919	4	1
161.619	2920	1	1
161.656	2921	3	1
161.769	2922	4	1
161.769	2923	2	1
161.844	2924	3	1
161.844	2925	2	1
161.919	2926	4	1
161.919	2927	1	1
161.994	2928	2	1
162.069	2929	3	1
162.069	2930	1	1
162.144	2931	3	1
162.144	2932	2	1
162.219	2933	4	1
162.219	2934	1	1
162.294	2935	3	1
162.369	2936	4	1
162.369	2937	2	1
162.444	2938	1	1
162.519	2939	4	1
162.519	2940	3	1
162.594	2941	2	1
162.594	2942	1	1
162.669	2943	4	1
162.669	2944	3	1
162.744	2945	1	1
162.819	2946	2	1
162.894	2947	3	1
162.969	2948	4	1
162.969	2949	2	1
162.969	2950	1	1
163.044	2951	2	1
163.119	2952	3	1
163.194	2953	4	1
163.269	2954	3	1
163.269	2955	2	1
163.269	2956	1	1
163.344	2957	4	1
163.419	2958	1	1
163.494	2959	2	1
163.569	2960	4	1
163.569	2961	3	1
163.569	2962	1	1
163.644	2963	3	1
163.719	2964	2	1
163.794	2965	4	1
163.831	2966	3	1
163.869	2967	1	1
163.869	2968	2	1
163.944	2969	4	1
164.019	2970	3	1
164.094	2971	2	1
164.169	2972	4	1
164.169	2973	3	1
164.169	2974	1	1
164.319	2975	2	1
164.394	2976	3	1
164.469	2977	1	1
164.506	2978	2	1
164.544	2979	3	1
164.581	2980	4	1
164.619	2981	1	1
164.656	2982	2	1
164.694	2983	4	1
164.731	2984	3	1
164.769	2985	2	1
164.806	2986	1	1
164.844	2987	3	1
164.881	2988	2	1
164.919	2989	4	1
164.956	2990	3	1
164.994	2991	1	1
165.031	2992	2	1
165.069	2993	4	1
165.069	2994	3	1
165.144	2995	1	1
165.219	2996	2	1
165.294	2997	3	1
165.369	2998	4	1
165.369	2999	2	1
165.369	3000	1	1
165.444	3001	3	1
165.519	3002	1	1
165.594	3003	4	1
165.669	3004	3	1
165.669	3005	2	1
165.744	3006	1	1
165.819	3007	4	1
165.894	3008	3	1
165.969	3009	4	1
165.969	3010	2	1
165.969	3011	1	1
166.044	3012	3	1
166.119	3013	4	1
166.194	3014	2	1
166.269	3015	3	1
166.269	3016	1	1
166.344	3017	2	1
166.419	3018	3	1
166.494	3019	4	1
166.569	3020	2	1
166.569	3021	3	1
166.569	3022	1	1
166.644	3023	4	1
166.719	3024	1	1
166.769	3025	2	1
166.819	3026	3	1
166.869	3027	4	1
166.869	3028	1	1
166.944	3029	2	1
167.019	3030	3	1
167.094	3031	2	1
167.169	3032	1	1
167.169	3033	4	1
167.169	3034	3	1
167.244	3035	2	1
167.319	3036	4	1
167.319	3037	1	1
167.394	3038	3	1
167.469	3039	2	1
167.469	3040	1	1
167.544	3041	3	1
167.619	3042	4	1
167.694	3043	2	1
167.769	3044	4	1
167.769	3045	3	1
167.769	3046	1	1
167.844	3047	2	1
167.919	3048	4	1
167.994	3049	3	1
168.069	3050	2	1
168.069	3051	1	1
168.144	3052	3	1
168.219	3053	4	1
168.294	3054	3	1
168.369	3055	4	1
168.369	3056	2	1
168.369	3057	1	1
168.444	3058	3	1
168.519	3059	2	1
168.519	3060	1	1
168.594	3061	3	1
168.669	3062	2	1
168.669	3063	1	1
168.669	3064	4	2
168.819	3065	4	3
168.819	3066	3	1
168.894	3067	2	1
168.969	3068	4	1
168.969	3069	1	1
168.969	3070	3	2
169.119	3071	3	3
169.119	3072	1	1
169.169	3073	2	1
169.219	3074	4	1
169.269	3075	1	1
169.269	3076	3	1
169.269	3077	2	2
169.419	3078	2	3
169.419	3079	3	2
169.569	3080	3	3
169.569	3081	1	2
169.869	3082	1	3
169.569	3083	2	1
169.569	3084	4	1
169.869	3085	4	1
169.869	3086	2	1
169.944	3087	3	1
170.019	3088	2	1
170.094	3089	1	1
170.169	3090	4	1
170.169	3091	3	1
170.169	3092	2	1
170.244	3093	1	1
170.319	3094	3	1
170.394	3095	4	1
170.469	3096	2	1
170.469	3097	1	1
170.544	3098	3	1
170.619	3099	4	1
170.694	3100	3	1
170.769	3101	4	1
170.769	3102	2	1
170.769	3103	1	1
170.844	3104	3	1
170.919	3105	1	1
170.994	3106	2	1
171.069	3107	4	1
171.069	3108	3	1
171.144	3109	1	1
171.219	3110	3	1
171.294	3111	2	1
171.369	3112	4	1
171.369	3113	3	1
171.369	3114	1	1
171.444	3115	2	1
171.519	3116	4	1
171.569	3117	3	1
171.619	3118	2	1
171.669	3119	4	1
171.669	3120	1	1
171.744	3121	3	1
171.819	3122	2	1
171.894	3123	3	1
171.969	3124	4	1
171.969	3125	1	1
171.969	3126	2	1
172.044	3127	3	1
172.119	3128	4	1
172.119	3129	1	1
172.194	3130	2	1
172.269	3131	4	1
172.269	3132	3	1
172.344	3133	1	1
172.419	3134	2	1
172.494	3135	3	1
172.569	3136	4	1
172.569	3137	2	1
172.569	3138	1	1
172.644	3139	3	1
172.719	3140	2	1
172.794	3141	1	1
172.869	3142	4	1
172.869	3143	3	1
172.944	3144	2	1
173.019	3145	3	1
173.094	3146	1	1
173.169	3147	4	1
173.169	3148	3	1
173.169	3149	2	1
173.244	3150	3	1
173.319	3151	2	1
173.469	3152	2	1
173.469	3153	1	1
173.469	3154	4	2
173.619	3155	4	3
173.619	3156	1	1
173.694	3157	1	1
173.769	3158	4	1
173.769	3159	3	2
173.919	3160	3	3
173.919	3161	2	1
173.994	3162	1	1
174.069	3163	4	1
174.069	3164	3	1
174.069	3165	2	2
174.369	3166	2	3
174.219	3167	4	1
174.369	3168	4	1
174.369	3169	3	1
174.369	3170	1	2
174.669	3171	1	3
174.519	3172	2	1
174.669	3173	2	1
174.669	3174	3	1
174.669	3175	4	1
174.744	3176	1	1
174.819	3177	2	1
174.894	3178	3	1
174.969	3179	1	1
174.969	3180	2	1
174.969	3181	4	1
175.044	3182	3	1
175.119	3183	1	1
175.194	3184	4	1
175.269	3185	2	1
175.269	3186	3	1
175.344	3187	1	1
175.419	3188	4	1
175.494	3189	3	1
175.569	3190	1	1
175.569	3191	2	1
175.569	3192	4	1
175.644	3193	3	1
175.719	3194	4	1
175.794	3195	2	1
175.869	3196	1	1
175.869	3197	3	1
175.944	3198	2	1
176.019	3199	3	1
176.094	3200	4	1
176.169	3201	1	1
176.169	3202	3	1
176.169	3203	2	1
176.244	3204	4	1
176.319	3205	1	1
176.369	3206	2	1
176.419	3207	3	1
176.469	3208	1	1
176.469	3209	4	1
176.544	3210	2	1
176.619	3211	3	1
176.694	3212	2	1
176.769	3213	3	1
176.769	3214	4	1
176.769	3215	1	1
176.844	3216	2	1
176.919	3217	1	1
176.919	3218	4	1
176.994	3219	3	1
177.069	3220	1	1
177.069	3221	2	1
177.144	3222	3	1
177.219	3223	4	1
177.294	3224	2	1
177.369	3225	1	1
177.369	3226	3	1
177.369	3227	4	1
177.444	3228	2	1
177.519	3229	4	1
177.594	3230	3	1
177.669	3231	1	1
177.669	3232	2	1
177.744	3233	3	1
177.819	3234	4	1
177.894	3235	3	1
177.969	3236	1	1
177.969	3237	2	1
177.969	3238	4	1
178.044	3239	3	1
178.119	3240	1	1
178.119	3241	2	1
178.194	3242	3	1
178.269	3243	4	2
178.419	3244	4	3
178.269	3245	1	1
178.269	3246	2	1
178.419	3247	3	1
178.494	3248	2	1
178.569	3249	3	2
178.719	3250	3	3
178.569	3251	1	1
178.569	3252	4	1
178.719	3253	1	1
178.769	3254	2	1
178.819	3255	4	1
178.869	3256	2	2
179.019	3257	2	3
178.869	3258	3	1
178.869	3259	1	1
179.019	3260	3	2
179.169	3261	3	3
179.169	3262	4	1
179.169	3263	2	1
179.169	3264	1	2
179.469	3265	1	3
179.469	3266	2	1
179.469	3267	4	1
179.544	3268	3	1
179.619	3269	2	1
179.694	3270	1	1
179.769	3271	2	1
179.769	3272	3	1
179.769	3273	4	1
179.844	3274	1	1
179.919	3275	3	1
179.994	3276	4	1
180.069	3277	1	1
180.069	3278	2	1
180.144	3279	3	1
180.219	3280	4	1
180.294	3281	3	1
180.369	3282	1	1
180.369	3283	2	1
180.369	3284	4	1
180.444	3285	3	1
180.519	3286	1	1
180.594	3287	2	1
180.669	3288	3	1
180.669	3289	4	1
180.744	3290	1	1
180.819	3291	3	1
180.894	3292	2	1
180.969	3293	1	1
180.969	3294	3	1
180.969	3295	4	1
181.044	3296	2	1
181.119	3297	4	1
181.169	3298	3	1
181.219	3299	2	1
181.269	3300	1	1
181.269	3301	4	1
181.344	3302	3	1
181.419	3303	2	1
181.494	3304	3	1
181.569	3305	2	1
181.569	3306	1	1
181.569	3307	4	1
181.644	3308	3	1
181.719	3309	1	1
181.719	3310	4	1
181.794	3311	2	1
181.869	3312	3	1
181.869	3313	4	1
181.944	3314	1	1
182.019	3315	2	1
182.094	3316	3	1
182.169	3317	1	1
182.169	3318	2	1
182.169	3319	4	1
182.244	3320	3	1
182.319	3321	2	1
182.394	3322	1	1
182.469	3323	3	1
182.469	3324	4	1
182.544	3325	2	1
182.619	3326	3	1
182.694	3327	1	1
182.769	3328	2	1
182.769	3329	3	1
182.769	3330	4	1
182.919	3331	2	1
183.069	3332	4	1
183.069	3333	3	1
183.144	3334	4	1
183.144	3335	3	1
183.219	3336	4	1
183.219	3337	3	1
183.219	3338	2	1
183.369	3339	1	1
183.369	3340	3	1
183.369	3341	4	1
183.519	3342	2	1
183.519	3343	1	1
183.594	3344	3	1
183.594	3345	2	1
183.594	3346	1	1
183.744	3347	4	1
183.744	3348	2	1
183.744	3349	1	1
183.894	3350	2	1
183.894	3351	3	1
183.969	3352	1	1
183.969	3353	4	1
183.969	3354	3	1
184.119	3355	2	1
184.119	3356	1	1
184.269	3357	3	1
184.269	3358	1	1
184.269	3359	2	1
184.344	3360	4	1
184.419	3361	3	1
184.494	3362	2	1
184.569	3363	1	1
184.569	3364	3	1
184.569	3365	4	1
184.644	3366	2	1
184.719	3367	4	1
184.794	3368	1	1
184.869	3369	2	1
184.869	3370	3	1
184.944	3371	4	1
185.019	3372	1	1
185.094	3373	2	1
185.169	3374	1	1
185.169	3375	3	1
185.169	3376	4	1
185.244	3377	2	1
185.319	3378	1	1
185.394	3379	3	1
185.469	3380	2	1
185.469	3381	4	1
185.544	3382	3	1
185.619	3383	2	1
185.694	3384	1	1
185.769	3385	3	1
185.769	3386	2	1
185.769	3387	4	1
185.844	3388	1	1
185.919	3389	4	1
185.969	3390	3	1
186.019	3391	2	1
186.069	3392	1	1
186.069	3393	4	1
186.144	3394	3	1
186.219	3395	2	1
186.294	3396	3	1
186.369	3397	4	1
186.369	3398	1	1
186.369	3399	2	1
186.444	3400	3	1
186.519	3401	1	1
186.519	3402	4	1
186.594	3403	2	1
186.669	3404	3	1
186.669	3405	4	1
186.744	3406	2	1
186.819	3407	1	1
186.894	3408	3	1
186.969	3409	1	1
186.969	3410	2	1
186.969	3411	4	1
187.044	3412	3	1
187.119	3413	1	1
187.194	3414	2	1
187.269	3415	3	1
187.269	3416	4	1
187.344	3417	2	1
187.419	3418	1	1
187.494	3419	2	1
187.569	3420	1	1
187.569	3421	3	1
187.569	3422	4	1
187.644	3423	2	1
187.719	3424	3	1
187.719	3425	4	1
187.794	3426	2	1
187.869	3427	3	1
187.869	3428	4	1
187.869	3429	1	2
188.019	3430	1	3
188.019	3431	2	1
188.094	3432	3	1
188.169	3433	1	1
188.169	3434	4	1
188.169	3435	2	2
188.319	3436	2	3
188.319	3437	4	1
188.369	3438	3	1
188.419	3439	1	1
188.469	3440	4	1
188.469	3441	2	1
188.469	3442	3	2
188.619	3443	3	3
188.619	3444	2	2
188.769	3445	2	3
188.769	3446	4	2
189.069	3447	4	3
188.769	3448	3	1
188.769	3449	1	1
189.069	3450	1	1
189.069	3451	3	1
189.144	3452	2	1
189.219	3453	3	1
189.294	3454	4	1
189.369	3455	1	1
189.369	3456	2	1
189.369	3457	3	1
189.444	3458	4	1
189.519	3459	2	1
189.594	3460	1	1
189.669	3461	3	1
189.669	3462	4	1
189.744	3463	2	1
189.819	3464	1	1
189.894	3465	2	1
189.969	3466	1	1
189.969	3467	3	1
189.969	3468	4	1
190.044	3469	2	1
190.119	3470	4	1
190.194	3471	3	1
190.269	3472	1	1
190.269	3473	2	1
190.344	3474	4	1
190.419	3475	2	1
190.494	3476	3	1
190.569	3477	1	1
190.569	3478	2	1
190.569	3479	4	1
190.644	3480	3	1
190.719	3481	1	1
190.769	3482	2	1
190.819	3483	3	1
190.869	3484	1	1
190.869	3485	4	1
190.944	3486	2	1
191.019	3487	3	1
191.094	3488	2	1
191.169	3489	1	1
191.169	3490	4	1
191.169	3491	3	1
191.244	3492	2	1
191.319	3493	1	1
191.319	3494	4	1
191.394	3495	3	1
191.469	3496	1	1
191.469	3497	2	1
191.544	3498	4	1
191.619	3499	3	1
191.694	3500	2	1
191.769	3501	1	1
191.769	3502	3	1
191.769	3503	4	1
191.844	3504	2	1
191.919	3505	3	1
191.994	3506	4	1
192.069	3507	1	1
192.069	3508	2	1
192.144	3509	3	1
192.219	3510	2	1
192.294	3511	4	1
192.369	3512	1	1
192.369	3513	2	1
192.369	3514	3	1
192.444	3515	2	1
192.519	3516	3	1
192.594	3517	2	1
192.669	3518	3	1
192.669	3519	4	1
192.669	3520	1	2
192.819	3521	1	3
192.744	3522	2	1
192.819	3523	4	1
192.894	3524	4	1
192.969	3525	1	1
192.969	3526	2	2
193.119	3527	2	3
193.119	3528	3	1
193.194	3529	4	1
193.269	3530	1	1
193.269	3531	2	1
193.269	3532	3	2
193.569	3533	3	3
193.419	3534	1	1
193.569	3535	1	1
193.569	3536	2	1
193.569	3537	4	2
193.869	3538	4	3
193.719	3539	3	1
193.869	3540	3	1
193.869	3541	2	1
193.869	3542	1	1
193.944	3543	4	1
194.019	3544	3	1
194.094	3545	2	1
194.169	3546	4	1
194.169	3547	3	1
194.169	3548	1	1
194.244	3549	2	1
194.319	3550	4	1
194.394	3551	1	1
194.469	3552	3	1
194.469	3553	2	1
194.544	3554	4	1
194.619	3555	1	1
194.694	3556	2	1
194.769	3557	4	1
194.769	3558	3	1
194.769	3559	1	1
194.844	3560	2	1
194.919	3561	1	1
194.994	3562	3	1
195.069	3563	4	1
195.069	3564	2	1
195.144	3565	3	1
195.219	3566	2	1
195.294	3567	1	1
195.369	3568	4	1
195.369	3569	2	1
195.369	3570	3	1
195.444	3571	1	1
195.519	3572	4	1
195.569	3573	3	1
195.619	3574	2	1
195.669	3575	4	1
195.669	3576	1	1
195.744	3577	3	1
195.819	3578	2	1
195.894	3579	3	1
195.969	3580	2	1
195.969	3581	1	1
195.969	3582	4	1
196.044	3583	3	1
196.119	3584	4	1
196.119	3585	1	1
196.194	3586	2	1
196.269	3587	4	1
196.269	3588	3	1
196.344	3589	2	1
196.419	3590	1	1
196.494	3591	3	1
196.569	3592	4	1
196.569	3593	2	1
196.569	3594	1	1
196.644	3595	3	1
196.719	3596	1	1
196.794	3597	2	1
196.869	3598	4	1
196.869	3599	3	1
196.944	3600	2	1
197.019	3601	1	1
197.094	3602	2	1
197.169	3603	4	1
197.169	3604	3	1
197.169	3605	1	1
197.244	3606	2	1
197.319	3607	4	1
197.319	3608	3	1
197.394	3609	2	1
197.469	3610	1	2
197.619	3611	1	3
197.469	3612	4	1
197.469	3613	3	1
197.544	3614	2	1
197.619	3615	4	1
197.694	3616	3	1
197.769	3617	2	2
197.919	3618	2	3
197.769	3619	1	1
197.844	3620	3	1
197.919	3621	4	1
197.969	3622	3	1
198.019	3623	1	1
198.069	3624	3	2
198.219	3625	3	3
198.069	3626	2	1
198.069	3627	4	1
198.219	3628	2	2
198.369	3629	2	3
198.369	3630	1	1
198.369	3631	3	1
198.369	3632	4	2
198.669	3633	4	3
198.519	3634	2	1
198.669	3635	3	1
198.669	3636	1	1
198.744	3637	2	1
198.819	3638	4	1
198.819	3639	3	1
198.894	3640	2	1
198.969	3641	4	1
198.969	3642	1	1
199.044	3643	3	1
199.119	3644	4	1
199.119	3645	2	1
199.194	3646	3	1
199.269	3647	2	1
199.269	3648	1	1
199.344	3649	3	1
199.419	3650	4	1
199.419	3651	1	1
199.494	3652	2	1
199.569	3653	3	1
199.569	3654	1	1
199.644	3655	2	1
199.719	3656	4	1
199.719	3657	1	1
199.794	3658	3	1
199.869	3659	4	1
199.869	3660	2	1
199.944	3661	3	1
200.019	3662	2	1
200.019	3663	1	1
200.094	3664	4	1
200.169	3665	3	1
200.169	3666	1	1
200.244	3667	2	1
200.319	3668	4	1
200.319	3669	1	1
200.394	3670	2	1
200.469	3671	3	1
200.469	3672	1	1
200.544	3673	2	1
200.619	3674	4	1
200.619	3675	3	1
200.694	3676	2	1
200.769	3677	4	1
200.769	3678	3	1
200.844	3679	1	1
200.919	3680	4	1
200.919	3681	2	1
200.994	3682	3	1
201.069	3683	1	1
201.069	3684	4	1
201.069	3685	2	1
201.144	3686	3	1
201.219	3687	2	1
201.294	3688	1	1
201.369	3689	4	1
201.369	3690	3	1
201.444	3691	2	1
201.519	3692	3	1
201.594	3693	4	1
201.669	3694	2	1
201.669	3695	1	1
201.744	3696	4	1
201.744	3697	3	1
201.819	3698	1	1
201.819	3699	2	1
201.894	3700	4	1
201.894	3701	3	1
201.969	3702	1	1
201.969	3703	2	1
202.044	3704	4	1
202.044	3705	3	1
202.119	3706	1	1
202.119	3707	2	1
202.194	3708	4	1
202.194	3709	3	1
202.269	3710	2	1
202.269	3711	1	1
202.344	3712	2	1
202.344	3713	1	1
202.419	3714	4	1
202.419	3715	2	1
202.419	3716	1	1
202.569	3717	3	1
202.569	3718	2	1
202.569	3719	1	1
202.719	3720	4	1
202.719	3721	3	1
202.794	3722	4	1
202.794	3723	3	1
202.794	3724	2	1
202.944	3725	3	1
202.944	3726	4	1
202.944	3727	1	1
203.019	3728	2	1
203.094	3729	3	1
203.169	3730	3	1
203.169	3731	2	1
203.169	3732	1	1
203.319	3733	3	1
203.319	3734	4	1
203.319	3735	1	1
203.469	3736	2	2
203.619	3737	2	3
203.469	3738	4	1
203.469	3739	3	1
203.619	3740	1	2
203.694	3741	1	3
203.694	3742	3	2
203.919	3743	3	3
203.769	3744	1	1
203.769	3745	2	1
203.919	3746	4	2
204.069	3747	4	3
204.069	3748	3	2
204.219	3749	3	3
204.069	3750	2	1
204.219	3751	4	2
204.369	3752	4	3
204.369	3753	2	1
204.369	3754	1	2
204.519	3755	1	3
204.519	3756	3	2
204.669	3757	3	3
204.669	3758	4	1
204.669	3759	1	2
204.819	3760	1	3
204.819	3761	2	2
204.894	3762	2	3
204.894	3763	3	2
205.119	3764	3	3
204.969	3765	2	1
204.969	3766	1	1
205.119	3767	4	2
205.269	3768	4	3
205.269	3769	1	1
205.269	3770	3	2
205.419	3771	3	3
205.419	3772	2	2
205.569	3773	2	3
205.569	3774	3	1
205.569	3775	1	2
205.719	3776	1	3
205.719	3777	4	2
205.869	3778	4	3
205.869	3779	2	1
205.869	3780	3	1
205.869	3781	1	2
206.019	3782	1	3
206.019	3783	2	2
206.094	3784	2	3
206.094	3785	3	2
206.319	3786	3	3
206.169	3787	2	1
206.169	3788	1	1
206.319	3789	4	2
206.469	3790	4	3
206.469	3791	2	1
206.469	3792	3	2
206.619	3793	3	3
206.619	3794	1	2
206.769	3795	1	3
206.769	3796	4	1
206.769	3797	2	2
206.919	3798	2	3
206.919	3799	3	2
207.069	3800	3	3
207.069	3801	1	1
207.069	3802	4	2
207.219	3803	4	3
207.219	3804	3	2
207.294	3805	3	3
207.294	3806	2	2
207.519	3807	2	3
207.369	3808	4	1
207.369	3809	3	1
207.519	3810	1	2
207.669	3811	1	3
207.669	3812	4	2
207.819	3813	4	3
207.669	3814	2	1
207.819	3815	3	2
207.969	3816	3	3
207.969	3817	1	1
207.969	3818	2	2
208.269	3819	2	3
208.269	3820	1	2
208.869	3821	1	3
208.269	3822	4	2
208.569	3823	4	3
208.569	3824	3	2
208.869	3825	3	3
208.719	3826	2	2
208.869	3827	2	3
208.869	3828	4	2
209.319	3829	4	3
209.019	3830	1	2
209.319	3831	1	3
209.169	3832	2	2
209.319	3833	2	3
209.319	3834	3	2
209.469	3835	3	3
209.469	3836	2	2
209.694	3837	2	3
209.469	3838	4	1
209.469	3839	1	1
209.694	3840	1	2
209.919	3841	1	3
209.769	3842	4	1
209.769	3843	3	1
209.919	3844	3	2
210.219	3845	3	3
209.919	3846	4	2
210.069	3847	4	3
209.919	3848	2	2
210.219	3849	2	3
210.069	3850	1	2
210.219	3851	1	3
210.219	3852	4	2
210.369	3853	4	3
210.369	3854	2	2
210.669	3855	2	3
210.369	3856	3	2
210.669	3857	3	3
210.519	3858	1	2
210.669	3859	1	3
210.669	3860	4	2
210.819	3861	4	3
210.819	3862	2	1
210.819	3863	1	1
210.969	3864	3	1
210.969	3865	1	1
211.119	3866	2	1
211.119	3867	4	1
211.269	3868	4	1
211.269	3869	3	1
211.419	3870	2	1
211.419	3871	1	1
211.569	3872	1	1
211.569	3873	4	2
211.719	3874	4	3
211.719	3875	2	1
211.869	3876	3	1
211.869	3877	2	2
212.019	3878	2	3
212.019	3879	4	1
212.056	3880	3	1
212.094	3881	2	1
212.131	3882	1	1
212.169	3883	4	2
212.319	3884	4	3
212.169	3885	3	2
212.319	3886	3	3
212.319	3887	1	1
212.394	3888	1	1
212.469	3889	4	1
212.469	3890	3	1
212.544	3891	4	1
212.544	3892	3	1
212.619	3893	2	1
212.619	3894	1	1
212.694	3895	2	1
212.694	3896	1	1
212.769	3897	4	2
212.919	3898	4	3
212.769	3899	3	2
212.919	3900	3	3
212.919	3901	1	1
213.069	3902	4	1
213.069	3903	2	1
213.219	3904	3	1
213.294	3905	2	1
213.369	3906	4	1
213.369	3907	3	1
213.369	3908	1	1
213.519	3909	2	1
213.669	3910	1	1
213.669	3911	3	1
213.819	3912	4	1
213.969	3913	3	1
213.969	3914	2	1
213.969	3915	1	1
214.119	3916	2	1
214.119	3917	1	1
214.269	3918	4	1
214.269	3919	1	1
214.269	3920	2	1
214.419	3921	3	1
214.494	3922	2	1
214.569	3923	4	1
214.569	3924	3	1
214.569	3925	1	1
214.719	3926	2	1
214.869	3927	4	1
214.869	3928	3	1
215.019	3929	1	1
215.169	3930	3	1
215.169	3931	2	1
215.169	3932	1	1
215.319	3933	3	1
215.319	3934	4	1
215.469	3935	4	1
215.469	3936	2	1
215.469	3937	1	1
215.619	3938	3	1
215.694	3939	1	1
215.769	3940	2	1
215.769	3941	3	1
215.769	3942	4	1
215.919	3943	1	1
216.069	3944	3	1
216.069	3945	1	1
216.219	3946	4	1
216.369	3947	3	1
216.369	3948	2	1
216.369	3949	1	1
216.519	3950	3	1
216.519	3951	2	1
216.669	3952	4	1
216.669	3953	1	1
216.819	3954	2	1
216.894	3955	3	1
216.969	3956	4	1
216.969	3957	2	1
216.969	3958	1	1
217.119	3959	3	1
217.269	3960	4	1
217.269	3961	1	1
217.344	3962	2	1
217.419	3963	3	1
217.419	3964	1	1
217.494	3965	2	1
217.569	3966	4	1
217.569	3967	3	1
217.569	3968	1	2
217.869	3969	1	3
217.719	3970	3	1
217.869	3971	2	1
217.869	3972	4	2
218.169	3973	4	3
218.019	3974	3	1
218.169	3975	3	1
218.169	3976	2	1
218.169	3977	1	1
218.319	3978	4	2
218.469	3979	4	3
218.319	3980	3	2
218.619	3981	3	3
218.319	3982	1	2
218.469	3983	1	3
218.469	3984	2	2
218.619	3985	2	3
218.619	3986	4	2
218.769	3987	4	3
218.769	3988	1	2
218.919	3989	1	3
218.919	3990	4	2
219.069	3991	4	3
218.919	3992	3	2
219.069	3993	3	3
219.069	3994	1	1
219.069	3995	2	1
219.219	3996	1	1
219.294	3997	2	1
219.369	3998	4	1
219.369	3999	3	1
219.369	4000	1	1
219.519	4001	4	2
219.669	4002	4	3
219.519	4003	3	2
219.819	4004	3	3
219.519	4005	2	2
219.669	4006	2	3
219.669	4007	1	2
219.819	4008	1	3
219.819	4009	2	2
219.969	4010	2	3
219.969	4011	4	2
220.119	4012	4	3
219.969	4013	1	2
220.119	4014	1	3
220.119	4015	3	2
220.269	4016	3	3
220.119	4017	2	2
220.269	4018	2	3
220.269	4019	4	1
220.269	4020	1	1
220.419	4021	1	2
220.494	4022	1	3
220.569	4023	2	2
220.644	4024	2	3
220.719	4025	4	2
220.794	4026	4	3
220.869	4027	3	2
220.944	4028	3	3
221.019	4029	1	2
221.094	4030	1	3
221.169	4031	2	2
221.244	4032	2	3
221.319	4033	4	2
221.394	4034	4	3
221.469	4035	2	1
221.469	4036	1	1
221.544	4037	4	1
221.619	4038	3	1
221.694	4039	2	1
221.769	4040	3	2
221.994	4041	3	3
221.769	4042	4	1
221.769	4043	1	1
221.994	4044	2	2
222.144	4045	2	3
221.994	4046	1	1
222.144	4047	4	1
222.144	4048	1	1
222.219	4049	2	1
222.294	4050	3	1
222.369	4051	4	1
222.369	4052	2	1
222.369	4053	1	1
222.444	4054	3	1
222.519	4055	2	1
222.594	4056	4	1
222.669	4057	1	1
222.669	4058	3	1
222.669	4059	2	1
222.819	4060	4	1
222.894	4061	1	1
222.969	4062	2	1
222.969	4063	4	1
222.969	4064	3	1
223.119	4065	1	1
223.194	4066	3	1
223.269	4067	4	1
223.269	4068	2	1
223.344	4069	1	1
223.419	4070	2	1
223.494	4071	3	1
223.569	4072	4	1
223.569	4073	2	1
223.569	4074	1	1
223.719	4075	3	1
223.719	4076	2	1
223.869	4077	3	2
224.019	4078	3	3
223.869	4079	2	2
224.019	4080	2	3
223.869	4081	4	2
224.019	4082	4	3
223.869	4083	1	2
224.019	4084	1	3
224.169	4085	4	1
224.169	4086	3	1
224.169	4087	2	1
224.319	4088	4	1
224.319	4089	1	1
224.394	4090	3	1
224.469	4091	2	1
224.469	4092	4	1
224.469	4093	1	1
224.619	4094	4	1
224.619	4095	3	1
224.619	4096	1	1
224.769	4097	3	2
225.069	4098	3	3
224.769	4099	2	2
225.069	4100	2	3
225.069	4101	4	1
225.069	4102	1	1
225.144	4103	3	1
225.219	4104	1	1
225.219	4105	2	1
225.369	4106	4	1
225.369	4107	2	1
225.369	4108	1	1
225.519	4109	3	1
225.594	4110	2	1
225.669	4111	4	1
225.669	4112	3	1
225.744	4113	1	1
225.894	4114	1	1
225.969	4115	4	1
225.969	4116	3	1
225.969	4117	2	1
226.119	4118	3	2
226.344	4119	3	3
226.119	4120	4	2
226.344	4121	4	3
226.119	4122	1	2
226.344	4123	1	3
226.419	4124	2	1
226.419	4125	3	1
226.419	4126	1	1
226.569	4127	4	1
226.569	4128	2	1
226.569	4129	1	1
226.719	4130	4	1
226.719	4131	3	1
226.719	4132	2	1
226.869	4133	4	2
227.169	4134	4	3
226.869	4135	1	2
227.469	4136	1	3
226.869	4137	3	2
227.169	4138	3	3
227.319	4139	4	1
227.319	4140	3	1
227.394	4141	4	1
227.394	4142	3	1
227.469	4143	4	2
227.619	4144	4	3
227.469	4145	3	2
227.619	4146	3	3
227.544	4147	2	1
227.619	4148	1	1
227.694	4149	2	1
227.769	4150	3	1
227.769	4151	4	1
227.769	4152	1	1
227.919	4153	4	1
227.919	4154	1	1
228.069	4155	3	2
228.219	4156	3	3
228.069	4157	2	2
228.219	4158	2	3
228.219	4159	4	1
228.369	4160	3	2
228.519	4161	3	3
228.369	4162	1	2
228.519	4163	1	3
228.519	4164	4	1
228.519	4165	2	1
228.669	4166	4	2
228.744	4167	4	3
228.669	4168	2	2
228.744	4169	2	3
228.819	4170	3	2
228.894	4171	3	3
228.819	4172	2	2
228.894	4173	2	3
228.969	4174	4	2
229.044	4175	4	3
228.969	4176	1	2
229.044	4177	1	3
229.119	4178	3	2
229.194	4179	3	3
229.119	4180	2	2
229.194	4181	2	3
229.269	4182	4	2
229.419	4183	4	3
229.269	4184	3	2
229.419	4185	3	3
229.569	4186	1	2
229.719	4187	1	3
229.569	4188	2	2
229.719	4189	2	3
229.869	4190	4	1
229.906	4191	3	1
229.944	4192	2	1
229.981	4193	1	1
230.019	4194	4	1
230.056	4195	3	1
230.094	4196	2	1
230.131	4197	1	2
230.469	4198	1	3
230.469	4199	3	1
230.469	4200	4	1
230.544	4201	4	1
230.544	4202	3	1
230.619	4203	1	1
230.619	4204	2	1
230.694	4205	2	1
230.694	4206	1	1
230.769	4207	4	1
230.769	4208	3	1
230.919	4209	2	1
230.919	4210	1	1
231.069	4211	4	1
231.069	4212	3	1
231.069	4213	2	1
231.069	4214	1	1
231.219	4215	1	1
231.219	4216	2	1
231.219	4217	3	1
231.219	4218	4	1
231.369	4219	4	2
231.519	4220	4	3
231.369	4221	3	2
231.519	4222	3	3
231.369	4223	2	2
231.519	4224	2	3
231.369	4225	1	2
231.519	4226	1	3
231.669	4227	4	2
231.819	4228	4	3
231.669	4229	3	2
231.819	4230	3	3
231.669	4231	2	2
231.819	4232	2	3
231.669	4233	1	2
231.819	4234	1	3
231.969	4235	4	1
231.969	4236	1	1
232.119	4237	4	1
232.119	4238	3	1
232.119	4239	2	1
232.119	4240	1	1
232.269	4241	2	1
232.269	4242	4	1
232.269	4243	3	1
232.269	4244	1	1
232.419	4245	3	1
232.419	4246	1	1
232.419	4247	2	1
232.419	4248	4	1
232.569	4249	2	1
232.569	4250	4	1
232.569	4251	3	1
232.569	4252	1	1
232.719	4253	3	1
232.719	4254	1	1
232.719	4255	2	1
232.719	4256	4	1
232.869	4257	1	2
233.019	4258	1	3
232.869	4259	2	2
233.019	4260	2	3
232.869	4261	3	2
233.019	4262	3	3
232.869	4263	4	2
233.019	4264	4	3
233.169	4265	3	1
233.169	4266	2	1
233.469	4267	2	1
233.469	4268	4	1
233.469	4269	3	1
233.469	4270	1	1
233.619	4271	3	1
233.619	4272	1	1
233.619	4273	2	1
233.619	4274	4	1
233.769	4275	4	2
233.919	4276	4	3
233.769	4277	3	2
233.919	4278	3	3
233.769	4279	2	2
233.919	4280	2	3
233.769	4281	1	2
233.919	4282	1	3
234.069	4283	4	2
234.219	4284	4	3
234.069	4285	3	2
234.219	4286	3	3
234.069	4287	2	2
234.219	4288	2	3
234.069	4289	1	2
234.219	4290	1	3
234.369	4291	4	2
234.519	4292	4	3
234.369	4293	3	2
234.519	4294	3	3
234.369	4295	2	2
234.519	4296	2	3
234.369	4297	1	2
234.519	4298	1	3
234.669	4299	4	2
234.819	4300	4	3
234.669	4301	3	2
234.819	4302	3	3
234.669	4303	2	2
234.819	4304	2	3
234.669	4305	1	2
234.819	4306	1	3
234.969	4307	4	1
234.969	4308	3	1
234.969	4309	2	1
234.969	4310	1	1
235.119	4311	4	1
235.119	4312	3	1
235.119	4313	2	1
235.119	4314	1	1
235.269	4315	1	1
235.269	4316	2	1
235.269	4317	3	1
235.269	4318	4	1
235.419	4319	1	1
235.456	4320	2	1
235.494	4321	3	1
235.531	4322	4	1
235.569	4323	2	1
235.569	4324	1	1
235.644	4325	4	1
235.644	4326	3	1
235.719	4327	1	1
235.719	4328	2	1
235.794	4329	4	1
235.794	4330	3	1
235.869	4331	2	1
235.869	4332	1	1
236.019	4333	3	1
236.094	4334	2	1
236.169	4335	4	1
236.169	4336	3	1
236.169	4337	1	1
236.244	4338	2	1
236.319	4339	3	1
236.469	4340	4	1
236.469	4341	1	2
236.619	4342	1	3
236.619	4343	2	2
236.769	4344	2	3
236.769	4345	4	1
236.769	4346	3	1
236.769	4347	1	1
236.844	4348	2	1
236.919	4349	4	2
237.219	4350	4	3
237.069	4351	2	1
237.069	4352	1	1
237.219	4353	3	1
237.294	4354	2	1
237.369	4355	4	1
237.369	4356	3	1
237.369	4357	1	2
237.519	4358	1	3
237.519	4359	2	2
237.669	4360	2	3
237.669	4361	4	2
237.819	4362	4	3
237.669	4363	1	1
237.819	4364	3	2
237.969	4365	3	3
237.969	4366	4	1
237.969	4367	2	1
237.969	4368	1	1
238.044	4369	3	1
238.119	4370	2	1
238.269	4371	3	1
238.269	4372	4	1
238.269	4373	1	1
238.419	4374	2	1
238.494	4375	3	1
238.569	4376	4	1
238.569	4377	2	1
238.569	4378	1	1
238.644	4379	3	1
238.719	4380	1	1
238.794	4381	2	1
238.869	4382	3	1
238.869	4383	4	2
239.019	4384	4	3
239.019	4385	1	2
239.169	4386	1	3
239.169	4387	4	1
239.169	4388	2	1
239.169	4389	3	2
239.319	4390	3	3
239.319	4391	1	2
239.469	4392	1	3
239.469	4393	2	1
239.469	4394	4	2
239.619	4395	4	3
239.619	4396	3	2
239.769	4397	3	3
239.769	4398	2	2
239.919	4399	2	3
239.769	4400	4	1
239.769	4401	1	1
239.919	4402	1	2
240.069	4403	1	3
240.069	4404	3	1
240.069	4405	2	1
240.069	4406	4	2
240.369	4407	4	3
240.219	4408	3	1
240.369	4409	1	1
240.369	4410	2	2
240.444	4411	2	3
240.444	4412	4	1
240.444	4413	3	2
240.519	4414	3	3
240.519	4415	2	1
240.519	4416	1	2
240.594	4417	1	3
240.594	4418	3	1
240.594	4419	4	2
240.669	4420	4	3
240.669	4421	1	1
240.669	4422	2	1
240.819	4423	3	1
240.894	4424	2	1
240.894	4425	1	2
241.044	4426	1	3
240.969	4427	4	1
240.969	4428	3	1
241.044	4429	2	1
241.119	4430	3	1
241.119	4431	4	2
241.269	4432	4	3
241.269	4433	2	2
241.419	4434	2	3
241.269	4435	1	1
241.419	4436	3	2
241.569	4437	3	3
241.569	4438	4	1
241.569	4439	2	1
241.569	4440	1	1
241.644	4441	3	1
241.719	4442	2	1
241.794	4443	1	1
241.869	4444	3	2
242.019	4445	3	3
241.869	4446	4	2
242.019	4447	4	3
242.019	4448	2	1
242.094	4449	3	2
242.244	4450	3	3
242.094	4451	1	2
242.244	4452	1	3
242.169	4453	4	1
242.244	4454	2	1
242.319	4455	4	2
242.469	4456	4	3
242.319	4457	1	2
242.469	4458	1	3
242.469	4459	3	1
242.469	4460	2	1
242.619	4461	3	1
242.619	4462	1	1
242.769	4463	1	1
242.769	4464	2	1
242.769	4465	4	2
242.919	4466	4	3
242.919	4467	3	2
242.994	4468	3	3
242.994	4469	2	2
243.069	4470	2	3
243.069	4471	4	1
243.069	4472	3	1
243.069	4473	1	2
243.219	4474	1	3
243.219	4475	4	1
243.219	4476	3	1
243.369	4477	2	1
243.369	4478	1	1
243.519	4479	3	2
243.669	4480	3	3
243.519	4481	1	2
243.669	4482	1	3
243.669	4483	4	2
243.819	4484	4	3
243.669	4485	2	2
243.819	4486	2	3
243.819	4487	3	1
243.819	4488	1	1
243.969	4489	4	1
243.969	4490	2	1
244.044	4491	3	1
244.119	4492	1	2
244.269	4493	1	3
244.269	4494	4	1
244.269	4495	3	1
244.269	4496	2	1
244.419	4497	4	2
244.494	4498	4	3
244.494	4499	3	2
244.569	4500	3	3
244.569	4501	2	1
244.569	4502	1	1
244.719	4503	1	2
244.869	4504	1	3
244.869	4505	3	1
244.869	4506	4	1
244.944	4507	2	1
245.019	4508	1	1
245.019	4509	3	1
245.169	4510	3	1
245.169	4511	4	1
245.169	4512	2	1
245.319	4513	2	1
245.319	4514	1	1
245.469	4515	4	1
245.469	4516	3	1
245.469	4517	1	1
245.619	4518	2	1
245.694	4519	3	1
245.769	4520	4	1
245.769	4521	2	1
245.769	4522	1	1
245.919	4523	3	1
246.069	4524	4	1
246.069	4525	2	1
246.144	4526	3	1
246.144	4527	1	1
246.294	4528	3	1
246.294	4529	2	1
246.369	4530	4	1
246.369	4531	1	1
246.519	4532	2	1
246.519	4533	1	1
246.669	4534	4	2
246.819	4535	4	3
246.669	4536	3	1
246.669	4537	2	1
246.819	4538	1	1
246.894	4539	3	2
247.044	4540	3	3
246.894	4541	4	1
246.969	4542	2	1
246.969	4543	1	1
247.044	4544	4	1
247.119	4545	2	1
247.119	4546	1	2
247.269	4547	1	3
247.269	4548	3	1
247.269	4549	4	1
247.344	4550	2	1
247.344	4551	1	1
247.494	4552	3	1
247.494	4553	2	1
247.569	4554	4	1
247.569	4555	1	1
247.719	4556	3	1
247.719	4557	2	1
247.869	4558	1	1
247.869	4559	4	1
247.869	4560	2	1
248.019	4561	3	1
248.019	4562	2	1
248.094	4563	4	1
248.094	4564	2	1
248.244	4565	3	1
248.244	4566	2	1
248.319	4567	3	1
248.319	4568	1	1
248.469	4569	3	1
248.469	4570	2	1
248.544	4571	4	1
248.544	4572	2	1
248.694	4573	2	1
248.694	4574	3	1
248.769	4575	3	1
248.769	4576	1	1
248.919	4577	4	1
248.919	4578	1	1
249.069	4579	3	1
249.069	4580	2	1
249.069	4581	1	1
249.219	4582	4	1
249.219	4583	2	2
249.369	4584	2	3
249.369	4585	4	1
249.369	4586	3	1
249.369	4587	1	2
249.519	4588	1	3
249.519	4589	2	1
249.519	4590	4	2
249.669	4591	4	3
249.669	4592	1	1
249.669	4593	2	2
249.744	4594	2	3
249.744	4595	4	1
249.744	4596	3	2
249.819	4597	3	3
249.819	4598	2	1
249.819	4599	1	2
249.969	4600	1	3
249.969	4601	3	1
249.969	4602	4	2
250.119	4603	4	3
250.119	4604	1	1
250.119	4605	2	2
250.269	4606	2	3
250.269	4607	4	1
250.269	4608	3	1
250.269	4609	1	1
250.419	4610	4	1
250.419	4611	2	1
250.494	4612	4	1
250.494	4613	1	1
250.644	4614	3	1
250.644	4615	1	1
250.719	4616	4	1
250.719	4617	1	1
250.869	4618	3	1
250.869	4619	2	1
250.944	4620	3	1
250.944	4621	1	1
251.094	4622	3	1
251.094	4623	2	1
251.169	4624	4	1
251.169	4625	2	1
251.319	4626	3	1
251.319	4627	1	1
251.469	4628	2	1
251.469	4629	1	2
251.619	4630	1	3
251.469	4631	4	2
251.619	4632	4	3
251.619	4633	3	1
251.694	4634	2	1
251.769	4635	4	1
251.769	4636	3	1
251.769	4637	1	1
251.844	4638	2	1
251.919	4639	4	1
251.994	4640	3	1
252.069	4641	2	1
252.069	4642	1	1
252.219	4643	4	1
252.219	4644	3	1
252.369	4645	4	1
252.369	4646	2	1
252.369	4647	1	1
252.519	4648	2	1
252.519	4649	3	1
252.669	4650	2	1
252.669	4651	1	1
252.669	4652	4	2
253.269	4653	4	3
252.819	4654	3	1
252.969	4655	3	1
252.969	4656	2	1
252.969	4657	1	1
253.119	4658	2	1
253.194	4659	3	1
253.269	4660	2	1
253.269	4661	1	2
253.569	4662	1	3
253.344	4663	3	1
253.419	4664	4	1
253.569	4665	4	1
253.569	4666	3	1
253.569	4667	2	1
253.869	4668	4	1
253.869	4669	1	1
254.019	4670	3	1
254.019	4671	1	1
254.169	4672	2	1
254.169	4673	1	1
254.319	4674	3	1
254.319	4675	4	1
254.469	4676	2	1
254.469	4677	1	1
254.619	4678	4	1
254.694	4679	4	1
254.769	4680	2	1
254.844	4681	2	1
254.919	4682	3	1
254.994	4683	3	1
255.069	4684	4	2
255.369	4685	4	3
255.069	4686	2	2
255.369	4687	2	3
255.069	4688	1	2
255.369	4689	1	3
255.369	4690	3	1
255.519	4691	2	1
255.594	4692	3	1
255.594	4693	4	1
255.669	4694	2	1
255.669	4695	1	1
255.744	4696	2	1
255.744	4697	1	1
255.819	4698	4	1
255.819	4699	3	1
255.894	4700	2	1
255.894	4701	1	1
255.969	4702	4	1
256.006	4703	3	1
256.044	4704	2	1
256.081	4705	1	1
256.119	4706	4	1
256.119	4707	3	1
256.269	4708	1	1
256.306	4709	2	1
256.344	4710	3	1
256.381	4711	4	1
256.419	4712	1	1
256.456	4713	2	1
256.494	4714	3	1
256.531	4715	4	1
256.569	4716	2	1
256.569	4717	1	1
256.719	4718	3	1
256.794	4719	4	1
256.869	4720	2	1
256.869	4721	1	1
256.944	4722	3	1
257.019	4723	1	2
257.094	4724	1	3
257.019	4725	2	2
257.094	4726	2	3
257.019	4727	4	2
257.094	4728	4	3
257.169	4729	1	2
257.319	4730	1	3
257.169	4731	4	2
257.319	4732	4	3
257.169	4733	3	2
257.319	4734	3	3
257.469	4735	3	1
257.469	4736	2	1
257.619	4737	3	1
257.619	4738	2	1
257.769	4739	1	1
257.806	4740	3	1
257.844	4741	2	1
257.881	4742	4	1
257.919	4743	1	1
257.956	4744	3	1
257.994	4745	2	1
258.031	4746	4	1
258.069	4747	3	1
258.069	4748	1	1
258.219	4749	2	1
258.219	4750	1	1
258.369	4751	4	1
258.406	4752	3	1
258.444	4753	2	1
258.481	4754	1	1
258.669	4755	3	1
258.669	4756	1	1
258.669	4757	2	1
258.969	4758	2	1
258.969	4759	3	1
258.969	4760	4	1
259.119	4761	4	1
259.194	4762	3	1
259.269	4763	1	1
259.269	4764	4	1
259.344	4765	3	1
259.419	4766	4	1
259.419	4767	2	1
259.419	4768	1	1
259.569	4769	3	1
259.569	4770	2	1
259.569	4771	1	1
259.869	4772	2	1
259.869	4773	4	1
259.869	4774	1	1
259.944	4775	3	1
260.019	4776	1	1
260.019	4777	4	1
260.094	4778	3	1
260.169	4779	2	1
260.169	4780	1	1
260.244	4781	3	1
260.319	4782	2	1
260.319	4783	4	1
260.394	4784	1	1
260.469	4785	4	1
260.469	4786	3	1
260.544	4787	2	1
260.619	4788	4	1
260.619	4789	1	1
260.694	4790	2	1
260.694	4791	3	1
260.844	4792	2	1
260.844	4793	1	1
260.919	4794	4	1
260.919	4795	3	1
261.069	4796	4	1
261.069	4797	3	1
261.069	4798	1	1
261.144	4799	2	1
261.219	4800	1	1
261.219	4801	3	1
261.294	4802	4	1
261.369	4803	3	1
261.369	4804	2	1
261.444	4805	1	1
261.519	4806	4	1
261.519	4807	2	1
261.594	4808	3	1
261.669	4809	2	1
261.669	4810	1	1
261.744	4811	3	1
261.819	4812	4	1
261.819	4813	1	1
261.894	4814	2	1
261.969	4815	1	2
262.119	4816	1	3
261.969	4817	4	2
262.119	4818	4	3
261.969	4819	3	2
262.119	4820	3	3
262.269	4821	4	1
262.306	4822	3	1
262.344	4823	2	1
262.381	4824	1	1
262.419	4825	4	1
262.456	4826	3	1
262.494	4827	2	1
262.531	4828	1	1
262.569	4829	4	1
262.569	4830	3	1
262.869	4831	1	1
262.906	4832	2	1
262.944	4833	3	1
262.981	4834	4	1
263.019	4835	1	1
263.056	4836	2	1
263.094	4837	3	1
263.131	4838	4	1
263.169	4839	2	1
263.169	4840	1	1
263.469	4841	1	1
263.506	4842	2	1
263.544	4843	3	1
263.581	4844	4	1
263.619	4845	1	1
263.694	4846	2	1
263.769	4847	4	1
263.806	4848	3	1
263.844	4849	2	1
263.881	4850	1	1
263.919	4851	4	1
263.994	4852	3	1
264.069	4853	1	1
264.106	4854	2	1
264.144	4855	4	1
264.181	4856	3	1
264.219	4857	1	1
264.256	4858	2	1
264.294	4859	4	1
264.331	4860	3	1
264.369	4861	1	1
264.406	4862	2	1
264.444	4863	4	1
264.481	4864	3	1
264.519	4865	1	1
264.556	4866	2	1
264.594	4867	4	1
264.631	4868	3	1
265.869	4869	4	1
265.869	4870	3	1
265.869	4871	1	1
266.019	4872	2	1
266.094	4873	3	1
266.244	4874	2	1
266.319	4875	4	1
266.469	4876	1	1
266.469	4877	3	1
266.619	4878	3	1
266.619	4879	2	1
266.769	4880	2	1
266.769	4881	1	1
266.919	4882	3	1
266.919	4883	4	1
267.069	4884	2	1
267.069	4885	1	1
267.219	4886	3	1
267.294	4887	4	1
267.444	4888	1	1
267.519	4889	2	1
267.569	4890	4	1
267.619	4891	3	1
267.669	4892	1	1
267.669	4893	2	1
267.819	4894	3	1
267.819	4895	4	1
267.969	4896	3	1
267.969	4897	2	1
268.119	4898	4	1
268.119	4899	1	1
268.269	4900	3	1
268.269	4901	2	1
268.419	4902	1	1
268.494	4903	3	1
268.644	4904	2	1
268.719	4905	3	1
268.719	4906	4	1
268.869	4907	3	1
268.869	4908	2	1
269.019	4909	2	1
269.019	4910	1	1
269.169	4911	3	1
269.169	4912	4	1
269.319	4913	2	1
269.319	4914	1	1
269.469	4915	4	1
269.469	4916	3	1
269.619	4917	4	1
269.694	4918	3	1
269.769	4919	2	1
269.769	4920	1	1
269.919	4921	1	1
269.969	4922	4	1
270.019	4923	3	1
270.069	4924	2	1
270.069	4925	1	1
270.219	4926	3	1
270.369	4927	2	1
270.369	4928	3	1
270.669	4929	4	1
270.669	4930	3	1
270.669	4931	1	2
271.119	4932	1	3
271.119	4933	4	2
271.194	4934	4	3
271.119	4935	3	2
271.194	4936	3	3
271.269	4937	3	2
271.344	4938	3	3
271.269	4939	2	2
271.344	4940	2	3
271.419	4941	2	2
271.494	4942	2	3
271.419	4943	1	2
271.494	4944	1	3
271.569	4945	4	2
271.644	4946	4	3
271.569	4947	1	2
271.644	4948	1	3
271.719	4949	3	2
271.794	4950	3	3
271.719	4951	2	2
271.794	4952	2	3
271.869	4953	1	1
271.869	4954	4	2
272.319	4955	4	3
272.094	4956	1	1
272.319	4957	3	2
272.394	4958	3	3
272.319	4959	2	2
272.394	4960	2	3
272.469	4961	1	2
272.544	4962	1	3
272.469	4963	4	2
272.544	4964	4	3
272.619	4965	2	2
272.694	4966	2	3
272.619	4967	1	2
272.694	4968	1	3
272.769	4969	4	2
272.844	4970	4	3
272.769	4971	3	2
272.844	4972	3	3
272.919	4973	2	2
272.994	4974	2	3
272.919	4975	1	2
272.994	4976	1	3
273.069	4977	3	1
273.069	4978	4	2
273.219	4979	4	3
273.219	4980	2	2
273.369	4981	2	3
273.369	4982	1	1
273.369	4983	3	2
273.519	4984	3	3
273.519	4985	1	2
273.594	4986	1	3
273.519	4987	2	2
273.594	4988	2	3
273.669	4989	4	2
273.744	4990	4	3
273.669	4991	3	2
273.744	4992	3	3
273.819	4993	3	2
273.894	4994	3	3
273.819	4995	2	2
273.894	4996	2	3
273.969	4997	4	1
273.969	4998	1	1
274.119	4999	3	1
274.119	5000	2	1
274.269	5001	4	1
274.269	5002	1	1
274.419	5003	1	1
274.494	5004	2	1
274.569	5005	4	1
274.569	5006	3	1
274.719	5007	2	1
274.769	5008	3	1
274.819	5009	4	1
274.869	5010	2	1
274.869	5011	1	1
275.019	5012	3	1
275.169	5013	3	2
275.469	5014	3	3
275.169	5015	2	2
275.469	5016	2	3
275.469	5017	4	1
275.469	5018	1	1
275.619	5019	2	1
275.694	5020	3	1
275.769	5021	4	1
275.769	5022	2	1
275.769	5023	1	1
275.919	5024	3	1
276.069	5025	2	1
276.144	5026	3	1
276.219	5027	4	1
276.219	5028	1	1
276.294	5029	2	1
276.369	5030	4	1
276.369	5031	3	1
276.369	5032	1	1
276.519	5033	2	1
276.669	5034	4	1
276.744	5035	3	1
276.819	5036	2	1
276.894	5037	1	1
276.969	5038	4	1
276.969	5039	3	1
276.969	5040	2	1
277.119	5041	4	1
277.119	5042	3	1
277.169	5043	2	1
277.219	5044	1	1
277.269	5045	3	1
277.419	5046	2	1
277.419	5047	1	1
277.569	5048	4	1
277.569	5049	2	1
277.569	5050	1	1
277.719	5051	3	1
277.719	5052	2	1
277.719	5053	1	1
277.869	5054	4	1
277.869	5055	2	1
277.869	5056	1	1
278.019	5057	3	1
278.094	5058	2	1
278.169	5059	3	1
278.169	5060	4	1
278.169	5061	1	1
278.319	5062	2	1
278.394	5063	4	1
278.394	5064	3	1
278.469	5065	1	1
278.544	5066	4	1
278.544	5067	3	1
278.619	5068	2	1
278.619	5069	1	1
278.694	5070	3	1
278.769	5071	2	1
278.769	5072	4	1
278.769	5073	1	1
278.919	5074	2	1
278.919	5075	1	1
278.919	5076	3	1
279.069	5077	3	1
279.069	5078	4	2
279.219	5079	4	3
279.144	5080	2	1
279.219	5081	1	1
279.294	5082	3	1
279.369	5083	4	1
279.369	5084	2	1
279.369	5085	1	1
279.519	5086	4	1
279.569	5087	3	1
279.619	5088	2	1
279.669	5089	4	1
279.669	5090	3	1
279.669	5091	1	1
279.819	5092	1	1
279.819	5093	2	1
279.969	5094	4	1
279.969	5095	1	2
280.119	5096	1	3
279.969	5097	2	2
280.119	5098	2	3
280.119	5099	3	1
280.194	5100	2	1
280.269	5101	3	1
280.269	5102	1	1
280.269	5103	4	2
280.719	5104	4	3
280.419	5105	2	1
280.494	5106	3	1
280.569	5107	2	1
280.569	5108	1	1
280.719	5109	1	1
280.719	5110	3	1
280.794	5111	2	1
280.869	5112	4	1
280.869	5113	3	1
280.944	5114	2	1
281.019	5115	4	1
281.019	5116	1	1
281.094	5117	3	1
281.169	5118	2	1
281.169	5119	4	1
281.319	5120	3	1
281.319	5121	2	1
281.319	5122	1	1
281.469	5123	1	1
281.469	5124	4	1
281.469	5125	3	1
281.619	5126	2	1
281.694	5127	4	1
281.694	5128	3	1
281.769	5129	1	1
281.769	5130	2	1
281.844	5131	3	1
281.919	5132	1	1
281.919	5133	4	2
282.069	5134	4	3
282.069	5135	3	1
282.069	5136	2	2
282.219	5137	2	3
282.144	5138	4	1
282.219	5139	3	1
282.219	5140	1	2
282.369	5141	1	3
282.294	5142	2	1
282.369	5143	4	1
282.369	5144	3	1
282.519	5145	1	1
282.519	5146	4	1
282.519	5147	3	1
282.669	5148	4	1
282.669	5149	2	2
282.819	5150	2	3
282.669	5151	1	2
282.819	5152	1	3
282.969	5153	4	1
282.969	5154	3	1
282.969	5155	2	1
283.119	5156	1	1
283.119	5157	3	1
283.269	5158	2	1
283.269	5159	1	1
283.269	5160	4	1
283.419	5161	4	1
283.419	5162	3	1
283.494	5163	4	1
283.494	5164	3	1
283.569	5165	2	1
283.569	5166	1	1
283.719	5167	4	1
283.719	5168	2	1
283.719	5169	1	1
283.869	5170	4	1
283.869	5171	3	1
283.944	5172	2	1
284.019	5173	3	1
284.019	5174	1	1
284.094	5175	2	1
284.169	5176	4	1
284.169	5177	1	1
284.244	5178	3	1
284.319	5179	4	1
284.319	5180	2	1
284.394	5181	3	1
284.469	5182	2	1
284.469	5183	1	1
284.544	5184	4	1
284.619	5185	3	1
284.619	5186	1	1
284.769	5187	4	2
284.919	5188	4	3
284.769	5189	3	2
284.919	5190	3	3
284.769	5191	2	2
284.919	5192	2	3
284.769	5193	1	2
284.919	5194	1	3
285.069	5195	2	1
285.069	5196	4	1
285.069	5197	1	1
285.219	5198	3	1
285.294	5199	4	1
285.369	5200	3	1
285.369	5201	2	1
285.369	5202	1	1
285.444	5203	4	1
285.519	5204	2	1
285.669	5205	4	1
285.669	5206	3	1
285.669	5207	1	1
285.819	5208	1	1
285.969	5209	4	1
285.969	5210	3	1
285.969	5211	2	1
286.119	5212	3	1
286.194	5213	2	1
286.269	5214	4	1
286.269	5215	3	1
286.269	5216	1	1
286.419	5217	2	1
286.494	5218	3	1
286.569	5219	4	1
286.569	5220	2	1
286.569	5221	1	1
286.719	5222	2	1
286.769	5223	3	1
286.819	5224	4	1
286.869	5225	3	1
286.869	5226	2	1
286.869	5227	1	1
287.019	5228	3	1
287.169	5229	4	1
287.169	5230	2	1
287.169	5231	1	1
287.319	5232	3	1
287.319	5233	2	1
287.469	5234	4	1
287.469	5235	3	1
287.469	5236	1	1
287.619	5237	2	1
287.694	5238	1	1
287.769	5239	4	1
287.769	5240	3	1
287.769	5241	2	1
287.919	5242	4	1
287.919	5243	1	1
287.994	5244	3	1
288.069	5245	4	1
288.069	5246	2	1
288.219	5247	3	1
288.219	5248	2	1
288.369	5249	3	2
288.669	5250	3	3
288.369	5251	1	2
288.819	5252	1	3
288.369	5253	4	2
288.519	5254	4	3
288.519	5255	2	2
288.669	5256	2	3
288.669	5257	4	2
288.819	5258	4	3
288.819	5259	2	1
288.894	5260	3	1
288.969	5261	1	2
289.119	5262	1	3
288.969	5263	4	2
289.119	5264	4	3
288.969	5265	2	2
289.119	5266	2	3
289.119	5267	3	1
289.169	5268	2	1
289.219	5269	1	1
289.269	5270	4	1
289.269	5271	3	1
289.344	5272	1	1
289.344	5273	2	1
289.419	5274	4	1
289.419	5275	3	1
289.494	5276	1	1
289.494	5277	2	1
289.569	5278	4	1
289.569	5279	3	1
289.719	5280	2	1
289.719	5281	1	1
289.869	5282	3	1
289.869	5283	1	1
289.869	5284	4	2
290.169	5285	4	3
290.019	5286	2	1
290.169	5287	3	1
290.169	5288	2	1
290.169	5289	1	1
290.319	5290	3	2
290.394	5291	3	3
290.319	5292	4	2
290.394	5293	4	3
290.469	5294	2	2
290.544	5295	2	3
290.469	5296	3	2
290.544	5297	3	3
290.619	5298	2	2
290.694	5299	2	3
290.619	5300	1	2
290.694	5301	1	3
290.769	5302	3	1
290.769	5303	4	2
290.844	5304	4	3
290.769	5305	1	2
290.844	5306	1	3
290.919	5307	3	2
290.994	5308	3	3
290.919	5309	2	2
290.994	5310	2	3
291.069	5311	2	1
291.069	5312	4	1
291.069	5313	1	2
291.294	5314	1	3
291.219	5315	3	1
291.294	5316	4	1
291.294	5317	2	1
291.369	5318	1	1
291.369	5319	3	1
291.519	5320	1	2
291.669	5321	1	3
291.519	5322	3	2
291.669	5323	3	3
291.669	5324	2	2
291.819	5325	2	3
291.669	5326	4	2
291.819	5327	4	3
291.819	5328	3	2
291.969	5329	3	3
291.969	5330	2	2
292.269	5331	2	3
291.969	5332	1	2
292.269	5333	1	3
292.119	5334	4	2
292.269	5335	4	3
292.269	5336	3	1
292.419	5337	2	1
292.494	5338	3	1
292.569	5339	4	1
292.569	5340	2	1
292.569	5341	1	1
292.719	5342	3	1
292.719	5343	2	1
292.719	5344	4	2
293.019	5345	4	3
292.869	5346	3	1
292.869	5347	1	1
293.019	5348	2	1
293.019	5349	1	1
293.169	5350	4	1
293.169	5351	3	2
293.319	5352	3	3
293.319	5353	1	1
293.319	5354	2	2
293.469	5355	2	3
293.469	5356	4	1
293.469	5357	3	1
293.619	5358	1	1
293.694	5359	2	1
293.769	5360	4	1
293.769	5361	3	1
293.769	5362	1	1
293.919	5363	4	1
293.969	5364	3	1
294.019	5365	2	1
294.069	5366	4	1
294.069	5367	3	1
294.069	5368	1	1
294.144	5369	2	1
294.219	5370	4	1
294.294	5371	3	1
294.369	5372	4	1
294.369	5373	2	1
294.369	5374	1	1
294.519	5375	3	1
294.519	5376	2	1
294.669	5377	3	1
294.669	5378	1	1
294.669	5379	4	1
294.819	5380	2	1
294.894	5381	1	1
294.969	5382	2	1
294.969	5383	3	1
294.969	5384	4	1
295.044	5385	1	1
295.119	5386	3	1
295.269	5387	1	1
295.269	5388	2	1
295.269	5389	4	1
295.419	5390	4	1
295.569	5391	1	1
295.569	5392	2	1
295.569	5393	3	1
295.719	5394	2	1
295.794	5395	3	1
295.869	5396	1	1
295.869	5397	2	1
295.869	5398	4	1
296.019	5399	3	1
296.094	5400	2	1
296.169	5401	1	1
296.169	5402	3	1
296.169	5403	4	1
296.319	5404	3	1
296.369	5405	2	1
296.419	5406	1	1
296.469	5407	2	1
296.469	5408	3	1
296.469	5409	4	1
296.619	5410	2	1
296.769	5411	1	1
296.769	5412	3	1
296.769	5413	4	1
296.919	5414	2	1
296.919	5415	3	1
297.069	5416	1	1
297.069	5417	2	1
297.069	5418	4	1
297.219	5419	3	1
297.294	5420	4	1
297.369	5421	1	1
297.369	5422	2	1
297.369	5423	3	1
297.519	5424	1	1
297.519	5425	4	1
297.594	5426	2	1
297.669	5427	1	1
297.669	5428	3	1
297.819	5429	2	1
297.819	5430	3	1
297.969	5431	4	2
298.119	5432	4	3
297.969	5433	1	2
298.119	5434	1	3
298.119	5435	3	2
298.269	5436	3	3
298.119	5437	2	2
298.269	5438	2	3
298.269	5439	1	2
298.419	5440	1	3
298.419	5441	3	1
298.494	5442	2	1
298.569	5443	4	2
298.719	5444	4	3
298.569	5445	1	2
298.719	5446	1	3
298.569	5447	3	2
298.719	5448	3	3
298.719	5449	2	1
298.769	5450	3	1
298.819	5451	4	1
298.869	5452	1	1
298.869	5453	2	1
298.944	5454	4	1
298.944	5455	3	1
299.019	5456	1	1
299.019	5457	2	1
299.094	5458	4	1
299.094	5459	3	1
299.169	5460	1	1
299.169	5461	2	1
299.319	5462	3	1
299.319	5463	4	1
299.469	5464	2	1
299.469	5465	4	1
299.469	5466	1	2
299.769	5467	1	3
299.619	5468	3	1
299.769	5469	2	1
299.769	5470	3	1
299.769	5471	4	1
299.919	5472	2	2
299.994	5473	2	3
299.919	5474	1	2
299.994	5475	1	3
300.069	5476	3	2
300.144	5477	3	3
300.069	5478	2	2
300.144	5479	2	3
300.219	5480	3	2
300.294	5481	3	3
300.219	5482	4	2
300.294	5483	4	3
300.369	5484	2	1
300.369	5485	1	2
300.444	5486	1	3
300.369	5487	4	2
300.444	5488	4	3
300.519	5489	2	2
300.594	5490	2	3
300.519	5491	3	2
300.594	5492	3	3
300.669	5493	3	1
300.669	5494	1	1
300.669	5495	4	2
300.894	5496	4	3
300.819	5497	2	1
300.894	5498	1	1
300.894	5499	3	1
300.969	5500	4	1
300.969	5501	2	1
301.119	5502	1	2
301.269	5503	1	3
301.119	5504	2	2
301.269	5505	2	3
301.269	5506	4	2
301.419	5507	4	3
301.269	5508	3	2
301.419	5509	3	3
301.419	5510	2	2
301.569	5511	2	3
301.569	5512	4	2
301.869	5513	4	3
301.569	5514	3	2
301.869	5515	3	3
301.719	5516	1	2
301.869	5517	1	3
301.869	5518	2	1
302.019	5519	3	1
302.094	5520	2	1
302.169	5521	1	1
302.169	5522	3	1
302.169	5523	4	1
302.319	5524	2	1
302.319	5525	3	1
302.319	5526	1	2
302.619	5527	1	3
302.469	5528	2	1
302.469	5529	4	1
302.619	5530	3	1
302.619	5531	4	1
302.769	5532	1	1
302.769	5533	2	2
302.919	5534	2	3
302.919	5535	4	1
302.919	5536	3	2
303.069	5537	3	3
303.069	5538	1	1
303.069	5539	2	1
303.219	5540	4	1
303.294	5541	3	1
303.369	5542	1	1
303.369	5543	2	1
303.369	5544	4	1
303.519	5545	1	1
303.569	5546	2	1
303.619	5547	3	1
303.669	5548	1	1
303.669	5549	2	1
303.669	5550	4	1
303.744	5551	3	1
303.819	5552	1	1
303.894	5553	2	1
303.969	5554	1	1
303.969	5555	3	1
303.969	5556	4	1
304.119	5557	2	1
304.119	5558	3	1
304.269	5559	4	1
304.269	5560	3	1
304.269	5561	1	1
304.344	5562	2	1
304.419	5563	3	1
304.494	5564	4	1
304.569	5565	2	1
304.569	5566	1	1
304.644	5567	3	1
304.719	5568	2	1
304.794	5569	1	1
304.869	5570	4	1
304.869	5571	2	1
304.944	5572	3	1
305.019	5573	1	1
305.094	5574	2	1
305.169	5575	4	1
305.169	5576	1	1
305.244	5577	3	1
305.319	5578	2	1
305.394	5579	1	1
305.469	5580	4	1
305.469	5581	3	1
305.544	5582	2	1
305.619	5583	4	1
305.694	5584	3	1
305.769	5585	2	1
305.769	5586	1	1
305.844	5587	4	1
305.919	5588	1	1
305.994	5589	3	1
306.069	5590	4	1
306.069	5591	2	1
306.144	5592	1	1
306.219	5593	3	1
306.294	5594	2	1
306.369	5595	4	1
306.369	5596	1	1
306.444	5597	2	1
306.519	5598	3	1
306.594	5599	4	1
306.669	5600	1	1
306.706	5601	2	1
306.744	5602	3	1
306.781	5603	4	1
306.819	5604	1	1
306.856	5605	2	1
306.894	5606	3	1
306.931	5607	4	1
306.969	5608	1	1
307.044	5609	2	1
307.119	5610	3	1
307.194	5611	1	1
307.269	5612	4	1
307.306	5613	3	1
307.344	5614	2	1
307.381	5615	1	1
307.419	5616	4	1
307.456	5617	3	1
307.494	5618	2	1
307.531	5619	1	1
307.569	5620	4	1
307.644	5621	3	1
307.719	5622	2	1
307.794	5623	4	1
307.869	5624	1	1
307.906	5625	2	1
307.944	5626	3	1
307.981	5627	4	1
308.019	5628	1	1
308.094	5629	2	1
308.169	5630	4	1
308.206	5631	3	1
308.244	5632	2	1
308.281	5633	1	1
308.319	5634	4	1
308.394	5635	3	1
308.469	5636	1	1
308.506	5637	2	1
308.544	5638	4	1
308.581	5639	3	1
308.619	5640	1	1
308.656	5641	2	1
308.694	5642	4	1
308.731	5643	3	1
308.769	5644	1	1
308.806	5645	2	1
308.844	5646	4	1
308.881	5647	3	1
308.919	5648	1	1
308.956	5649	2	1
308.994	5650	4	1
309.031	5651	3	1
309.069	5652	2	1
309.069	5653	1	1
309.669	5654	2	1
309.669	5655	1	1
309.894	5656	3	1
309.894	5657	1	1
310.119	5658	3	1
310.119	5659	2	1
310.269	5660	4	1
310.269	5661	3	1
310.869	5662	4	1
310.869	5663	2	1
311.094	5664	3	1
311.094	5665	1	1
311.319	5666	3	1
311.319	5667	2	1
311.469	5668	4	1
311.469	5669	1	1
311.769	5670	4	1
311.769	5671	2	1
312.069	5672	3	1
312.069	5673	2	1
312.369	5674	3	1
312.369	5675	1	1
312.669	5676	4	2
313.269	5677	4	3
312.669	5678	1	1
313.269	5679	1	2
313.869	5680	1	3
313.869	5681	4	1
313.869	5682	3	1
313.869	5683	2	1
313.944	5684	1	1
314.019	5685	3	1
314.094	5686	4	1
314.169	5687	2	1
314.244	5688	3	1
314.319	5689	1	1
314.394	5690	2	1
314.469	5691	4	1
314.469	5692	3	1
314.544	5693	1	1
314.619	5694	2	1
314.694	5695	4	1
314.694	5696	3	1
314.769	5697	2	1
314.844	5698	1	1
314.919	5699	2	1
314.919	5700	3	1
314.994	5701	4	1
315.069	5702	3	1
315.069	5703	1	1
315.144	5704	2	1
315.219	5705	3	1
315.294	5706	4	1
315.369	5707	1	1
315.444	5708	3	1
315.519	5709	2	1
315.594	5710	4	1
315.669	5711	3	1
315.669	5712	1	1
315.744	5713	2	1
315.819	5714	3	1
315.894	5715	4	1
315.894	5716	1	1
315.969	5717	2	1
316.044	5718	3	1
316.119	5719	2	1
316.119	5720	1	1
316.194	5721	3	1
316.269	5722	1	1
316.269	5723	4	1
316.306	5724	2	1
316.344	5725	3	1
316.381	5726	4	1
316.419	5727	1	1
316.494	5728	2	1
316.569	5729	3	1
316.569	5730	4	1
316.644	5731	1	1
316.719	5732	2	1
316.794	5733	1	1
316.869	5734	4	1
316.906	5735	3	1
316.944	5736	2	1
316.981	5737	1	1
317.019	5738	4	1
317.094	5739	3	1
317.169	5740	1	1
317.169	5741	2	1
317.244	5742	4	1
317.319	5743	3	1
317.394	5744	4	1
317.469	5745	1	1
317.506	5746	2	1
317.544	5747	4	1
317.581	5748	3	1
317.619	5749	1	1
317.694	5750	4	1
317.769	5751	3	1
317.769	5752	2	1
317.769	5753	1	1
317.919	5754	4	1
317.919	5755	3	1
317.919	5756	2	1
318.069	5757	4	1
318.069	5758	3	1
318.144	5759	1	1
318.144	5760	2	1
318.219	5761	4	1
318.219	5762	3	1
318.294	5763	1	1
318.294	5764	2	1
318.369	5765	4	1
318.369	5766	3	1
318.444	5767	1	1
318.444	5768	2	1
318.519	5769	4	1
318.519	5770	3	1
318.594	5771	2	1
318.594	5772	1	1
318.669	5773	4	1
318.706	5774	3	1
318.744	5775	2	1
318.781	5776	1	1
318.819	5777	4	1
318.856	5778	3	1
318.894	5779	2	1
318.931	5780	1	1
319.044	5781	4	1
319.119	5782	3	1
319.194	5783	2	1
319.269	5784	1	1
319.344	5785	3	1
319.419	5786	4	1
319.494	5787	3	1
319.569	5788	1	1
319.606	5789	2	1
319.644	5790	3	1
319.681	5791	4	1
319.719	5792	1	1
319.756	5793	2	1
319.794	5794	3	1
319.831	5795	4	1
319.869	5796	2	1
319.869	5797	1	1
319.944	5798	4	1
319.944	5799	3	1
320.019	5800	3	1
320.019	5801	2	1
320.094	5802	1	1
320.169	5803	4	1
320.169	5804	3	1
320.244	5805	1	1
320.244	5806	2	1
320.319	5807	4	1
320.319	5808	1	1
320.394	5809	3	1
320.469	5810	2	1
320.469	5811	3	1
320.544	5812	4	1
320.544	5813	1	1
320.619	5814	3	1
320.619	5815	2	1
320.694	5816	1	1
320.769	5817	3	1
320.769	5818	4	1
320.844	5819	3	1
320.919	5820	2	1
320.919	5821	1	1
320.994	5822	3	1
321.069	5823	4	1
321.069	5824	2	1
321.069	5825	1	1
321.144	5826	2	1
321.219	5827	3	1
321.294	5828	4	1
321.369	5829	2	1
321.369	5830	3	1
321.369	5831	1	1
321.444	5832	2	1
321.519	5833	3	1
321.594	5834	4	1
321.669	5835	3	1
321.669	5836	2	1
321.669	5837	1	1
321.744	5838	4	1
321.819	5839	3	1
321.894	5840	2	1
321.969	5841	4	1
321.969	5842	3	1
321.969	5843	1	1
322.044	5844	3	1
322.119	5845	2	1
322.194	5846	4	1
322.231	5847	3	1
322.269	5848	4	1
322.269	5849	2	1
322.269	5850	1	1
322.344	5851	3	1
322.419	5852	1	1
322.494	5853	2	1
322.569	5854	4	1
322.569	5855	3	1
322.569	5856	1	1
322.644	5857	3	1
322.719	5858	2	1
322.794	5859	3	1
322.869	5860	4	1
322.869	5861	2	1
322.869	5862	1	1
322.944	5863	2	1
323.019	5864	3	1
323.094	5865	1	1
323.169	5866	4	1
323.169	5867	3	1
323.169	5868	2	1
323.244	5869	1	1
323.319	5870	3	1
323.394	5871	4	1
323.469	5872	2	1
323.469	5873	3	1
323.469	5874	1	1
323.544	5875	2	1
323.619	5876	4	1
323.694	5877	1	1
323.769	5878	4	1
323.769	5879	3	1
323.769	5880	2	1
323.844	5881	4	1
323.919	5882	1	1
323.994	5883	3	1
324.069	5884	4	1
324.069	5885	1	1
324.069	5886	2	1
324.144	5887	2	1
324.219	5888	3	1
324.294	5889	4	1
324.369	5890	3	1
324.369	5891	2	1
324.369	5892	1	1
324.444	5893	1	1
324.519	5894	3	1
324.594	5895	4	1
324.669	5896	3	1
324.669	5897	2	1
324.669	5898	1	1
324.744	5899	4	1
324.819	5900	2	1
324.819	5901	1	1
324.894	5902	4	1
324.894	5903	3	1
324.969	5904	2	1
324.969	5905	1	1
325.044	5906	4	1
325.119	5907	3	1
325.119	5908	2	1
325.194	5909	4	1
325.194	5910	1	1
325.269	5911	3	1
325.269	5912	2	1
325.344	5913	1	1
325.419	5914	4	1
325.419	5915	3	1
325.494	5916	1	1
325.494	5917	2	1
325.569	5918	4	1
325.569	5919	3	1
325.644	5920	2	1
325.719	5921	4	1
325.719	5922	1	1
325.794	5923	3	1
325.869	5924	1	1
325.906	5925	2	1
325.944	5926	3	1
325.981	5927	4	1
326.019	5928	2	1
326.019	5929	1	1
326.094	5930	3	1
326.169	5931	4	1
326.206	5932	3	1
326.244	5933	2	1
326.281	5934	1	1
326.319	5935	4	1
326.319	5936	3	1
326.394	5937	2	1
326.469	5938	4	1
326.506	5939	3	1
326.544	5940	2	1
326.581	5941	1	1
326.619	5942	4	1
326.656	5943	3	1
326.694	5944	2	1
326.731	5945	1	1
326.769	5946	4	1
326.806	5947	3	1
326.844	5948	2	1
326.881	5949	1	1
326.919	5950	4	1
326.956	5951	3	1
326.994	5952	2	1
327.031	5953	1	1
327.069	5954	4	1
327.069	5955	3	1
327.144	5956	1	1
327.219	5957	2	1
327.294	5958	3	1
327.369	5959	4	1
327.369	5960	2	1
327.369	5961	1	1
327.444	5962	3	1
327.519	5963	1	1
327.594	5964	4	1
327.669	5965	3	1
327.669	5966	2	1
327.744	5967	1	1
327.819	5968	4	1
327.894	5969	3	1
327.969	5970	4	1
327.969	5971	2	1
327.969	5972	1	1
328.044	5973	3	1
328.119	5974	4	1
328.194	5975	2	1
328.269	5976	3	1
328.269	5977	1	1
328.344	5978	2	1
328.419	5979	3	1
328.494	5980	4	1
328.569	5981	2	1
328.569	5982	3	1
328.569	5983	1	1
328.644	5984	4	1
328.719	5985	1	1
328.769	5986	2	1
328.819	5987	3	1
328.869	5988	4	1
328.869	5989	1	1
328.944	5990	2	1
329.019	5991	3	1
329.094	5992	2	1
329.169	5993	1	1
329.169	5994	4	1
329.169	5995	3	1
329.244	5996	2	1
329.319	5997	4	1
329.319	5998	1	1
329.394	5999	3	1
329.469	6000	2	1
329.469	6001	1	1
329.544	6002	3	1
329.619	6003	4	1
329.694	6004	2	1
329.769	6005	4	1
329.769	6006	3	1
329.769	6007	1	1
329.844	6008	2	1
329.919	6009	4	1
329.994	6010	3	1
330.069	6011	2	1
330.069	6012	1	1
330.144	6013	3	1
330.219	6014	4	1
330.294	6015	3	1
330.369	6016	4	1
330.369	6017	2	1
330.369	6018	1	1
330.444	6019	3	1
330.519	6020	2	1
330.519	6021	1	1
330.594	6022	3	1
330.669	6023	2	1
330.669	6024	1	1
330.669	6025	4	2
330.819	6026	4	3
330.819	6027	3	1
330.894	6028	2	1
330.969	6029	4	1
330.969	6030	1	1
330.969	6031	3	2
331.119	6032	3	3
331.119	6033	1	1
331.169	6034	2	1
331.219	6035	4	1
331.269	6036	1	1
331.269	6037	3	1
331.269	6038	2	2
331.419	6039	2	3
331.419	6040	3	2
331.569	6041	3	3
331.569	6042	1	2
331.869	6043	1	3
331.569	6044	2	1
331.569	6045	4	1
331.869	6046	4	1
331.869	6047	2	1
331.944	6048	3	1
332.019	6049	2	1
332.094	6050	1	1
332.169	6051	4	1
332.169	6052	3	1
332.169	6053	2	1
332.244	6054	1	1
332.319	6055	3	1
332.394	6056	4	1
332.469	6057	2	1
332.469	6058	1	1
332.544	6059	3	1
332.619	6060	4	1
332.694	6061	3	1
332.769	6062	4	1
332.769	6063	2	1
332.769	6064	1	1
332.844	6065	3	1
332.919	6066	1	1
332.994	6067	2	1
333.069	6068	4	1
333.069	6069	3	1
333.144	6070	1	1
333.219	6071	3	1
333.294	6072	2	1
333.369	6073	4	1
333.369	6074	3	1
333.369	6075	1	1
333.444	6076	2	1
333.519	6077	4	1
333.569	6078	3	1
333.619	6079	2	1
333.669	6080	4	1
333.669	6081	1	1
333.744	6082	3	1
333.819	6083	2	1
333.894	6084	3	1
333.969	6085	4	1
333.969	6086	1	1
333.969	6087	2	1
334.044	6088	3	1
334.119	6089	4	1
334.119	6090	1	1
334.194	6091	2	1
334.269	6092	4	1
334.269	6093	3	1
334.344	6094	1	1
334.419	6095	2	1
334.494	6096	3	1
334.569	6097	4	1
334.569	6098	2	1
334.569	6099	1	1
334.644	6100	3	1
334.719	6101	2	1
334.794	6102	1	1
334.869	6103	4	1
334.869	6104	3	1
334.944	6105	2	1
335.019	6106	3	1
335.094	6107	1	1
335.169	6108	4	1
335.169	6109	3	1
335.169	6110	2	1
335.244	6111	3	1
335.319	6112	2	1
335.469	6113	2	1
335.469	6114	1	1
335.469	6115	4	2
335.619	6116	4	3
335.619	6117	1	1
335.694	6118	1	1
335.769	6119	4	1
335.769	6120	3	2
335.919	6121	3	3
335.919	6122	1	1
335.956	6123	2	1
335.994	6124	3	1
336.031	6125	4	1
336.069	6126	1	1
336.069	6127	2	2
336.369	6128	2	3
336.219	6129	3	1
336.369	6130	3	1
336.369	6131	4	1
336.369	6132	1	2
336.669	6133	1	3
336.519	6134	2	1
336.669	6135	2	1
336.669	6136	3	1
336.669	6137	4	1
336.744	6138	1	1
336.819	6139	2	1
336.894	6140	3	1
336.969	6141	1	1
336.969	6142	2	1
336.969	6143	4	1
337.044	6144	3	1
337.119	6145	1	1
337.194	6146	4	1
337.269	6147	2	1
337.269	6148	3	1
337.344	6149	1	1
337.419	6150	4	1
337.494	6151	3	1
337.569	6152	1	1
337.569	6153	2	1
337.569	6154	4	1
337.644	6155	3	1
337.719	6156	4	1
337.794	6157	2	1
337.869	6158	1	1
337.869	6159	3	1
337.944	6160	2	1
338.019	6161	3	1
338.094	6162	4	1
338.169	6163	1	1
338.169	6164	3	1
338.169	6165	2	1
338.244	6166	4	1
338.319	6167	1	1
338.369	6168	2	1
338.419	6169	3	1
338.469	6170	1	1
338.469	6171	4	1
338.544	6172	2	1
338.619	6173	3	1
338.694	6174	2	1
338.769	6175	3	1
338.769	6176	4	1
338.769	6177	1	1
338.844	6178	2	1
338.919	6179	1	1
338.919	6180	4	1
338.994	6181	3	1
339.069	6182	1	1
339.069	6183	2	1
339.144	6184	3	1
339.219	6185	4	1
339.294	6186	2	1
339.369	6187	1	1
339.369	6188	3	1
339.369	6189	4	1
339.444	6190	2	1
339.519	6191	4	1
339.594	6192	3	1
339.669	6193	1	1
339.669	6194	2	1
339.744	6195	3	1
339.819	6196	4	1
339.894	6197	3	1
339.969	6198	1	1
339.969	6199	2	1
339.969	6200	4	1
340.044	6201	3	1
340.119	6202	1	1
340.119	6203	2	1
340.194	6204	3	1
340.269	6205	4	2
340.419	6206	4	3
340.269	6207	1	1
340.269	6208	2	1
340.419	6209	3	1
340.494	6210	2	1
340.569	6211	3	2
340.719	6212	3	3
340.569	6213	1	1
340.569	6214	4	1
340.719	6215	1	1
340.769	6216	2	1
340.819	6217	4	1
340.869	6218	2	2
341.019	6219	2	3
340.869	6220	3	1
340.869	6221	1	1
341.019	6222	3	2
341.169	6223	3	3
341.169	6224	4	1
341.169	6225	2	1
341.169	6226	1	2
341.469	6227	1	3
341.469	6228	2	1
341.469	6229	4	1
341.544	6230	3	1
341.619	6231	2	1
341.694	6232	1	1
341.769	6233	2	1
341.769	6234	3	1
341.769	6235	4	1
341.844	6236	1	1
341.919	6237	3	1
341.994	6238	4	1
342.069	6239	1	1
342.069	6240	2	1
342.144	6241	3	1
342.219	6242	4	1
342.294	6243	3	1
342.369	6244	1	1
342.369	6245	2	1
342.369	6246	4	1
342.444	6247	3	1
342.519	6248	1	1
342.594	6249	2	1
342.669	6250	3	1
342.669	6251	4	1
342.744	6252	1	1
342.819	6253	3	1
342.894	6254	2	1
342.969	6255	1	1
342.969	6256	3	1
342.969	6257	4	1
343.044	6258	2	1
343.119	6259	4	1
343.169	6260	3	1
343.219	6261	2	1
343.269	6262	1	1
343.269	6263	4	1
343.344	6264	3	1
343.419	6265	2	1
343.494	6266	3	1
343.569	6267	2	1
343.569	6268	1	1
343.569	6269	4	1
343.644	6270	3	1
343.719	6271	1	1
343.719	6272	4	1
343.794	6273	2	1
343.869	6274	3	1
343.869	6275	4	1
343.944	6276	1	1
344.019	6277	2	1
344.094	6278	3	1
344.169	6279	1	1
344.169	6280	2	1
344.169	6281	4	1
344.244	6282	3	1
344.319	6283	2	1
344.394	6284	1	1
344.469	6285	3	1
344.469	6286	4	1
344.544	6287	2	1
344.619	6288	3	1
344.694	6289	1	1
344.769	6290	2	1
344.769	6291	3	1
344.769	6292	4	1
344.919	6293	2	1
345.069	6294	4	1
345.069	6295	3	1
345.144	6296	4	1
345.144	6297	3	1
345.219	6298	4	1
345.219	6299	3	1
345.219	6300	2	1
345.369	6301	1	1
345.369	6302	3	1
345.369	6303	4	1
345.519	6304	2	1
345.519	6305	1	1
345.594	6306	3	1
345.594	6307	2	1
345.594	6308	1	1
345.744	6309	4	1
345.744	6310	2	1
345.744	6311	1	1
345.894	6312	2	1
345.894	6313	3	1
345.969	6314	1	1
345.969	6315	4	1
345.969	6316	3	1
346.119	6317	2	1
346.119	6318	1	1
346.269	6319	4	1
346.269	6320	2	1
346.269	6321	1	1
346.344	6322	3	1
346.419	6323	1	1
346.456	6324	2	1
346.494	6325	3	1
346.569	6326	1	1
346.569	6327	4	1
346.644	6328	2	1
346.719	6329	4	1
346.719	6330	3	1
346.756	6331	2	1
346.794	6332	1	1
346.869	6333	4	1
346.944	6334	2	1
346.944	6335	3	1
347.019	6336	4	1
347.019	6337	1	1
347.094	6338	2	1
347.169	6339	3	1
347.206	6340	2	1
347.244	6341	4	1
347.319	6342	1	1
347.356	6343	2	1
347.394	6344	3	1
347.469	6345	2	1
347.469	6346	4	1
347.544	6347	3	1
347.619	6348	2	1
347.694	6349	1	1
347.769	6350	3	1
347.769	6351	2	1
347.769	6352	4	1
347.844	6353	1	1
347.919	6354	4	1
347.969	6355	3	1
348.019	6356	2	1
348.069	6357	1	1
348.069	6358	4	1
348.144	6359	3	1
348.219	6360	2	1
348.294	6361	3	1
348.369	6362	4	1
348.369	6363	1	1
348.369	6364	2	1
348.444	6365	3	1
348.519	6366	1	1
348.519	6367	4	1
348.594	6368	2	1
348.669	6369	3	1
348.669	6370	4	1
348.744	6371	2	1
348.819	6372	1	1
348.894	6373	3	1
348.969	6374	1	1
348.969	6375	2	1
348.969	6376	4	1
349.044	6377	3	1
349.119	6378	1	1
349.194	6379	2	1
349.269	6380	3	1
349.269	6381	4	1
349.344	6382	2	1
349.419	6383	1	1
349.494	6384	2	1
349.569	6385	1	1
349.569	6386	3	1
349.569	6387	4	1
349.644	6388	2	1
349.719	6389	3	1
349.719	6390	4	1
349.794	6391	2	1
349.869	6392	3	1
349.869	6393	4	1
349.869	6394	1	2
350.019	6395	1	3
349.944	6396	2	1
350.019	6397	4	1
350.094	6398	3	1
350.169	6399	1	1
350.169	6400	4	1
350.169	6401	2	2
350.319	6402	2	3
350.244	6403	3	1
350.319	6404	1	1
350.369	6405	3	1
350.419	6406	1	1
350.469	6407	4	1
350.469	6408	2	1
350.469	6409	3	2
350.619	6410	3	3
350.619	6411	2	2
350.769	6412	2	3
350.769	6413	4	2
351.069	6414	4	3
350.769	6415	3	1
350.769	6416	1	1
350.844	6417	2	1
350.919	6418	1	1
350.994	6419	2	1
351.069	6420	1	1
351.069	6421	3	1
351.144	6422	2	1
351.219	6423	3	1
351.294	6424	4	1
351.369	6425	1	1
351.369	6426	2	1
351.369	6427	3	1
351.444	6428	4	1
351.519	6429	2	1
351.594	6430	1	1
351.669	6431	3	1
351.669	6432	4	1
351.744	6433	2	1
351.819	6434	1	1
351.894	6435	2	1
351.969	6436	1	1
351.969	6437	3	1
351.969	6438	4	1
352.044	6439	2	1
352.119	6440	4	1
352.194	6441	3	1
352.269	6442	1	1
352.269	6443	2	1
352.344	6444	4	1
352.419	6445	2	1
352.494	6446	3	1
352.569	6447	1	1
352.569	6448	2	1
352.569	6449	4	1
352.644	6450	3	1
352.719	6451	1	1
352.769	6452	2	1
352.819	6453	3	1
352.869	6454	1	1
352.869	6455	4	1
352.944	6456	2	1
353.019	6457	3	1
353.094	6458	2	1
353.169	6459	1	1
353.169	6460	4	1
353.169	6461	3	1
353.244	6462	2	1
353.319	6463	1	1
353.319	6464	4	1
353.394	6465	3	1
353.469	6466	1	1
353.469	6467	2	1
353.544	6468	4	1
353.619	6469	3	1
353.694	6470	2	1
353.769	6471	1	1
353.769	6472	3	1
353.769	6473	4	1
353.844	6474	2	1
353.919	6475	3	1
353.994	6476	4	1
354.069	6477	1	1
354.069	6478	2	1
354.144	6479	3	1
354.219	6480	2	1
354.294	6481	4	1
354.369	6482	1	1
354.369	6483	2	1
354.369	6484	3	1
354.444	6485	2	1
354.519	6486	3	1
354.594	6487	2	1
354.669	6488	3	1
354.669	6489	4	1
354.669	6490	1	2
354.819	6491	1	3
354.744	6492	2	1
354.819	6493	4	1
354.894	6494	4	1
354.969	6495	1	1
354.969	6496	2	2
355.119	6497	2	3
355.044	6498	4	1
355.119	6499	3	1
355.194	6500	4	1
355.269	6501	1	1
355.269	6502	2	1
355.269	6503	3	2
355.569	6504	3	3
355.419	6505	1	1
355.569	6506	1	1
355.569	6507	2	1
355.569	6508	4	2
355.869	6509	4	3
355.719	6510	3	1
355.869	6511	3	1
355.869	6512	2	1
355.869	6513	1	1
355.944	6514	4	1
356.019	6515	3	1
356.094	6516	2	1
356.169	6517	4	1
356.169	6518	3	1
356.169	6519	1	1
356.244	6520	2	1
356.319	6521	4	1
356.394	6522	1	1
356.469	6523	3	1
356.469	6524	2	1
356.544	6525	4	1
356.619	6526	1	1
356.694	6527	2	1
356.769	6528	4	1
356.769	6529	3	1
356.769	6530	1	1
356.844	6531	2	1
356.919	6532	1	1
356.994	6533	3	1
357.069	6534	4	1
357.069	6535	2	1
357.144	6536	3	1
357.219	6537	2	1
357.294	6538	1	1
357.369	6539	4	1
357.369	6540	2	1
357.369	6541	3	1
357.444	6542	1	1
357.519	6543	4	1
357.569	6544	3	1
357.619	6545	2	1
357.669	6546	4	1
357.669	6547	1	1
357.744	6548	3	1
357.819	6549	2	1
357.894	6550	3	1
357.969	6551	2	1
357.969	6552	1	1
357.969	6553	4	1
358.044	6554	3	1
358.119	6555	4	1
358.119	6556	1	1
358.194	6557	2	1
358.269	6558	4	1
358.269	6559	3	1
358.344	6560	2	1
358.419	6561	1	1
358.494	6562	3	1
358.569	6563	4	1
358.569	6564	2	1
358.569	6565	1	1
358.644	6566	3	1
358.719	6567	1	1
358.794	6568	2	1
358.869	6569	4	1
358.869	6570	3	1
358.944	6571	2	1
359.019	6572	1	1
359.094	6573	2	1
359.169	6574	4	1
359.169	6575	3	1
359.169	6576	1	1
359.244	6577	2	1
359.319	6578	4	1
359.319	6579	3	1
359.394	6580	2	1
359.469	6581	1	2
359.619	6582	1	3
359.469	6583	4	1
359.469	6584	3	1
359.544	6585	2	1
359.619	6586	4	1
359.694	6587	3	1
359.769	6588	2	2
359.919	6589	2	3
359.769	6590	1	1
359.844	6591	3	1
359.919	6592	4	1
359.969	6593	3	1
360.019	6594	1	1
360.069	6595	3	2
360.219	6596	3	3
360.069	6597	2	1
360.069	6598	4	1
360.219	6599	2	2
360.369	6600	2	3
360.369	6601	1	1
360.369	6602	3	1
360.369	6603	4	2
360.669	6604	4	3
360.519	6605	2	1
360.669	6606	3	1
360.669	6607	1	1
360.744	6608	2	1
360.819	6609	4	1
360.819	6610	3	1
360.894	6611	2	1
360.969	6612	4	1
360.969	6613	1	1
361.044	6614	3	1
361.119	6615	4	1
361.119	6616	2	1
361.194	6617	3	1
361.269	6618	2	1
361.269	6619	1	1
361.344	6620	3	1
361.419	6621	4	1
361.419	6622	1	1
361.494	6623	2	1
361.569	6624	3	1
361.569	6625	1	1
361.644	6626	2	1
361.719	6627	4	1
361.719	6628	1	1
361.794	6629	3	1
361.869	6630	4	1
361.869	6631	2	1
361.944	6632	3	1
362.019	6633	2	1
362.019	6634	1	1
362.094	6635	4	1
362.169	6636	3	1
362.169	6637	1	1
362.244	6638	2	1
362.319	6639	4	1
362.319	6640	1	1
362.394	6641	2	1
362.469	6642	3	1
362.469	6643	1	1
362.544	6644	2	1
362.619	6645	4	1
362.619	6646	3	1
362.694	6647	2	1
362.769	6648	4	1
362.769	6649	3	1
362.844	6650	1	1
362.919	6651	4	1
362.919	6652	2	1
362.994	6653	3	1
363.069	6654	1	1
363.069	6655	4	1
363.069	6656	2	1
363.144	6657	3	1
363.219	6658	2	1
363.294	6659	1	1
363.369	6660	4	1
363.369	6661	3	1
363.444	6662	2	1
363.519	6663	3	1
363.594	6664	4	1
363.669	6665	2	1
363.669	6666	1	1
363.744	6667	4	1
363.744	6668	3	1
363.819	6669	1	1
363.819	6670	2	1
363.894	6671	4	1
363.894	6672	3	1
363.969	6673	1	1
363.969	6674	2	1
364.044	6675	4	1
364.044	6676	3	1
364.119	6677	1	1
364.119	6678	2	1
364.194	6679	4	1
364.194	6680	3	1
364.269	6681	2	1
364.269	6682	1	1
364.344	6683	2	1
364.344	6684	1	1
364.419	6685	4	1
364.419	6686	2	1
364.419	6687	1	1
364.569	6688	3	1
364.569	6689	2	1
364.569	6690	1	1
364.719	6691	4	1
364.719	6692	3	1
364.794	6693	4	1
364.794	6694	3	1
364.794	6695	2	1
364.944	6696	3	1
364.944	6697	4	1
364.944	6698	1	1
365.019	6699	2	1
365.094	6700	3	1
365.169	6701	3	1
365.169	6702	2	1
365.169	6703	1	1
365.319	6704	3	1
365.319	6705	4	1
365.319	6706	1	1
365.469	6707	4	1
365.469	6708	3	1
365.469	6709	2	1
365.469	6710	1	1
365.619	6711	2	1
365.694	6712	3	1
365.919	6713	4	1
366.069	6714	3	1
366.219	6715	2	1
366.369	6716	1	1
366.519	6717	3	1
366.669	6718	1	1
366.819	6719	2	1
366.894	6720	3	1
367.119	6721	4	1
367.169	6722	3	1
367.219	6723	2	1
367.269	6724	1	1
367.419	6725	4	1
367.569	6726	3	1
367.719	6727	2	1
367.869	6728	1	1
368.019	6729	2	1
368.094	6730	3	1
368.319	6731	4	1
368.469	6732	3	1
368.619	6733	1	1
368.769	6734	2	1
368.844	6735	2	1
368.919	6736	4	1
369.069	6737	3	1
369.219	6738	2	1
369.294	6739	3	1
369.369	6740	4	1
369.519	6741	4	1
369.569	6742	3	1
369.619	6743	2	1
369.669	6744	1	1
369.819	6745	3	1
369.969	6746	1	2
370.269	6747	1	3
370.269	6748	4	2
370.719	6749	4	3
370.269	6750	3	2
370.719	6751	3	3
370.719	6752	1	2
370.869	6753	1	3
370.719	6754	2	2
370.869	6755	2	3
370.869	6756	4	2
371.319	6757	4	3
371.019	6758	3	2
371.319	6759	3	3
371.169	6760	1	2
371.319	6761	1	3
371.319	6762	2	1
371.469	6763	2	1
371.469	6764	1	1
371.619	6765	1	1
371.694	6766	4	1
371.694	6767	3	1
371.844	6768	4	1
371.919	6769	2	2
371.994	6770	2	3
371.919	6771	1	2
371.994	6772	1	3
372.069	6773	4	2
372.144	6774	4	3
372.069	6775	3	2
372.144	6776	3	3
372.219	6777	3	2
372.294	6778	3	3
372.219	6779	2	2
372.294	6780	2	3
372.369	6781	4	2
372.444	6782	4	3
372.369	6783	1	2
372.444	6784	1	3
372.519	6785	3	2
372.594	6786	3	3
372.519	6787	2	2
372.594	6788	2	3
372.669	6789	4	1
372.669	6790	2	1
372.669	6791	1	1
372.744	6792	3	1
372.819	6793	2	1
372.894	6794	1	1
372.969	6795	4	1
372.969	6796	3	1
373.044	6797	2	1
373.119	6798	3	1
373.194	6799	4	1
373.269	6800	3	1
373.269	6801	1	1
373.344	6802	2	1
373.419	6803	4	1
373.419	6804	1	1
373.494	6805	3	1
373.569	6806	4	1
373.569	6807	2	1
373.644	6808	3	1
373.719	6809	2	1
373.719	6810	1	1
373.794	6811	3	1
373.869	6812	4	1
373.869	6813	1	1
373.906	6814	2	1
373.944	6815	3	1
373.981	6816	4	1
374.019	6817	1	1
374.094	6818	2	1
374.169	6819	4	1
374.206	6820	3	1
374.244	6821	2	1
374.281	6822	1	1
374.319	6823	4	1
374.394	6824	3	1
374.469	6825	1	1
374.506	6826	2	1
374.544	6827	4	1
374.581	6828	3	1
374.619	6829	1	1
374.656	6830	2	1
374.694	6831	4	1
374.731	6832	3	1
374.769	6833	1	1
374.806	6834	2	1
374.844	6835	4	1
374.881	6836	3	1
374.919	6837	1	1
374.956	6838	2	1
374.994	6839	4	1
375.031	6840	3	1
375.069	6841	2	2
377.469	6842	2	3
375.069	6843	1	1