Song Name	CICADA3302 [EXTENDED CUT] (Hard) by Camellia
Difficulty	34
Primary Color	Rush
Secondary Color	Beat
Last Note Time	417.506
Total Notes	6158
Fever Fill	1814
Fever Time	62.625900
Long Notes	712
BPM	155
Song Length	417.764331066

Timing Points
2.732	387.0968


Song Data
2.732	1	2	1
2.732	2	4	2
3.119	3	2	1
3.506	4	1	2
3.506	5	4	3
3.893	6	4	2
3.893	7	1	3
4.183	8	2	1
4.183	9	4	3
4.231	10	3	1
4.280	11	1	1
4.328	12	2	1
4.377	13	3	1
4.425	14	4	1
4.473	15	1	1
4.522	16	2	1
4.570	17	3	1
4.619	18	4	1
4.667	19	1	1
4.715	20	2	1
4.764	21	3	1
4.812	22	4	1
4.861	23	1	1
4.909	24	2	1
4.957	25	3	1
5.006	26	4	1
5.054	27	1	1
5.151	28	2	1
5.344	29	3	1
5.344	30	4	1
5.538	31	1	1
5.538	32	2	1
5.731	33	1	1
5.780	34	2	1
5.828	35	4	2
6.215	36	2	2
6.215	37	4	3
6.409	38	1	1
6.409	39	2	3
6.506	40	3	1
6.554	41	2	1
6.602	42	1	2
6.990	43	3	2
6.990	44	1	3
7.183	45	4	1
7.183	46	3	3
7.280	47	2	1
7.328	48	4	1
7.377	49	1	1
7.425	50	2	1
7.473	51	3	1
7.522	52	4	1
7.570	53	1	1
7.619	54	2	1
7.667	55	3	1
7.715	56	4	1
7.764	57	1	1
7.812	58	2	1
7.861	59	3	1
7.909	60	4	1
7.957	61	1	1
8.006	62	2	1
8.054	63	3	1
8.102	64	4	1
8.151	65	1	1
8.248	66	2	1
8.344	67	3	1
8.441	68	1	1
8.538	69	3	1
8.635	70	4	1
8.731	71	1	1
8.780	72	3	1
8.828	73	1	1
8.877	74	3	1
8.925	75	2	1
8.973	76	1	1
9.022	77	4	2
9.312	78	2	1
9.699	79	1	2
9.699	80	4	3
10.086	81	2	2
10.086	82	1	3
10.377	83	4	1
10.377	84	2	3
10.425	85	3	1
10.473	86	2	1
10.522	87	1	1
10.570	88	4	1
10.619	89	3	1
10.667	90	2	1
10.715	91	1	1
10.764	92	4	1
10.812	93	3	1
10.861	94	2	1
10.909	95	1	1
10.957	96	4	1
11.006	97	3	1
11.054	98	2	1
11.102	99	1	1
11.151	100	4	1
11.199	101	3	1
11.248	102	2	1
11.344	103	1	1
11.538	104	1	1
11.538	105	3	1
11.731	106	2	1
11.731	107	3	1
11.925	108	1	1
11.973	109	2	1
12.022	110	4	2
12.312	111	3	1
12.409	112	1	2
12.409	113	4	3
12.602	114	3	1
12.699	115	2	1
12.699	116	1	3
12.748	117	3	1
12.796	118	4	2
13.086	119	2	1
13.183	120	1	2
13.183	121	4	3
13.377	122	2	1
13.377	123	1	3
13.473	124	3	1
13.522	125	2	1
13.570	126	4	1
13.619	127	1	1
13.667	128	3	1
13.715	129	2	1
13.764	130	4	1
13.812	131	1	1
13.861	132	3	1
13.909	133	2	1
13.957	134	4	1
14.006	135	1	1
14.054	136	3	1
14.102	137	2	1
14.151	138	4	1
14.199	139	1	1
14.248	140	3	1
14.344	141	2	1
14.441	142	1	1
14.538	143	3	1
14.635	144	4	1
14.731	145	2	1
14.828	146	4	1
14.925	147	3	1
15.022	148	1	1
15.119	149	4	2
15.506	150	2	1
15.893	151	1	2
15.893	152	4	3
16.280	153	4	2
16.280	154	1	3
16.570	155	2	1
16.570	156	4	3
16.619	157	3	1
16.667	158	1	1
16.715	159	2	1
16.764	160	3	1
16.812	161	4	1
16.861	162	1	1
16.909	163	2	1
16.957	164	3	1
17.006	165	4	1
17.054	166	1	1
17.102	167	2	1
17.151	168	3	1
17.199	169	4	1
17.248	170	1	1
17.296	171	2	1
17.344	172	3	1
17.393	173	4	1
17.441	174	1	1
17.490	175	2	1
17.538	176	3	1
17.586	177	4	1
17.635	178	1	1
17.683	179	2	1
17.731	180	3	1
17.780	181	4	1
17.828	182	1	1
17.877	183	2	1
17.925	184	3	1
17.973	185	1	2
17.973	186	4	1
18.215	187	2	1
18.215	188	3	1
18.215	189	4	1
18.215	190	1	3
18.409	191	1	2
18.409	192	2	2
18.409	193	3	2
18.602	194	1	3
18.602	195	2	3
18.602	196	3	3
18.699	197	1	2
18.699	198	3	2
18.699	199	4	2
18.893	200	1	3
18.893	201	3	3
18.893	202	4	3
18.990	203	1	2
18.990	204	2	2
18.990	205	4	2
19.183	206	1	3
19.183	207	2	3
19.183	208	4	3
19.280	209	1	2
19.280	210	3	2
19.280	211	4	2
19.473	212	1	3
19.473	213	3	3
19.473	214	4	3
19.570	215	1	2
19.570	216	2	2
19.570	217	3	2
19.764	218	1	3
19.764	219	2	3
19.764	220	3	3
19.861	221	2	2
19.861	222	3	2
19.861	223	4	2
20.054	224	2	3
20.054	225	3	3
20.054	226	4	3
20.151	227	1	2
20.151	228	2	2
20.151	229	3	2
20.151	230	4	2
20.925	231	1	3
20.925	232	2	3
20.925	233	3	3
20.925	234	4	3
21.312	235	1	1
21.312	236	3	1
21.312	237	4	1
21.506	238	3	1
21.602	239	3	1
21.699	240	3	1
21.796	241	2	1
21.990	242	1	1
22.086	243	4	1
22.280	244	2	1
22.473	245	4	1
22.570	246	3	1
22.667	247	2	1
22.764	248	3	1
22.957	249	1	1
23.151	250	1	1
23.248	251	3	1
23.441	252	1	1
23.635	253	4	1
23.659	254	3	1
23.683	255	2	1
24.022	256	1	1
24.046	257	2	1
24.070	258	3	1
24.409	259	1	1
24.409	260	2	1
24.602	261	2	1
24.699	262	2	1
24.796	263	2	1
24.893	264	4	1
25.086	265	1	1
25.183	266	3	1
25.377	267	2	1
25.570	268	4	1
25.667	269	3	1
25.764	270	1	1
25.861	271	3	1
26.054	272	2	1
26.248	273	2	1
26.344	274	3	1
26.538	275	1	1
26.731	276	4	1
26.756	277	3	1
26.780	278	2	1
26.925	279	1	1
26.949	280	2	1
26.973	281	3	1
27.119	282	4	1
27.143	283	3	1
27.167	284	2	1
27.312	285	1	1
27.312	286	4	1
27.506	287	2	1
27.506	288	4	1
27.602	289	3	1
27.699	290	2	1
27.796	291	1	1
27.796	292	3	1
27.796	293	4	1
27.893	294	2	1
27.990	295	4	1
28.086	296	1	1
28.086	297	2	1
28.086	298	3	1
28.183	299	4	1
28.280	300	1	1
28.377	301	2	1
28.377	302	3	1
28.377	303	4	1
28.473	304	1	1
28.570	305	3	1
28.667	306	1	1
28.667	307	2	1
28.667	308	4	1
28.861	309	2	1
28.861	310	3	1
28.861	311	4	1
29.054	312	1	1
29.054	313	3	1
29.054	314	4	1
29.151	315	2	1
29.248	316	3	1
29.344	317	1	1
29.344	318	2	1
29.344	319	4	1
29.441	320	3	1
29.538	321	1	1
29.635	322	2	1
29.635	323	3	1
29.635	324	4	1
29.731	325	1	1
29.828	326	4	1
29.925	327	1	1
29.925	328	2	1
29.925	329	3	1
30.022	330	4	1
30.119	331	2	1
30.215	332	1	1
30.215	333	3	1
30.215	334	4	1
30.409	335	1	1
30.409	336	2	1
30.409	337	3	1
30.602	338	3	1
30.602	339	4	1
30.699	340	1	1
30.699	341	2	1
30.796	342	3	1
30.796	343	4	1
30.893	344	1	1
30.893	345	2	1
30.990	346	3	1
30.990	347	4	1
31.086	348	1	1
31.086	349	2	1
31.183	350	3	1
31.183	351	4	1
31.280	352	1	1
31.280	353	2	1
31.377	354	4	1
31.425	355	3	1
31.473	356	2	1
31.522	357	1	1
31.570	358	4	1
31.619	359	3	1
31.667	360	2	1
31.715	361	1	1
31.764	362	4	1
31.812	363	3	1
31.861	364	2	1
31.909	365	1	1
31.957	366	4	1
32.006	367	3	1
32.054	368	2	1
32.102	369	1	1
32.151	370	3	1
32.151	371	4	1
32.344	372	2	1
32.441	373	3	1
32.538	374	1	1
32.586	375	4	1
32.635	376	1	1
32.683	377	4	1
32.731	378	1	1
32.780	379	3	1
32.828	380	2	1
32.877	381	4	1
33.022	382	3	1
33.070	383	2	1
33.119	384	1	1
33.312	385	3	1
33.312	386	4	1
33.506	387	1	1
33.699	388	1	1
33.699	389	2	1
33.699	390	3	1
33.699	391	4	1
34.086	392	1	1
34.086	393	3	1
34.135	394	2	1
34.183	395	4	1
34.231	396	3	1
34.328	397	2	1
34.425	398	4	1
34.522	399	1	1
34.619	400	3	1
34.715	401	3	1
34.861	402	2	1
34.957	403	4	1
35.054	404	1	1
35.151	405	3	1
35.296	406	2	1
35.393	407	2	1
35.490	408	4	1
35.586	409	1	1
35.731	410	4	1
35.828	411	4	1
35.925	412	2	1
36.022	413	3	1
36.167	414	1	1
36.264	415	3	1
36.361	416	1	1
36.457	417	1	1
36.602	418	4	1
36.699	419	2	1
36.796	420	3	1
36.893	421	4	1
37.038	422	1	1
37.135	423	3	1
37.231	424	2	1
37.328	425	1	1
37.473	426	3	1
37.570	427	2	1
37.667	428	3	1
37.764	429	3	1
37.909	430	2	1
38.006	431	3	1
38.102	432	2	1
38.199	433	2	1
38.344	434	4	1
38.441	435	1	1
38.538	436	3	1
38.635	437	3	1
38.731	438	2	1
38.828	439	1	1
38.925	440	4	1
39.022	441	2	1
39.119	442	3	1
39.215	443	3	1
39.312	444	2	1
39.409	445	1	1
39.506	446	1	1
39.506	447	2	1
39.506	448	3	1
39.506	449	4	1
39.893	450	1	1
39.893	451	2	1
39.893	452	3	2
39.893	453	4	2
40.280	454	1	1
40.280	455	3	3
40.280	456	4	3
40.328	457	2	1
40.377	458	3	1
40.425	459	4	1
40.522	460	1	1
40.522	461	2	1
40.619	462	3	1
40.619	463	4	1
40.667	464	1	1
40.667	465	2	1
40.812	466	3	1
40.812	467	4	1
40.909	468	3	1
40.909	469	4	1
41.054	470	1	1
41.054	471	4	1
41.151	472	2	1
41.151	473	3	1
41.248	474	1	1
41.248	475	2	1
41.248	476	4	1
41.344	477	1	1
41.344	478	3	1
41.490	479	3	1
41.490	480	4	1
41.586	481	1	1
41.586	482	2	1
41.683	483	1	1
41.683	484	2	1
41.780	485	1	1
41.780	486	2	1
41.828	487	3	1
41.828	488	4	1
41.925	489	1	1
41.925	490	3	1
42.022	491	2	1
42.022	492	4	1
42.119	493	2	1
42.119	494	3	1
42.215	495	1	1
42.215	496	3	1
42.215	497	4	1
42.361	498	3	1
42.361	499	4	1
42.457	500	1	1
42.457	501	2	1
42.554	502	2	1
42.554	503	4	1
42.699	504	1	2
42.699	505	2	2
42.699	506	4	2
42.893	507	1	3
42.893	508	2	3
42.893	509	4	3
42.990	510	1	2
42.990	511	2	2
42.990	512	3	2
42.990	513	4	2
43.377	514	1	3
43.377	515	2	3
43.377	516	3	3
43.377	517	4	3
43.522	518	1	1
43.522	519	2	1
43.667	520	3	1
43.667	521	4	1
43.764	522	1	1
43.764	523	3	1
43.764	524	4	1
43.861	525	1	1
43.861	526	2	1
43.957	527	3	1
43.957	528	4	1
44.102	529	1	1
44.102	530	2	1
44.199	531	1	1
44.199	532	2	1
44.296	533	1	1
44.296	534	2	1
44.344	535	3	1
44.344	536	4	1
44.393	537	1	1
44.393	538	2	1
44.538	539	3	1
44.538	540	4	1
44.635	541	2	1
44.635	542	4	1
44.731	543	1	1
44.731	544	3	1
44.828	545	2	1
44.828	546	3	1
44.925	547	1	1
44.925	548	2	1
44.925	549	4	1
45.022	550	1	1
45.022	551	3	1
45.119	552	2	1
45.119	553	4	1
45.215	554	2	1
45.215	555	3	1
45.312	556	1	1
45.312	557	3	1
45.312	558	4	1
45.409	559	1	1
45.409	560	2	1
45.506	561	3	1
45.506	562	4	1
45.602	563	3	1
45.602	564	4	1
45.699	565	1	1
45.748	566	2	1
45.796	567	3	1
45.893	568	4	1
46.086	569	1	2
46.086	570	2	2
46.086	571	3	2
46.086	572	4	2
46.377	573	1	3
46.377	574	2	3
46.377	575	3	3
46.377	576	4	3
46.473	577	1	1
46.522	578	2	1
46.570	579	3	1
46.619	580	4	1
46.715	581	2	1
46.812	582	3	1
46.861	583	1	1
46.861	584	2	1
46.861	585	4	1
46.909	586	3	1
47.006	587	2	1
47.102	588	1	1
47.248	589	4	1
47.344	590	2	1
47.441	591	1	1
47.441	592	2	1
47.441	593	3	1
47.441	594	4	1
47.538	595	3	1
47.683	596	2	1
47.780	597	1	1
47.877	598	3	1
47.973	599	2	1
48.022	600	1	1
48.022	601	3	1
48.022	602	4	1
48.119	603	2	1
48.215	604	4	1
48.312	605	1	1
48.409	606	1	1
48.409	607	2	1
48.409	608	3	1
48.409	609	4	1
48.554	610	4	1
48.651	611	2	1
48.748	612	1	1
48.844	613	3	1
48.990	614	1	1
49.086	615	4	1
49.183	616	1	2
49.183	617	2	2
49.183	618	3	2
49.280	619	1	3
49.280	620	2	3
49.280	621	3	3
49.377	622	1	2
49.377	623	2	2
49.377	624	4	2
49.570	625	1	3
49.570	626	2	3
49.570	627	4	3
49.667	628	2	2
49.667	629	3	2
49.667	630	4	2
49.861	631	2	3
49.861	632	3	3
49.861	633	4	3
49.957	634	1	2
49.957	635	2	2
49.957	636	3	2
50.151	637	1	3
50.151	638	2	3
50.151	639	3	3
50.248	640	1	2
50.248	641	3	2
50.248	642	4	2
50.441	643	1	3
50.441	644	3	3
50.441	645	4	3
50.538	646	1	2
50.538	647	2	2
50.538	648	4	2
50.731	649	1	3
50.731	650	2	3
50.731	651	4	3
50.828	652	2	2
50.828	653	3	2
50.828	654	4	2
51.022	655	2	3
51.022	656	3	3
51.022	657	4	3
51.119	658	1	2
51.119	659	2	2
51.119	660	3	2
51.893	661	1	3
51.893	662	2	3
51.893	663	3	3
52.086	664	2	1
52.183	665	3	1
52.280	666	1	1
52.280	667	2	1
52.280	668	3	2
52.280	669	4	2
52.667	670	1	1
52.667	671	3	3
52.667	672	4	3
52.715	673	2	1
52.764	674	3	1
52.812	675	4	1
52.909	676	1	1
52.909	677	2	1
53.006	678	1	1
53.006	679	2	1
53.054	680	3	1
53.054	681	4	1
53.102	682	1	1
53.102	683	2	1
53.199	684	3	1
53.199	685	4	1
53.296	686	2	1
53.296	687	4	1
53.441	688	1	1
53.441	689	3	1
53.538	690	2	1
53.538	691	3	1
53.635	692	1	1
53.635	693	2	1
53.635	694	4	1
53.731	695	3	1
53.731	696	4	1
53.877	697	3	1
53.877	698	4	1
53.973	699	1	1
53.973	700	2	1
54.070	701	1	1
54.070	702	2	1
54.167	703	1	1
54.167	704	2	1
54.215	705	3	1
54.215	706	4	1
54.312	707	2	1
54.312	708	4	1
54.409	709	2	1
54.409	710	3	1
54.506	711	1	1
54.506	712	4	1
54.602	713	1	1
54.602	714	2	1
54.602	715	3	1
54.748	716	3	1
54.748	717	4	1
54.844	718	1	1
54.844	719	2	1
54.941	720	1	1
54.941	721	2	1
55.086	722	1	2
55.086	723	3	2
55.086	724	4	2
55.280	725	1	3
55.280	726	3	3
55.280	727	4	3
55.377	728	1	2
55.377	729	2	2
55.377	730	3	2
55.377	731	4	2
55.764	732	1	3
55.764	733	2	3
55.764	734	3	3
55.764	735	4	3
55.909	736	1	1
55.909	737	2	1
56.054	738	3	1
56.054	739	4	1
56.151	740	1	1
56.151	741	3	1
56.151	742	4	1
56.248	743	1	1
56.248	744	2	1
56.344	745	1	1
56.344	746	3	1
56.490	747	3	1
56.490	748	4	1
56.586	749	3	1
56.586	750	4	1
56.683	751	1	1
56.683	752	2	1
56.731	753	3	1
56.731	754	4	1
56.780	755	1	1
56.780	756	2	1
56.925	757	3	1
56.925	758	4	1
57.022	759	1	1
57.022	760	2	1
57.119	761	2	1
57.119	762	4	1
57.215	763	1	1
57.215	764	3	1
57.312	765	1	1
57.312	766	2	1
57.312	767	3	1
57.409	768	2	1
57.409	769	4	1
57.506	770	3	1
57.506	771	4	1
57.602	772	1	1
57.602	773	2	1
57.699	774	1	1
57.699	775	2	1
57.699	776	4	1
57.796	777	1	1
57.796	778	3	1
57.893	779	2	1
57.893	780	3	1
57.990	781	1	1
57.990	782	4	1
58.086	783	4	1
58.135	784	3	1
58.183	785	2	1
58.280	786	1	1
58.473	787	1	1
58.538	788	2	1
58.602	789	3	1
58.667	790	4	1
58.731	791	1	1
58.731	792	2	1
58.796	793	3	1
58.796	794	4	1
58.957	795	1	1
58.957	796	2	1
59.006	797	3	1
59.006	798	4	1
59.054	799	1	1
59.054	800	2	1
59.248	801	1	2
59.248	802	2	2
59.248	803	3	2
59.248	804	4	2
59.731	805	1	3
59.731	806	2	3
59.731	807	3	3
59.731	808	4	3
59.828	809	1	1
59.828	810	2	1
59.828	811	3	1
59.828	812	4	1
60.086	813	4	1
60.215	814	2	1
60.344	815	3	1
60.409	816	1	1
60.409	817	2	1
60.409	818	4	1
60.473	819	3	1
60.667	820	1	1
60.796	821	1	1
60.796	822	2	1
60.796	823	3	1
60.796	824	4	1
60.925	825	3	1
61.054	826	2	1
61.183	827	3	1
61.183	828	4	1
61.248	829	1	1
61.377	830	1	1
61.377	831	2	1
61.570	832	1	2
61.570	833	2	2
61.570	834	3	2
61.570	835	4	2
62.248	836	1	3
62.248	837	2	3
62.248	838	3	3
62.248	839	4	3
62.344	840	1	2
62.344	841	2	2
62.344	842	3	2
62.344	843	4	2
63.022	844	1	3
63.022	845	2	3
63.022	846	3	3
63.022	847	4	3
63.119	848	1	2
63.119	849	2	2
63.119	850	3	2
63.119	851	4	2
63.796	852	1	3
63.796	853	2	3
63.796	854	3	3
63.796	855	4	3
63.893	856	1	1
63.893	857	2	1
63.893	858	3	1
63.893	859	4	1
63.990	860	3	1
64.086	861	2	1
64.135	862	1	1
64.183	863	4	1
64.280	864	3	1
64.328	865	2	1
64.377	866	1	1
64.473	867	3	1
64.473	868	4	1
64.570	869	1	1
64.570	870	2	1
64.667	871	1	2
64.667	872	3	2
64.667	873	4	2
64.861	874	2	2
65.151	875	1	3
65.151	876	2	3
65.151	877	3	3
65.151	878	4	3
65.248	879	1	2
65.248	880	2	2
65.248	881	4	2
65.441	882	3	2
65.731	883	1	3
65.731	884	2	3
65.731	885	3	3
65.731	886	4	3
65.828	887	1	2
65.828	888	3	2
65.828	889	4	2
66.022	890	2	2
66.215	891	1	3
66.215	892	2	3
66.215	893	3	3
66.215	894	4	3
66.409	895	3	1
66.409	896	4	1
66.506	897	3	1
66.506	898	4	1
66.602	899	1	1
66.602	900	2	1
66.796	901	1	2
66.796	902	2	1
66.796	903	3	2
66.990	904	2	2
66.990	905	4	2
66.990	906	1	3
66.990	907	3	3
67.183	908	3	1
67.183	909	2	3
67.183	910	4	3
67.280	911	3	1
67.377	912	1	1
67.425	913	2	1
67.473	914	3	1
67.522	915	4	1
67.570	916	1	1
67.570	917	2	1
67.764	918	1	2
67.764	919	3	2
67.764	920	4	2
67.957	921	2	2
68.248	922	1	3
68.248	923	2	3
68.248	924	3	3
68.248	925	4	3
68.344	926	1	2
68.344	927	2	2
68.344	928	4	2
68.538	929	3	2
68.828	930	1	3
68.828	931	2	3
68.828	932	3	3
68.828	933	4	3
68.925	934	1	2
68.925	935	3	2
68.925	936	4	2
69.119	937	2	2
69.312	938	1	3
69.312	939	2	3
69.312	940	3	3
69.312	941	4	3
69.506	942	2	1
69.506	943	4	1
69.602	944	2	1
69.602	945	4	1
69.699	946	1	1
69.699	947	2	1
69.699	948	3	1
69.893	949	1	1
69.893	950	2	1
69.893	951	3	1
69.990	952	1	1
69.990	953	2	1
69.990	954	3	1
70.086	955	1	1
70.086	956	4	1
70.183	957	2	1
70.183	958	3	1
70.280	959	2	2
70.280	960	4	2
70.473	961	2	3
70.473	962	4	3
70.570	963	1	2
70.570	964	2	2
70.570	965	3	2
70.570	966	4	2
70.764	967	1	3
70.764	968	2	3
70.764	969	3	3
70.764	970	4	3
70.861	971	1	2
70.861	972	3	2
70.861	973	4	2
71.054	974	2	2
71.344	975	1	3
71.344	976	2	3
71.344	977	3	3
71.344	978	4	3
71.441	979	1	2
71.441	980	2	2
71.441	981	4	2
71.635	982	3	2
71.925	983	1	3
71.925	984	2	3
71.925	985	3	3
71.925	986	4	3
72.022	987	1	2
72.022	988	3	2
72.022	989	4	2
72.215	990	2	2
72.409	991	1	3
72.409	992	2	3
72.409	993	3	3
72.409	994	4	3
72.602	995	3	1
72.602	996	4	1
72.699	997	3	1
72.699	998	4	1
72.796	999	1	1
72.796	1000	2	1
72.990	1001	1	2
72.990	1002	2	1
72.990	1003	3	2
73.183	1004	2	2
73.183	1005	4	2
73.183	1006	1	3
73.183	1007	3	3
73.377	1008	3	1
73.377	1009	2	3
73.377	1010	4	3
73.425	1011	1	1
73.473	1012	3	1
73.522	1013	1	1
73.619	1014	3	1
73.715	1015	2	1
73.764	1016	4	1
73.812	1017	2	1
73.861	1018	4	1
73.909	1019	2	1
73.957	1020	3	2
73.957	1021	4	2
74.054	1022	2	2
74.151	1023	1	2
74.441	1024	1	3
74.441	1025	2	3
74.441	1026	3	3
74.441	1027	4	3
74.538	1028	1	2
74.538	1029	2	2
74.635	1030	3	2
74.731	1031	4	2
75.022	1032	1	3
75.022	1033	2	3
75.022	1034	3	3
75.022	1035	4	3
75.119	1036	3	2
75.119	1037	4	2
75.215	1038	2	2
75.312	1039	1	2
75.506	1040	1	3
75.506	1041	2	3
75.506	1042	3	3
75.506	1043	4	3
75.602	1044	1	1
75.651	1045	2	1
75.699	1046	3	1
75.796	1047	2	1
75.844	1048	4	1
75.893	1049	3	1
75.990	1050	2	1
76.038	1051	1	1
76.086	1052	3	1
76.183	1053	4	1
76.280	1054	2	1
76.328	1055	1	1
76.377	1056	3	1
76.425	1057	4	1
76.473	1058	2	1
76.522	1059	1	1
76.570	1060	3	1
76.667	1061	4	1
76.715	1062	3	1
76.764	1063	2	1
76.812	1064	1	1
76.861	1065	3	1
76.861	1066	4	1
76.957	1067	1	1
76.957	1068	2	1
77.054	1069	1	2
77.054	1070	2	2
77.054	1071	3	2
77.054	1072	4	2
77.248	1073	1	3
77.248	1074	2	3
77.248	1075	3	3
77.248	1076	4	3
77.828	1077	3	1
78.602	1078	3	1
79.377	1079	3	1
80.151	1080	1	1
80.925	1081	1	1
81.699	1082	1	1
82.473	1083	1	1
82.957	1084	1	2
82.957	1085	2	2
82.957	1086	3	2
82.957	1087	4	2
83.151	1088	1	3
83.151	1089	2	3
83.151	1090	3	3
83.151	1091	4	3
83.248	1092	1	1
83.248	1093	2	1
83.248	1094	3	1
83.248	1095	4	1
83.441	1096	1	1
83.441	1097	2	1
83.441	1098	3	1
83.441	1099	4	1
83.635	1100	1	1
84.022	1101	2	1
84.409	1102	2	1
84.796	1103	3	1
85.183	1104	3	1
85.570	1105	4	1
85.957	1106	4	1
86.344	1107	2	2
86.344	1108	3	2
86.344	1109	4	2
86.538	1110	2	3
86.538	1111	3	3
86.538	1112	4	3
86.635	1113	2	2
86.635	1114	3	2
86.635	1115	4	2
86.828	1116	2	3
86.828	1117	3	3
86.828	1118	4	3
86.925	1119	1	2
86.925	1120	3	2
86.925	1121	4	2
87.215	1122	1	3
87.215	1123	3	3
87.215	1124	4	3
87.312	1125	1	2
87.312	1126	2	2
87.312	1127	4	2
87.506	1128	1	3
87.506	1129	2	3
87.506	1130	4	3
87.602	1131	1	2
87.602	1132	2	2
87.602	1133	3	2
87.796	1134	1	3
87.796	1135	2	3
87.796	1136	3	3
87.893	1137	4	1
87.990	1138	3	1
88.086	1139	2	2
88.328	1140	1	2
88.619	1141	4	2
88.861	1142	3	2
89.344	1143	1	3
89.344	1144	2	3
89.344	1145	3	3
89.344	1146	4	3
89.441	1147	1	1
89.441	1148	2	1
89.538	1149	3	1
89.538	1150	4	1
89.635	1151	1	1
89.635	1152	2	1
89.731	1153	3	1
89.731	1154	4	1
89.828	1155	1	1
89.828	1156	2	1
89.925	1157	3	1
89.925	1158	4	1
90.022	1159	1	1
90.022	1160	2	1
90.119	1161	3	1
90.119	1162	4	1
90.215	1163	1	1
90.215	1164	2	1
90.312	1165	3	1
90.312	1166	4	1
90.409	1167	1	1
90.409	1168	2	1
90.506	1169	3	1
90.506	1170	4	1
90.602	1171	1	1
90.602	1172	2	1
90.699	1173	3	1
90.699	1174	4	1
90.796	1175	1	1
90.796	1176	2	1
90.893	1177	3	1
90.893	1178	4	1
90.990	1179	1	1
90.990	1180	2	1
91.086	1181	3	1
91.086	1182	4	1
91.183	1183	1	1
91.183	1184	2	1
91.280	1185	3	1
91.280	1186	4	1
91.377	1187	1	1
91.377	1188	2	1
91.473	1189	3	1
91.473	1190	4	1
91.570	1191	1	1
91.570	1192	2	1
91.667	1193	3	1
91.667	1194	4	1
91.764	1195	1	1
91.788	1196	2	1
91.812	1197	3	1
91.836	1198	4	1
92.151	1199	4	1
92.175	1200	3	1
92.199	1201	2	1
92.223	1202	1	1
92.538	1203	3	1
92.538	1204	4	1
92.635	1205	1	1
92.635	1206	2	1
92.731	1207	3	1
92.731	1208	4	1
92.828	1209	1	1
92.828	1210	2	1
92.925	1211	3	1
92.925	1212	4	1
93.022	1213	1	1
93.022	1214	2	1
93.119	1215	3	1
93.119	1216	4	1
93.215	1217	1	1
93.215	1218	2	1
93.312	1219	3	1
93.312	1220	4	1
93.409	1221	1	1
93.409	1222	2	1
93.506	1223	3	1
93.506	1224	4	1
93.602	1225	1	1
93.602	1226	2	1
93.699	1227	3	1
93.699	1228	4	1
93.796	1229	1	1
93.796	1230	2	1
93.893	1231	3	1
93.893	1232	4	1
93.990	1233	1	1
93.990	1234	2	1
94.086	1235	3	1
94.086	1236	4	1
94.183	1237	1	1
94.183	1238	2	1
94.280	1239	3	1
94.280	1240	4	1
94.377	1241	1	1
94.377	1242	2	1
94.473	1243	3	1
94.473	1244	4	1
94.570	1245	1	1
94.570	1246	2	1
94.667	1247	3	1
94.667	1248	4	1
94.764	1249	1	1
94.764	1250	2	1
94.861	1251	4	1
94.885	1252	3	1
94.909	1253	2	1
94.933	1254	1	1
95.054	1255	1	1
95.078	1256	2	1
95.102	1257	3	1
95.127	1258	4	1
95.248	1259	4	1
95.272	1260	3	1
95.296	1261	2	1
95.320	1262	1	1
95.441	1263	4	2
95.635	1264	1	1
95.635	1265	4	3
95.683	1266	2	1
95.731	1267	3	1
95.780	1268	4	1
95.828	1269	1	1
95.877	1270	2	1
95.925	1271	3	1
95.973	1272	4	1
96.022	1273	1	1
96.070	1274	2	1
96.119	1275	3	1
96.167	1276	4	1
96.215	1277	1	1
96.264	1278	2	1
96.312	1279	3	1
96.361	1280	4	1
96.409	1281	1	1
96.457	1282	2	1
96.506	1283	3	1
96.554	1284	4	1
96.602	1285	1	1
96.651	1286	2	1
96.699	1287	3	1
96.748	1288	4	1
96.796	1289	1	1
96.844	1290	2	1
96.893	1291	3	1
96.941	1292	4	1
96.990	1293	1	1
97.038	1294	2	1
97.086	1295	3	1
97.135	1296	1	1
97.183	1297	4	1
97.231	1298	3	1
97.280	1299	2	1
97.328	1300	3	1
97.377	1301	1	1
97.425	1302	2	1
97.473	1303	4	1
97.522	1304	3	1
97.570	1305	2	1
97.619	1306	1	1
97.667	1307	4	1
97.715	1308	3	1
97.764	1309	2	1
97.812	1310	4	1
97.861	1311	1	1
97.909	1312	3	1
97.957	1313	2	1
98.006	1314	3	1
98.054	1315	4	1
98.102	1316	1	1
98.151	1317	2	1
98.199	1318	3	1
98.248	1319	1	1
98.296	1320	4	1
98.344	1321	3	1
98.393	1322	2	1
98.441	1323	4	1
98.490	1324	3	1
98.538	1325	1	1
98.586	1326	2	1
98.635	1327	3	1
98.683	1328	4	1
98.731	1329	1	1
98.731	1330	2	1
98.780	1331	3	1
98.780	1332	4	1
98.828	1333	1	1
98.828	1334	2	1
98.877	1335	3	1
98.877	1336	4	1
99.022	1337	3	1
99.022	1338	4	1
99.070	1339	1	1
99.070	1340	2	1
99.119	1341	3	1
99.119	1342	4	1
99.167	1343	1	1
99.167	1344	2	1
99.312	1345	1	1
99.312	1346	2	1
99.361	1347	3	1
99.361	1348	4	1
99.409	1349	1	1
99.409	1350	2	1
99.457	1351	3	1
99.457	1352	4	1
99.602	1353	3	1
99.602	1354	4	1
99.651	1355	1	1
99.651	1356	2	1
99.699	1357	3	1
99.699	1358	4	1
99.748	1359	1	1
99.748	1360	2	1
99.893	1361	1	1
99.941	1362	2	1
99.990	1363	3	1
100.038	1364	4	1
100.086	1365	1	1
100.135	1366	2	1
100.183	1367	3	1
100.231	1368	4	1
100.473	1369	3	1
100.570	1370	3	1
100.667	1371	3	1
100.764	1372	3	1
100.957	1373	2	1
101.054	1374	2	1
101.248	1375	2	1
101.344	1376	4	2
101.441	1377	2	1
101.441	1378	4	3
101.538	1379	1	2
101.635	1380	3	2
101.635	1381	1	3
101.828	1382	1	2
101.828	1383	2	2
101.828	1384	4	2
101.828	1385	3	3
102.119	1386	1	3
102.119	1387	2	3
102.119	1388	4	3
102.215	1389	1	2
102.215	1390	2	2
102.215	1391	3	2
102.506	1392	1	3
102.506	1393	2	3
102.506	1394	3	3
102.602	1395	3	2
102.602	1396	4	2
102.651	1397	2	1
102.699	1398	1	2
102.893	1399	1	3
102.893	1400	3	3
102.893	1401	4	3
102.990	1402	1	2
102.990	1403	2	2
103.038	1404	3	1
103.086	1405	4	2
103.280	1406	1	3
103.280	1407	2	3
103.280	1408	4	3
103.377	1409	3	2
103.377	1410	4	2
103.425	1411	2	1
103.473	1412	1	2
103.667	1413	1	3
103.667	1414	3	3
103.667	1415	4	3
103.764	1416	1	2
103.764	1417	2	2
103.812	1418	3	1
103.861	1419	4	2
104.054	1420	1	3
104.054	1421	2	3
104.054	1422	4	3
104.151	1423	3	2
104.151	1424	4	2
104.199	1425	2	1
104.248	1426	1	2
104.441	1427	1	3
104.441	1428	3	3
104.441	1429	4	3
104.538	1430	1	1
104.538	1431	2	1
104.586	1432	3	1
104.635	1433	4	1
104.683	1434	1	1
104.731	1435	2	1
104.828	1436	3	1
104.925	1437	1	2
104.925	1438	2	2
104.925	1439	4	2
105.215	1440	1	3
105.215	1441	2	3
105.215	1442	4	3
105.312	1443	1	2
105.312	1444	2	2
105.312	1445	3	2
105.602	1446	1	3
105.602	1447	2	3
105.602	1448	3	3
105.699	1449	3	2
105.699	1450	4	2
105.748	1451	2	1
105.796	1452	1	2
105.990	1453	1	3
105.990	1454	3	3
105.990	1455	4	3
106.086	1456	1	2
106.086	1457	2	2
106.135	1458	3	1
106.183	1459	4	2
106.377	1460	1	3
106.377	1461	2	3
106.377	1462	4	3
106.473	1463	1	1
106.473	1464	2	1
106.473	1465	4	1
106.570	1466	4	1
106.667	1467	2	1
106.861	1468	1	1
106.861	1469	3	1
106.861	1470	4	1
106.957	1471	2	1
107.006	1472	4	1
107.054	1473	3	1
107.102	1474	2	1
107.151	1475	1	1
107.151	1476	3	1
107.151	1477	4	1
107.344	1478	1	1
107.344	1479	2	1
107.344	1480	3	1
107.441	1481	1	1
107.441	1482	2	1
107.441	1483	4	1
107.635	1484	3	2
107.731	1485	1	1
107.731	1486	3	3
107.828	1487	1	2
107.925	1488	4	1
107.925	1489	1	3
108.022	1490	2	2
108.022	1491	3	2
108.022	1492	4	2
108.119	1493	2	3
108.119	1494	3	3
108.119	1495	4	3
108.215	1496	2	2
108.215	1497	3	2
108.215	1498	4	2
108.312	1499	2	3
108.312	1500	3	3
108.312	1501	4	3
108.409	1502	1	1
108.409	1503	2	1
108.409	1504	3	1
108.506	1505	4	1
108.554	1506	3	1
108.602	1507	2	1
108.699	1508	3	1
108.796	1509	1	1
108.796	1510	3	1
108.796	1511	4	1
108.990	1512	1	1
108.990	1513	2	1
109.086	1514	1	1
109.086	1515	2	1
109.183	1516	1	1
109.183	1517	2	1
109.183	1518	4	1
109.377	1519	1	2
109.377	1520	3	2
109.377	1521	4	2
109.570	1522	2	1
109.570	1523	1	3
109.570	1524	3	3
109.570	1525	4	3
109.667	1526	3	1
109.861	1527	4	2
109.957	1528	1	1
109.957	1529	2	1
109.957	1530	4	3
110.054	1531	3	1
110.102	1532	2	1
110.151	1533	1	1
110.199	1534	3	1
110.248	1535	1	1
110.344	1536	2	1
110.344	1537	3	2
110.344	1538	4	2
110.731	1539	1	1
110.731	1540	2	1
110.731	1541	3	3
110.731	1542	4	3
110.925	1543	2	1
110.973	1544	4	1
111.022	1545	2	1
111.070	1546	4	1
111.119	1547	1	1
111.119	1548	2	1
111.312	1549	2	2
111.312	1550	3	2
111.312	1551	4	2
111.506	1552	2	3
111.506	1553	3	3
111.506	1554	4	3
111.602	1555	1	2
111.602	1556	2	2
111.602	1557	4	2
111.796	1558	1	3
111.796	1559	2	3
111.796	1560	4	3
111.893	1561	1	2
111.893	1562	2	2
111.893	1563	3	2
112.086	1564	1	3
112.086	1565	2	3
112.086	1566	3	3
112.183	1567	1	2
112.183	1568	3	2
112.183	1569	4	2
112.377	1570	1	3
112.377	1571	3	3
112.377	1572	4	3
112.473	1573	1	2
112.473	1574	2	2
112.473	1575	4	2
112.667	1576	1	3
112.667	1577	2	3
112.667	1578	4	3
112.764	1579	2	2
112.764	1580	3	2
112.764	1581	4	2
112.957	1582	2	3
112.957	1583	3	3
112.957	1584	4	3
113.054	1585	1	2
113.054	1586	2	2
113.054	1587	3	2
113.054	1588	4	2
113.441	1589	1	3
113.441	1590	2	3
113.441	1591	3	3
113.441	1592	4	3
113.828	1593	1	1
113.828	1594	3	1
113.925	1595	3	1
114.022	1596	2	1
114.119	1597	3	1
114.215	1598	1	2
114.215	1599	2	2
114.215	1600	4	2
114.506	1601	1	3
114.506	1602	2	3
114.506	1603	4	3
114.602	1604	1	2
114.602	1605	2	2
114.602	1606	3	2
114.893	1607	1	3
114.893	1608	2	3
114.893	1609	3	3
114.990	1610	3	2
114.990	1611	4	2
115.038	1612	2	1
115.086	1613	1	2
115.183	1614	2	1
115.280	1615	1	3
115.280	1616	3	3
115.280	1617	4	3
115.377	1618	1	2
115.377	1619	2	2
115.425	1620	3	1
115.473	1621	4	2
115.570	1622	3	1
115.667	1623	1	3
115.667	1624	2	3
115.667	1625	4	3
115.764	1626	3	2
115.764	1627	4	2
115.812	1628	2	1
115.861	1629	1	2
115.957	1630	2	1
116.054	1631	1	3
116.054	1632	3	3
116.054	1633	4	3
116.151	1634	1	2
116.151	1635	2	2
116.199	1636	3	1
116.248	1637	4	2
116.344	1638	3	1
116.441	1639	1	3
116.441	1640	2	3
116.441	1641	4	3
116.538	1642	3	2
116.538	1643	4	2
116.586	1644	2	1
116.635	1645	1	2
116.731	1646	2	1
116.731	1647	3	3
116.731	1648	4	3
116.828	1649	3	1
116.828	1650	4	1
116.828	1651	1	3
116.925	1652	1	1
116.925	1653	2	1
116.925	1654	3	1
117.119	1655	1	1
117.119	1656	2	1
117.119	1657	4	2
117.312	1658	1	2
117.312	1659	2	2
117.312	1660	3	2
117.312	1661	4	3
117.602	1662	1	3
117.602	1663	2	3
117.602	1664	3	3
117.699	1665	1	2
117.699	1666	2	2
117.699	1667	4	2
117.893	1668	3	1
117.893	1669	1	3
117.893	1670	2	3
117.893	1671	4	3
118.086	1672	3	2
118.086	1673	4	2
118.135	1674	2	1
118.183	1675	1	2
118.280	1676	2	1
118.377	1677	1	3
118.377	1678	3	3
118.377	1679	4	3
118.473	1680	1	2
118.473	1681	2	2
118.522	1682	3	1
118.570	1683	4	2
118.667	1684	3	1
118.764	1685	1	3
118.764	1686	2	3
118.764	1687	4	3
118.861	1688	1	2
118.861	1689	2	2
118.861	1690	3	2
118.861	1691	4	2
119.151	1692	1	3
119.151	1693	2	3
119.151	1694	3	3
119.151	1695	4	3
119.248	1696	1	1
119.248	1697	2	1
119.296	1698	3	1
119.296	1699	4	1
119.344	1700	1	1
119.344	1701	2	1
119.393	1702	3	1
119.393	1703	4	1
119.490	1704	1	1
119.490	1705	2	1
119.586	1706	3	1
119.586	1707	4	1
119.635	1708	1	1
119.635	1709	2	1
119.683	1710	3	1
119.683	1711	4	1
119.780	1712	1	1
119.780	1713	2	1
119.877	1714	3	1
119.877	1715	4	1
120.022	1716	1	1
120.022	1717	2	1
120.119	1718	3	1
120.119	1719	4	1
120.215	1720	1	1
120.215	1721	2	1
120.215	1722	4	1
120.312	1723	1	1
120.312	1724	2	1
120.409	1725	3	1
120.409	1726	4	1
120.457	1727	2	1
120.506	1728	1	1
120.554	1729	4	1
120.602	1730	2	1
120.699	1731	3	1
120.796	1732	1	1
120.796	1733	2	1
120.796	1734	4	1
120.893	1735	1	1
120.893	1736	2	1
120.990	1737	3	1
120.990	1738	4	1
121.086	1739	2	1
121.183	1740	1	1
121.183	1741	3	1
121.183	1742	4	1
121.280	1743	2	1
121.377	1744	3	1
121.473	1745	1	1
121.473	1746	2	1
121.570	1747	1	1
121.570	1748	2	1
121.570	1749	3	1
121.667	1750	4	1
121.764	1751	2	1
121.764	1752	3	1
121.957	1753	3	1
121.957	1754	4	1
122.006	1755	1	1
122.006	1756	2	1
122.054	1757	3	1
122.054	1758	4	1
122.102	1759	1	1
122.102	1760	2	1
122.151	1761	3	1
122.151	1762	4	1
122.248	1763	1	1
122.248	1764	2	1
122.344	1765	1	1
122.344	1766	2	1
122.344	1767	3	1
122.441	1768	4	1
122.538	1769	1	1
122.538	1770	3	1
122.635	1771	1	1
122.731	1772	2	1
122.731	1773	3	1
122.731	1774	4	1
122.828	1775	4	1
122.925	1776	1	1
122.925	1777	2	1
122.925	1778	3	1
123.119	1779	1	1
123.119	1780	2	1
123.119	1781	4	1
123.215	1782	3	1
123.312	1783	1	1
123.312	1784	2	1
123.409	1785	4	1
123.457	1786	3	1
123.506	1787	2	1
123.554	1788	1	1
123.602	1789	4	1
123.651	1790	3	1
123.699	1791	1	1
123.699	1792	2	1
123.796	1793	1	1
123.796	1794	2	1
123.893	1795	3	1
123.893	1796	4	1
123.941	1797	1	1
123.990	1798	2	1
124.038	1799	3	1
124.086	1800	4	1
124.183	1801	1	1
124.183	1802	2	1
124.231	1803	4	1
124.280	1804	3	1
124.328	1805	2	1
124.377	1806	1	1
124.473	1807	3	1
124.473	1808	4	1
124.522	1809	1	1
124.570	1810	2	1
124.619	1811	3	1
124.667	1812	4	1
124.715	1813	2	1
124.764	1814	1	1
124.764	1815	3	1
124.812	1816	4	1
124.861	1817	3	1
124.909	1818	1	1
124.909	1819	2	1
124.957	1820	4	1
125.006	1821	3	1
125.054	1822	1	2
125.199	1823	2	2
125.393	1824	3	2
125.635	1825	4	1
125.635	1826	1	3
125.635	1827	2	3
125.635	1828	3	3
125.731	1829	3	1
125.828	1830	1	1
125.877	1831	2	1
125.925	1832	3	1
125.973	1833	4	1
126.022	1834	1	1
126.070	1835	2	1
126.119	1836	3	1
126.119	1837	4	1
126.312	1838	3	1
126.312	1839	4	1
126.409	1840	1	1
126.409	1841	2	1
126.506	1842	1	1
126.506	1843	2	1
126.602	1844	1	1
126.602	1845	2	1
126.602	1846	4	1
126.699	1847	3	1
126.796	1848	2	1
126.893	1849	4	1
126.990	1850	1	1
126.990	1851	2	1
126.990	1852	4	1
127.086	1853	3	1
127.183	1854	2	1
127.280	1855	1	1
127.377	1856	2	1
127.377	1857	3	1
127.377	1858	4	1
127.473	1859	1	1
127.570	1860	3	1
127.667	1861	2	1
127.764	1862	1	1
127.764	1863	2	1
127.764	1864	4	1
127.861	1865	3	1
127.957	1866	2	1
128.054	1867	4	1
128.151	1868	1	1
128.199	1869	2	1
128.248	1870	3	1
128.296	1871	4	1
128.344	1872	1	1
128.393	1873	2	1
128.441	1874	3	1
128.490	1875	4	1
128.538	1876	1	1
128.586	1877	2	1
128.635	1878	3	1
128.683	1879	4	1
128.731	1880	1	1
128.780	1881	2	1
128.828	1882	3	1
128.877	1883	4	1
128.925	1884	1	1
128.925	1885	2	1
129.022	1886	3	1
129.022	1887	4	1
129.119	1888	2	1
129.215	1889	1	1
129.215	1890	3	1
129.312	1891	1	1
129.312	1892	2	1
129.312	1893	4	1
129.409	1894	2	1
129.409	1895	4	1
129.506	1896	3	1
129.602	1897	2	1
129.651	1898	4	1
129.699	1899	1	1
129.699	1900	3	1
129.796	1901	4	1
129.893	1902	2	1
129.990	1903	1	1
130.086	1904	2	1
130.086	1905	3	1
130.086	1906	4	1
130.183	1907	3	1
130.280	1908	1	1
130.377	1909	4	1
130.425	1910	3	1
130.473	1911	1	1
130.473	1912	2	1
130.570	1913	2	1
130.667	1914	3	1
130.764	1915	3	1
130.861	1916	1	1
130.861	1917	2	1
130.861	1918	4	1
130.957	1919	3	1
131.054	1920	1	1
131.151	1921	2	1
131.248	1922	4	1
131.296	1923	3	1
131.344	1924	2	1
131.393	1925	1	1
131.441	1926	4	1
131.490	1927	3	1
131.538	1928	2	1
131.586	1929	1	1
131.635	1930	4	1
131.683	1931	3	1
131.731	1932	2	1
131.780	1933	1	1
131.828	1934	4	1
131.877	1935	3	1
131.925	1936	2	1
131.973	1937	1	1
132.022	1938	3	1
132.022	1939	4	1
132.119	1940	1	1
132.119	1941	2	1
132.215	1942	2	1
132.215	1943	4	1
132.312	1944	1	1
132.312	1945	3	1
132.409	1946	2	1
132.409	1947	3	1
132.506	1948	1	1
132.506	1949	4	1
132.602	1950	1	1
132.602	1951	2	1
132.651	1952	4	1
132.699	1953	3	1
132.748	1954	2	1
132.796	1955	1	1
132.796	1956	3	1
132.796	1957	4	1
132.893	1958	2	1
132.990	1959	4	1
133.086	1960	3	1
133.183	1961	1	1
133.183	1962	2	1
133.183	1963	4	1
133.280	1964	2	1
133.377	1965	3	1
133.377	1966	4	1
133.473	1967	3	1
133.473	1968	4	1
133.570	1969	1	1
133.570	1970	3	1
133.570	1971	4	1
133.667	1972	2	1
133.764	1973	1	1
133.764	1974	4	1
133.861	1975	3	1
133.957	1976	1	1
133.957	1977	2	1
133.957	1978	4	1
134.054	1979	2	1
134.151	1980	3	1
134.248	1981	3	1
134.344	1982	1	1
134.393	1983	2	1
134.441	1984	3	1
134.490	1985	4	1
134.538	1986	1	1
134.586	1987	2	1
134.635	1988	3	1
134.683	1989	4	1
134.731	1990	1	1
134.780	1991	2	1
134.828	1992	3	1
134.877	1993	4	1
134.925	1994	1	1
134.973	1995	2	1
135.022	1996	3	1
135.070	1997	4	1
135.119	1998	1	1
135.119	1999	2	1
135.215	2000	3	1
135.312	2001	2	1
135.312	2002	4	1
135.409	2003	3	1
135.506	2004	1	1
135.506	2005	2	1
135.506	2006	4	1
135.602	2007	2	1
135.699	2008	4	1
135.796	2009	1	1
135.844	2010	2	1
135.893	2011	1	1
135.893	2012	3	1
135.893	2013	4	1
135.990	2014	3	1
136.086	2015	2	1
136.183	2016	4	1
136.280	2017	1	1
136.280	2018	2	1
136.280	2019	3	1
136.377	2020	1	1
136.473	2021	3	1
136.473	2022	4	1
136.570	2023	3	1
136.570	2024	4	1
136.667	2025	1	1
136.667	2026	3	1
136.667	2027	4	1
136.764	2028	2	1
136.861	2029	1	1
136.861	2030	4	1
136.957	2031	3	1
137.054	2032	1	1
137.054	2033	2	1
137.054	2034	4	1
137.151	2035	3	1
137.248	2036	2	1
137.344	2037	1	1
137.441	2038	4	1
137.490	2039	3	1
137.538	2040	1	1
137.538	2041	2	1
137.586	2042	4	1
137.635	2043	3	1
137.683	2044	2	1
137.731	2045	1	1
137.780	2046	2	1
137.828	2047	3	1
137.828	2048	4	1
137.877	2049	1	1
137.925	2050	2	1
137.973	2051	4	1
138.022	2052	3	1
138.070	2053	2	1
138.119	2054	1	1
138.119	2055	4	1
138.215	2056	2	1
138.215	2057	3	1
138.215	2058	4	1
138.409	2059	1	1
138.409	2060	2	1
138.409	2061	3	1
138.602	2062	1	1
138.602	2063	2	1
138.602	2064	3	1
138.602	2065	4	1
138.796	2066	1	1
138.796	2067	2	1
138.796	2068	3	1
138.796	2069	4	1
138.990	2070	1	1
138.990	2071	2	1
138.990	2072	4	1
139.086	2073	3	1
139.183	2074	2	1
139.280	2075	4	1
139.377	2076	1	1
139.377	2077	2	1
139.377	2078	3	1
139.473	2079	2	1
139.570	2080	4	1
139.667	2081	1	1
139.764	2082	3	2
139.764	2083	4	2
139.812	2084	2	1
139.861	2085	1	2
139.957	2086	2	1
140.054	2087	1	3
140.054	2088	3	3
140.054	2089	4	3
140.151	2090	1	2
140.151	2091	2	2
140.199	2092	3	1
140.248	2093	4	2
140.344	2094	3	1
140.441	2095	1	3
140.441	2096	2	3
140.441	2097	4	3
140.538	2098	1	1
140.538	2099	2	1
140.586	2100	4	1
140.635	2101	3	1
140.683	2102	2	1
140.731	2103	1	1
140.780	2104	4	1
140.828	2105	3	1
140.877	2106	2	1
140.925	2107	3	1
140.925	2108	4	1
140.973	2109	1	1
141.022	2110	2	1
141.070	2111	3	1
141.119	2112	4	1
141.167	2113	1	1
141.215	2114	2	1
141.264	2115	3	1
141.312	2116	1	1
141.312	2117	2	1
141.361	2118	4	1
141.409	2119	3	1
141.457	2120	2	1
141.506	2121	1	1
141.554	2122	4	1
141.602	2123	3	1
141.651	2124	2	1
141.699	2125	3	1
141.699	2126	4	1
141.748	2127	1	1
141.796	2128	2	1
141.844	2129	3	1
141.893	2130	4	1
141.941	2131	1	1
141.990	2132	2	1
142.038	2133	3	1
142.086	2134	1	1
142.086	2135	2	1
142.086	2136	4	1
142.183	2137	1	2
142.183	2138	2	2
142.183	2139	4	2
142.280	2140	3	1
142.377	2141	1	3
142.377	2142	2	3
142.377	2143	4	3
142.473	2144	2	2
142.473	2145	3	2
142.473	2146	4	2
142.667	2147	1	1
142.667	2148	2	3
142.667	2149	3	3
142.667	2150	4	3
142.764	2151	3	1
142.861	2152	1	2
142.861	2153	2	2
142.861	2154	4	2
142.957	2155	3	2
143.151	2156	1	3
143.151	2157	2	3
143.151	2158	3	3
143.151	2159	4	3
143.248	2160	1	2
143.248	2161	3	2
143.248	2162	4	2
143.344	2163	2	2
143.538	2164	1	3
143.538	2165	2	3
143.538	2166	3	3
143.538	2167	4	3
143.635	2168	1	2
143.635	2169	2	2
143.635	2170	4	2
143.731	2171	3	2
143.925	2172	1	3
143.925	2173	2	3
143.925	2174	3	3
143.925	2175	4	3
144.022	2176	1	2
144.022	2177	3	2
144.022	2178	4	2
144.119	2179	2	2
144.312	2180	1	3
144.312	2181	2	3
144.312	2182	3	3
144.312	2183	4	3
144.409	2184	1	1
144.409	2185	4	1
144.651	2186	2	1
144.941	2187	4	1
144.990	2188	3	1
145.038	2189	2	1
145.086	2190	1	1
145.135	2191	2	1
145.183	2192	3	2
145.183	2193	4	2
145.280	2194	1	2
145.473	2195	1	3
145.473	2196	3	3
145.473	2197	4	3
145.570	2198	1	2
145.570	2199	2	2
145.570	2200	3	2
145.861	2201	1	3
145.861	2202	2	3
145.861	2203	3	3
145.957	2204	1	2
145.957	2205	2	2
146.006	2206	3	1
146.054	2207	4	2
146.151	2208	3	1
146.248	2209	1	3
146.248	2210	2	3
146.248	2211	4	3
146.344	2212	3	2
146.344	2213	4	2
146.393	2214	2	1
146.441	2215	1	2
146.538	2216	2	1
146.635	2217	1	3
146.635	2218	3	3
146.635	2219	4	3
146.731	2220	1	2
146.731	2221	2	2
146.780	2222	3	1
146.828	2223	4	2
146.925	2224	3	1
147.022	2225	1	3
147.022	2226	2	3
147.022	2227	4	3
147.119	2228	3	2
147.119	2229	4	2
147.167	2230	2	1
147.215	2231	1	2
147.312	2232	2	1
147.409	2233	1	3
147.409	2234	3	3
147.409	2235	4	3
147.506	2236	1	2
147.506	2237	2	2
147.554	2238	3	1
147.602	2239	4	2
147.699	2240	3	1
147.796	2241	1	3
147.796	2242	2	3
147.796	2243	4	3
147.893	2244	3	2
147.893	2245	4	2
147.941	2246	2	1
147.990	2247	1	2
148.086	2248	2	1
148.183	2249	1	3
148.183	2250	3	3
148.183	2251	4	3
148.280	2252	1	2
148.280	2253	2	2
148.377	2254	4	2
148.570	2255	1	3
148.570	2256	2	3
148.570	2257	4	3
148.667	2258	2	2
148.667	2259	3	2
148.667	2260	4	2
148.957	2261	2	3
148.957	2262	3	3
148.957	2263	4	3
149.054	2264	1	2
149.151	2265	2	2
149.151	2266	3	2
149.151	2267	4	2
149.344	2268	1	3
149.344	2269	2	3
149.344	2270	3	3
149.344	2271	4	3
149.441	2272	4	2
149.538	2273	1	2
149.538	2274	2	2
149.538	2275	3	2
149.731	2276	1	3
149.731	2277	2	3
149.731	2278	3	3
149.731	2279	4	3
149.828	2280	1	2
149.925	2281	2	2
149.925	2282	3	2
149.925	2283	4	2
150.119	2284	1	3
150.119	2285	2	3
150.119	2286	3	3
150.119	2287	4	3
150.215	2288	4	2
150.312	2289	1	2
150.312	2290	2	2
150.312	2291	3	2
150.506	2292	1	3
150.506	2293	2	3
150.506	2294	3	3
150.506	2295	4	3
150.602	2296	1	1
150.602	2297	2	1
150.602	2298	3	1
150.602	2299	4	1
150.796	2300	3	1
150.796	2301	4	1
150.893	2302	3	1
150.893	2303	4	1
150.990	2304	1	1
150.990	2305	2	1
151.086	2306	1	1
151.086	2307	2	1
151.183	2308	1	2
151.183	2309	2	2
151.183	2310	3	2
151.183	2311	4	2
151.280	2312	1	3
151.280	2313	2	3
151.280	2314	3	3
151.280	2315	4	3
151.377	2316	1	1
151.377	2317	2	1
151.377	2318	3	1
151.377	2319	4	1
151.570	2320	3	1
151.667	2321	3	1
151.764	2322	3	1
151.861	2323	3	1
152.054	2324	2	1
152.151	2325	2	1
152.344	2326	1	1
152.538	2327	4	1
152.635	2328	3	1
152.731	2329	2	1
152.828	2330	4	1
153.022	2331	1	1
153.215	2332	1	1
153.312	2333	3	1
153.506	2334	1	1
153.699	2335	4	1
153.723	2336	3	1
153.748	2337	2	1
153.772	2338	1	1
154.086	2339	1	1
154.111	2340	2	1
154.135	2341	3	1
154.159	2342	4	1
154.473	2343	1	1
154.473	2344	2	1
154.473	2345	3	1
154.473	2346	4	1
154.667	2347	2	1
154.764	2348	2	1
154.861	2349	2	1
154.957	2350	2	1
155.151	2351	3	1
155.248	2352	3	1
155.441	2353	1	1
155.635	2354	4	1
155.731	2355	3	1
155.828	2356	2	1
155.925	2357	4	1
156.119	2358	1	1
156.312	2359	1	1
156.409	2360	3	1
156.602	2361	1	1
156.796	2362	4	1
156.820	2363	3	1
156.844	2364	2	1
156.869	2365	1	1
156.990	2366	1	1
157.014	2367	2	1
157.038	2368	3	1
157.062	2369	4	1
157.183	2370	4	1
157.207	2371	3	1
157.231	2372	2	1
157.256	2373	1	1
157.377	2374	3	1
157.377	2375	4	1
157.570	2376	1	1
157.570	2377	2	1
157.570	2378	4	1
157.667	2379	3	1
157.764	2380	2	1
157.861	2381	1	1
157.861	2382	3	1
157.861	2383	4	1
157.957	2384	2	1
158.054	2385	4	1
158.151	2386	1	1
158.151	2387	2	1
158.151	2388	3	1
158.248	2389	4	1
158.344	2390	1	1
158.441	2391	2	1
158.441	2392	3	1
158.441	2393	4	1
158.538	2394	1	1
158.635	2395	3	1
158.731	2396	1	1
158.731	2397	2	1
158.731	2398	4	1
158.925	2399	1	1
158.925	2400	2	1
158.925	2401	3	1
159.119	2402	1	1
159.119	2403	3	1
159.119	2404	4	1
159.215	2405	2	1
159.312	2406	3	1
159.409	2407	1	1
159.409	2408	2	1
159.409	2409	4	1
159.506	2410	3	1
159.602	2411	1	1
159.699	2412	2	1
159.699	2413	3	1
159.699	2414	4	1
159.796	2415	1	1
159.893	2416	4	1
159.990	2417	1	1
159.990	2418	2	1
159.990	2419	3	1
160.086	2420	4	1
160.183	2421	2	1
160.280	2422	1	1
160.280	2423	3	1
160.280	2424	4	1
160.473	2425	1	1
160.473	2426	2	1
160.570	2427	1	1
160.570	2428	2	1
160.667	2429	3	1
160.667	2430	4	1
160.764	2431	1	1
160.764	2432	2	1
160.861	2433	3	1
160.861	2434	4	1
160.957	2435	1	1
160.957	2436	2	1
161.054	2437	3	1
161.054	2438	4	1
161.151	2439	1	1
161.151	2440	2	1
161.248	2441	3	1
161.248	2442	4	1
161.344	2443	1	1
161.344	2444	2	1
161.441	2445	4	1
161.490	2446	3	1
161.538	2447	2	1
161.586	2448	1	1
161.635	2449	4	1
161.683	2450	3	1
161.731	2451	2	1
161.780	2452	1	1
161.828	2453	4	1
161.877	2454	3	1
161.925	2455	2	1
161.973	2456	1	1
162.022	2457	4	1
162.070	2458	3	1
162.119	2459	2	1
162.167	2460	1	1
162.409	2461	3	1
162.506	2462	3	1
162.602	2463	3	1
162.651	2464	1	1
162.699	2465	2	1
162.748	2466	3	1
162.796	2467	4	1
162.844	2468	1	1
162.893	2469	2	1
162.941	2470	4	1
163.086	2471	2	1
163.135	2472	1	1
163.183	2473	3	1
163.231	2474	2	1
163.377	2475	4	1
163.425	2476	2	1
163.570	2477	3	1
163.764	2478	1	2
163.764	2479	2	2
163.764	2480	3	1
163.764	2481	4	2
164.248	2482	1	3
164.248	2483	2	3
164.344	2484	3	2
164.538	2485	2	2
164.731	2486	2	3
164.731	2487	3	3
164.731	2488	4	3
164.925	2489	1	2
164.925	2490	2	2
165.215	2491	3	2
165.215	2492	4	2
165.215	2493	2	3
165.506	2494	1	3
165.506	2495	3	3
165.506	2496	4	3
165.699	2497	2	2
165.699	2498	4	2
165.893	2499	2	3
165.893	2500	4	3
166.280	2501	1	1
166.312	2502	2	1
166.344	2503	3	1
166.377	2504	4	1
166.473	2505	4	1
166.506	2506	3	1
166.538	2507	2	1
166.570	2508	1	1
166.667	2509	2	1
166.667	2510	3	1
166.861	2511	1	1
166.861	2512	4	1
166.909	2513	3	1
166.957	2514	2	1
167.006	2515	4	1
167.054	2516	1	1
167.102	2517	2	1
167.151	2518	3	1
167.199	2519	1	1
167.248	2520	2	2
167.248	2521	3	2
167.248	2522	4	2
167.538	2523	2	3
167.538	2524	3	3
167.538	2525	4	3
167.635	2526	1	1
167.635	2527	4	1
167.683	2528	2	1
167.731	2529	3	1
167.780	2530	1	1
167.828	2531	4	1
167.877	2532	3	1
167.925	2533	2	1
167.973	2534	4	1
168.022	2535	1	2
168.022	2536	2	2
168.022	2537	3	2
168.312	2538	1	3
168.312	2539	2	3
168.312	2540	3	3
168.409	2541	3	1
168.409	2542	4	1
168.457	2543	1	1
168.506	2544	2	1
168.554	2545	4	1
168.602	2546	3	1
168.651	2547	2	1
168.699	2548	1	1
168.748	2549	3	1
168.796	2550	1	2
168.796	2551	2	2
168.796	2552	4	2
169.086	2553	1	3
169.086	2554	2	3
169.086	2555	4	3
169.183	2556	1	1
169.183	2557	2	1
169.231	2558	4	1
169.280	2559	3	1
169.328	2560	1	1
169.377	2561	2	1
169.425	2562	3	1
169.473	2563	1	1
169.522	2564	2	1
169.570	2565	3	2
169.570	2566	4	2
169.764	2567	1	1
169.764	2568	3	3
169.764	2569	4	3
169.812	2570	2	1
169.861	2571	3	1
169.957	2572	1	1
169.957	2573	4	1
170.006	2574	2	1
170.054	2575	3	1
170.102	2576	1	1
170.151	2577	4	1
170.199	2578	3	1
170.248	2579	2	1
170.296	2580	4	1
170.344	2581	1	2
170.344	2582	2	2
170.344	2583	3	2
170.635	2584	1	3
170.635	2585	2	3
170.635	2586	3	3
170.731	2587	1	1
170.731	2588	4	1
170.780	2589	3	1
170.828	2590	2	1
170.877	2591	4	1
170.925	2592	1	1
170.973	2593	2	1
171.022	2594	3	1
171.070	2595	1	1
171.119	2596	2	2
171.119	2597	3	2
171.119	2598	4	2
171.409	2599	2	3
171.409	2600	3	3
171.409	2601	4	3
171.506	2602	1	1
171.506	2603	2	1
171.554	2604	4	1
171.602	2605	3	1
171.651	2606	1	1
171.699	2607	2	1
171.748	2608	3	1
171.796	2609	4	1
171.844	2610	2	1
171.893	2611	1	2
171.893	2612	3	2
171.893	2613	4	2
172.183	2614	1	3
172.183	2615	3	3
172.183	2616	4	3
172.280	2617	3	1
172.280	2618	4	1
172.328	2619	1	1
172.377	2620	2	1
172.425	2621	4	1
172.473	2622	3	1
172.522	2623	2	1
172.570	2624	1	1
172.619	2625	3	1
172.667	2626	1	1
172.667	2627	2	1
172.715	2628	4	1
172.764	2629	3	1
172.812	2630	1	1
172.861	2631	2	1
172.909	2632	3	1
172.957	2633	1	1
173.006	2634	4	1
173.054	2635	2	1
173.054	2636	3	1
173.102	2637	1	1
173.151	2638	4	1
173.199	2639	2	1
173.248	2640	3	1
173.296	2641	1	1
173.344	2642	2	1
173.393	2643	3	1
173.441	2644	1	1
173.441	2645	2	1
173.441	2646	4	1
173.635	2647	1	2
173.635	2648	2	2
173.635	2649	3	2
173.635	2650	4	2
173.683	2651	1	3
173.683	2652	2	3
173.683	2653	3	3
173.683	2654	4	3
173.828	2655	1	1
173.828	2656	4	1
173.877	2657	2	1
173.925	2658	3	1
173.973	2659	1	1
174.022	2660	4	1
174.070	2661	3	1
174.119	2662	2	1
174.167	2663	1	1
174.215	2664	2	1
174.215	2665	3	1
174.215	2666	4	1
174.409	2667	1	2
174.409	2668	2	2
174.409	2669	3	2
174.409	2670	4	2
174.457	2671	1	3
174.457	2672	2	3
174.457	2673	3	3
174.457	2674	4	3
174.602	2675	1	1
174.602	2676	4	1
174.651	2677	3	1
174.699	2678	2	1
174.748	2679	4	1
174.796	2680	1	1
174.844	2681	2	1
174.893	2682	3	1
174.941	2683	4	1
174.990	2684	1	1
174.990	2685	2	1
174.990	2686	3	1
175.183	2687	1	2
175.183	2688	2	2
175.183	2689	3	2
175.183	2690	4	2
175.231	2691	1	3
175.231	2692	2	3
175.231	2693	3	3
175.231	2694	4	3
175.377	2695	2	1
175.377	2696	4	1
175.425	2697	1	1
175.473	2698	3	1
175.522	2699	2	1
175.570	2700	3	1
175.619	2701	4	1
175.667	2702	1	1
175.715	2703	2	1
175.764	2704	1	1
175.764	2705	3	1
175.764	2706	4	1
175.957	2707	1	1
175.957	2708	2	1
175.957	2709	3	1
175.957	2710	4	1
176.151	2711	1	1
176.151	2712	2	1
176.199	2713	4	1
176.248	2714	3	1
176.296	2715	2	1
176.344	2716	1	1
176.393	2717	4	1
176.441	2718	2	1
176.490	2719	3	1
176.538	2720	1	1
176.538	2721	2	1
176.538	2722	4	1
176.731	2723	1	2
176.731	2724	2	2
176.731	2725	3	2
176.731	2726	4	2
176.780	2727	1	3
176.780	2728	2	3
176.780	2729	3	3
176.780	2730	4	3
176.925	2731	3	1
176.925	2732	4	1
176.973	2733	1	1
177.022	2734	2	1
177.070	2735	3	1
177.119	2736	4	1
177.167	2737	1	1
177.215	2738	3	1
177.264	2739	2	1
177.312	2740	1	1
177.312	2741	3	1
177.312	2742	4	1
177.506	2743	1	2
177.506	2744	2	2
177.506	2745	3	2
177.506	2746	4	2
177.554	2747	1	3
177.554	2748	2	3
177.554	2749	3	3
177.554	2750	4	3
177.699	2751	1	2
177.699	2752	2	2
177.699	2753	3	2
177.699	2754	4	2
177.990	2755	1	3
177.990	2756	2	3
177.990	2757	3	3
177.990	2758	4	3
178.086	2759	1	1
178.086	2760	2	1
178.086	2761	3	1
178.086	2762	4	1
178.280	2763	1	1
178.280	2764	2	1
178.280	2765	3	1
178.280	2766	4	1
178.473	2767	1	2
178.473	2768	2	2
178.667	2769	3	1
178.861	2770	3	2
178.861	2771	4	2
178.861	2772	1	3
178.861	2773	2	3
179.054	2774	3	3
179.054	2775	4	3
179.248	2776	1	1
179.248	2777	4	1
179.296	2778	3	1
179.344	2779	2	1
179.393	2780	1	1
179.441	2781	4	1
179.490	2782	2	1
179.538	2783	3	1
179.586	2784	1	1
179.635	2785	2	1
179.635	2786	3	1
179.635	2787	4	1
179.731	2788	4	1
179.828	2789	1	1
179.925	2790	3	1
180.022	2791	1	1
180.022	2792	2	1
180.070	2793	4	1
180.119	2794	3	1
180.167	2795	2	1
180.215	2796	1	1
180.264	2797	4	1
180.312	2798	2	1
180.361	2799	3	1
180.409	2800	1	1
180.409	2801	2	1
180.409	2802	4	1
180.506	2803	1	1
180.602	2804	3	1
180.699	2805	2	1
180.796	2806	3	1
180.796	2807	4	1
180.844	2808	1	1
180.893	2809	2	1
180.941	2810	4	1
180.990	2811	3	1
181.038	2812	1	1
181.086	2813	4	1
181.135	2814	2	1
181.183	2815	1	1
181.183	2816	3	1
181.183	2817	4	1
181.280	2818	2	1
181.377	2819	4	1
181.473	2820	3	1
181.570	2821	1	1
181.570	2822	2	1
181.619	2823	4	1
181.667	2824	3	1
181.715	2825	1	1
181.764	2826	2	1
181.812	2827	3	1
181.861	2828	1	1
181.909	2829	4	1
181.957	2830	1	2
181.957	2831	2	2
182.151	2832	3	1
182.151	2833	4	1
182.151	2834	1	3
182.151	2835	2	3
182.344	2836	1	1
182.344	2837	4	1
182.393	2838	2	1
182.441	2839	3	1
182.490	2840	1	1
182.538	2841	4	1
182.586	2842	3	1
182.635	2843	2	1
182.683	2844	1	1
182.731	2845	2	1
182.731	2846	3	1
182.731	2847	4	1
182.828	2848	4	1
182.925	2849	2	1
183.022	2850	1	1
183.119	2851	1	1
183.119	2852	2	1
183.167	2853	3	1
183.215	2854	4	1
183.264	2855	2	1
183.312	2856	1	1
183.361	2857	3	1
183.409	2858	2	1
183.457	2859	4	1
183.506	2860	1	1
183.506	2861	2	1
183.506	2862	3	1
183.602	2863	1	1
183.699	2864	4	1
183.796	2865	2	1
183.893	2866	1	1
183.893	2867	4	1
183.941	2868	3	1
183.990	2869	2	1
184.038	2870	1	1
184.086	2871	3	1
184.135	2872	2	1
184.183	2873	4	1
184.231	2874	3	1
184.280	2875	1	1
184.280	2876	2	1
184.280	2877	4	1
184.377	2878	2	1
184.473	2879	3	1
184.570	2880	1	1
184.667	2881	2	1
184.667	2882	4	1
184.715	2883	3	1
184.764	2884	1	1
184.812	2885	2	1
184.861	2886	4	1
184.909	2887	3	1
184.957	2888	2	1
185.006	2889	1	1
185.054	2890	2	1
185.054	2891	3	1
185.054	2892	4	1
185.102	2893	1	1
185.151	2894	4	1
185.199	2895	3	1
185.248	2896	2	1
185.296	2897	4	1
185.344	2898	1	1
185.393	2899	2	1
185.441	2900	3	2
185.441	2901	4	2
185.731	2902	3	3
185.731	2903	4	3
185.828	2904	1	1
185.828	2905	2	1
185.877	2906	3	1
185.925	2907	4	1
185.973	2908	2	1
186.022	2909	1	1
186.119	2910	3	1
186.215	2911	1	1
186.215	2912	2	1
186.264	2913	3	1
186.264	2914	4	1
186.312	2915	1	1
186.312	2916	2	1
186.361	2917	3	1
186.361	2918	4	1
186.409	2919	1	1
186.409	2920	2	1
186.457	2921	3	1
186.457	2922	4	1
186.506	2923	1	1
186.506	2924	2	1
186.554	2925	3	1
186.554	2926	4	1
186.602	2927	1	1
186.602	2928	2	1
186.699	2929	4	1
186.796	2930	2	1
186.893	2931	3	1
186.990	2932	1	1
186.990	2933	4	1
187.086	2934	1	1
187.086	2935	2	1
187.183	2936	3	1
187.183	2937	4	1
187.280	2938	2	1
187.280	2939	4	1
187.377	2940	1	1
187.377	2941	3	1
187.473	2942	2	1
187.473	2943	3	1
187.570	2944	1	1
187.570	2945	4	1
187.667	2946	2	1
187.667	2947	4	1
187.764	2948	1	1
187.764	2949	3	1
187.861	2950	1	1
187.861	2951	2	1
187.957	2952	2	1
187.957	2953	4	1
188.054	2954	1	1
188.054	2955	3	1
188.151	2956	1	1
188.151	2957	4	1
188.248	2958	2	1
188.248	2959	4	1
188.344	2960	2	1
188.344	2961	3	1
188.441	2962	1	1
188.441	2963	4	1
188.538	2964	3	1
188.635	2965	2	1
188.731	2966	4	1
188.828	2967	4	1
188.925	2968	1	1
189.312	2969	2	1
189.699	2970	3	1
190.086	2971	4	2
190.473	2972	3	2
190.957	2973	1	1
190.957	2974	2	1
190.957	2975	3	3
190.957	2976	4	3
191.054	2977	1	1
191.054	2978	2	1
191.054	2979	3	1
191.054	2980	4	1
191.248	2981	1	1
191.248	2982	2	1
191.248	2983	3	1
191.248	2984	4	1
191.441	2985	1	1
191.441	2986	2	1
191.490	2987	3	1
191.490	2988	4	1
191.538	2989	1	1
191.538	2990	2	1
191.586	2991	3	1
191.586	2992	4	1
191.635	2993	1	1
191.635	2994	2	1
191.683	2995	4	1
191.731	2996	3	1
191.780	2997	1	1
191.828	2998	2	1
191.925	2999	3	1
192.022	3000	1	1
192.022	3001	2	1
192.022	3002	4	1
192.070	3003	3	1
192.119	3004	1	1
192.167	3005	2	1
192.215	3006	4	1
192.312	3007	1	1
192.409	3008	2	1
192.409	3009	3	1
192.409	3010	4	1
192.457	3011	1	1
192.506	3012	3	1
192.554	3013	4	1
192.602	3014	2	1
192.699	3015	2	1
192.796	3016	1	1
192.796	3017	3	1
192.796	3018	4	1
192.844	3019	2	1
192.893	3020	3	1
192.941	3021	4	1
192.990	3022	1	1
193.086	3023	4	1
193.183	3024	1	1
193.183	3025	2	1
193.183	3026	3	1
193.231	3027	4	1
193.280	3028	2	1
193.328	3029	1	1
193.377	3030	3	1
193.473	3031	1	1
193.570	3032	2	1
193.570	3033	3	1
193.570	3034	4	1
193.619	3035	1	1
193.667	3036	4	1
193.715	3037	3	1
193.764	3038	2	1
193.861	3039	4	1
193.957	3040	1	1
193.957	3041	2	1
193.957	3042	4	1
194.006	3043	3	1
194.054	3044	2	1
194.102	3045	1	1
194.151	3046	4	1
194.248	3047	2	1
194.344	3048	1	1
194.344	3049	2	1
194.344	3050	4	1
194.393	3051	3	1
194.441	3052	1	1
194.490	3053	2	1
194.538	3054	4	1
194.635	3055	3	1
194.731	3056	1	1
194.731	3057	2	1
194.731	3058	3	1
194.731	3059	4	1
195.119	3060	4	1
195.143	3061	3	1
195.167	3062	2	1
195.312	3063	3	1
195.312	3064	4	1
195.409	3065	1	1
195.433	3066	2	1
195.457	3067	3	1
195.699	3068	2	1
195.723	3069	3	1
195.748	3070	4	1
195.893	3071	1	1
195.893	3072	2	1
195.990	3073	4	1
196.014	3074	3	1
196.038	3075	2	1
196.280	3076	1	1
196.280	3077	2	1
196.280	3078	3	1
196.280	3079	4	1
196.570	3080	1	1
196.667	3081	4	1
196.691	3082	3	1
196.715	3083	2	1
196.861	3084	3	1
196.861	3085	4	1
196.957	3086	1	1
196.981	3087	2	1
197.006	3088	3	1
197.054	3089	4	1
197.151	3090	1	1
197.248	3091	2	1
197.272	3092	3	1
197.296	3093	4	1
197.441	3094	1	1
197.441	3095	2	1
197.538	3096	4	1
197.562	3097	3	1
197.586	3098	2	1
197.828	3099	1	1
197.828	3100	2	1
197.828	3101	4	1
197.925	3102	4	1
198.022	3103	2	1
198.119	3104	3	1
198.215	3105	1	1
198.215	3106	2	1
198.215	3107	4	1
198.312	3108	3	1
198.409	3109	1	1
198.409	3110	2	1
198.409	3111	3	1
198.506	3112	2	1
198.602	3113	1	1
198.602	3114	3	1
198.602	3115	4	1
198.699	3116	2	1
198.796	3117	4	1
198.893	3118	3	1
198.990	3119	1	1
198.990	3120	2	1
198.990	3121	4	1
199.086	3122	1	1
199.183	3123	3	1
199.280	3124	3	1
199.377	3125	1	1
199.377	3126	2	1
199.377	3127	4	1
199.473	3128	3	1
199.570	3129	1	1
199.667	3130	4	1
199.764	3131	1	1
199.764	3132	2	1
199.764	3133	3	1
199.861	3134	3	1
199.957	3135	2	1
200.054	3136	1	1
200.151	3137	2	1
200.151	3138	3	1
200.151	3139	4	1
200.248	3140	4	1
200.344	3141	2	1
200.441	3142	3	1
200.538	3143	1	1
200.538	3144	2	1
200.538	3145	4	1
200.635	3146	3	1
200.731	3147	2	1
200.828	3148	1	1
200.925	3149	1	1
200.925	3150	2	1
200.925	3151	3	1
200.925	3152	4	1
201.022	3153	3	1
201.119	3154	2	1
201.215	3155	4	1
201.312	3156	1	1
201.336	3157	2	1
201.361	3158	3	1
201.409	3159	4	1
201.506	3160	1	1
201.506	3161	2	1
201.602	3162	4	1
201.627	3163	3	1
201.651	3164	2	1
201.699	3165	1	1
201.796	3166	3	1
201.893	3167	1	1
201.917	3168	2	1
201.941	3169	3	1
201.990	3170	1	1
202.086	3171	3	1
202.086	3172	4	1
202.183	3173	4	1
202.207	3174	3	1
202.231	3175	2	1
202.377	3176	4	1
202.473	3177	1	1
202.473	3178	2	1
202.473	3179	3	1
202.473	3180	4	1
202.570	3181	1	1
202.764	3182	2	1
202.861	3183	4	1
202.885	3184	3	1
202.909	3185	2	1
202.957	3186	1	1
203.054	3187	3	1
203.054	3188	4	1
203.151	3189	1	1
203.175	3190	2	1
203.199	3191	3	1
203.248	3192	4	1
203.344	3193	1	1
203.344	3194	2	1
203.441	3195	4	1
203.465	3196	3	1
203.490	3197	2	1
203.538	3198	1	1
203.635	3199	3	1
203.635	3200	4	1
203.731	3201	1	1
203.756	3202	2	1
203.780	3203	3	1
203.828	3204	4	1
203.877	3205	1	1
203.925	3206	3	1
203.973	3207	2	1
204.022	3208	1	1
204.022	3209	3	1
204.022	3210	4	1
204.119	3211	2	1
204.215	3212	4	1
204.312	3213	1	1
204.409	3214	2	1
204.409	3215	3	1
204.409	3216	4	1
204.506	3217	3	1
204.602	3218	1	1
204.602	3219	2	1
204.602	3220	4	1
204.699	3221	3	1
204.796	3222	1	1
204.796	3223	2	1
204.796	3224	3	1
204.893	3225	4	1
204.990	3226	1	1
205.086	3227	2	1
205.183	3228	1	1
205.183	3229	3	1
205.183	3230	4	1
205.280	3231	2	1
205.377	3232	4	1
205.473	3233	3	1
205.570	3234	1	1
205.570	3235	2	1
205.570	3236	4	1
205.667	3237	3	1
205.764	3238	2	1
205.861	3239	1	1
205.957	3240	2	1
205.957	3241	3	1
205.957	3242	4	1
206.054	3243	1	1
206.151	3244	3	1
206.248	3245	4	1
206.344	3246	1	2
206.344	3247	2	2
206.344	3248	3	2
206.635	3249	1	3
206.635	3250	2	3
206.635	3251	3	3
206.731	3252	1	2
206.731	3253	2	2
206.731	3254	4	2
207.022	3255	1	3
207.022	3256	2	3
207.022	3257	4	3
207.119	3258	1	1
207.119	3259	4	1
207.215	3260	2	1
207.215	3261	3	1
207.312	3262	1	1
207.409	3263	3	1
207.409	3264	4	1
207.506	3265	1	1
207.506	3266	2	1
207.602	3267	4	1
207.651	3268	3	1
207.699	3269	1	1
207.699	3270	2	1
207.796	3271	4	1
207.893	3272	1	1
207.941	3273	2	1
207.990	3274	3	1
208.038	3275	4	1
208.086	3276	1	1
208.086	3277	2	1
208.183	3278	3	1
208.183	3279	4	1
208.280	3280	1	1
208.280	3281	4	1
208.328	3282	2	1
208.377	3283	3	1
208.473	3284	1	1
208.570	3285	3	1
208.570	3286	4	1
208.764	3287	2	1
208.764	3288	4	1
208.957	3289	1	1
208.957	3290	2	1
209.054	3291	1	1
209.054	3292	3	1
209.248	3293	2	1
209.248	3294	3	1
209.441	3295	1	1
209.441	3296	2	1
209.441	3297	3	1
209.441	3298	4	1
209.635	3299	1	1
209.635	3300	2	1
209.635	3301	3	1
209.635	3302	4	1
209.828	3303	1	1
209.828	3304	2	1
209.828	3305	3	1
209.828	3306	4	1
210.022	3307	1	1
210.119	3308	4	1
210.215	3309	1	1
210.215	3310	2	1
210.312	3311	3	1
210.312	3312	4	1
210.409	3313	1	1
210.409	3314	2	1
210.506	3315	3	1
210.506	3316	4	1
210.602	3317	1	1
210.602	3318	2	1
210.699	3319	3	1
210.699	3320	4	1
210.796	3321	1	1
210.796	3322	2	1
210.893	3323	3	1
210.893	3324	4	1
210.990	3325	1	1
210.990	3326	2	1
211.086	3327	3	1
211.086	3328	4	1
211.183	3329	1	1
211.183	3330	2	1
211.280	3331	3	1
211.280	3332	4	1
211.377	3333	1	1
211.377	3334	2	1
211.473	3335	3	1
211.473	3336	4	1
211.570	3337	1	1
211.570	3338	2	1
211.667	3339	3	1
211.667	3340	4	1
211.764	3341	1	1
211.812	3342	2	1
211.861	3343	3	1
211.909	3344	4	1
211.957	3345	1	1
212.006	3346	2	1
212.054	3347	3	1
212.102	3348	4	1
212.151	3349	1	1
212.199	3350	2	1
212.248	3351	3	1
212.296	3352	4	1
212.344	3353	1	1
212.393	3354	2	1
212.441	3355	3	1
212.490	3356	4	1
212.538	3357	1	1
212.586	3358	2	1
212.635	3359	3	1
212.683	3360	4	1
212.731	3361	1	1
212.780	3362	2	1
212.828	3363	3	1
212.877	3364	4	1
212.925	3365	1	1
212.973	3366	2	1
213.022	3367	3	1
213.070	3368	4	1
213.119	3369	1	1
213.167	3370	2	1
213.215	3371	3	1
213.264	3372	4	1
213.312	3373	1	1
213.336	3374	2	1
213.361	3375	3	1
213.385	3376	4	1
213.506	3377	1	1
213.602	3378	4	1
213.627	3379	3	1
213.651	3380	2	1
213.675	3381	1	1
213.796	3382	4	1
213.893	3383	1	1
213.917	3384	2	1
213.941	3385	3	1
213.965	3386	4	1
214.086	3387	1	1
214.183	3388	4	1
214.207	3389	3	1
214.231	3390	2	1
214.256	3391	1	1
214.377	3392	4	1
214.473	3393	1	1
214.522	3394	2	1
214.570	3395	3	1
214.619	3396	4	1
214.667	3397	1	1
214.715	3398	2	1
214.764	3399	3	1
214.812	3400	4	1
215.054	3401	2	1
215.151	3402	2	1
215.248	3403	2	1
215.344	3404	2	1
215.538	3405	3	1
215.635	3406	3	1
215.828	3407	3	1
216.022	3408	3	1
216.409	3409	1	1
216.409	3410	2	1
216.409	3411	3	1
216.409	3412	4	1
220.667	3413	3	1
220.861	3414	3	1
221.054	3415	3	1
221.248	3416	3	2
221.441	3417	3	3
221.635	3418	3	2
221.828	3419	3	3
222.215	3420	2	1
222.409	3421	2	1
222.602	3422	2	1
222.796	3423	2	2
222.990	3424	2	3
223.183	3425	2	2
223.377	3426	2	3
223.764	3427	1	2
223.957	3428	1	3
224.151	3429	1	2
224.344	3430	1	3
224.538	3431	1	2
224.731	3432	1	3
224.925	3433	1	2
225.119	3434	1	3
225.312	3435	1	2
225.506	3436	1	3
226.086	3437	4	1
226.280	3438	4	1
226.473	3439	4	2
226.667	3440	4	3
226.861	3441	4	2
227.054	3442	4	3
227.248	3443	4	2
227.441	3444	4	3
227.973	3445	1	2
228.070	3446	3	1
228.070	3447	4	1
228.796	3448	2	1
228.796	3449	3	1
228.796	3450	4	2
228.796	3451	1	3
228.990	3452	1	1
229.183	3453	2	1
229.377	3454	1	1
229.570	3455	3	1
229.764	3456	2	1
229.957	3457	1	1
229.957	3458	3	1
229.957	3459	4	3
230.151	3460	2	1
230.151	3461	4	1
230.344	3462	2	1
230.344	3463	3	1
230.538	3464	1	1
230.538	3465	3	1
230.731	3466	1	2
230.731	3467	4	1
230.925	3468	2	1
231.119	3469	3	1
231.312	3470	2	1
231.506	3471	4	1
231.699	3472	2	1
231.893	3473	3	1
231.893	3474	4	2
231.893	3475	1	3
232.086	3476	1	1
232.280	3477	2	1
232.473	3478	3	1
232.667	3479	2	1
232.861	3480	1	1
233.054	3481	2	1
233.054	3482	3	1
233.054	3483	4	3
233.248	3484	2	1
233.248	3485	4	1
233.441	3486	1	1
233.441	3487	3	1
233.635	3488	2	1
233.635	3489	3	1
233.828	3490	1	2
233.828	3491	4	1
234.022	3492	3	1
234.215	3493	2	1
234.409	3494	4	1
234.602	3495	2	2
234.602	3496	3	1
234.602	3497	1	3
234.796	3498	4	1
234.990	3499	1	1
234.990	3500	3	2
234.990	3501	2	3
235.183	3502	2	1
235.377	3503	4	1
235.570	3504	1	1
235.764	3505	2	1
235.957	3506	1	1
236.151	3507	2	1
236.151	3508	4	1
236.151	3509	3	3
236.344	3510	3	1
236.344	3511	4	1
236.538	3512	1	1
236.538	3513	3	1
236.731	3514	2	1
236.731	3515	4	1
236.925	3516	1	2
236.925	3517	3	1
237.119	3518	2	1
237.312	3519	4	1
237.506	3520	2	1
237.699	3521	3	1
237.699	3522	4	1
237.893	3523	2	1
238.086	3524	2	1
238.086	3525	3	2
238.086	3526	1	3
238.280	3527	1	1
238.473	3528	2	1
238.667	3529	4	1
238.861	3530	1	1
238.861	3531	2	2
238.861	3532	3	3
239.054	3533	4	1
239.248	3534	3	1
239.441	3535	1	1
239.635	3536	3	1
239.635	3537	4	2
239.635	3538	2	3
239.828	3539	1	1
240.022	3540	2	1
240.215	3541	3	1
240.409	3542	1	2
240.409	3543	2	1
240.409	3544	4	3
240.602	3545	4	1
240.796	3546	3	1
240.990	3547	2	1
241.183	3548	2	1
241.183	3549	3	1
241.183	3550	4	2
241.183	3551	1	3
241.570	3552	1	1
241.570	3553	3	1
241.957	3554	1	1
241.957	3555	2	1
242.344	3556	1	1
242.344	3557	3	1
242.344	3558	4	3
242.538	3559	2	1
242.538	3560	4	1
242.731	3561	1	1
242.731	3562	2	1
242.731	3563	3	1
242.925	3564	3	1
242.925	3565	4	1
243.119	3566	1	2
243.119	3567	2	1
243.312	3568	4	2
243.506	3569	2	1
243.506	3570	3	1
243.506	3571	4	3
244.280	3572	2	1
244.280	3573	3	1
244.280	3574	4	2
244.280	3575	1	3
245.054	3576	1	1
245.054	3577	2	1
245.441	3578	1	1
245.441	3579	3	1
245.441	3580	4	3
245.635	3581	2	1
245.635	3582	4	1
245.828	3583	1	1
245.828	3584	3	1
245.828	3585	4	1
246.022	3586	2	1
246.022	3587	3	1
246.215	3588	1	2
246.215	3589	4	1
246.602	3590	3	1
246.602	3591	4	1
246.990	3592	2	2
246.990	3593	4	1
246.990	3594	1	3
247.377	3595	1	1
247.377	3596	3	2
247.377	3597	4	1
247.377	3598	2	3
248.151	3599	1	1
248.151	3600	2	1
248.538	3601	2	1
248.538	3602	4	1
248.538	3603	3	3
248.731	3604	1	1
248.731	3605	3	1
248.731	3606	4	1
248.925	3607	1	1
248.925	3608	2	1
248.925	3609	3	1
249.119	3610	2	1
249.119	3611	4	1
249.312	3612	1	2
249.312	3613	3	1
249.699	3614	3	1
249.699	3615	4	1
250.086	3616	2	1
250.086	3617	4	1
250.473	3618	2	1
250.473	3619	3	1
250.473	3620	4	2
250.473	3621	1	3
250.861	3622	2	1
251.054	3623	1	1
251.054	3624	2	1
251.054	3625	3	1
251.248	3626	1	2
251.248	3627	3	1
251.248	3628	4	3
251.635	3629	2	1
251.635	3630	3	1
252.022	3631	2	1
252.022	3632	3	1
252.022	3633	4	2
252.022	3634	1	3
252.409	3635	1	1
252.409	3636	2	1
252.409	3637	3	1
252.796	3638	2	2
252.796	3639	3	1
252.796	3640	4	3
253.183	3641	3	1
253.183	3642	4	1
253.377	3643	1	2
253.377	3644	3	1
253.377	3645	2	3
253.570	3646	2	1
253.570	3647	3	1
253.570	3648	4	2
253.570	3649	1	3
253.957	3650	1	1
253.957	3651	3	1
254.344	3652	2	1
254.344	3653	3	1
254.538	3654	1	2
254.538	3655	3	1
254.538	3656	4	3
254.731	3657	2	2
254.731	3658	3	1
254.731	3659	4	1
254.731	3660	1	3
254.925	3661	1	1
254.925	3662	3	2
254.925	3663	2	3
255.119	3664	1	1
255.119	3665	2	1
255.119	3666	4	2
255.119	3667	3	3
255.893	3668	1	1
255.893	3669	2	2
255.893	3670	3	1
255.893	3671	4	3
256.473	3672	4	1
256.473	3673	2	3
256.570	3674	3	1
256.667	3675	1	2
256.667	3676	2	1
256.667	3677	4	1
257.441	3678	3	1
257.441	3679	4	1
257.635	3680	2	2
257.635	3681	4	1
257.635	3682	1	3
257.828	3683	1	1
257.828	3684	3	2
257.828	3685	4	1
257.828	3686	2	3
258.022	3687	1	2
258.022	3688	2	1
258.022	3689	3	3
258.215	3690	2	1
258.215	3691	3	1
258.215	3692	4	2
258.215	3693	1	3
258.602	3694	1	2
258.602	3695	2	1
258.602	3696	3	1
258.602	3697	4	3
258.990	3698	2	1
258.990	3699	4	2
258.990	3700	1	3
259.377	3701	1	1
259.377	3702	3	1
259.764	3703	1	2
259.764	3704	2	1
259.764	3705	3	1
259.764	3706	4	3
260.538	3707	3	1
260.538	3708	4	1
260.731	3709	2	2
260.731	3710	4	1
260.731	3711	1	3
260.925	3712	1	1
260.925	3713	3	2
260.925	3714	2	3
261.119	3715	1	1
261.119	3716	2	2
261.119	3717	3	3
261.312	3718	1	1
261.312	3719	3	1
261.312	3720	4	2
261.312	3721	2	3
261.699	3722	1	1
261.699	3723	2	1
261.699	3724	3	1
262.086	3725	1	2
262.086	3726	3	1
262.086	3727	4	3
262.667	3728	2	1
262.764	3729	3	1
262.861	3730	2	1
262.861	3731	4	2
262.861	3732	1	3
263.248	3733	3	2
263.441	3734	1	1
263.441	3735	2	1
263.441	3736	3	3
263.635	3737	1	1
263.635	3738	3	1
264.022	3739	1	1
264.022	3740	2	1
264.409	3741	1	1
264.409	3742	2	1
264.409	3743	3	1
264.409	3744	4	3
264.796	3745	1	1
264.796	3746	4	1
265.957	3747	1	1
265.957	3748	2	1
265.957	3749	3	1
266.344	3750	3	1
266.344	3751	4	1
266.731	3752	2	1
266.731	3753	4	1
267.119	3754	1	1
267.119	3755	2	1
267.119	3756	3	1
267.506	3757	1	1
267.506	3758	3	1
267.506	3759	4	1
268.280	3760	2	1
268.280	3761	3	1
268.667	3762	2	1
268.861	3763	2	1
269.054	3764	1	1
269.054	3765	2	2
269.054	3766	3	1
269.054	3767	4	1
269.248	3768	2	3
269.441	3769	2	2
269.635	3770	2	3
269.828	3771	2	2
270.022	3772	2	3
270.215	3773	4	1
270.602	3774	4	1
270.990	3775	4	1
271.377	3776	4	1
271.764	3777	4	1
271.957	3778	4	1
272.151	3779	1	1
272.151	3780	3	1
272.344	3781	1	2
272.538	3782	3	1
272.538	3783	1	3
272.731	3784	1	2
272.925	3785	3	1
272.925	3786	1	3
273.312	3787	2	1
273.506	3788	2	1
273.699	3789	2	1
273.893	3790	2	2
274.086	3791	3	1
274.086	3792	2	3
274.280	3793	2	2
274.473	3794	3	1
274.473	3795	2	3
274.861	3796	3	1
275.248	3797	1	1
275.248	3798	4	2
275.635	3799	1	1
275.635	3800	4	3
276.022	3801	2	2
276.022	3802	4	1
276.409	3803	4	1
276.409	3804	2	3
276.796	3805	1	1
276.796	3806	3	2
277.183	3807	1	1
277.183	3808	3	3
277.570	3809	1	2
277.570	3810	4	1
277.957	3811	4	1
277.957	3812	1	3
278.344	3813	1	1
278.344	3814	4	2
278.731	3815	1	1
278.731	3816	4	3
279.022	3817	2	1
279.119	3818	1	1
279.119	3819	3	2
279.506	3820	2	1
279.506	3821	3	3
279.699	3822	1	2
279.699	3823	2	2
279.893	3824	3	1
279.893	3825	4	1
279.893	3826	1	3
279.893	3827	2	3
280.086	3828	1	1
280.086	3829	2	1
280.086	3830	4	1
280.183	3831	1	1
280.183	3832	2	1
280.183	3833	4	1
280.377	3834	1	1
280.377	3835	3	1
280.377	3836	4	1
280.473	3837	1	1
280.473	3838	3	1
280.473	3839	4	1
280.667	3840	1	1
280.667	3841	2	1
280.667	3842	3	1
280.764	3843	1	1
280.764	3844	2	1
280.764	3845	3	1
280.957	3846	2	1
280.957	3847	3	1
280.957	3848	4	1
281.054	3849	2	1
281.054	3850	3	1
281.054	3851	4	1
281.248	3852	1	1
281.248	3853	2	1
281.296	3854	3	1
281.296	3855	4	1
281.344	3856	1	1
281.344	3857	2	1
281.393	3858	3	1
281.393	3859	4	1
281.441	3860	1	1
281.441	3861	2	1
281.635	3862	3	1
281.828	3863	1	1
281.828	3864	2	1
281.828	3865	4	1
282.022	3866	1	1
282.119	3867	3	1
282.119	3868	4	1
282.215	3869	2	1
282.409	3870	1	1
282.409	3871	3	1
282.602	3872	1	1
282.602	3873	2	1
282.602	3874	4	1
282.796	3875	3	1
282.893	3876	1	1
282.941	3877	2	1
282.990	3878	4	1
283.038	3879	3	1
283.086	3880	1	1
283.135	3881	2	1
283.183	3882	4	1
283.231	3883	3	1
283.280	3884	1	1
283.328	3885	2	1
283.377	3886	4	1
283.425	3887	3	1
283.473	3888	1	1
283.522	3889	2	1
283.570	3890	4	1
283.619	3891	3	1
283.667	3892	1	1
283.715	3893	2	1
283.764	3894	3	1
283.764	3895	4	1
283.861	3896	1	1
283.861	3897	2	1
284.054	3898	1	1
284.054	3899	3	1
284.248	3900	2	1
284.248	3901	4	1
284.441	3902	3	1
284.441	3903	4	1
284.538	3904	1	1
284.538	3905	2	1
284.731	3906	2	1
284.925	3907	1	1
284.925	3908	3	1
284.925	3909	4	1
285.119	3910	2	1
285.215	3911	1	1
285.215	3912	3	1
285.312	3913	4	1
285.506	3914	1	1
285.506	3915	2	1
285.699	3916	1	1
285.699	3917	2	1
285.699	3918	4	1
285.893	3919	3	1
285.990	3920	1	1
286.038	3921	2	1
286.086	3922	4	1
286.135	3923	3	1
286.183	3924	2	1
286.231	3925	1	1
286.280	3926	4	1
286.328	3927	3	1
286.377	3928	2	1
286.425	3929	1	1
286.473	3930	4	1
286.522	3931	3	1
286.570	3932	2	1
286.619	3933	1	1
286.667	3934	4	1
286.715	3935	3	1
286.764	3936	2	1
286.812	3937	1	1
286.861	3938	4	1
286.957	3939	3	1
287.054	3940	2	1
287.151	3941	4	1
287.248	3942	1	1
287.344	3943	3	1
287.441	3944	1	1
287.490	3945	3	1
287.538	3946	1	1
287.586	3947	3	1
287.635	3948	2	1
287.635	3949	4	1
287.828	3950	1	1
288.022	3951	2	1
288.022	3952	3	1
288.022	3953	4	1
288.215	3954	4	1
288.312	3955	1	1
288.312	3956	2	1
288.409	3957	3	1
288.602	3958	1	1
288.602	3959	2	1
288.699	3960	3	1
288.796	3961	1	1
288.796	3962	2	1
288.796	3963	4	1
288.990	3964	1	1
288.990	3965	3	1
289.086	3966	4	1
289.135	3967	3	1
289.183	3968	1	1
289.231	3969	2	1
289.280	3970	3	1
289.328	3971	4	1
289.377	3972	1	1
289.425	3973	2	1
289.473	3974	3	1
289.522	3975	4	1
289.570	3976	1	1
289.619	3977	2	1
289.667	3978	3	1
289.715	3979	4	1
289.764	3980	1	1
289.812	3981	2	1
289.861	3982	3	1
289.909	3983	4	1
289.957	3984	1	1
289.957	3985	2	1
290.054	3986	3	1
290.054	3987	4	1
290.248	3988	1	1
290.248	3989	2	1
290.441	3990	1	1
290.441	3991	3	1
290.635	3992	2	1
290.683	3993	3	1
290.731	3994	1	1
290.731	3995	4	2
290.925	3996	3	1
291.022	3997	2	1
291.119	3998	1	2
291.119	3999	3	1
291.119	4000	4	3
291.312	4001	4	1
291.409	4002	2	1
291.457	4003	3	1
291.506	4004	2	1
291.506	4005	4	2
291.506	4006	1	3
291.699	4007	3	1
291.796	4008	2	1
291.893	4009	1	1
291.893	4010	3	1
291.893	4011	4	3
292.086	4012	2	1
292.183	4013	4	1
292.231	4014	3	1
292.280	4015	1	1
292.328	4016	2	1
292.377	4017	4	1
292.425	4018	3	1
292.473	4019	1	1
292.522	4020	2	1
292.570	4021	4	1
292.619	4022	3	1
292.667	4023	1	1
292.715	4024	2	1
292.764	4025	4	1
292.812	4026	3	1
292.861	4027	1	1
292.909	4028	2	1
292.957	4029	4	1
293.006	4030	3	1
293.054	4031	1	1
293.151	4032	2	1
293.248	4033	3	1
293.344	4034	1	1
293.441	4035	4	1
293.538	4036	2	1
293.635	4037	3	2
293.731	4038	1	1
293.731	4039	3	3
293.828	4040	4	2
294.215	4041	2	1
294.506	4042	3	1
294.602	4043	1	2
294.602	4044	4	3
294.990	4045	4	2
294.990	4046	1	3
295.280	4047	2	1
295.280	4048	4	3
295.328	4049	3	1
295.377	4050	1	1
295.425	4051	2	1
295.473	4052	3	1
295.522	4053	4	1
295.570	4054	1	1
295.619	4055	2	1
295.667	4056	3	1
295.715	4057	4	1
295.764	4058	1	1
295.812	4059	2	1
295.861	4060	3	1
295.909	4061	4	1
295.957	4062	1	1
296.006	4063	2	1
296.054	4064	3	1
296.102	4065	4	1
296.151	4066	1	1
296.199	4067	2	1
296.248	4068	3	1
296.296	4069	4	1
296.344	4070	1	1
296.393	4071	2	1
296.441	4072	3	1
296.490	4073	4	1
296.538	4074	1	1
296.586	4075	2	1
296.635	4076	3	1
296.683	4077	1	2
296.683	4078	4	1
296.925	4079	2	1
296.925	4080	3	1
296.925	4081	4	1
296.925	4082	1	3
297.119	4083	1	2
297.119	4084	2	2
297.119	4085	3	2
297.312	4086	1	3
297.312	4087	2	3
297.312	4088	3	3
297.409	4089	1	2
297.409	4090	3	2
297.409	4091	4	2
297.602	4092	1	3
297.602	4093	3	3
297.602	4094	4	3
297.699	4095	1	2
297.699	4096	2	2
297.699	4097	4	2
297.893	4098	1	3
297.893	4099	2	3
297.893	4100	4	3
297.990	4101	1	2
297.990	4102	3	2
297.990	4103	4	2
298.183	4104	1	3
298.183	4105	3	3
298.183	4106	4	3
298.280	4107	1	2
298.280	4108	2	2
298.280	4109	3	2
298.473	4110	1	3
298.473	4111	2	3
298.473	4112	3	3
298.570	4113	2	2
298.570	4114	3	2
298.570	4115	4	2
298.764	4116	2	3
298.764	4117	3	3
298.764	4118	4	3
298.861	4119	1	2
298.861	4120	2	2
298.861	4121	3	2
298.861	4122	4	2
299.635	4123	1	3
299.635	4124	2	3
299.635	4125	3	3
299.635	4126	4	3
300.022	4127	1	1
300.022	4128	2	1
300.119	4129	3	1
300.119	4130	4	1
300.215	4131	1	1
300.215	4132	2	1
300.312	4133	3	1
300.312	4134	4	1
300.409	4135	1	1
300.409	4136	2	1
300.506	4137	3	1
300.506	4138	4	1
300.602	4139	1	1
300.602	4140	2	1
300.699	4141	3	1
300.699	4142	4	1
300.796	4143	1	1
300.796	4144	2	1
300.893	4145	3	1
300.893	4146	4	1
300.990	4147	1	1
300.990	4148	2	1
301.086	4149	3	1
301.086	4150	4	1
301.183	4151	1	1
301.183	4152	2	1
301.280	4153	3	1
301.280	4154	4	1
301.377	4155	1	1
301.377	4156	2	1
301.473	4157	3	1
301.473	4158	4	1
301.570	4159	1	1
301.570	4160	2	1
301.667	4161	3	1
301.667	4162	4	1
301.764	4163	1	1
301.764	4164	2	1
301.861	4165	3	1
301.861	4166	4	1
301.957	4167	1	1
301.957	4168	2	1
302.054	4169	3	1
302.054	4170	4	1
302.151	4171	1	1
302.151	4172	2	1
302.248	4173	3	1
302.248	4174	4	1
302.344	4175	1	1
302.369	4176	2	1
302.393	4177	3	1
302.417	4178	4	1
302.731	4179	4	1
302.756	4180	3	1
302.780	4181	2	1
302.804	4182	1	1
303.119	4183	3	1
303.119	4184	4	1
303.215	4185	1	1
303.215	4186	2	1
303.312	4187	3	1
303.312	4188	4	1
303.409	4189	1	1
303.409	4190	2	1
303.506	4191	3	1
303.506	4192	4	1
303.602	4193	1	1
303.602	4194	2	1
303.699	4195	3	1
303.699	4196	4	1
303.796	4197	1	1
303.796	4198	2	1
303.893	4199	3	1
303.893	4200	4	1
303.990	4201	1	1
303.990	4202	2	1
304.086	4203	3	1
304.086	4204	4	1
304.183	4205	1	1
304.183	4206	2	1
304.280	4207	3	1
304.280	4208	4	1
304.377	4209	1	1
304.377	4210	2	1
304.473	4211	3	1
304.473	4212	4	1
304.570	4213	1	1
304.570	4214	2	1
304.667	4215	3	1
304.667	4216	4	1
304.764	4217	1	1
304.764	4218	2	1
304.861	4219	3	1
304.861	4220	4	1
304.957	4221	1	1
304.957	4222	2	1
305.054	4223	3	1
305.054	4224	4	1
305.151	4225	1	1
305.151	4226	2	1
305.248	4227	3	1
305.248	4228	4	1
305.344	4229	1	1
305.344	4230	2	1
305.441	4231	4	1
305.465	4232	3	1
305.490	4233	2	1
305.514	4234	1	1
305.635	4235	4	1
305.659	4236	3	1
305.683	4237	2	1
305.707	4238	1	1
305.828	4239	1	1
305.852	4240	2	1
305.877	4241	3	1
305.901	4242	4	1
306.022	4243	1	1
306.022	4244	2	1
306.215	4245	3	1
306.215	4246	4	1
306.312	4247	3	1
306.312	4248	4	1
306.409	4249	3	1
306.409	4250	4	1
306.506	4251	3	1
306.506	4252	4	1
306.602	4253	1	1
306.602	4254	2	1
306.699	4255	1	1
306.699	4256	2	1
306.796	4257	1	1
306.796	4258	2	1
306.893	4259	1	1
306.893	4260	2	1
306.990	4261	3	1
306.990	4262	4	1
307.054	4263	1	1
307.054	4264	2	1
307.119	4265	3	1
307.119	4266	4	1
307.183	4267	1	1
307.183	4268	2	1
307.248	4269	3	1
307.248	4270	4	1
307.312	4271	1	1
307.312	4272	2	1
307.377	4273	3	1
307.377	4274	4	1
307.441	4275	1	1
307.441	4276	2	1
307.506	4277	3	1
307.506	4278	4	1
307.570	4279	1	1
307.570	4280	2	1
307.635	4281	3	1
307.635	4282	4	1
307.699	4283	1	1
307.699	4284	2	1
307.764	4285	4	1
307.812	4286	3	1
307.861	4287	2	1
307.909	4288	4	1
307.957	4289	1	1
308.006	4290	3	1
308.054	4291	2	1
308.102	4292	1	1
308.151	4293	4	1
308.199	4294	3	1
308.248	4295	2	1
308.296	4296	1	1
308.344	4297	4	1
308.393	4298	2	1
308.441	4299	3	1
308.490	4300	4	1
308.538	4301	1	1
308.586	4302	2	1
308.635	4303	3	1
308.683	4304	1	1
308.731	4305	4	1
308.780	4306	3	1
308.828	4307	2	1
308.877	4308	1	1
308.925	4309	4	1
308.973	4310	3	1
309.022	4311	2	1
309.070	4312	1	1
309.119	4313	4	1
309.167	4314	3	1
309.215	4315	2	1
309.264	4316	1	1
309.312	4317	4	1
309.344	4318	3	1
309.377	4319	2	1
309.409	4320	1	1
309.441	4321	4	1
309.473	4322	3	1
309.506	4323	2	1
309.538	4324	1	1
309.570	4325	4	1
309.602	4326	3	1
309.635	4327	2	1
309.667	4328	1	1
309.699	4329	4	1
309.731	4330	3	1
309.764	4331	2	1
309.796	4332	1	1
309.828	4333	4	1
309.861	4334	3	1
309.893	4335	2	1
309.925	4336	1	1
309.957	4337	4	1
309.990	4338	3	1
310.022	4339	2	1
310.054	4340	1	1
310.086	4341	4	1
310.119	4342	3	1
310.151	4343	2	1
310.183	4344	1	1
310.215	4345	4	1
310.248	4346	3	1
310.280	4347	2	1
310.312	4348	1	1
310.344	4349	4	1
310.377	4350	3	1
310.409	4351	2	1
310.441	4352	1	1
310.473	4353	4	1
310.506	4354	3	1
310.538	4355	2	1
310.570	4356	1	1
310.602	4357	4	1
310.635	4358	3	1
310.667	4359	2	1
310.699	4360	1	1
310.731	4361	4	1
310.764	4362	3	1
310.796	4363	2	1
310.828	4364	1	1
311.151	4365	3	1
311.248	4366	3	1
311.344	4367	3	1
311.538	4368	3	1
311.635	4369	2	1
311.828	4370	2	1
312.022	4371	2	1
312.409	4372	4	1
312.506	4373	3	1
312.602	4374	1	1
312.699	4375	2	1
312.796	4376	4	1
312.893	4377	1	1
312.990	4378	3	1
313.086	4379	1	1
313.183	4380	2	1
313.280	4381	4	1
313.377	4382	3	1
313.473	4383	2	1
313.570	4384	4	1
313.667	4385	2	1
313.764	4386	3	1
313.861	4387	1	1
313.957	4388	2	1
314.054	4389	3	1
314.151	4390	1	1
314.248	4391	2	1
314.344	4392	4	1
314.441	4393	3	1
314.538	4394	2	1
314.635	4395	4	1
314.731	4396	1	1
314.828	4397	3	2
314.925	4398	2	1
314.925	4399	3	3
315.022	4400	1	1
315.119	4401	4	2
315.215	4402	3	1
315.215	4403	4	3
315.312	4404	1	2
315.409	4405	4	1
315.409	4406	1	3
315.506	4407	1	1
315.506	4408	2	1
315.602	4409	3	1
315.602	4410	4	1
315.699	4411	1	1
315.699	4412	2	1
315.796	4413	3	1
315.796	4414	4	1
315.893	4415	1	1
315.893	4416	2	1
315.990	4417	3	1
315.990	4418	4	1
316.086	4419	1	1
316.086	4420	2	1
316.183	4421	3	1
316.183	4422	4	1
316.280	4423	1	1
316.280	4424	2	1
316.377	4425	3	1
316.377	4426	4	1
316.473	4427	1	1
316.473	4428	2	1
316.570	4429	3	1
316.570	4430	4	1
316.667	4431	1	1
316.667	4432	2	1
316.764	4433	3	1
316.764	4434	4	1
316.861	4435	1	1
316.861	4436	2	1
316.957	4437	3	1
316.957	4438	4	1
317.054	4439	1	1
317.102	4440	2	1
317.151	4441	3	1
317.199	4442	4	1
317.248	4443	1	1
317.296	4444	2	1
317.344	4445	3	1
317.393	4446	4	1
317.441	4447	1	1
317.490	4448	2	1
317.538	4449	3	1
317.586	4450	4	1
317.635	4451	1	1
317.683	4452	2	1
317.731	4453	3	1
317.780	4454	4	1
317.828	4455	1	1
317.828	4456	2	1
318.022	4457	4	1
318.119	4458	3	1
318.215	4459	2	1
318.312	4460	1	1
318.602	4461	2	1
318.602	4462	3	1
318.602	4463	4	1
318.699	4464	1	1
318.796	4465	3	1
318.893	4466	1	1
318.990	4467	2	1
318.990	4468	3	1
318.990	4469	4	1
319.086	4470	2	1
319.183	4471	1	1
319.280	4472	4	1
319.377	4473	1	1
319.377	4474	2	1
319.473	4475	4	1
319.522	4476	3	1
319.570	4477	2	1
319.667	4478	4	1
319.764	4479	1	1
319.764	4480	2	1
319.764	4481	3	1
319.861	4482	3	1
319.957	4483	2	1
320.054	4484	4	1
320.151	4485	1	1
320.151	4486	3	1
320.248	4487	2	1
320.344	4488	4	1
320.441	4489	1	1
320.538	4490	2	1
320.538	4491	3	1
320.538	4492	4	1
320.635	4493	2	1
320.731	4494	1	1
320.828	4495	3	1
320.925	4496	2	1
320.925	4497	4	1
321.022	4498	1	1
321.070	4499	4	1
321.119	4500	1	1
321.215	4501	3	1
321.312	4502	1	1
321.312	4503	2	1
321.312	4504	3	1
321.409	4505	4	1
321.506	4506	2	1
321.602	4507	3	1
321.699	4508	1	1
321.699	4509	2	1
321.796	4510	3	1
321.893	4511	1	1
321.893	4512	3	1
321.990	4513	2	1
322.086	4514	1	1
322.086	4515	3	1
322.086	4516	4	1
322.183	4517	2	1
322.280	4518	4	1
322.377	4519	3	1
322.473	4520	1	1
322.473	4521	2	1
322.570	4522	3	1
322.619	4523	4	1
322.667	4524	2	1
322.764	4525	1	1
322.861	4526	2	1
322.861	4527	3	1
322.861	4528	4	1
322.957	4529	4	1
323.054	4530	1	1
323.151	4531	3	1
323.248	4532	1	1
323.248	4533	4	2
323.344	4534	2	2
323.344	4535	4	3
323.441	4536	3	2
323.441	4537	2	3
323.538	4538	1	2
323.538	4539	3	3
323.635	4540	2	1
323.635	4541	3	1
323.635	4542	4	1
323.635	4543	1	3
323.731	4544	3	1
323.828	4545	1	1
323.925	4546	3	1
323.925	4547	4	1
323.973	4548	1	1
323.973	4549	2	1
324.022	4550	3	1
324.022	4551	4	1
324.119	4552	2	1
324.215	4553	1	1
324.215	4554	3	1
324.312	4555	3	1
324.409	4556	2	1
324.409	4557	4	1
324.506	4558	2	1
324.602	4559	1	1
324.602	4560	3	1
324.699	4561	2	1
324.699	4562	4	1
324.796	4563	1	1
324.796	4564	3	1
324.796	4565	4	1
324.893	4566	2	1
324.941	4567	3	1
324.990	4568	4	1
325.086	4569	1	1
325.183	4570	2	1
325.183	4571	3	1
325.183	4572	4	1
325.280	4573	4	1
325.377	4574	2	1
325.473	4575	3	1
325.570	4576	1	1
325.570	4577	2	1
325.667	4578	1	1
325.715	4579	2	1
325.764	4580	3	1
325.861	4581	3	1
325.957	4582	1	1
325.957	4583	2	1
325.957	4584	4	1
326.054	4585	3	1
326.151	4586	2	1
326.248	4587	4	1
326.344	4588	1	1
326.344	4589	2	1
326.441	4590	3	2
326.538	4591	2	1
326.538	4592	3	3
326.635	4593	1	1
326.731	4594	2	1
326.731	4595	3	1
326.731	4596	4	1
326.828	4597	2	1
326.925	4598	3	1
327.022	4599	4	1
327.119	4600	1	1
327.119	4601	2	1
327.215	4602	4	1
327.264	4603	3	1
327.312	4604	2	1
327.409	4605	2	1
327.506	4606	1	1
327.506	4607	3	1
327.506	4608	4	1
327.602	4609	3	1
327.699	4610	2	1
327.796	4611	4	1
327.893	4612	1	1
327.893	4613	2	1
327.893	4614	3	1
327.990	4615	3	1
328.086	4616	1	1
328.183	4617	1	1
328.183	4618	3	1
328.183	4619	4	1
328.280	4620	2	1
328.377	4621	4	1
328.473	4622	2	1
328.473	4623	3	1
328.473	4624	4	1
328.570	4625	1	1
328.667	4626	4	1
328.764	4627	1	1
328.764	4628	2	1
328.812	4629	3	1
328.861	4630	1	1
328.861	4631	2	1
328.957	4632	4	1
329.054	4633	1	1
329.054	4634	3	1
329.054	4635	4	1
329.151	4636	2	1
329.248	4637	1	1
329.248	4638	3	1
329.248	4639	4	1
329.344	4640	2	1
329.441	4641	1	1
329.441	4642	2	1
329.441	4643	4	1
329.635	4644	1	1
329.635	4645	2	1
329.635	4646	3	1
329.731	4647	1	1
329.731	4648	2	1
329.731	4649	3	1
329.925	4650	2	1
329.925	4651	3	1
329.925	4652	4	1
330.022	4653	2	1
330.022	4654	3	1
330.022	4655	4	1
330.215	4656	1	1
330.215	4657	2	1
330.215	4658	3	1
330.215	4659	4	1
330.312	4660	3	1
330.409	4661	2	1
330.506	4662	4	1
330.602	4663	1	1
330.602	4664	3	1
330.699	4665	2	1
330.699	4666	3	1
330.796	4667	2	1
330.796	4668	4	1
330.893	4669	1	1
330.893	4670	3	1
330.990	4671	2	1
330.990	4672	4	2
331.183	4673	2	2
331.377	4674	1	1
331.377	4675	3	1
331.377	4676	2	3
331.377	4677	4	3
331.473	4678	2	1
331.570	4679	4	1
331.667	4680	2	1
331.764	4681	1	1
331.764	4682	3	1
331.764	4683	4	1
331.861	4684	3	1
331.957	4685	2	1
332.054	4686	4	1
332.151	4687	1	1
332.151	4688	2	1
332.151	4689	3	1
332.248	4690	4	1
332.344	4691	2	1
332.441	4692	1	1
332.538	4693	2	1
332.538	4694	3	1
332.538	4695	4	1
332.635	4696	3	1
332.731	4697	1	1
332.828	4698	2	1
332.925	4699	1	1
332.925	4700	3	1
332.925	4701	4	1
333.022	4702	2	1
333.119	4703	4	1
333.215	4704	3	1
333.312	4705	1	1
333.312	4706	2	1
333.361	4707	3	1
333.361	4708	4	1
333.409	4709	1	1
333.409	4710	2	1
333.457	4711	3	1
333.457	4712	4	1
333.506	4713	1	1
333.506	4714	2	1
333.602	4715	4	2
333.699	4716	2	2
333.699	4717	4	3
333.796	4718	3	2
333.796	4719	2	3
333.893	4720	1	1
333.893	4721	2	1
333.893	4722	4	1
333.893	4723	3	3
334.086	4724	1	1
334.086	4725	2	1
334.183	4726	1	1
334.183	4727	2	1
334.280	4728	1	1
334.280	4729	3	1
334.280	4730	4	1
334.473	4731	2	1
334.473	4732	3	1
334.473	4733	4	1
334.570	4734	1	1
334.667	4735	3	1
334.764	4736	4	1
334.861	4737	1	1
334.861	4738	2	1
334.861	4739	3	1
334.957	4740	4	1
335.006	4741	3	1
335.054	4742	2	1
335.151	4743	4	1
335.248	4744	1	1
335.248	4745	2	1
335.248	4746	4	1
335.344	4747	3	1
335.441	4748	1	1
335.538	4749	4	1
335.635	4750	1	1
335.635	4751	2	1
335.635	4752	3	1
335.731	4753	2	2
335.828	4754	4	2
335.828	4755	2	3
335.925	4756	1	2
335.925	4757	4	3
336.022	4758	2	1
336.022	4759	3	1
336.022	4760	4	1
336.022	4761	1	3
336.119	4762	3	2
336.215	4763	2	2
336.215	4764	3	3
336.312	4765	3	1
336.312	4766	4	1
336.312	4767	2	3
336.409	4768	1	2
336.506	4769	4	2
336.506	4770	1	3
336.602	4771	1	1
336.602	4772	2	1
336.602	4773	4	3
336.796	4774	1	1
336.796	4775	2	1
336.796	4776	3	1
336.893	4777	4	1
336.990	4778	3	1
337.086	4779	2	1
337.183	4780	1	1
337.183	4781	3	1
337.183	4782	4	1
337.280	4783	2	1
337.377	4784	3	2
337.473	4785	2	1
337.473	4786	3	3
337.570	4787	1	1
337.570	4788	2	1
337.570	4789	4	1
337.667	4790	3	1
337.764	4791	4	2
337.861	4792	1	2
337.861	4793	4	3
337.957	4794	2	1
337.957	4795	3	1
337.957	4796	4	1
337.957	4797	1	3
338.054	4798	4	1
338.151	4799	2	1
338.248	4800	3	1
338.344	4801	1	1
338.344	4802	2	1
338.344	4803	4	1
338.441	4804	2	1
338.538	4805	3	1
338.635	4806	1	1
338.731	4807	3	1
338.731	4808	4	1
338.780	4809	2	1
338.828	4810	1	1
338.877	4811	3	1
338.925	4812	2	1
339.022	4813	4	1
339.119	4814	1	1
339.119	4815	2	1
339.167	4816	3	1
339.215	4817	4	1
339.264	4818	2	1
339.312	4819	3	1
339.409	4820	1	1
339.506	4821	2	1
339.506	4822	3	1
339.602	4823	1	1
339.602	4824	2	1
339.651	4825	3	1
339.651	4826	4	1
339.699	4827	1	1
339.699	4828	2	1
339.796	4829	4	1
339.893	4830	1	1
339.893	4831	3	1
339.941	4832	2	1
339.990	4833	3	1
340.038	4834	4	1
340.086	4835	1	1
340.086	4836	2	1
340.183	4837	3	1
340.183	4838	4	1
340.280	4839	1	1
340.304	4840	2	1
340.328	4841	3	1
340.352	4842	4	1
340.473	4843	1	1
340.473	4844	2	1
340.570	4845	4	1
340.594	4846	3	1
340.619	4847	2	1
340.643	4848	1	1
340.764	4849	1	1
340.788	4850	2	1
340.812	4851	3	1
340.836	4852	4	1
340.957	4853	4	1
340.981	4854	3	1
341.006	4855	2	1
341.030	4856	1	1
341.248	4857	1	1
341.272	4858	2	1
341.296	4859	3	1
341.320	4860	4	1
341.441	4861	4	1
341.465	4862	3	1
341.538	4863	1	1
341.562	4864	2	1
341.586	4865	3	1
341.611	4866	4	1
341.731	4867	1	1
341.731	4868	2	1
341.828	4869	3	1
341.925	4870	4	1
342.022	4871	2	1
342.119	4872	3	1
342.215	4873	1	1
342.312	4874	4	1
342.409	4875	3	1
342.506	4876	2	1
342.602	4877	4	1
342.699	4878	1	1
342.796	4879	2	1
342.893	4880	4	1
342.941	4881	3	1
342.990	4882	1	1
342.990	4883	2	1
343.086	4884	4	1
343.183	4885	2	1
343.280	4886	3	1
343.377	4887	1	1
343.377	4888	2	2
343.377	4889	4	2
343.667	4890	1	2
343.667	4891	2	3
343.667	4892	4	3
343.764	4893	2	1
343.764	4894	3	2
343.764	4895	4	1
343.957	4896	2	1
343.957	4897	4	1
343.957	4898	1	3
344.054	4899	3	3
344.151	4900	1	2
344.151	4901	2	1
344.151	4902	3	1
344.344	4903	3	1
344.344	4904	4	2
344.538	4905	2	1
344.538	4906	3	1
344.538	4907	1	3
344.538	4908	4	3
344.731	4909	2	1
344.731	4910	4	1
344.925	4911	1	2
344.925	4912	3	1
344.925	4913	4	1
345.215	4914	3	1
345.215	4915	4	1
345.215	4916	1	3
345.312	4917	1	1
345.312	4918	2	1
345.312	4919	3	1
345.506	4920	4	2
345.602	4921	1	1
345.699	4922	1	1
345.699	4923	2	1
345.699	4924	3	1
345.699	4925	4	3
345.796	4926	3	1
345.893	4927	1	1
345.990	4928	4	1
346.183	4929	2	2
346.183	4930	3	2
346.183	4931	4	2
346.377	4932	2	3
346.377	4933	3	3
346.377	4934	4	3
346.473	4935	1	1
346.473	4936	2	1
346.473	4937	4	1
346.570	4938	3	1
346.667	4939	1	1
346.861	4940	2	1
346.861	4941	3	1
346.861	4942	4	1
346.957	4943	1	1
347.054	4944	3	1
347.151	4945	2	1
347.248	4946	2	1
347.248	4947	3	1
347.248	4948	4	1
347.344	4949	1	1
347.344	4950	3	1
347.538	4951	2	1
347.538	4952	4	1
347.635	4953	1	1
347.635	4954	2	1
347.635	4955	4	1
347.828	4956	1	1
347.828	4957	3	1
348.022	4958	1	1
348.022	4959	2	1
348.022	4960	3	1
348.022	4961	4	1
348.119	4962	2	1
348.215	4963	1	1
348.312	4964	3	1
348.312	4965	4	1
348.361	4966	1	1
348.361	4967	2	1
348.409	4968	3	1
348.409	4969	4	1
348.602	4970	1	1
348.699	4971	2	1
348.699	4972	3	1
348.699	4973	4	1
348.990	4974	1	1
348.990	4975	2	1
348.990	4976	3	1
348.990	4977	4	1
349.086	4978	1	1
349.086	4979	2	1
349.086	4980	3	1
349.086	4981	4	1
349.183	4982	1	1
349.183	4983	2	1
349.377	4984	1	1
349.377	4985	2	1
349.570	4986	1	1
349.570	4987	4	1
349.619	4988	2	1
349.667	4989	3	1
349.715	4990	4	1
349.764	4991	1	1
349.861	4992	2	1
349.957	4993	3	1
349.957	4994	4	1
350.054	4995	1	1
350.151	4996	4	1
350.248	4997	2	1
350.344	4998	1	1
350.344	4999	3	1
350.441	5000	2	1
350.538	5001	4	1
350.635	5002	1	2
350.635	5003	3	1
350.925	5004	2	1
350.925	5005	3	1
350.925	5006	4	1
350.925	5007	1	3
351.022	5008	1	1
351.070	5009	2	1
351.119	5010	3	1
351.119	5011	4	1
351.215	5012	1	1
351.312	5013	2	1
351.312	5014	4	1
351.409	5015	2	1
351.409	5016	4	1
351.506	5017	2	1
351.506	5018	4	1
351.699	5019	1	1
351.699	5020	2	1
351.699	5021	3	1
351.893	5022	1	1
351.893	5023	2	1
351.893	5024	4	1
351.990	5025	1	1
351.990	5026	2	1
351.990	5027	4	1
352.183	5028	1	1
352.183	5029	2	1
352.183	5030	4	1
352.377	5031	1	2
352.377	5032	2	2
352.377	5033	3	2
352.377	5034	4	2
352.570	5035	1	3
352.570	5036	2	3
352.570	5037	3	3
352.570	5038	4	3
352.667	5039	1	1
352.667	5040	4	1
352.715	5041	2	1
352.764	5042	3	1
352.812	5043	4	1
352.861	5044	1	1
352.861	5045	2	1
352.957	5046	3	1
352.957	5047	4	1
353.054	5048	2	1
353.054	5049	4	1
353.151	5050	1	1
353.151	5051	3	1
353.248	5052	2	1
353.248	5053	3	1
353.344	5054	1	1
353.344	5055	2	1
353.441	5056	3	1
353.441	5057	4	1
353.490	5058	2	1
353.538	5059	1	1
353.586	5060	4	1
353.635	5061	2	1
353.635	5062	3	1
353.731	5063	1	1
353.731	5064	4	1
353.828	5065	1	1
353.828	5066	2	1
353.925	5067	3	1
353.925	5068	4	1
354.022	5069	1	1
354.022	5070	3	1
354.119	5071	2	1
354.119	5072	4	1
354.215	5073	1	1
354.215	5074	2	1
354.409	5075	2	1
354.409	5076	3	1
354.602	5077	4	1
354.651	5078	1	1
354.699	5079	4	1
354.748	5080	1	1
354.796	5081	4	1
354.844	5082	1	1
354.893	5083	4	1
354.941	5084	1	1
354.990	5085	4	1
355.086	5086	2	1
355.183	5087	2	1
355.183	5088	3	1
355.377	5089	3	1
355.377	5090	4	1
355.570	5091	1	1
355.570	5092	2	1
355.764	5093	1	1
355.764	5094	3	1
355.764	5095	4	1
355.861	5096	2	1
355.957	5097	4	1
356.054	5098	1	1
356.151	5099	2	1
356.151	5100	3	1
356.151	5101	4	1
356.248	5102	3	1
356.344	5103	2	1
356.441	5104	1	1
356.538	5105	3	1
356.538	5106	4	1
356.635	5107	2	1
356.731	5108	4	1
356.828	5109	2	1
356.925	5110	1	1
356.925	5111	2	1
356.925	5112	3	1
357.022	5113	4	1
357.119	5114	2	1
357.215	5115	3	1
357.312	5116	1	1
357.361	5117	2	1
357.409	5118	3	1
357.457	5119	4	1
357.506	5120	1	1
357.554	5121	2	1
357.602	5122	3	1
357.651	5123	4	1
357.699	5124	1	1
357.748	5125	2	1
357.796	5126	3	1
357.844	5127	4	1
357.893	5128	1	1
357.941	5129	2	1
357.990	5130	3	1
358.038	5131	4	1
358.086	5132	1	1
358.086	5133	2	1
358.183	5134	3	1
358.280	5135	2	1
358.377	5136	4	1
358.473	5137	1	1
358.473	5138	2	1
358.473	5139	3	1
358.570	5140	1	1
358.667	5141	3	1
358.764	5142	2	1
358.861	5143	3	1
358.861	5144	4	1
358.957	5145	1	1
359.054	5146	2	1
359.151	5147	3	1
359.151	5148	4	1
359.248	5149	1	1
359.248	5150	2	1
359.248	5151	4	1
359.344	5152	1	1
359.344	5153	3	1
359.441	5154	2	1
359.538	5155	3	1
359.538	5156	4	1
359.635	5157	1	1
359.635	5158	2	1
359.731	5159	4	1
359.828	5160	3	1
359.925	5161	2	1
360.022	5162	1	1
360.022	5163	3	1
360.022	5164	4	1
360.119	5165	3	1
360.215	5166	1	1
360.312	5167	2	1
360.409	5168	4	1
360.457	5169	3	1
360.506	5170	2	1
360.554	5171	1	1
360.602	5172	4	1
360.651	5173	3	1
360.699	5174	2	1
360.748	5175	1	1
360.796	5176	4	1
360.844	5177	3	1
360.893	5178	2	1
360.941	5179	1	1
360.990	5180	3	1
360.990	5181	4	1
361.038	5182	1	1
361.038	5183	2	1
361.086	5184	3	1
361.086	5185	4	1
361.135	5186	1	1
361.135	5187	2	1
361.183	5188	3	1
361.183	5189	4	1
361.377	5190	1	1
361.377	5191	2	1
361.570	5192	1	1
361.570	5193	4	1
361.667	5194	4	1
361.764	5195	1	1
361.812	5196	2	1
361.861	5197	3	1
361.909	5198	4	1
361.957	5199	1	1
361.957	5200	2	1
362.054	5201	3	1
362.151	5202	1	1
362.248	5203	2	1
362.344	5204	2	1
362.344	5205	3	1
362.344	5206	4	1
362.441	5207	1	1
362.538	5208	4	1
362.635	5209	2	1
362.731	5210	3	1
362.731	5211	4	1
362.828	5212	1	1
362.925	5213	3	1
363.022	5214	2	1
363.119	5215	1	1
363.119	5216	3	1
363.119	5217	4	1
363.215	5218	3	1
363.312	5219	2	1
363.409	5220	3	1
363.409	5221	4	1
363.506	5222	1	1
363.554	5223	2	1
363.602	5224	4	1
363.651	5225	3	1
363.699	5226	1	1
363.748	5227	2	1
363.796	5228	4	1
363.844	5229	3	1
363.893	5230	1	1
363.941	5231	2	1
363.990	5232	4	1
364.038	5233	3	1
364.086	5234	1	1
364.135	5235	2	1
364.183	5236	4	1
364.231	5237	3	1
364.280	5238	1	1
364.280	5239	2	1
364.377	5240	4	1
364.473	5241	3	1
364.570	5242	2	1
364.667	5243	1	1
364.667	5244	3	1
364.667	5245	4	1
364.764	5246	3	1
364.861	5247	2	1
364.957	5248	4	1
365.054	5249	1	1
365.054	5250	2	1
365.054	5251	3	1
365.248	5252	2	1
365.344	5253	2	1
365.441	5254	1	1
365.441	5255	3	1
365.441	5256	4	1
365.538	5257	2	1
365.635	5258	3	1
365.731	5259	3	1
365.828	5260	1	1
365.828	5261	2	1
365.828	5262	4	1
366.022	5263	3	1
366.022	5264	4	1
366.119	5265	1	1
366.119	5266	2	1
366.215	5267	1	1
366.215	5268	3	1
366.215	5269	4	1
366.409	5270	1	1
366.409	5271	2	1
366.506	5272	3	1
366.602	5273	4	1
366.651	5274	3	1
366.699	5275	1	1
366.748	5276	2	1
366.796	5277	4	1
366.844	5278	3	1
366.893	5279	1	1
366.941	5280	2	1
366.990	5281	4	1
367.038	5282	3	1
367.086	5283	1	1
367.135	5284	2	1
367.183	5285	4	1
367.231	5286	3	1
367.280	5287	1	1
367.328	5288	2	1
367.377	5289	3	1
367.377	5290	4	1
367.425	5291	1	1
367.473	5292	2	1
367.522	5293	3	1
367.570	5294	4	1
367.667	5295	1	1
367.764	5296	3	1
367.861	5297	2	1
367.957	5298	2	1
367.957	5299	3	1
368.151	5300	1	1
368.151	5301	3	1
368.151	5302	4	1
368.248	5303	1	1
368.248	5304	2	1
368.344	5305	1	1
368.344	5306	3	1
368.441	5307	2	1
368.441	5308	4	1
368.538	5309	1	1
368.538	5310	3	1
368.538	5311	4	1
368.635	5312	2	1
368.635	5313	3	1
368.731	5314	1	1
368.731	5315	4	1
368.828	5316	3	1
368.828	5317	4	1
368.925	5318	1	1
368.925	5319	2	1
368.925	5320	3	1
369.022	5321	2	1
369.022	5322	3	1
369.119	5323	1	1
369.119	5324	4	1
369.215	5325	2	1
369.215	5326	4	1
369.312	5327	1	1
369.312	5328	3	1
369.409	5329	2	1
369.409	5330	4	1
369.506	5331	1	1
369.506	5332	3	1
369.506	5333	4	1
369.602	5334	2	1
369.699	5335	1	1
369.699	5336	2	1
369.699	5337	4	1
369.796	5338	1	1
369.796	5339	3	1
369.893	5340	2	1
369.893	5341	4	1
369.990	5342	2	1
369.990	5343	3	1
370.086	5344	1	1
370.086	5345	4	1
370.183	5346	2	1
370.183	5347	4	1
370.280	5348	1	1
370.280	5349	3	1
370.377	5350	1	1
370.377	5351	2	1
370.473	5352	4	1
370.522	5353	3	1
370.570	5354	2	1
370.619	5355	1	1
370.667	5356	4	1
370.715	5357	3	1
370.764	5358	2	1
370.812	5359	1	1
370.861	5360	4	1
370.909	5361	3	1
370.957	5362	2	1
371.006	5363	1	1
371.054	5364	4	1
371.102	5365	3	1
371.151	5366	2	1
371.199	5367	1	1
371.248	5368	3	1
371.248	5369	4	1
371.344	5370	2	1
371.344	5371	4	1
371.441	5372	2	1
371.441	5373	3	1
371.538	5374	1	1
371.538	5375	4	1
371.635	5376	1	1
371.635	5377	2	1
371.635	5378	3	1
371.731	5379	2	1
371.731	5380	4	1
371.828	5381	1	1
371.828	5382	3	1
371.925	5383	1	1
371.925	5384	2	1
372.022	5385	1	1
372.022	5386	3	1
372.022	5387	4	1
372.119	5388	2	1
372.119	5389	4	1
372.215	5390	1	1
372.215	5391	3	1
372.312	5392	1	1
372.312	5393	2	1
372.409	5394	3	1
372.409	5395	4	1
372.506	5396	2	1
372.506	5397	4	1
372.602	5398	1	1
372.602	5399	2	1
372.699	5400	3	1
372.699	5401	4	1
372.796	5402	1	1
372.796	5403	2	1
372.893	5404	1	1
372.893	5405	3	1
372.990	5406	2	1
372.990	5407	4	1
373.086	5408	2	1
373.086	5409	3	1
373.183	5410	1	1
373.183	5411	4	1
373.280	5412	3	1
373.280	5413	4	1
373.377	5414	1	1
373.377	5415	2	1
373.473	5416	1	1
373.473	5417	3	1
373.570	5418	2	1
373.667	5419	2	1
373.764	5420	2	1
373.861	5421	2	1
373.957	5422	2	1
373.957	5423	3	1
374.151	5424	2	1
374.151	5425	4	1
374.344	5426	1	1
374.344	5427	3	1
374.441	5428	2	1
374.441	5429	3	1
374.538	5430	1	1
374.538	5431	4	1
374.635	5432	1	1
374.635	5433	2	1
374.731	5434	1	1
374.731	5435	2	1
374.731	5436	4	1
374.828	5437	3	1
374.828	5438	4	1
374.925	5439	1	1
374.925	5440	3	1
375.022	5441	1	1
375.022	5442	4	1
375.119	5443	2	1
375.119	5444	3	1
375.119	5445	4	1
375.215	5446	1	1
375.215	5447	2	1
375.312	5448	3	1
375.312	5449	4	1
375.409	5450	2	1
375.409	5451	4	1
375.506	5452	1	1
375.506	5453	2	1
375.602	5454	3	1
375.602	5455	4	1
375.699	5456	1	1
375.699	5457	4	1
375.796	5458	2	1
375.796	5459	3	1
375.893	5460	1	1
375.893	5461	2	1
375.990	5462	1	1
375.990	5463	3	1
376.086	5464	2	1
376.086	5465	4	1
376.183	5466	2	1
376.183	5467	3	1
376.280	5468	1	1
376.280	5469	4	1
376.377	5470	3	1
376.377	5471	4	1
376.473	5472	1	1
376.473	5473	2	1
376.570	5474	3	1
376.570	5475	4	1
376.667	5476	1	1
376.667	5477	2	1
376.764	5478	1	1
376.764	5479	2	1
376.861	5480	1	1
376.861	5481	2	1
376.957	5482	1	1
376.957	5483	2	1
377.054	5484	3	1
377.054	5485	4	1
377.151	5486	3	1
377.151	5487	4	1
377.248	5488	3	1
377.248	5489	4	1
377.344	5490	3	1
377.344	5491	4	1
377.441	5492	1	1
377.465	5493	2	1
377.490	5494	3	1
377.514	5495	4	1
377.731	5496	4	1
377.756	5497	3	1
377.780	5498	2	1
377.804	5499	1	1
378.022	5500	1	1
378.046	5501	2	1
378.070	5502	3	1
378.094	5503	4	1
378.312	5504	1	1
378.336	5505	2	1
378.361	5506	3	1
378.385	5507	4	1
378.602	5508	4	1
378.627	5509	3	1
378.651	5510	2	1
378.675	5511	1	1
378.796	5512	1	1
378.820	5513	2	1
378.844	5514	3	1
378.869	5515	4	1
378.990	5516	2	1
379.183	5517	2	1
379.473	5518	3	1
379.667	5519	3	1
379.764	5520	3	1
379.909	5521	2	1
380.102	5522	3	1
380.151	5523	4	1
380.248	5524	2	1
380.344	5525	1	1
380.344	5526	3	1
380.344	5527	4	1
380.538	5528	1	1
380.538	5529	2	1
380.538	5530	3	1
380.538	5531	4	1
380.925	5532	1	1
380.925	5533	3	1
380.973	5534	2	1
381.022	5535	4	1
381.070	5536	3	1
381.167	5537	2	1
381.264	5538	4	1
381.361	5539	1	1
381.457	5540	3	1
381.554	5541	3	1
381.699	5542	2	1
381.796	5543	4	1
381.893	5544	1	1
381.990	5545	3	1
382.135	5546	2	1
382.231	5547	2	1
382.328	5548	4	1
382.425	5549	1	1
382.570	5550	4	1
382.667	5551	4	1
382.764	5552	2	1
382.861	5553	3	1
383.006	5554	1	1
383.102	5555	3	1
383.199	5556	1	1
383.296	5557	1	1
383.441	5558	4	1
383.538	5559	2	1
383.635	5560	3	1
383.731	5561	4	1
383.877	5562	1	1
383.973	5563	3	1
384.070	5564	2	1
384.167	5565	1	1
384.312	5566	3	1
384.409	5567	2	1
384.506	5568	3	1
384.602	5569	3	1
384.748	5570	2	1
384.844	5571	3	1
384.941	5572	2	1
385.038	5573	2	1
385.183	5574	4	1
385.280	5575	1	1
385.377	5576	3	1
385.473	5577	3	1
385.570	5578	2	1
385.667	5579	1	1
385.764	5580	4	1
385.861	5581	2	1
385.957	5582	3	1
386.054	5583	3	1
386.151	5584	2	1
386.248	5585	1	1
386.344	5586	1	1
386.344	5587	2	1
386.344	5588	3	1
386.344	5589	4	1
386.731	5590	1	1
386.731	5591	2	1
386.731	5592	3	2
386.731	5593	4	2
387.119	5594	1	1
387.119	5595	3	3
387.119	5596	4	3
387.167	5597	2	1
387.215	5598	3	1
387.264	5599	4	1
387.312	5600	1	1
387.409	5601	3	1
387.409	5602	4	1
387.457	5603	2	1
387.506	5604	1	1
387.506	5605	3	1
387.506	5606	4	1
387.651	5607	1	1
387.651	5608	2	1
387.748	5609	1	1
387.748	5610	3	1
387.893	5611	2	1
387.893	5612	4	1
387.990	5613	2	1
387.990	5614	3	1
388.086	5615	1	1
388.086	5616	3	1
388.086	5617	4	1
388.183	5618	1	1
388.183	5619	2	1
388.328	5620	3	1
388.328	5621	4	1
388.425	5622	3	1
388.425	5623	4	1
388.522	5624	1	1
388.522	5625	2	1
388.619	5626	1	1
388.619	5627	2	1
388.667	5628	3	1
388.667	5629	4	1
388.764	5630	1	1
388.764	5631	2	1
388.861	5632	1	1
388.861	5633	3	1
388.957	5634	2	1
388.957	5635	4	1
389.054	5636	1	1
389.054	5637	2	1
389.054	5638	4	1
389.199	5639	3	1
389.199	5640	4	1
389.296	5641	2	1
389.296	5642	4	1
389.393	5643	1	1
389.393	5644	3	1
389.538	5645	1	1
389.538	5646	2	1
389.538	5647	4	1
389.635	5648	1	1
389.635	5649	2	1
389.635	5650	3	1
389.635	5651	4	1
389.731	5652	1	1
389.731	5653	2	1
389.731	5654	3	1
389.731	5655	4	1
389.828	5656	1	2
389.828	5657	2	2
389.828	5658	3	2
389.828	5659	4	2
390.119	5660	1	3
390.119	5661	2	3
390.119	5662	3	3
390.119	5663	4	3
390.264	5664	1	1
390.264	5665	2	1
390.361	5666	1	1
390.361	5667	2	1
390.506	5668	3	1
390.506	5669	4	1
390.602	5670	1	1
390.602	5671	2	1
390.602	5672	4	1
390.748	5673	2	1
390.748	5674	3	1
390.844	5675	1	1
390.844	5676	4	1
390.990	5677	1	2
390.990	5678	2	2
390.990	5679	3	2
390.990	5680	4	2
391.473	5681	1	3
391.473	5682	2	3
391.473	5683	3	3
391.473	5684	4	3
391.570	5685	3	1
391.570	5686	4	1
391.764	5687	1	1
391.764	5688	2	1
391.764	5689	4	1
392.006	5690	2	1
392.006	5691	3	1
392.006	5692	4	1
392.151	5693	1	1
392.151	5694	2	1
392.151	5695	3	1
392.151	5696	4	1
392.344	5697	1	1
392.344	5698	2	1
392.490	5699	1	1
392.490	5700	2	1
392.538	5701	3	1
392.538	5702	4	1
392.635	5703	1	1
392.635	5704	2	1
392.780	5705	1	1
392.780	5706	3	1
392.925	5707	1	1
392.925	5708	2	1
392.925	5709	3	1
392.925	5710	4	1
393.119	5711	1	1
393.119	5712	2	1
393.119	5713	3	1
393.119	5714	4	1
393.312	5715	1	1
393.312	5716	2	1
393.312	5717	4	1
393.361	5718	3	1
393.409	5719	2	1
393.457	5720	1	1
393.506	5721	4	1
393.554	5722	3	1
393.602	5723	2	1
393.651	5724	1	1
393.699	5725	2	1
393.699	5726	3	1
393.699	5727	4	1
393.796	5728	1	1
393.893	5729	3	1
393.990	5730	2	1
394.086	5731	3	1
394.086	5732	4	1
394.183	5733	1	1
394.183	5734	4	1
394.280	5735	1	1
394.280	5736	2	1
394.280	5737	3	1
394.377	5738	2	1
394.377	5739	4	1
394.522	5740	1	1
394.522	5741	3	1
394.619	5742	2	1
394.619	5743	4	1
394.715	5744	2	1
394.715	5745	3	1
394.861	5746	1	2
394.861	5747	2	2
394.861	5748	3	2
394.861	5749	4	2
395.151	5750	1	3
395.151	5751	2	3
395.151	5752	3	3
395.151	5753	4	3
395.248	5754	1	2
395.248	5755	2	2
395.248	5756	3	2
395.248	5757	4	2
395.538	5758	1	3
395.538	5759	2	3
395.538	5760	3	3
395.538	5761	4	3
395.635	5762	1	1
395.635	5763	2	1
395.683	5764	3	1
395.683	5765	4	1
395.731	5766	1	1
395.731	5767	2	1
395.780	5768	3	1
395.780	5769	4	1
395.828	5770	1	1
395.828	5771	2	1
396.022	5772	1	2
396.022	5773	2	2
396.022	5774	3	2
396.119	5775	1	3
396.119	5776	2	3
396.119	5777	3	3
396.215	5778	1	2
396.215	5779	2	2
396.215	5780	4	2
396.409	5781	1	3
396.409	5782	2	3
396.409	5783	4	3
396.506	5784	2	2
396.506	5785	3	2
396.506	5786	4	2
396.699	5787	2	3
396.699	5788	3	3
396.699	5789	4	3
396.796	5790	1	2
396.796	5791	2	2
396.796	5792	3	2
396.990	5793	1	3
396.990	5794	2	3
396.990	5795	3	3
397.086	5796	1	2
397.086	5797	3	2
397.086	5798	4	2
397.280	5799	1	3
397.280	5800	3	3
397.280	5801	4	3
397.377	5802	1	2
397.377	5803	2	2
397.377	5804	4	2
397.570	5805	1	3
397.570	5806	2	3
397.570	5807	4	3
397.667	5808	2	2
397.667	5809	3	2
397.667	5810	4	2
397.861	5811	2	3
397.861	5812	3	3
397.861	5813	4	3
397.957	5814	1	2
397.957	5815	2	2
397.957	5816	3	2
398.731	5817	1	3
398.731	5818	2	3
398.731	5819	3	3
399.119	5820	1	1
399.119	5821	2	1
399.119	5822	3	1
399.119	5823	4	1
399.409	5824	1	1
399.409	5825	2	1
399.409	5826	3	1
399.409	5827	4	1
399.699	5828	1	1
399.699	5829	2	1
399.699	5830	3	1
399.699	5831	4	1
399.893	5832	1	1
399.893	5833	3	1
399.893	5834	4	1
399.990	5835	2	1
399.990	5836	3	1
399.990	5837	4	1
400.086	5838	1	1
400.086	5839	2	1
400.086	5840	4	1
400.135	5841	3	1
400.280	5842	1	2
400.280	5843	2	2
400.377	5844	4	1
400.473	5845	3	1
400.570	5846	4	1
400.812	5847	3	1
400.812	5848	4	1
400.909	5849	3	1
400.909	5850	4	1
401.054	5851	3	1
401.054	5852	4	1
401.054	5853	1	3
401.054	5854	2	3
401.151	5855	1	1
401.151	5856	2	1
401.248	5857	1	1
401.248	5858	3	1
401.344	5859	2	1
401.344	5860	4	1
401.441	5861	1	1
401.441	5862	3	1
401.441	5863	4	1
401.586	5864	1	1
401.586	5865	2	1
401.683	5866	1	1
401.683	5867	2	1
401.780	5868	1	1
401.780	5869	2	1
401.925	5870	1	2
401.925	5871	2	2
401.925	5872	3	2
401.925	5873	4	2
402.119	5874	1	3
402.119	5875	2	3
402.119	5876	3	3
402.119	5877	4	3
402.312	5878	1	2
402.312	5879	2	2
402.312	5880	3	2
402.312	5881	4	2
402.506	5882	1	3
402.506	5883	2	3
402.506	5884	3	3
402.506	5885	4	3
402.602	5886	1	2
402.602	5887	2	2
402.602	5888	3	2
402.602	5889	4	2
402.893	5890	1	3
402.893	5891	2	3
402.893	5892	3	3
402.893	5893	4	3
402.990	5894	1	1
402.990	5895	2	1
402.990	5896	4	1
403.086	5897	3	1
403.086	5898	4	1
403.183	5899	1	1
403.183	5900	2	1
403.328	5901	1	1
403.328	5902	3	1
403.425	5903	1	1
403.425	5904	3	1
403.522	5905	1	1
403.522	5906	2	1
403.570	5907	3	1
403.570	5908	4	1
403.619	5909	1	1
403.619	5910	2	1
403.764	5911	3	1
403.764	5912	4	1
403.861	5913	2	1
403.861	5914	4	1
403.957	5915	1	1
403.957	5916	3	1
404.054	5917	2	1
404.054	5918	3	1
404.151	5919	1	2
404.151	5920	2	2
404.151	5921	3	2
404.151	5922	4	2
404.248	5923	1	3
404.248	5924	2	3
404.248	5925	3	3
404.248	5926	4	3
404.344	5927	1	1
404.344	5928	2	1
404.344	5929	3	1
404.441	5930	1	2
404.441	5931	2	2
404.441	5932	3	2
404.441	5933	4	2
404.538	5934	1	3
404.538	5935	2	3
404.538	5936	3	3
404.538	5937	4	3
404.731	5938	1	2
404.731	5939	2	2
404.731	5940	3	2
404.731	5941	4	2
404.828	5942	1	3
404.828	5943	2	3
404.828	5944	3	3
404.828	5945	4	3
404.925	5946	2	1
404.925	5947	3	1
404.925	5948	4	1
405.022	5949	1	2
405.022	5950	2	2
405.022	5951	3	2
405.022	5952	4	2
405.119	5953	1	3
405.119	5954	2	3
405.119	5955	3	3
405.119	5956	4	3
405.312	5957	3	1
405.312	5958	4	1
405.377	5959	1	1
405.377	5960	2	1
405.441	5961	3	1
405.441	5962	4	1
405.506	5963	1	1
405.506	5964	2	1
405.570	5965	3	1
405.570	5966	4	1
405.635	5967	1	1
405.635	5968	2	1
405.764	5969	3	1
405.764	5970	4	1
405.893	5971	3	1
405.893	5972	4	1
405.957	5973	1	1
405.957	5974	2	1
406.022	5975	3	1
406.086	5976	1	1
406.086	5977	2	1
406.086	5978	4	1
406.344	5979	3	1
406.344	5980	4	1
406.473	5981	2	2
406.473	5982	3	2
406.473	5983	4	2
406.731	5984	1	2
407.054	5985	1	3
407.054	5986	2	3
407.054	5987	3	3
407.054	5988	4	3
407.183	5989	1	1
407.183	5990	2	1
407.248	5991	3	1
407.248	5992	4	1
407.312	5993	1	1
407.312	5994	2	1
407.441	5995	4	1
407.506	5996	2	1
407.506	5997	3	1
407.635	5998	1	1
407.635	5999	2	1
407.635	6000	4	1
407.764	6001	3	1
407.764	6002	4	1
407.893	6003	1	1
407.893	6004	2	1
408.022	6005	1	1
408.022	6006	3	1
408.086	6007	2	1
408.151	6008	3	1
408.215	6009	4	1
408.280	6010	2	1
408.409	6011	1	2
408.409	6012	2	2
408.409	6013	3	2
408.409	6014	4	2
409.086	6015	1	3
409.086	6016	2	3
409.086	6017	3	3
409.086	6018	4	3
409.183	6019	1	2
409.183	6020	2	2
409.183	6021	3	2
409.183	6022	4	2
409.861	6023	1	3
409.861	6024	2	3
409.861	6025	3	3
409.861	6026	4	3
409.957	6027	1	2
409.957	6028	2	2
409.957	6029	3	2
409.957	6030	4	2
410.635	6031	1	3
410.635	6032	2	3
410.635	6033	3	3
410.635	6034	4	3
410.731	6035	1	1
410.731	6036	2	1
410.731	6037	3	1
410.731	6038	4	1
410.828	6039	3	1
410.925	6040	2	1
410.973	6041	1	1
411.022	6042	4	1
411.119	6043	3	1
411.167	6044	2	1
411.215	6045	1	1
411.312	6046	3	1
411.312	6047	4	1
411.409	6048	1	1
411.409	6049	2	1
411.506	6050	1	2
411.506	6051	3	1
411.506	6052	4	1
411.602	6053	2	2
411.699	6054	3	2
411.699	6055	4	2
411.990	6056	1	3
411.990	6057	2	3
411.990	6058	3	3
411.990	6059	4	3
412.086	6060	1	1
412.086	6061	2	1
412.086	6062	4	2
412.183	6063	3	2
412.280	6064	1	2
412.280	6065	2	2
412.570	6066	1	3
412.570	6067	2	3
412.570	6068	3	3
412.570	6069	4	3
412.667	6070	1	2
412.667	6071	3	1
412.667	6072	4	1
412.764	6073	2	2
412.861	6074	3	2
412.861	6075	4	2
413.054	6076	1	3
413.054	6077	2	3
413.054	6078	3	3
413.054	6079	4	3
413.248	6080	3	1
413.248	6081	4	1
413.344	6082	3	1
413.344	6083	4	1
413.441	6084	1	1
413.441	6085	2	1
413.635	6086	1	2
413.635	6087	2	1
413.635	6088	3	2
413.828	6089	2	2
413.828	6090	4	2
413.828	6091	1	3
413.828	6092	3	3
414.022	6093	3	1
414.022	6094	2	3
414.022	6095	4	3
414.119	6096	3	1
414.215	6097	1	1
414.264	6098	2	1
414.312	6099	3	1
414.361	6100	4	1
414.409	6101	1	1
414.409	6102	2	1
414.602	6103	1	1
414.602	6104	2	1
414.602	6105	4	2
414.699	6106	3	2
414.796	6107	1	2
414.796	6108	2	2
415.086	6109	1	3
415.086	6110	2	3
415.086	6111	3	3
415.086	6112	4	3
415.183	6113	1	2
415.183	6114	3	1
415.183	6115	4	1
415.280	6116	2	2
415.377	6117	3	2
415.377	6118	4	2
415.667	6119	1	3
415.667	6120	2	3
415.667	6121	3	3
415.667	6122	4	3
415.764	6123	1	1
415.764	6124	2	1
415.764	6125	4	2
415.861	6126	3	2
415.957	6127	1	2
415.957	6128	2	2
416.151	6129	1	3
416.151	6130	2	3
416.151	6131	3	3
416.151	6132	4	3
416.248	6133	3	1
416.344	6134	1	1
416.441	6135	2	1
416.538	6136	4	1
416.586	6137	3	1
416.635	6138	2	1
416.683	6139	1	1
416.731	6140	4	1
416.780	6141	3	1
416.828	6142	2	1
416.877	6143	4	1
416.925	6144	1	1
416.973	6145	2	1
417.022	6146	3	1
417.070	6147	1	1
417.119	6148	4	1
417.167	6149	3	1
417.215	6150	2	1
417.264	6151	3	1
417.312	6152	1	1
417.312	6153	2	1
417.312	6154	4	1
417.506	6155	1	1
417.506	6156	2	1
417.506	6157	3	1
417.506	6158	4	1