Song Name	E-Lectixilent (E-xtended Mix) [EXTENDED CUT] (Hard) by Se-U-Ra
Title	E-Lectixilent (E-xtended Mix) [EXTENDED CUT] (Hard)
Artist	Se-U-Ra
Description	A 2020 track by Japanese artist and music producer Se-U-Ra, released as part of the 'F-Rozenette' album. Map by Volcana.
Difficulty	31
Primary Color	Chill
Secondary Color	Rush
Cover Image ID	7261750001
Audio Asset ID	rbxassetid://9063497533
Audio File	9063497533.ogg
Last Note Time	363.598
Total Notes	6172
Fever Fill	1571
Fever Time	54.539700
Long Notes	1455
BPM	193
Song Length	364.598000000

Timing Points
0.490	310.880829


Song Data
0.490	1	4	1
0.490	2	3	1
0.645	3	2	1
0.956	4	3	1
0.956	5	1	1
1.034	6	4	1
1.422	7	4	1
1.500	8	1	1
1.578	9	4	1
1.655	10	1	1
1.733	11	3	1
1.733	12	4	1
1.888	13	2	1
2.199	14	3	1
2.277	15	4	1
2.666	16	4	1
2.743	17	1	1
2.821	18	4	1
2.899	19	1	1
3.132	20	2	1
3.443	21	3	1
3.521	22	4	1
3.909	23	4	1
3.987	24	1	1
4.065	25	4	1
4.142	26	1	1
4.376	27	2	1
4.686	28	3	1
4.764	29	4	1
5.153	30	4	1
5.230	31	1	1
5.308	32	4	1
5.386	33	1	1
5.464	34	2	2
9.194	35	2	3
5.464	36	4	1
5.774	37	3	1
6.085	38	4	1
6.163	39	1	1
6.241	40	4	1
6.319	41	1	1
6.552	42	4	1
6.863	43	3	1
6.940	44	4	1
7.329	45	4	1
7.407	46	1	1
7.484	47	4	1
7.562	48	1	1
7.795	49	4	1
7.951	50	3	2
9.194	51	3	3
8.106	52	1	1
8.184	53	4	1
8.572	54	4	1
8.650	55	1	1
8.728	56	4	1
8.806	57	1	1
9.039	58	1	1
9.194	59	4	1
9.194	60	1	2
9.350	61	1	3
9.350	62	4	2
9.505	63	4	3
9.505	64	2	2
9.660	65	2	3
9.660	66	3	1
9.738	67	1	1
9.971	68	1	2
10.127	69	1	3
10.127	70	2	1
10.438	71	3	1
10.438	72	4	1
10.438	73	1	1
10.593	74	2	1
10.749	75	4	1
10.749	76	3	1
10.749	77	1	1
10.904	78	2	1
10.982	79	3	1
11.215	80	2	1
11.215	81	1	1
11.370	82	4	1
11.370	83	3	1
11.370	84	2	1
11.448	85	1	1
11.526	86	3	1
11.526	87	4	1
11.603	88	2	1
11.603	89	1	1
11.837	90	2	1
11.837	91	1	1
11.992	92	3	1
11.992	93	4	1
11.992	94	2	1
12.148	95	1	1
12.225	96	2	1
12.381	97	1	1
12.381	98	4	1
12.458	99	3	1
12.458	100	2	1
12.614	101	4	1
12.614	102	3	1
12.692	103	2	1
12.692	104	1	1
12.847	105	1	1
12.847	106	2	1
12.925	107	4	1
12.925	108	3	1
13.080	109	2	1
13.236	110	4	1
13.236	111	3	1
13.236	112	1	1
13.391	113	2	1
13.469	114	3	1
13.702	115	2	1
13.702	116	1	1
13.857	117	4	1
13.857	118	3	1
13.857	119	2	1
13.935	120	1	1
14.013	121	3	1
14.013	122	4	1
14.091	123	2	1
14.091	124	1	1
14.324	125	2	1
14.324	126	1	1
14.479	127	3	1
14.479	128	4	1
14.479	129	2	1
14.635	130	1	1
14.712	131	2	1
14.868	132	1	1
14.868	133	4	1
14.945	134	3	1
14.945	135	2	1
15.101	136	4	1
15.101	137	3	1
15.179	138	2	1
15.179	139	1	1
15.334	140	2	1
15.334	141	1	1
15.412	142	4	1
15.412	143	3	1
15.567	144	2	1
15.723	145	1	1
15.723	146	3	1
15.723	147	4	1
15.878	148	2	1
15.956	149	3	1
16.189	150	1	1
16.189	151	2	1
16.344	152	2	1
16.344	153	3	1
16.344	154	4	1
16.422	155	1	1
16.500	156	4	1
16.500	157	3	1
16.578	158	1	1
16.578	159	2	1
16.811	160	1	1
16.811	161	2	1
16.966	162	2	1
16.966	163	4	1
16.966	164	3	1
17.122	165	1	1
17.199	166	2	1
17.355	167	4	1
17.355	168	1	1
17.433	169	2	1
17.433	170	3	1
17.588	171	3	1
17.588	172	4	1
17.666	173	1	1
17.666	174	2	1
17.821	175	2	1
17.821	176	1	1
17.899	177	3	1
17.899	178	4	1
18.054	179	2	1
18.210	180	4	1
18.210	181	3	1
18.210	182	1	1
18.365	183	2	1
18.443	184	3	1
18.676	185	2	1
18.676	186	1	1
18.831	187	4	1
18.831	188	3	1
18.831	189	2	1
18.909	190	1	1
18.987	191	3	1
18.987	192	4	1
19.065	193	2	1
19.065	194	1	1
19.298	195	2	1
19.298	196	1	1
19.453	197	3	1
19.453	198	4	1
19.453	199	2	1
19.609	200	1	1
19.686	201	2	1
19.842	202	1	1
19.842	203	4	1
19.920	204	3	1
19.920	205	2	1
20.075	206	4	1
20.075	207	3	1
20.153	208	2	1
20.153	209	1	1
20.308	210	4	1
20.308	211	3	1
20.386	212	2	1
20.386	213	1	2
20.697	214	1	3
20.541	215	3	1
20.697	216	4	2
20.852	217	4	3
20.774	218	1	1
20.852	219	2	1
20.930	220	4	1
21.008	221	3	1
21.085	222	2	1
21.163	223	1	2
21.319	224	1	3
21.241	225	4	1
21.319	226	3	1
21.396	227	1	1
21.474	228	2	1
21.552	229	3	1
21.629	230	4	2
21.785	231	4	3
21.707	232	1	1
21.785	233	2	1
21.863	234	4	1
21.940	235	3	1
22.018	236	2	1
22.096	237	4	2
22.251	238	4	3
22.173	239	1	1
22.251	240	2	1
22.329	241	4	1
22.407	242	3	1
22.484	243	2	1
22.562	244	1	2
22.717	245	1	3
22.640	246	4	1
22.717	247	3	1
22.795	248	1	1
22.873	249	2	1
22.951	250	3	1
23.028	251	4	2
23.184	252	4	3
23.106	253	1	1
23.184	254	2	1
23.262	255	4	1
23.339	256	3	1
23.417	257	2	1
23.495	258	4	2
23.650	259	4	3
23.572	260	1	1
23.650	261	2	1
23.728	262	4	1
23.806	263	3	1
23.883	264	2	1
23.961	265	1	2
24.116	266	1	3
24.039	267	4	1
24.116	268	3	1
24.194	269	1	1
24.272	270	2	1
24.350	271	4	1
24.427	272	3	2
24.583	273	3	3
24.505	274	2	1
24.583	275	1	1
24.660	276	3	1
24.738	277	2	1
24.816	278	1	1
24.816	279	4	1
24.894	280	2	1
24.894	281	3	1
25.049	282	3	1
25.049	283	4	1
25.127	284	1	1
25.127	285	2	1
25.282	286	4	1
25.282	287	3	1
25.360	288	2	1
25.360	289	1	2
25.671	290	1	3
25.515	291	3	1
25.671	292	2	1
25.671	293	3	1
25.671	294	4	2
25.826	295	4	3
25.749	296	1	1
25.826	297	2	1
25.904	298	4	1
25.982	299	3	1
26.059	300	2	1
26.137	301	3	1
26.137	302	1	2
26.293	303	1	3
26.215	304	4	1
26.293	305	2	1
26.293	306	3	1
26.370	307	1	1
26.448	308	4	1
26.448	309	2	1
26.526	310	1	1
26.526	311	3	1
26.603	312	4	2
26.759	313	4	3
26.681	314	1	1
26.759	315	3	1
26.759	316	2	1
26.837	317	4	1
26.914	318	1	1
26.914	319	3	1
26.992	320	2	1
27.070	321	4	2
27.225	322	4	3
27.148	323	1	1
27.225	324	3	1
27.303	325	2	1
27.303	326	4	1
27.381	327	1	1
27.381	328	3	1
27.458	329	2	1
27.536	330	3	1
27.536	331	1	2
27.692	332	1	3
27.614	333	2	1
27.614	334	4	1
27.692	335	3	1
27.769	336	4	1
27.769	337	1	1
27.847	338	3	1
27.847	339	2	1
27.925	340	1	1
28.002	341	4	2
28.158	342	4	3
28.080	343	1	1
28.158	344	3	1
28.158	345	2	1
28.236	346	4	1
28.313	347	3	1
28.391	348	2	1
28.469	349	4	2
28.624	350	4	3
28.546	351	1	1
28.624	352	3	1
28.624	353	2	1
28.702	354	4	1
28.780	355	1	1
28.780	356	3	1
28.857	357	2	1
28.935	358	3	1
28.935	359	1	2
29.091	360	1	3
29.013	361	2	1
29.013	362	4	1
29.091	363	3	1
29.168	364	1	1
29.246	365	3	1
29.246	366	2	1
29.324	367	4	1
29.401	368	1	1
29.401	369	3	2
29.557	370	3	3
29.479	371	2	1
29.557	372	1	1
29.635	373	3	1
29.712	374	2	1
29.790	375	1	1
29.790	376	4	1
29.868	377	2	1
29.868	378	3	1
30.023	379	3	1
30.023	380	4	1
30.101	381	1	1
30.101	382	2	1
30.256	383	4	1
30.256	384	3	1
30.334	385	2	1
30.334	386	1	2
30.645	387	1	3
30.489	388	3	1
30.645	389	2	1
30.645	390	4	1
30.645	391	3	2
30.800	392	3	3
30.723	393	1	1
30.800	394	2	1
30.878	395	3	1
30.956	396	4	1
31.034	397	2	1
31.111	398	4	1
31.111	399	3	2
31.267	400	3	3
31.189	401	1	1
31.267	402	4	1
31.267	403	2	1
31.344	404	1	1
31.422	405	2	1
31.422	406	3	1
31.500	407	1	1
31.500	408	4	1
31.578	409	3	2
31.733	410	3	3
31.655	411	1	1
31.733	412	4	1
31.733	413	2	1
31.811	414	3	1
31.888	415	1	1
31.888	416	4	1
31.966	417	2	1
32.044	418	3	2
32.199	419	3	3
32.122	420	1	1
32.199	421	2	1
32.277	422	1	1
32.277	423	3	1
32.355	424	2	1
32.355	425	4	1
32.433	426	3	1
32.510	427	2	1
32.510	428	1	2
32.666	429	1	3
32.588	430	3	1
32.588	431	4	1
32.666	432	2	1
32.743	433	3	1
32.743	434	1	1
32.821	435	4	1
32.821	436	2	1
32.899	437	1	1
32.977	438	3	2
33.132	439	3	3
33.054	440	4	1
33.132	441	1	1
33.132	442	2	1
33.210	443	3	1
33.287	444	4	1
33.365	445	2	1
33.443	446	3	2
33.598	447	3	3
33.521	448	1	1
33.598	449	4	1
33.598	450	2	1
33.676	451	3	1
33.754	452	1	1
33.754	453	4	1
33.831	454	2	1
33.909	455	3	1
33.909	456	4	2
34.065	457	4	3
33.987	458	2	1
33.987	459	1	1
34.065	460	3	1
34.142	461	4	1
34.220	462	1	1
34.220	463	3	1
34.298	464	2	1
34.376	465	4	1
34.376	466	3	2
34.531	467	3	3
34.453	468	1	1
34.531	469	2	1
34.609	470	3	1
34.686	471	2	1
34.764	472	1	1
34.764	473	4	1
34.842	474	3	1
34.842	475	2	1
34.997	476	3	1
34.997	477	4	1
35.075	478	2	1
35.075	479	1	1
35.230	480	3	1
35.230	481	4	1
35.308	482	2	1
35.308	483	1	2
35.619	484	1	3
35.464	485	3	1
35.619	486	2	1
35.619	487	3	1
35.619	488	4	2
35.774	489	4	3
35.697	490	1	1
35.774	491	2	1
35.852	492	4	1
35.930	493	3	1
36.008	494	2	1
36.085	495	3	1
36.085	496	1	2
36.241	497	1	3
36.163	498	4	1
36.241	499	2	1
36.241	500	3	1
36.319	501	1	1
36.396	502	4	1
36.396	503	2	1
36.474	504	1	1
36.474	505	3	1
36.552	506	4	2
36.707	507	4	3
36.629	508	1	1
36.707	509	3	1
36.707	510	2	1
36.785	511	4	1
36.863	512	1	1
36.863	513	3	1
36.940	514	2	1
37.018	515	4	2
37.173	516	4	3
37.096	517	1	1
37.173	518	3	1
37.251	519	2	1
37.251	520	4	1
37.329	521	1	1
37.329	522	3	1
37.407	523	2	1
37.484	524	3	1
37.484	525	1	2
37.640	526	1	3
37.562	527	2	1
37.562	528	4	1
37.640	529	3	1
37.717	530	4	1
37.717	531	1	1
37.795	532	3	1
37.795	533	2	1
37.873	534	1	1
37.951	535	4	2
38.106	536	4	3
38.028	537	1	1
38.106	538	3	1
38.106	539	2	1
38.184	540	4	1
38.262	541	3	1
38.339	542	2	1
38.417	543	4	2
38.572	544	4	3
38.495	545	1	1
38.572	546	3	1
38.572	547	2	1
38.650	548	4	1
38.728	549	1	1
38.728	550	3	1
38.806	551	2	1
38.883	552	1	1
38.883	553	3	1
38.961	554	2	1
38.961	555	4	1
39.039	556	1	1
39.039	557	3	1
39.116	558	2	1
39.194	559	4	1
39.194	560	3	1
39.272	561	1	1
39.350	562	3	1
39.350	563	2	1
39.505	564	2	1
39.505	565	4	1
39.505	566	1	1
39.660	567	3	1
39.660	568	2	1
39.738	569	1	1
39.738	570	4	1
39.816	571	2	1
39.816	572	3	1
39.971	573	3	1
39.971	574	4	1
40.049	575	1	1
40.049	576	2	1
40.205	577	4	1
40.205	578	3	1
40.282	579	2	1
40.282	580	1	1
40.438	581	2	1
40.593	582	3	1
40.749	583	4	1
40.826	584	2	1
40.904	585	1	1
40.982	586	3	1
41.059	587	4	1
41.137	588	1	1
41.215	589	2	1
41.293	590	4	1
41.370	591	3	1
41.448	592	2	1
41.526	593	1	1
41.681	594	2	1
41.837	595	3	1
41.992	596	4	1
42.070	597	2	1
42.148	598	1	1
42.303	599	4	1
42.381	600	1	1
42.458	601	3	1
42.536	602	4	1
42.614	603	2	1
42.692	604	3	1
42.769	605	1	1
42.847	606	4	1
42.925	607	2	1
43.080	608	3	1
43.236	609	4	1
43.313	610	1	1
43.391	611	3	1
43.546	612	2	1
43.702	613	3	1
43.857	614	1	1
44.013	615	3	1
44.013	616	4	1
44.013	617	2	1
44.168	618	1	1
44.246	619	4	1
44.246	620	2	1
44.324	621	3	1
44.479	622	2	1
44.557	623	1	1
44.635	624	4	1
44.712	625	2	1
44.790	626	3	1
44.945	627	2	2
45.256	628	2	3
45.256	629	4	1
45.256	630	3	1
45.256	631	1	1
45.334	632	2	1
45.412	633	3	1
45.490	634	4	1
45.490	635	1	1
45.567	636	2	1
45.645	637	3	1
45.723	638	4	1
45.723	639	2	1
45.800	640	1	1
45.878	641	2	1
45.878	642	3	1
45.956	643	1	1
45.956	644	4	1
46.034	645	2	1
46.034	646	3	1
46.111	647	1	1
46.189	648	3	1
46.267	649	2	1
46.267	650	4	1
46.344	651	1	1
46.344	652	3	1
46.422	653	4	1
46.422	654	2	1
46.500	655	1	1
46.578	656	2	1
46.655	657	4	1
46.655	658	3	1
46.733	659	1	1
46.811	660	4	1
46.811	661	2	1
46.888	662	1	1
46.888	663	3	1
46.966	664	2	1
47.044	665	1	1
47.122	666	2	1
47.122	667	3	1
47.199	668	1	1
47.199	669	4	1
47.277	670	2	1
47.277	671	3	1
47.355	672	1	1
47.433	673	2	1
47.510	674	1	1
47.510	675	4	1
47.588	676	3	1
47.666	677	4	1
47.666	678	2	1
47.743	679	3	1
47.743	680	1	1
47.821	681	2	1
47.899	682	3	1
47.977	683	4	1
47.977	684	1	1
48.054	685	2	1
48.132	686	3	1
48.210	687	4	1
48.210	688	2	1
48.287	689	1	1
48.365	690	2	1
48.365	691	3	1
48.443	692	1	1
48.443	693	4	1
48.521	694	2	1
48.521	695	3	1
48.598	696	1	1
48.676	697	2	1
48.754	698	1	1
48.754	699	3	1
48.831	700	4	1
48.831	701	2	1
48.909	702	1	1
48.987	703	4	1
49.065	704	3	1
49.142	705	1	1
49.142	706	2	1
49.220	707	4	1
49.298	708	3	1
49.298	709	1	1
49.376	710	2	1
49.376	711	4	1
49.453	712	3	1
49.531	713	2	1
49.609	714	1	1
49.609	715	3	1
49.686	716	2	1
49.686	717	4	1
49.764	718	1	1
49.764	719	3	1
49.842	720	2	1
49.920	721	1	1
49.997	722	2	1
49.997	723	4	1
50.075	724	3	1
50.153	725	4	1
50.153	726	2	1
50.230	727	3	1
50.230	728	1	1
50.308	729	2	1
50.386	730	3	1
50.464	731	4	1
50.464	732	1	1
50.541	733	2	1
50.619	734	3	1
50.697	735	4	1
50.697	736	2	1
50.774	737	1	1
50.852	738	2	1
50.852	739	3	1
50.930	740	1	1
50.930	741	4	1
51.008	742	2	1
51.008	743	3	1
51.085	744	1	1
51.163	745	3	1
51.241	746	2	1
51.241	747	4	1
51.319	748	1	1
51.319	749	3	1
51.396	750	4	1
51.396	751	2	1
51.474	752	1	1
51.552	753	2	1
51.629	754	4	1
51.629	755	3	1
51.707	756	1	1
51.785	757	4	1
51.785	758	2	1
51.863	759	1	1
51.863	760	3	1
51.940	761	2	1
52.018	762	1	1
52.096	763	2	1
52.096	764	3	1
52.173	765	1	1
52.173	766	4	1
52.251	767	2	1
52.251	768	3	1
52.329	769	1	1
52.407	770	2	1
52.484	771	1	1
52.484	772	4	1
52.562	773	3	1
52.640	774	4	1
52.640	775	2	1
52.717	776	3	1
52.717	777	1	1
52.795	778	2	1
52.873	779	3	1
52.951	780	4	1
53.028	781	1	1
53.106	782	3	1
53.184	783	2	1
53.262	784	1	1
53.339	785	3	1
53.417	786	4	1
53.495	787	3	1
53.572	788	1	1
53.650	789	4	1
53.728	790	3	1
53.806	791	2	1
53.883	792	1	1
53.961	793	2	1
54.039	794	3	1
54.116	795	4	1
54.116	796	1	1
54.194	797	2	1
54.272	798	3	1
54.272	799	1	1
54.350	800	2	1
54.350	801	4	1
54.427	802	3	1
54.505	803	2	1
54.583	804	1	1
54.583	805	3	1
54.660	806	2	1
54.660	807	4	1
54.738	808	1	1
54.738	809	3	1
54.816	810	2	1
54.894	811	3	1
54.971	812	1	2
55.049	813	1	3
55.049	814	2	2
55.127	815	2	3
55.127	816	3	2
55.205	817	3	3
55.205	818	4	1
55.205	819	2	2
55.282	820	2	3
55.205	821	1	2
55.282	822	1	3
55.360	823	3	2
55.438	824	3	3
55.360	825	4	2
55.438	826	4	3
55.438	827	1	1
55.515	828	2	2
55.593	829	2	3
55.515	830	3	2
55.593	831	3	3
55.671	832	3	2
55.749	833	3	3
55.671	834	1	2
55.749	835	1	3
55.749	836	4	1
55.826	837	2	2
55.904	838	2	3
55.826	839	1	2
55.904	840	1	3
56.059	841	2	2
56.137	842	2	3
56.059	843	1	2
56.137	844	1	3
56.059	845	3	1
56.215	846	3	2
56.293	847	3	3
56.215	848	4	2
56.293	849	4	3
56.293	850	2	1
56.293	851	1	1
56.370	852	2	2
56.448	853	2	3
56.370	854	3	2
56.448	855	3	3
56.448	856	4	1
56.526	857	1	2
56.603	858	1	3
56.526	859	3	2
56.603	860	3	3
56.603	861	4	1
56.681	862	1	2
56.759	863	1	3
56.681	864	2	2
56.759	865	2	3
56.759	866	3	1
56.914	867	3	2
56.992	868	3	3
56.914	869	1	2
56.992	870	1	3
56.992	871	2	1
57.070	872	3	2
57.148	873	3	3
57.070	874	4	2
57.148	875	4	3
57.148	876	2	1
57.148	877	1	1
57.225	878	3	2
57.303	879	3	3
57.225	880	1	2
57.303	881	1	3
57.381	882	4	2
57.458	883	4	3
57.381	884	2	2
57.458	885	2	3
57.458	886	3	1
57.536	887	4	2
57.614	888	4	3
57.536	889	1	2
57.614	890	1	3
57.614	891	2	1
57.769	892	3	1
57.769	893	2	2
57.847	894	2	3
57.769	895	1	2
57.847	896	1	3
57.925	897	3	2
58.002	898	3	3
57.925	899	4	2
58.002	900	4	3
58.080	901	3	2
58.158	902	3	3
58.080	903	2	2
58.158	904	2	3
58.158	905	1	1
58.236	906	3	2
58.313	907	3	3
58.236	908	4	2
58.313	909	4	3
58.391	910	3	2
58.469	911	3	3
58.391	912	4	2
58.469	913	4	3
58.469	914	1	1
58.546	915	2	2
58.624	916	2	3
58.546	917	3	2
58.624	918	3	3
58.624	919	4	1
58.702	920	2	2
58.780	921	2	3
58.702	922	3	2
58.780	923	3	3
58.935	924	4	1
58.935	925	2	2
59.013	926	2	3
58.935	927	1	2
59.013	928	1	3
59.091	929	3	2
59.168	930	3	3
59.091	931	4	2
59.168	932	4	3
59.168	933	2	1
59.168	934	1	1
59.246	935	2	2
59.324	936	2	3
59.246	937	3	2
59.324	938	3	3
59.401	939	2	1
59.401	940	3	2
59.479	941	3	3
59.401	942	1	2
59.479	943	1	3
59.479	944	4	1
59.557	945	2	2
59.635	946	2	3
59.557	947	1	2
59.635	948	1	3
59.790	949	2	2
59.868	950	2	3
59.790	951	1	2
59.868	952	1	3
59.790	953	3	1
59.945	954	3	2
60.023	955	3	3
59.945	956	4	2
60.023	957	4	3
60.023	958	2	1
60.023	959	1	1
60.101	960	2	2
60.179	961	2	3
60.101	962	3	2
60.179	963	3	3
60.179	964	4	1
60.256	965	2	1
60.256	966	1	2
60.334	967	1	3
60.256	968	3	2
60.334	969	3	3
60.334	970	4	1
60.412	971	3	1
60.412	972	1	2
60.489	973	1	3
60.412	974	2	2
60.489	975	2	3
60.489	976	4	1
60.645	977	4	1
60.645	978	3	2
60.723	979	3	3
60.645	980	1	2
60.723	981	1	3
60.723	982	2	1
60.800	983	3	2
60.878	984	3	3
60.800	985	4	2
60.878	986	4	3
60.878	987	2	1
60.878	988	1	1
60.956	989	3	2
61.034	990	3	3
60.956	991	1	2
61.034	992	1	3
61.111	993	1	1
61.111	994	4	2
61.189	995	4	3
61.111	996	2	2
61.189	997	2	3
61.189	998	3	1
61.267	999	2	1
61.267	1000	4	2
61.344	1001	4	3
61.267	1002	1	2
61.344	1003	1	3
61.344	1004	3	1
61.500	1005	3	1
61.500	1006	2	2
61.578	1007	2	3
61.500	1008	1	2
61.578	1009	1	3
61.655	1010	3	2
61.733	1011	3	3
61.655	1012	4	2
61.733	1013	4	3
61.733	1014	2	1
61.733	1015	1	1
61.811	1016	3	2
61.888	1017	3	3
61.811	1018	2	2
61.888	1019	2	3
61.888	1020	1	1
61.966	1021	2	1
61.966	1022	3	2
62.044	1023	3	3
61.966	1024	4	2
62.044	1025	4	3
62.122	1026	2	1
62.122	1027	3	2
62.199	1028	3	3
62.122	1029	4	2
62.199	1030	4	3
62.199	1031	1	1
62.277	1032	2	2
62.355	1033	2	3
62.277	1034	3	2
62.355	1035	3	3
62.355	1036	1	1
62.355	1037	4	1
62.510	1038	3	1
62.510	1039	4	1
62.588	1040	2	1
62.588	1041	1	1
62.666	1042	3	1
62.666	1043	4	2
62.899	1044	4	3
62.821	1045	1	1
62.977	1046	2	2
63.132	1047	2	3
63.132	1048	1	1
63.287	1049	3	1
63.287	1050	2	1
63.287	1051	4	2
63.598	1052	4	3
63.443	1053	1	1
63.521	1054	3	1
63.521	1055	2	1
63.598	1056	1	1
63.754	1057	2	1
63.754	1058	4	1
63.909	1059	2	1
63.909	1060	4	1
64.065	1061	3	1
64.220	1062	4	1
64.220	1063	2	2
64.376	1064	2	3
64.376	1065	1	1
64.376	1066	3	1
64.531	1067	1	1
64.531	1068	3	1
64.531	1069	4	2
64.842	1070	4	3
64.686	1071	2	1
64.842	1072	1	2
65.153	1073	1	3
64.997	1074	2	1
65.153	1075	4	1
65.153	1076	2	1
65.153	1077	3	2
65.230	1078	3	3
65.308	1079	4	2
65.386	1080	4	3
65.464	1081	3	1
65.464	1082	2	1
65.464	1083	1	2
65.541	1084	1	3
65.619	1085	4	1
65.697	1086	2	1
65.774	1087	3	2
65.852	1088	3	3
65.930	1089	1	1
65.930	1090	4	2
66.008	1091	4	3
66.085	1092	2	1
66.085	1093	4	1
66.085	1094	1	2
66.163	1095	1	3
66.163	1096	3	1
66.241	1097	4	1
66.241	1098	2	2
66.319	1099	2	3
66.319	1100	3	1
66.319	1101	1	1
66.396	1102	4	2
66.474	1103	4	3
66.474	1104	3	1
66.552	1105	4	1
66.552	1106	2	2
66.629	1107	2	3
66.629	1108	1	1
66.707	1109	4	1
66.707	1110	2	1
66.707	1111	3	2
66.785	1112	3	3
66.863	1113	1	2
66.940	1114	1	3
66.940	1115	3	1
67.018	1116	2	2
67.096	1117	2	3
67.096	1118	3	1
67.096	1119	4	1
67.173	1120	2	1
67.173	1121	1	1
67.251	1122	3	1
67.329	1123	1	1
67.329	1124	2	2
67.407	1125	2	3
67.407	1126	4	1
67.407	1127	3	1
67.484	1128	1	2
67.562	1129	1	3
67.562	1130	3	1
67.640	1131	4	1
67.640	1132	2	2
67.717	1133	2	3
67.717	1134	3	1
67.795	1135	1	2
67.873	1136	1	3
67.873	1137	3	1
67.951	1138	1	1
67.951	1139	4	1
67.951	1140	2	2
68.028	1141	2	3
68.106	1142	4	2
68.184	1143	4	3
68.184	1144	2	1
68.262	1145	1	2
68.339	1146	1	3
68.339	1147	3	1
68.417	1148	1	1
68.417	1149	2	2
68.495	1150	2	3
68.495	1151	4	1
68.572	1152	2	1
68.572	1153	1	1
68.572	1154	3	2
68.650	1155	3	3
68.728	1156	3	1
68.728	1157	4	2
68.806	1158	4	3
68.806	1159	2	1
68.806	1160	1	1
68.883	1161	3	2
68.961	1162	3	3
68.961	1163	4	1
69.039	1164	2	1
69.039	1165	1	2
69.116	1166	1	3
69.116	1167	3	1
69.194	1168	1	1
69.194	1169	4	1
69.194	1170	2	2
69.272	1171	2	3
69.350	1172	4	2
69.427	1173	4	3
69.427	1174	1	1
69.505	1175	3	2
69.583	1176	3	3
69.583	1177	1	1
69.583	1178	4	1
69.660	1179	3	1
69.660	1180	2	2
69.738	1181	2	3
69.816	1182	4	1
69.816	1183	1	2
69.894	1184	1	3
69.894	1185	3	1
69.894	1186	2	1
69.971	1187	4	1
70.049	1188	2	1
70.049	1189	1	1
70.127	1190	4	1
70.127	1191	3	2
70.205	1192	3	3
70.282	1193	4	2
70.360	1194	4	3
70.438	1195	2	1
70.438	1196	3	1
70.438	1197	1	2
70.515	1198	1	3
70.593	1199	4	1
70.671	1200	2	1
70.749	1201	3	2
70.826	1202	3	3
70.826	1203	1	1
70.904	1204	2	1
70.904	1205	4	2
70.982	1206	4	3
70.982	1207	3	1
71.059	1208	1	2
71.137	1209	1	3
71.059	1210	2	1
71.059	1211	4	1
71.137	1212	3	1
71.215	1213	4	1
71.215	1214	2	2
71.293	1215	2	3
71.293	1216	3	1
71.293	1217	1	1
71.370	1218	4	2
71.448	1219	4	3
71.448	1220	3	1
71.526	1221	2	2
71.603	1222	2	3
71.526	1223	1	1
71.603	1224	4	1
71.681	1225	1	1
71.681	1226	2	1
71.681	1227	3	2
71.759	1228	3	3
71.837	1229	1	2
71.914	1230	1	3
71.914	1231	3	1
71.992	1232	2	2
72.070	1233	2	3
72.070	1234	3	1
72.070	1235	4	1
72.148	1236	1	1
72.148	1237	2	1
72.225	1238	3	1
72.303	1239	1	1
72.303	1240	2	2
72.381	1241	2	3
72.381	1242	3	1
72.381	1243	4	1
72.458	1244	1	2
72.536	1245	1	3
72.536	1246	3	1
72.614	1247	4	1
72.614	1248	2	2
72.692	1249	2	3
72.692	1250	3	1
72.769	1251	1	2
72.847	1252	1	3
72.847	1253	2	1
72.925	1254	1	1
72.925	1255	4	1
72.925	1256	3	2
73.002	1257	3	3
73.080	1258	1	2
73.158	1259	1	3
73.158	1260	2	1
73.236	1261	4	1
73.313	1262	3	1
73.391	1263	4	1
73.391	1264	1	2
73.469	1265	1	3
73.469	1266	2	1
73.546	1267	4	1
73.546	1268	1	1
73.546	1269	3	2
73.624	1270	3	3
73.624	1271	2	1
73.702	1272	4	1
73.702	1273	1	2
73.780	1274	1	3
73.780	1275	2	1
73.780	1276	3	1
73.857	1277	1	1
73.857	1278	4	2
73.935	1279	4	3
74.013	1280	2	1
74.013	1281	1	2
74.091	1282	1	3
74.168	1283	2	1
74.168	1284	3	2
74.246	1285	3	3
74.246	1286	4	1
74.324	1287	3	1
74.324	1288	2	1
74.324	1289	1	2
74.401	1290	1	3
74.401	1291	4	1
74.479	1292	2	1
74.479	1293	3	2
74.557	1294	3	3
74.557	1295	1	1
74.557	1296	4	1
74.635	1297	2	1
74.635	1298	3	1
74.790	1299	4	1
74.790	1300	3	1
74.868	1301	1	1
74.868	1302	2	1
75.023	1303	4	1
75.023	1304	3	1
75.101	1305	1	1
75.101	1306	2	2
75.179	1307	2	3
75.256	1308	1	2
75.334	1309	1	3
75.412	1310	4	1
75.412	1311	3	1
75.412	1312	2	2
75.490	1313	2	3
75.567	1314	1	2
75.645	1315	1	3
75.645	1316	3	1
75.723	1317	4	1
75.800	1318	3	1
75.878	1319	1	1
75.878	1320	2	2
75.956	1321	2	3
76.034	1322	2	1
76.034	1323	3	1
76.034	1324	4	2
76.111	1325	4	3
76.111	1326	1	1
76.189	1327	3	1
76.189	1328	2	2
76.267	1329	2	3
76.267	1330	1	1
76.267	1331	4	1
76.344	1332	3	1
76.422	1333	2	1
76.500	1334	3	1
76.500	1335	1	2
76.578	1336	1	3
76.655	1337	1	1
76.655	1338	4	1
76.655	1339	2	2
76.733	1340	2	3
76.811	1341	4	2
76.888	1342	4	3
76.888	1343	2	1
76.966	1344	3	2
77.044	1345	3	3
77.044	1346	4	1
77.044	1347	1	1
77.122	1348	3	1
77.122	1349	2	2
77.199	1350	2	3
77.277	1351	2	1
77.277	1352	1	2
77.355	1353	1	3
77.355	1354	4	1
77.355	1355	3	1
77.433	1356	2	2
77.510	1357	2	3
77.510	1358	3	1
77.510	1359	4	1
77.588	1360	2	1
77.588	1361	1	2
77.666	1362	1	3
77.666	1363	4	1
77.743	1364	3	2
77.821	1365	3	3
77.821	1366	1	1
77.899	1367	3	1
77.899	1368	4	1
77.899	1369	2	2
77.977	1370	2	3
78.054	1371	1	2
78.132	1372	1	3
78.132	1373	3	1
78.210	1374	4	1
78.287	1375	2	1
78.365	1376	1	1
78.365	1377	3	2
78.443	1378	3	3
78.521	1379	3	1
78.521	1380	4	1
78.521	1381	2	2
78.598	1382	2	3
78.676	1383	2	1
78.676	1384	1	2
78.754	1385	1	3
78.754	1386	3	1
78.754	1387	4	1
78.831	1388	2	2
78.909	1389	2	3
78.909	1390	4	1
78.987	1391	3	1
78.987	1392	1	2
79.065	1393	1	3
79.142	1394	3	1
79.142	1395	4	1
79.142	1396	2	2
79.220	1397	2	3
79.298	1398	4	2
79.376	1399	4	3
79.376	1400	1	1
79.453	1401	4	2
79.531	1402	4	3
79.531	1403	3	1
79.531	1404	2	1
79.609	1405	4	1
79.609	1406	1	1
79.764	1407	2	1
79.764	1408	4	1
79.842	1409	3	1
79.842	1410	1	1
79.997	1411	2	1
79.997	1412	4	1
80.075	1413	1	1
80.075	1414	3	2
80.153	1415	3	3
80.230	1416	4	2
80.308	1417	4	3
80.386	1418	2	1
80.386	1419	3	1
80.386	1420	1	2
80.464	1421	1	3
80.541	1422	4	1
80.619	1423	2	1
80.697	1424	3	2
80.774	1425	3	3
80.852	1426	1	1
80.852	1427	4	2
80.930	1428	4	3
81.008	1429	4	1
81.008	1430	2	1
81.008	1431	1	2
81.085	1432	1	3
81.085	1433	3	1
81.163	1434	4	1
81.163	1435	2	2
81.241	1436	2	3
81.241	1437	3	1
81.241	1438	1	1
81.319	1439	4	2
81.396	1440	4	3
81.396	1441	3	1
81.474	1442	4	1
81.474	1443	2	2
81.552	1444	2	3
81.552	1445	1	1
81.629	1446	2	1
81.629	1447	4	1
81.629	1448	3	2
81.707	1449	3	3
81.785	1450	1	2
81.863	1451	1	3
81.863	1452	3	1
81.940	1453	2	2
82.018	1454	2	3
82.018	1455	3	1
82.018	1456	4	1
82.096	1457	2	1
82.096	1458	1	1
82.173	1459	3	1
82.251	1460	1	1
82.251	1461	2	2
82.329	1462	2	3
82.329	1463	4	1
82.329	1464	3	1
82.407	1465	1	2
82.484	1466	1	3
82.484	1467	3	1
82.562	1468	4	1
82.562	1469	2	2
82.640	1470	2	3
82.640	1471	3	1
82.717	1472	1	2
82.795	1473	1	3
82.795	1474	3	1
82.873	1475	4	1
82.873	1476	1	1
82.873	1477	2	2
82.951	1478	2	3
83.028	1479	4	2
83.106	1480	4	3
83.106	1481	2	1
83.184	1482	1	2
83.262	1483	1	3
83.262	1484	3	1
83.339	1485	1	1
83.339	1486	2	2
83.417	1487	2	3
83.417	1488	4	1
83.495	1489	1	1
83.495	1490	3	2
83.572	1491	3	3
83.495	1492	2	1
83.650	1493	3	1
83.650	1494	4	2
83.728	1495	4	3
83.728	1496	1	1
83.728	1497	2	1
83.806	1498	4	1
83.806	1499	3	2
83.883	1500	3	3
83.883	1501	2	1
83.961	1502	4	1
83.961	1503	1	2
84.039	1504	1	3
84.039	1505	3	1
84.116	1506	1	1
84.116	1507	2	2
84.194	1508	2	3
84.272	1509	2	1
84.272	1510	3	1
84.272	1511	4	2
84.350	1512	4	3
84.350	1513	1	1
84.427	1514	2	1
84.427	1515	3	2
84.505	1516	3	3
84.505	1517	4	1
84.505	1518	1	1
84.583	1519	3	1
84.583	1520	2	2
84.660	1521	2	3
84.738	1522	4	1
84.738	1523	1	2
84.816	1524	1	3
84.816	1525	2	1
84.816	1526	3	1
84.894	1527	4	1
84.971	1528	2	1
84.971	1529	1	1
85.049	1530	4	1
85.049	1531	3	2
85.360	1532	3	3
85.205	1533	2	1
85.360	1534	1	1
85.515	1535	3	2
85.826	1536	3	3
85.671	1537	4	1
85.671	1538	2	1
85.671	1539	1	1
85.826	1540	1	1
85.982	1541	2	2
86.293	1542	2	3
86.137	1543	3	1
86.293	1544	1	1
86.448	1545	2	2
86.759	1546	2	3
86.603	1547	1	1
86.603	1548	4	1
86.759	1549	3	1
86.914	1550	1	1
86.914	1551	3	2
87.225	1552	3	3
86.914	1553	2	2
87.225	1554	2	3
87.070	1555	4	1
87.225	1556	4	1
87.225	1557	1	1
87.381	1558	4	2
87.692	1559	4	3
87.381	1560	2	2
87.692	1561	2	3
87.536	1562	1	1
87.692	1563	3	1
87.847	1564	2	1
87.847	1565	1	2
88.158	1566	1	3
88.002	1567	3	1
88.158	1568	2	1
88.158	1569	3	1
88.158	1570	4	1
88.313	1571	1	2
88.624	1572	1	3
88.469	1573	3	1
88.624	1574	2	2
88.935	1575	2	3
88.780	1576	3	2
88.857	1577	3	3
88.935	1578	4	2
89.013	1579	4	3
88.935	1580	1	1
89.091	1581	1	2
89.168	1582	1	3
89.091	1583	2	2
89.401	1584	2	3
89.246	1585	3	2
89.324	1586	3	3
89.401	1587	4	2
89.479	1588	4	3
89.401	1589	1	1
89.401	1590	3	1
89.557	1591	1	2
89.635	1592	1	3
89.557	1593	2	2
89.868	1594	2	3
89.712	1595	3	2
89.790	1596	3	3
89.868	1597	4	2
89.945	1598	4	3
90.023	1599	1	1
90.023	1600	4	1
90.023	1601	3	2
90.334	1602	3	3
90.179	1603	2	1
90.334	1604	1	1
90.489	1605	3	2
90.800	1606	3	3
90.645	1607	4	1
90.645	1608	2	1
90.645	1609	1	1
90.800	1610	2	1
90.956	1611	1	1
91.111	1612	2	2
91.422	1613	2	3
91.267	1614	4	1
91.422	1615	3	1
91.578	1616	1	1
91.578	1617	2	2
91.888	1618	2	3
91.733	1619	3	1
91.888	1620	1	1
91.888	1621	3	1
91.888	1622	4	1
92.044	1623	2	2
92.355	1624	2	3
92.199	1625	1	1
92.199	1626	4	1
92.355	1627	1	1
92.355	1628	3	2
92.666	1629	3	3
92.510	1630	2	1
92.666	1631	1	1
92.821	1632	4	1
92.821	1633	3	2
93.132	1634	3	3
92.977	1635	2	1
93.132	1636	4	1
93.132	1637	2	1
93.132	1638	1	1
93.287	1639	3	2
93.598	1640	3	3
93.443	1641	2	1
93.598	1642	4	1
93.754	1643	3	2
94.065	1644	3	3
93.909	1645	2	1
93.909	1646	1	1
94.065	1647	1	1
94.065	1648	4	1
94.220	1649	2	2
94.531	1650	2	3
94.376	1651	1	1
94.376	1652	3	1
94.376	1653	4	1
94.531	1654	3	1
94.686	1655	2	2
94.997	1656	2	3
94.842	1657	3	1
94.842	1658	4	1
94.997	1659	1	1
94.997	1660	4	1
94.997	1661	3	2
95.308	1662	3	3
95.153	1663	2	1
95.308	1664	2	1
95.308	1665	4	1
95.308	1666	1	1
95.464	1667	3	2
95.774	1668	3	3
95.619	1669	4	1
95.619	1670	1	1
95.774	1671	2	1
95.930	1672	1	1
95.930	1673	4	1
95.930	1674	2	2
96.241	1675	2	3
96.085	1676	3	1
96.241	1677	4	1
96.241	1678	1	1
96.396	1679	2	2
96.707	1680	2	3
96.552	1681	3	1
96.552	1682	1	1
96.552	1683	4	1
96.707	1684	3	1
96.863	1685	3	2
97.173	1686	3	3
96.863	1687	2	2
97.173	1688	2	3
97.018	1689	4	1
97.173	1690	4	1
97.173	1691	1	1
97.329	1692	4	2
97.640	1693	4	3
97.329	1694	2	2
97.640	1695	2	3
97.484	1696	3	1
97.484	1697	1	1
97.640	1698	3	1
97.795	1699	4	1
97.795	1700	2	1
97.795	1701	1	2
98.106	1702	1	3
97.951	1703	3	1
98.106	1704	2	1
98.106	1705	4	1
98.262	1706	1	2
98.572	1707	1	3
98.417	1708	2	1
98.417	1709	4	1
98.417	1710	3	1
98.572	1711	2	2
98.883	1712	2	3
98.728	1713	4	1
98.728	1714	3	2
98.806	1715	3	3
98.883	1716	4	2
98.961	1717	4	3
98.883	1718	1	1
99.039	1719	4	1
99.039	1720	1	2
99.116	1721	1	3
99.039	1722	2	2
99.350	1723	2	3
99.194	1724	3	2
99.272	1725	3	3
99.350	1726	4	2
99.427	1727	4	3
99.505	1728	1	2
99.583	1729	1	3
99.505	1730	2	2
99.816	1731	2	3
99.660	1732	1	1
99.660	1733	4	1
99.660	1734	3	2
99.738	1735	3	3
99.816	1736	4	2
99.894	1737	4	3
99.971	1738	3	1
99.971	1739	2	1
99.971	1740	1	1
100.127	1741	1	1
100.127	1742	4	1
100.127	1743	2	1
100.282	1744	2	1
100.282	1745	3	1
100.282	1746	4	1
100.438	1747	4	1
100.438	1748	2	1
100.438	1749	1	1
100.593	1750	2	1
100.593	1751	1	1
100.593	1752	3	1
100.749	1753	4	1
100.749	1754	3	1
100.749	1755	1	1
100.904	1756	2	1
100.904	1757	1	1
100.904	1758	4	1
101.215	1759	3	1
101.215	1760	2	1
101.215	1761	1	1
101.370	1762	1	1
101.370	1763	4	1
101.370	1764	2	1
101.526	1765	2	1
101.526	1766	3	1
101.526	1767	4	1
101.681	1768	4	1
101.681	1769	2	1
101.681	1770	1	1
101.837	1771	2	1
101.837	1772	1	1
101.837	1773	3	1
101.992	1774	4	1
101.992	1775	3	1
101.992	1776	1	1
102.148	1777	2	1
102.148	1778	1	1
102.148	1779	4	1
102.303	1780	2	1
102.303	1781	1	1
102.381	1782	4	1
102.381	1783	3	1
102.458	1784	1	1
102.458	1785	2	1
102.536	1786	3	1
102.536	1787	4	1
102.614	1788	1	1
102.614	1789	2	1
102.692	1790	4	1
102.692	1791	3	1
102.769	1792	2	1
102.769	1793	1	1
102.847	1794	4	1
102.847	1795	3	1
102.925	1796	2	1
102.925	1797	1	1
103.002	1798	3	1
103.002	1799	4	1
103.080	1800	2	1
103.080	1801	1	1
103.158	1802	4	1
103.158	1803	3	1
103.236	1804	1	1
103.236	1805	2	1
103.313	1806	4	1
103.313	1807	3	1
103.391	1808	2	1
103.391	1809	1	1
103.469	1810	3	1
103.469	1811	4	1
103.546	1812	2	1
103.546	1813	1	1
103.624	1814	3	1
103.624	1815	4	1
103.702	1816	1	1
103.702	1817	2	1
103.780	1818	3	1
103.780	1819	4	1
103.857	1820	1	1
103.857	1821	2	1
103.935	1822	3	1
103.935	1823	4	1
104.013	1824	2	1
104.013	1825	1	1
104.091	1826	4	1
104.091	1827	3	1
104.168	1828	2	1
104.168	1829	1	1
104.246	1830	3	1
104.246	1831	4	1
104.324	1832	2	1
104.324	1833	1	1
104.401	1834	3	1
104.401	1835	4	1
104.479	1836	2	1
104.479	1837	1	1
104.557	1838	3	1
104.557	1839	4	1
104.635	1840	2	1
104.635	1841	1	1
104.712	1842	4	1
104.712	1843	3	1
104.790	1844	2	1
104.790	1845	1	1
104.868	1846	4	1
104.868	1847	3	1
104.945	1848	2	2
108.831	1849	2	3
104.945	1850	1	1
108.987	1851	4	2
109.376	1852	4	3
109.453	1853	3	2
109.842	1854	3	3
109.920	1855	2	2
113.806	1856	2	3
113.961	1857	4	2
114.350	1858	4	3
114.427	1859	3	2
114.816	1860	3	3
114.894	1861	2	1
114.894	1862	1	2
115.205	1863	1	3
115.049	1864	3	1
115.205	1865	4	2
115.360	1866	4	3
115.282	1867	1	1
115.360	1868	2	1
115.438	1869	4	1
115.515	1870	3	1
115.593	1871	2	1
115.671	1872	1	2
115.826	1873	1	3
115.749	1874	4	1
115.826	1875	3	1
115.904	1876	1	1
115.982	1877	2	1
116.059	1878	3	1
116.137	1879	4	2
116.293	1880	4	3
116.215	1881	1	1
116.293	1882	2	1
116.370	1883	4	1
116.448	1884	3	1
116.526	1885	2	1
116.603	1886	4	2
116.759	1887	4	3
116.681	1888	1	1
116.759	1889	2	1
116.837	1890	4	1
116.914	1891	3	1
116.992	1892	2	1
117.070	1893	1	2
117.225	1894	1	3
117.148	1895	4	1
117.225	1896	3	1
117.303	1897	1	1
117.381	1898	2	1
117.458	1899	3	1
117.536	1900	4	2
117.692	1901	4	3
117.614	1902	1	1
117.692	1903	2	1
117.769	1904	4	1
117.847	1905	3	1
117.925	1906	2	1
118.002	1907	4	2
118.158	1908	4	3
118.080	1909	1	1
118.158	1910	2	1
118.236	1911	4	1
118.313	1912	3	1
118.391	1913	2	1
118.469	1914	1	2
118.624	1915	1	3
118.546	1916	4	1
118.624	1917	3	1
118.702	1918	1	1
118.780	1919	2	1
118.857	1920	4	1
118.935	1921	3	2
119.091	1922	3	3
119.013	1923	2	1
119.091	1924	1	1
119.168	1925	3	1
119.246	1926	2	1
119.324	1927	1	1
119.324	1928	4	1
119.401	1929	2	1
119.401	1930	3	1
119.557	1931	3	1
119.557	1932	4	1
119.635	1933	1	1
119.635	1934	2	1
119.790	1935	4	1
119.790	1936	3	1
119.868	1937	2	1
119.868	1938	1	2
120.179	1939	1	3
120.023	1940	3	1
120.179	1941	2	1
120.179	1942	3	1
120.179	1943	4	2
120.334	1944	4	3
120.256	1945	1	1
120.334	1946	2	1
120.412	1947	4	1
120.489	1948	3	1
120.567	1949	2	1
120.645	1950	3	1
120.645	1951	1	2
120.800	1952	1	3
120.723	1953	4	1
120.800	1954	2	1
120.800	1955	3	1
120.878	1956	1	1
120.956	1957	4	1
120.956	1958	2	1
121.034	1959	1	1
121.034	1960	3	1
121.111	1961	4	2
121.267	1962	4	3
121.189	1963	1	1
121.267	1964	3	1
121.267	1965	2	1
121.344	1966	4	1
121.422	1967	1	1
121.422	1968	3	1
121.500	1969	2	1
121.578	1970	4	2
121.733	1971	4	3
121.655	1972	1	1
121.733	1973	3	1
121.811	1974	2	1
121.811	1975	4	1
121.888	1976	1	1
121.888	1977	3	1
121.966	1978	2	1
122.044	1979	3	1
122.044	1980	1	2
122.199	1981	1	3
122.122	1982	2	1
122.122	1983	4	1
122.199	1984	3	1
122.277	1985	4	1
122.277	1986	1	1
122.355	1987	3	1
122.355	1988	2	1
122.433	1989	1	1
122.510	1990	4	2
122.666	1991	4	3
122.588	1992	1	1
122.666	1993	3	1
122.666	1994	2	1
122.743	1995	4	1
122.821	1996	3	1
122.899	1997	2	1
122.977	1998	4	2
123.132	1999	4	3
123.054	2000	1	1
123.132	2001	3	1
123.132	2002	2	1
123.210	2003	4	1
123.287	2004	1	1
123.287	2005	3	1
123.365	2006	2	1
123.443	2007	3	1
123.443	2008	1	2
123.598	2009	1	3
123.521	2010	2	1
123.521	2011	4	1
123.598	2012	3	1
123.676	2013	1	1
123.754	2014	3	1
123.754	2015	2	1
123.831	2016	4	1
123.909	2017	1	1
123.909	2018	3	2
124.065	2019	3	3
123.987	2020	2	1
124.065	2021	1	1
124.142	2022	3	1
124.220	2023	2	1
124.298	2024	1	1
124.298	2025	4	1
124.376	2026	2	1
124.376	2027	3	1
124.531	2028	3	1
124.531	2029	4	1
124.609	2030	1	1
124.609	2031	2	1
124.764	2032	4	1
124.764	2033	3	1
124.842	2034	2	1
124.842	2035	1	2
125.153	2036	1	3
124.997	2037	3	1
125.153	2038	2	1
125.153	2039	4	1
125.153	2040	3	2
125.308	2041	3	3
125.230	2042	1	1
125.308	2043	2	1
125.386	2044	3	1
125.464	2045	4	1
125.541	2046	2	1
125.619	2047	4	1
125.619	2048	3	2
125.774	2049	3	3
125.697	2050	1	1
125.774	2051	4	1
125.774	2052	2	1
125.852	2053	1	1
125.930	2054	2	1
125.930	2055	3	1
126.008	2056	1	1
126.008	2057	4	1
126.085	2058	3	2
126.241	2059	3	3
126.163	2060	1	1
126.241	2061	4	1
126.241	2062	2	1
126.319	2063	3	1
126.396	2064	1	1
126.396	2065	4	1
126.474	2066	2	1
126.552	2067	3	2
126.707	2068	3	3
126.629	2069	1	1
126.707	2070	2	1
126.785	2071	1	1
126.785	2072	3	1
126.863	2073	2	1
126.863	2074	4	1
126.940	2075	3	1
127.018	2076	2	1
127.018	2077	1	2
127.173	2078	1	3
127.096	2079	3	1
127.096	2080	4	1
127.173	2081	2	1
127.251	2082	3	1
127.251	2083	1	1
127.329	2084	4	1
127.329	2085	2	1
127.407	2086	1	1
127.484	2087	3	2
127.640	2088	3	3
127.562	2089	4	1
127.640	2090	1	1
127.640	2091	2	1
127.717	2092	3	1
127.795	2093	4	1
127.873	2094	2	1
127.951	2095	3	2
128.106	2096	3	3
128.028	2097	1	1
128.106	2098	4	1
128.106	2099	2	1
128.184	2100	3	1
128.262	2101	1	1
128.262	2102	4	1
128.339	2103	2	1
128.417	2104	3	1
128.417	2105	4	2
128.572	2106	4	3
128.495	2107	2	1
128.495	2108	1	1
128.572	2109	3	1
128.650	2110	4	1
128.728	2111	1	1
128.728	2112	3	1
128.806	2113	2	1
128.883	2114	4	1
128.883	2115	3	2
129.039	2116	3	3
128.961	2117	1	1
129.039	2118	2	1
129.116	2119	3	1
129.194	2120	2	1
129.272	2121	1	1
129.272	2122	4	1
129.350	2123	3	1
129.350	2124	2	1
129.505	2125	3	1
129.505	2126	4	1
129.583	2127	2	1
129.583	2128	1	1
129.738	2129	3	1
129.738	2130	4	1
129.816	2131	2	1
129.816	2132	1	2
130.127	2133	1	3
129.971	2134	3	1
130.127	2135	2	1
130.127	2136	3	1
130.127	2137	4	2
130.282	2138	4	3
130.205	2139	1	1
130.282	2140	2	1
130.360	2141	4	1
130.438	2142	3	1
130.515	2143	2	1
130.593	2144	3	1
130.593	2145	1	2
130.749	2146	1	3
130.671	2147	4	1
130.749	2148	2	1
130.749	2149	3	1
130.826	2150	1	1
130.904	2151	4	1
130.904	2152	2	1
130.982	2153	1	1
130.982	2154	3	1
131.059	2155	4	2
131.215	2156	4	3
131.137	2157	1	1
131.215	2158	3	1
131.215	2159	2	1
131.293	2160	4	1
131.370	2161	1	1
131.370	2162	3	1
131.448	2163	2	1
131.526	2164	4	2
131.681	2165	4	3
131.603	2166	1	1
131.681	2167	3	1
131.759	2168	2	1
131.759	2169	4	1
131.837	2170	1	1
131.837	2171	3	1
131.914	2172	2	1
131.992	2173	3	1
131.992	2174	1	2
132.148	2175	1	3
132.070	2176	2	1
132.070	2177	4	1
132.148	2178	3	1
132.225	2179	4	1
132.225	2180	1	1
132.303	2181	3	1
132.303	2182	2	1
132.381	2183	1	1
132.458	2184	4	2
132.614	2185	4	3
132.536	2186	1	1
132.614	2187	3	1
132.614	2188	2	1
132.692	2189	4	1
132.769	2190	3	1
132.847	2191	2	1
132.925	2192	4	2
133.080	2193	4	3
133.002	2194	1	1
133.080	2195	3	1
133.080	2196	2	1
133.158	2197	4	1
133.236	2198	1	1
133.236	2199	3	1
133.313	2200	2	1
133.391	2201	1	1
133.391	2202	3	1
133.469	2203	2	1
133.469	2204	4	1
133.546	2205	1	1
133.546	2206	3	1
133.624	2207	2	1
133.702	2208	4	1
133.702	2209	3	1
133.780	2210	1	1
133.857	2211	3	1
133.857	2212	2	1
134.013	2213	3	1
134.013	2214	4	1
134.013	2215	1	1
134.168	2216	3	1
134.168	2217	2	1
134.246	2218	1	1
134.246	2219	4	1
134.324	2220	2	1
134.324	2221	3	1
134.479	2222	3	1
134.479	2223	4	1
134.557	2224	1	1
134.557	2225	2	1
134.712	2226	4	1
134.712	2227	3	1
134.790	2228	1	2
136.034	2229	1	3
136.034	2230	4	1
136.034	2231	2	2
136.111	2232	2	3
136.111	2233	3	2
136.189	2234	3	3
136.189	2235	4	2
136.267	2236	4	3
136.267	2237	1	2
136.344	2238	1	3
136.344	2239	3	1
136.500	2240	2	2
136.578	2241	2	3
136.578	2242	3	2
136.655	2243	3	3
136.655	2244	4	2
136.733	2245	4	3
136.733	2246	1	2
136.811	2247	1	3
136.966	2248	4	1
136.966	2249	1	2
137.044	2250	1	3
137.044	2251	2	2
137.122	2252	2	3
137.122	2253	1	1
137.122	2254	3	2
137.199	2255	3	3
137.199	2256	4	2
137.277	2257	4	3
137.277	2258	3	2
137.355	2259	3	3
137.433	2260	2	2
137.510	2261	2	3
137.510	2262	1	2
137.588	2263	1	3
137.743	2264	1	1
137.743	2265	4	2
137.821	2266	4	3
137.821	2267	3	2
137.899	2268	3	3
137.899	2269	2	2
137.977	2270	2	3
137.977	2271	1	2
138.054	2272	1	3
138.210	2273	4	1
138.210	2274	3	2
138.287	2275	3	3
138.287	2276	2	2
138.365	2277	2	3
138.365	2278	1	2
138.443	2279	1	3
138.443	2280	2	2
138.521	2281	2	3
138.521	2282	4	1
138.521	2283	3	2
138.598	2284	3	3
138.598	2285	2	2
138.676	2286	2	3
138.676	2287	1	2
138.754	2288	1	3
138.754	2289	2	2
138.831	2290	2	3
138.831	2291	4	1
138.987	2292	3	2
139.065	2293	3	3
139.065	2294	2	2
139.142	2295	2	3
139.142	2296	1	2
139.220	2297	1	3
139.220	2298	2	2
139.298	2299	2	3
139.453	2300	1	2
139.531	2301	1	3
139.531	2302	2	2
139.609	2303	2	3
139.609	2304	1	1
139.609	2305	3	2
139.686	2306	3	3
139.686	2307	4	2
139.764	2308	4	3
139.764	2309	3	2
139.842	2310	3	3
139.842	2311	2	2
139.920	2312	2	3
139.920	2313	3	2
139.997	2314	3	3
140.075	2315	1	2
140.153	2316	1	3
140.230	2317	4	1
140.230	2318	2	2
140.308	2319	2	3
140.386	2320	3	2
140.464	2321	3	3
140.541	2322	4	2
140.619	2323	4	3
140.697	2324	2	1
140.697	2325	3	2
140.774	2326	3	3
141.008	2327	1	1
141.008	2328	2	2
141.085	2329	2	3
141.085	2330	3	2
141.163	2331	3	3
141.163	2332	4	2
141.241	2333	4	3
141.241	2334	1	2
141.319	2335	1	3
141.319	2336	3	1
141.474	2337	2	2
141.552	2338	2	3
141.552	2339	3	2
141.629	2340	3	3
141.629	2341	4	2
141.707	2342	4	3
141.707	2343	1	2
141.785	2344	1	3
141.785	2345	3	1
141.940	2346	4	1
141.940	2347	1	2
142.018	2348	1	3
142.018	2349	2	2
142.096	2350	2	3
142.096	2351	1	1
142.096	2352	3	2
142.173	2353	3	3
142.173	2354	4	2
142.251	2355	4	3
142.251	2356	3	2
142.329	2357	3	3
142.407	2358	2	2
142.484	2359	2	3
142.484	2360	1	2
142.562	2361	1	3
142.562	2362	4	1
142.717	2363	3	2
142.795	2364	3	3
142.873	2365	3	1
142.873	2366	2	2
142.951	2367	2	3
142.951	2368	1	2
143.028	2369	1	3
143.028	2370	4	1
143.184	2371	1	1
143.184	2372	3	2
143.262	2373	3	3
143.262	2374	2	2
143.339	2375	2	3
143.339	2376	1	2
143.417	2377	1	3
143.417	2378	2	2
143.495	2379	2	3
143.495	2380	1	1
143.495	2381	4	2
143.572	2382	4	3
143.572	2383	3	2
143.650	2384	3	3
143.650	2385	2	2
143.728	2386	2	3
143.728	2387	3	2
143.806	2388	3	3
143.806	2389	1	1
143.961	2390	4	2
144.039	2391	4	3
144.039	2392	2	2
144.116	2393	2	3
144.116	2394	4	1
144.116	2395	1	2
144.194	2396	1	3
144.194	2397	2	2
144.272	2398	2	3
144.272	2399	3	1
144.427	2400	1	2
144.505	2401	1	3
144.505	2402	2	2
144.583	2403	2	3
144.583	2404	1	1
144.583	2405	3	2
144.660	2406	3	3
144.660	2407	4	2
144.738	2408	4	3
144.738	2409	3	2
144.816	2410	3	3
144.816	2411	2	2
144.894	2412	2	3
144.894	2413	3	2
144.971	2414	3	3
145.049	2415	1	2
145.127	2416	1	3
145.205	2417	4	1
145.205	2418	3	2
145.282	2419	3	3
145.360	2420	2	2
145.438	2421	2	3
145.515	2422	1	2
145.593	2423	1	3
145.593	2424	4	1
145.671	2425	3	2
145.749	2426	3	3
145.826	2427	2	1
145.982	2428	4	1
145.982	2429	1	1
145.982	2430	2	2
146.059	2431	2	3
146.059	2432	3	2
146.137	2433	3	3
146.137	2434	4	2
146.215	2435	4	3
146.215	2436	1	2
146.293	2437	1	3
146.293	2438	4	1
146.293	2439	2	1
146.293	2440	3	1
146.448	2441	2	2
146.526	2442	2	3
146.526	2443	3	2
146.603	2444	3	3
146.603	2445	1	1
146.603	2446	2	1
146.603	2447	4	2
146.681	2448	4	3
146.681	2449	3	2
146.759	2450	3	3
146.914	2451	3	1
146.914	2452	4	1
146.914	2453	1	2
146.992	2454	1	3
146.992	2455	2	2
147.070	2456	2	3
147.070	2457	3	2
147.148	2458	3	3
147.148	2459	4	2
147.225	2460	4	3
147.225	2461	2	1
147.225	2462	1	1
147.225	2463	3	2
147.303	2464	3	3
147.381	2465	2	2
147.458	2466	2	3
147.458	2467	1	2
147.536	2468	1	3
147.536	2469	4	1
147.536	2470	2	1
147.536	2471	3	1
147.692	2472	4	2
147.769	2473	4	3
147.769	2474	3	2
147.847	2475	3	3
147.847	2476	1	1
147.847	2477	4	1
147.847	2478	2	2
147.925	2479	2	3
147.925	2480	3	2
148.002	2481	3	3
148.158	2482	1	1
148.158	2483	4	1
148.158	2484	3	2
148.236	2485	3	3
148.236	2486	2	2
148.313	2487	2	3
148.313	2488	4	1
148.313	2489	3	1
148.313	2490	1	2
148.391	2491	1	3
148.391	2492	2	2
148.469	2493	2	3
148.469	2494	1	1
148.469	2495	4	1
148.469	2496	3	2
148.546	2497	3	3
148.546	2498	2	2
148.624	2499	2	3
148.624	2500	1	2
148.702	2501	1	3
148.702	2502	2	2
148.780	2503	2	3
148.780	2504	3	1
148.780	2505	1	1
148.780	2506	4	1
148.935	2507	3	2
149.013	2508	3	3
149.013	2509	2	2
149.091	2510	2	3
149.091	2511	3	1
149.091	2512	4	1
149.091	2513	1	2
149.168	2514	1	3
149.168	2515	2	2
149.246	2516	2	3
149.324	2517	2	1
149.324	2518	1	1
149.401	2519	4	1
149.401	2520	3	1
149.479	2521	2	1
149.557	2522	1	1
149.557	2523	4	1
149.557	2524	3	1
149.635	2525	2	1
149.712	2526	1	1
149.712	2527	4	1
149.712	2528	3	2
149.790	2529	3	3
149.790	2530	2	2
149.868	2531	2	3
149.868	2532	4	1
149.868	2533	1	1
149.868	2534	3	2
149.945	2535	3	3
150.023	2536	2	1
150.023	2537	3	1
150.023	2538	1	2
150.101	2539	1	3
150.179	2540	3	1
150.179	2541	4	1
150.179	2542	2	2
150.256	2543	2	3
150.334	2544	3	2
150.412	2545	3	3
150.490	2546	1	1
150.490	2547	4	2
150.567	2548	4	3
150.645	2549	1	1
150.645	2550	2	1
150.645	2551	3	2
150.723	2552	3	3
150.800	2553	4	1
150.956	2554	3	1
150.956	2555	2	1
150.956	2556	1	1
151.111	2557	2	1
151.111	2558	4	1
151.111	2559	3	1
151.267	2560	2	1
151.267	2561	1	1
151.306	2562	4	1
151.306	2563	3	1
151.344	2564	1	1
151.344	2565	2	1
151.422	2566	4	1
151.422	2567	3	1
151.500	2568	1	1
151.500	2569	2	1
151.578	2570	4	1
151.578	2571	3	1
151.733	2572	2	1
151.733	2573	1	1
151.888	2574	4	1
151.888	2575	3	1
151.927	2576	2	1
151.927	2577	1	1
151.966	2578	4	1
151.966	2579	3	1
152.044	2580	1	1
152.044	2581	2	1
152.122	2582	4	1
152.122	2583	3	1
152.199	2584	1	1
152.199	2585	2	1
152.355	2586	4	1
152.355	2587	3	1
152.510	2588	2	1
152.510	2589	1	1
152.549	2590	3	1
152.549	2591	4	1
152.588	2592	1	1
152.588	2593	2	1
152.666	2594	4	1
152.666	2595	3	1
152.743	2596	1	1
152.743	2597	2	1
152.821	2598	4	2
152.899	2599	4	3
152.977	2600	4	2
153.054	2601	4	3
153.132	2602	3	1
153.132	2603	1	2
153.443	2604	1	3
153.132	2605	2	2
153.443	2606	2	3
153.443	2607	4	1
153.443	2608	3	1
153.521	2609	1	1
153.521	2610	2	1
153.598	2611	3	1
153.598	2612	4	1
153.754	2613	2	1
153.754	2614	1	1
153.909	2615	1	1
153.909	2616	4	1
153.909	2617	3	1
154.065	2618	2	1
154.065	2619	4	1
154.065	2620	3	1
154.220	2621	2	1
154.220	2622	1	1
154.298	2623	3	1
154.298	2624	4	1
154.376	2625	1	1
154.376	2626	2	1
154.453	2627	3	1
154.531	2628	4	1
154.531	2629	1	1
154.609	2630	3	1
154.686	2631	1	2
154.842	2632	1	3
154.686	2633	4	1
154.686	2634	2	1
154.842	2635	4	1
154.997	2636	2	1
155.075	2637	3	1
155.153	2638	2	2
155.308	2639	2	3
155.308	2640	3	2
155.464	2641	3	3
155.464	2642	2	1
155.464	2643	1	1
155.541	2644	4	1
155.541	2645	3	1
155.619	2646	2	1
155.619	2647	1	1
155.930	2648	4	1
155.930	2649	1	1
155.930	2650	2	2
156.008	2651	2	3
156.008	2652	3	2
156.085	2653	3	3
156.085	2654	4	2
156.163	2655	4	3
156.163	2656	1	2
156.241	2657	1	3
156.241	2658	4	1
156.241	2659	3	1
156.241	2660	2	1
156.396	2661	2	2
156.474	2662	2	3
156.474	2663	3	2
156.552	2664	3	3
156.552	2665	4	2
156.629	2666	4	3
156.629	2667	1	2
156.707	2668	1	3
156.707	2669	3	1
156.707	2670	2	1
156.863	2671	3	1
156.863	2672	4	1
156.863	2673	1	2
156.940	2674	1	3
156.940	2675	2	2
157.018	2676	2	3
157.018	2677	1	1
157.018	2678	3	2
157.096	2679	3	3
157.096	2680	2	1
157.096	2681	4	2
157.173	2682	4	3
157.173	2683	3	2
157.251	2684	3	3
157.329	2685	4	1
157.329	2686	2	2
157.407	2687	2	3
157.407	2688	1	2
157.484	2689	1	3
157.484	2690	4	1
157.484	2691	2	1
157.484	2692	3	1
157.640	2693	4	2
157.717	2694	4	3
157.717	2695	3	2
157.795	2696	3	3
157.795	2697	2	2
157.873	2698	2	3
157.873	2699	4	1
157.873	2700	1	2
157.951	2701	1	3
157.951	2702	2	1
157.951	2703	3	1
158.106	2704	1	1
158.106	2705	3	2
158.184	2706	3	3
158.184	2707	4	1
158.184	2708	2	2
158.262	2709	2	3
158.262	2710	1	2
158.339	2711	1	3
158.339	2712	4	1
158.339	2713	2	2
158.417	2714	2	3
158.417	2715	1	1
158.417	2716	3	2
158.495	2717	3	3
158.495	2718	2	2
158.572	2719	2	3
158.572	2720	1	2
158.650	2721	1	3
158.650	2722	2	2
158.728	2723	2	3
158.728	2724	1	1
158.728	2725	3	1
158.728	2726	4	1
158.883	2727	3	2
158.961	2728	3	3
158.961	2729	2	2
159.039	2730	2	3
159.039	2731	1	2
159.116	2732	1	3
159.116	2733	2	2
159.194	2734	2	3
159.194	2735	4	1
159.194	2736	3	1
159.350	2737	3	1
159.350	2738	4	1
159.350	2739	1	2
159.427	2740	1	3
159.427	2741	2	2
159.505	2742	2	3
159.505	2743	1	1
159.505	2744	3	2
159.583	2745	3	3
159.583	2746	2	1
159.583	2747	4	2
159.660	2748	4	3
159.660	2749	3	2
159.738	2750	3	3
159.738	2751	2	2
159.816	2752	2	3
159.816	2753	1	1
159.816	2754	3	2
159.894	2755	3	3
159.971	2756	3	1
159.971	2757	4	1
159.971	2758	1	2
160.049	2759	1	3
160.127	2760	2	2
160.205	2761	2	3
160.282	2762	1	1
160.282	2763	3	2
160.360	2764	3	3
160.438	2765	3	1
160.438	2766	2	1
160.438	2767	4	2
160.515	2768	4	3
160.593	2769	1	1
160.593	2770	3	2
160.671	2771	3	3
160.671	2772	2	1
160.671	2773	4	1
160.749	2774	3	1
160.749	2775	1	1
160.904	2776	1	1
160.904	2777	4	1
160.904	2778	2	2
160.982	2779	2	3
160.982	2780	3	2
161.059	2781	3	3
161.059	2782	4	2
161.137	2783	4	3
161.137	2784	1	2
161.215	2785	1	3
161.215	2786	3	1
161.215	2787	4	1
161.215	2788	2	1
161.370	2789	2	2
161.448	2790	2	3
161.448	2791	3	2
161.526	2792	3	3
161.526	2793	4	2
161.603	2794	4	3
161.603	2795	1	2
161.681	2796	1	3
161.681	2797	3	1
161.681	2798	2	1
161.837	2799	3	1
161.837	2800	4	1
161.837	2801	1	2
161.914	2802	1	3
161.914	2803	2	2
161.992	2804	2	3
161.992	2805	1	1
161.992	2806	3	2
162.070	2807	3	3
162.070	2808	2	1
162.070	2809	4	2
162.148	2810	4	3
162.148	2811	3	2
162.225	2812	3	3
162.225	2813	2	2
162.303	2814	2	3
162.303	2815	4	1
162.303	2816	1	2
162.381	2817	1	3
162.381	2818	2	2
162.458	2819	2	3
162.458	2820	1	1
162.458	2821	4	1
162.458	2822	3	1
162.614	2823	4	2
162.692	2824	4	3
162.692	2825	3	2
162.769	2826	3	3
162.769	2827	2	2
162.847	2828	2	3
162.847	2829	4	1
162.847	2830	1	2
162.925	2831	1	3
162.925	2832	2	1
162.925	2833	3	1
163.080	2834	1	1
163.080	2835	3	2
163.158	2836	3	3
163.158	2837	4	1
163.158	2838	2	2
163.236	2839	2	3
163.236	2840	1	2
163.313	2841	1	3
163.313	2842	3	1
163.313	2843	2	2
163.391	2844	2	3
163.391	2845	1	1
163.391	2846	4	2
163.469	2847	4	3
163.469	2848	3	2
163.546	2849	3	3
163.546	2850	2	2
163.624	2851	2	3
163.624	2852	3	2
163.702	2853	3	3
163.702	2854	4	1
163.702	2855	2	1
163.702	2856	1	1
163.857	2857	4	2
163.935	2858	4	3
163.935	2859	2	2
164.013	2860	2	3
164.013	2861	1	2
164.091	2862	1	3
164.091	2863	2	2
164.168	2864	2	3
164.168	2865	4	1
164.168	2866	3	1
164.324	2867	1	2
164.401	2868	1	3
164.401	2869	2	2
164.479	2870	2	3
164.479	2871	4	1
164.479	2872	1	1
164.479	2873	3	2
164.557	2874	3	3
164.557	2875	2	1
164.557	2876	4	2
164.635	2877	4	3
164.635	2878	3	2
164.712	2879	3	3
164.712	2880	2	2
164.790	2881	2	3
164.790	2882	4	1
164.790	2883	1	1
164.790	2884	3	2
164.868	2885	3	3
164.945	2886	1	2
165.023	2887	1	3
165.023	2888	4	1
165.023	2889	2	1
165.023	2890	3	1
165.101	2891	3	2
165.179	2892	3	3
165.256	2893	4	1
165.256	2894	1	1
165.256	2895	2	2
165.334	2896	2	3
165.412	2897	1	2
165.489	2898	1	3
165.489	2899	4	1
165.489	2900	3	1
165.489	2901	2	1
165.567	2902	3	2
165.645	2903	3	3
165.723	2904	2	1
165.723	2905	1	1
165.800	2906	3	1
165.800	2907	4	1
165.878	2908	1	1
165.878	2909	2	2
165.956	2910	2	3
165.956	2911	3	2
166.034	2912	3	3
166.034	2913	4	2
166.111	2914	4	3
166.111	2915	1	2
166.189	2916	1	3
166.189	2917	4	1
166.189	2918	3	1
166.189	2919	2	1
166.344	2920	2	2
166.422	2921	2	3
166.422	2922	3	2
166.500	2923	3	3
166.500	2924	4	2
166.578	2925	4	3
166.578	2926	1	2
166.655	2927	1	3
166.655	2928	3	1
166.655	2929	2	1
166.811	2930	3	1
166.811	2931	4	1
166.811	2932	1	2
166.888	2933	1	3
166.888	2934	2	2
166.966	2935	2	3
166.966	2936	1	1
166.966	2937	3	2
167.044	2938	3	3
167.044	2939	2	1
167.044	2940	4	2
167.122	2941	4	3
167.122	2942	3	2
167.199	2943	3	3
167.277	2944	4	1
167.277	2945	2	2
167.355	2946	2	3
167.355	2947	1	2
167.433	2948	1	3
167.433	2949	4	1
167.433	2950	2	1
167.433	2951	3	1
167.588	2952	4	2
167.666	2953	4	3
167.666	2954	3	2
167.743	2955	3	3
167.743	2956	2	2
167.821	2957	2	3
167.821	2958	4	1
167.821	2959	1	2
167.899	2960	1	3
167.899	2961	2	1
167.899	2962	3	1
168.054	2963	1	1
168.054	2964	3	2
168.132	2965	3	3
168.132	2966	4	1
168.132	2967	2	2
168.210	2968	2	3
168.210	2969	1	2
168.287	2970	1	3
168.287	2971	4	1
168.287	2972	2	2
168.365	2973	2	3
168.365	2974	1	1
168.365	2975	3	2
168.443	2976	3	3
168.443	2977	2	2
168.521	2978	2	3
168.521	2979	1	2
168.598	2980	1	3
168.598	2981	2	2
168.676	2982	2	3
168.676	2983	1	1
168.676	2984	3	1
168.676	2985	4	1
168.831	2986	3	2
168.909	2987	3	3
168.909	2988	2	2
168.987	2989	2	3
168.987	2990	1	2
169.065	2991	1	3
169.065	2992	2	2
169.142	2993	2	3
169.142	2994	4	1
169.142	2995	3	1
169.298	2996	3	1
169.298	2997	4	1
169.298	2998	1	2
169.376	2999	1	3
169.376	3000	2	2
169.453	3001	2	3
169.453	3002	1	1
169.453	3003	3	2
169.531	3004	3	3
169.531	3005	2	1
169.531	3006	4	2
169.609	3007	4	3
169.609	3008	3	2
169.686	3009	3	3
169.686	3010	2	2
169.764	3011	2	3
169.764	3012	1	1
169.764	3013	3	2
169.842	3014	3	3
169.920	3015	3	1
169.920	3016	4	1
169.920	3017	1	2
169.997	3018	1	3
170.075	3019	2	2
170.153	3020	2	3
170.230	3021	1	1
170.230	3022	3	2
170.308	3023	3	3
170.386	3024	3	1
170.386	3025	2	1
170.386	3026	4	2
170.464	3027	4	3
170.541	3028	1	1
170.541	3029	3	2
170.619	3030	3	3
170.619	3031	2	1
170.619	3032	4	1
170.697	3033	3	1
170.697	3034	1	1
170.852	3035	1	1
170.852	3036	4	1
170.852	3037	2	2
170.930	3038	2	3
170.930	3039	3	2
171.008	3040	3	3
171.008	3041	4	2
171.085	3042	4	3
171.085	3043	1	2
171.163	3044	1	3
171.163	3045	3	1
171.163	3046	4	1
171.163	3047	2	1
171.319	3048	2	2
171.396	3049	2	3
171.396	3050	3	2
171.474	3051	3	3
171.474	3052	4	2
171.552	3053	4	3
171.552	3054	1	2
171.629	3055	1	3
171.629	3056	3	1
171.629	3057	2	1
171.785	3058	3	1
171.785	3059	4	1
171.785	3060	1	2
171.863	3061	1	3
171.863	3062	2	2
171.940	3063	2	3
171.940	3064	1	1
171.940	3065	3	2
172.018	3066	3	3
172.018	3067	2	1
172.018	3068	4	2
172.096	3069	4	3
172.096	3070	3	2
172.173	3071	3	3
172.173	3072	2	2
172.251	3073	2	3
172.251	3074	4	1
172.251	3075	1	2
172.329	3076	1	3
172.329	3077	2	2
172.407	3078	2	3
172.407	3079	1	1
172.407	3080	4	1
172.407	3081	3	1
172.562	3082	4	2
172.640	3083	4	3
172.640	3084	3	2
172.717	3085	3	3
172.717	3086	2	2
172.795	3087	2	3
172.795	3088	4	1
172.795	3089	1	2
172.873	3090	1	3
172.873	3091	2	1
172.873	3092	3	1
173.028	3093	1	1
173.028	3094	3	2
173.106	3095	3	3
173.106	3096	4	1
173.106	3097	2	2
173.184	3098	2	3
173.184	3099	1	2
173.262	3100	1	3
173.262	3101	3	1
173.262	3102	2	2
173.339	3103	2	3
173.339	3104	1	1
173.339	3105	4	2
173.417	3106	4	3
173.417	3107	3	2
173.495	3108	3	3
173.495	3109	2	2
173.572	3110	2	3
173.572	3111	3	2
173.650	3112	3	3
173.650	3113	4	1
173.650	3114	2	1
173.650	3115	1	1
173.806	3116	4	2
173.883	3117	4	3
173.883	3118	2	2
173.961	3119	2	3
173.961	3120	1	2
174.039	3121	1	3
174.039	3122	2	2
174.116	3123	2	3
174.116	3124	4	1
174.116	3125	3	1
174.272	3126	1	2
174.350	3127	1	3
174.350	3128	2	2
174.427	3129	2	3
174.427	3130	4	1
174.427	3131	1	1
174.427	3132	3	2
174.505	3133	3	3
174.505	3134	1	2
174.738	3135	1	3
174.505	3136	2	1
174.505	3137	4	2
174.583	3138	4	3
174.738	3139	4	1
174.894	3140	2	1
174.971	3141	3	1
175.127	3142	1	2
175.282	3143	1	3
175.360	3144	2	1
175.515	3145	3	2
175.671	3146	3	3
175.826	3147	4	1
175.826	3148	2	1
175.826	3149	3	2
175.904	3150	3	3
175.982	3151	4	2
176.059	3152	4	3
176.137	3153	3	1
176.137	3154	2	1
176.137	3155	1	2
176.215	3156	1	3
176.293	3157	4	1
176.370	3158	2	1
176.448	3159	3	2
176.526	3160	3	3
176.603	3161	1	1
176.603	3162	4	2
176.681	3163	4	3
176.759	3164	2	1
176.759	3165	4	1
176.759	3166	1	2
176.837	3167	1	3
176.837	3168	3	1
176.914	3169	4	1
176.914	3170	2	2
176.992	3171	2	3
176.992	3172	3	1
176.992	3173	1	1
177.070	3174	4	2
177.148	3175	4	3
177.148	3176	3	1
177.225	3177	4	1
177.225	3178	2	2
177.303	3179	2	3
177.303	3180	1	1
177.381	3181	4	1
177.381	3182	2	1
177.381	3183	3	2
177.458	3184	3	3
177.536	3185	1	2
177.614	3186	1	3
177.614	3187	3	1
177.692	3188	2	2
177.769	3189	2	3
177.769	3190	3	1
177.769	3191	4	1
177.847	3192	2	1
177.847	3193	1	1
177.925	3194	3	1
178.002	3195	1	1
178.002	3196	2	2
178.080	3197	2	3
178.080	3198	4	1
178.080	3199	3	1
178.158	3200	1	2
178.236	3201	1	3
178.236	3202	3	1
178.313	3203	4	1
178.313	3204	2	2
178.391	3205	2	3
178.391	3206	3	1
178.469	3207	1	2
178.546	3208	1	3
178.546	3209	3	1
178.624	3210	1	1
178.624	3211	4	1
178.624	3212	2	2
178.702	3213	2	3
178.780	3214	4	2
178.857	3215	4	3
178.857	3216	2	1
178.935	3217	1	2
179.013	3218	1	3
179.013	3219	3	1
179.091	3220	1	1
179.091	3221	2	2
179.168	3222	2	3
179.168	3223	4	1
179.246	3224	2	1
179.246	3225	1	1
179.246	3226	3	2
179.324	3227	3	3
179.401	3228	3	1
179.401	3229	4	2
179.479	3230	4	3
179.479	3231	2	1
179.479	3232	1	1
179.557	3233	3	2
179.635	3234	3	3
179.635	3235	4	1
179.712	3236	2	1
179.712	3237	1	2
179.790	3238	1	3
179.790	3239	3	1
179.868	3240	1	1
179.868	3241	4	1
179.868	3242	2	2
179.945	3243	2	3
180.023	3244	4	2
180.101	3245	4	3
180.101	3246	1	1
180.179	3247	3	2
180.256	3248	3	3
180.256	3249	1	1
180.256	3250	4	1
180.334	3251	3	1
180.334	3252	2	2
180.412	3253	2	3
180.489	3254	4	1
180.489	3255	1	2
180.567	3256	1	3
180.567	3257	3	1
180.567	3258	2	1
180.645	3259	4	1
180.723	3260	2	1
180.723	3261	1	1
180.800	3262	4	1
180.800	3263	3	2
180.878	3264	3	3
180.956	3265	4	2
181.034	3266	4	3
181.111	3267	2	1
181.111	3268	3	1
181.111	3269	1	2
181.189	3270	1	3
181.267	3271	4	1
181.344	3272	2	1
181.422	3273	3	2
181.500	3274	3	3
181.500	3275	1	1
181.578	3276	2	1
181.578	3277	4	2
181.655	3278	4	3
181.655	3279	3	1
181.733	3280	1	2
181.811	3281	1	3
181.733	3282	2	1
181.733	3283	4	1
181.811	3284	3	1
181.888	3285	4	1
181.888	3286	2	2
181.966	3287	2	3
181.966	3288	3	1
181.966	3289	1	1
182.044	3290	4	2
182.122	3291	4	3
182.122	3292	3	1
182.199	3293	2	2
182.277	3294	2	3
182.199	3295	1	1
182.277	3296	4	1
182.355	3297	1	1
182.355	3298	2	1
182.355	3299	3	2
182.433	3300	3	3
182.510	3301	1	2
182.588	3302	1	3
182.588	3303	3	1
182.666	3304	2	2
182.743	3305	2	3
182.743	3306	3	1
182.743	3307	4	1
182.821	3308	1	1
182.821	3309	2	1
182.899	3310	3	1
182.977	3311	1	1
182.977	3312	2	2
183.054	3313	2	3
183.054	3314	3	1
183.054	3315	4	1
183.132	3316	1	2
183.210	3317	1	3
183.210	3318	3	1
183.287	3319	4	1
183.287	3320	2	2
183.365	3321	2	3
183.365	3322	3	1
183.443	3323	1	2
183.521	3324	1	3
183.521	3325	2	1
183.598	3326	1	1
183.598	3327	4	1
183.598	3328	3	2
183.676	3329	3	3
183.754	3330	1	2
183.831	3331	1	3
183.831	3332	2	1
183.909	3333	4	1
183.987	3334	3	1
184.065	3335	4	1
184.065	3336	1	2
184.142	3337	1	3
184.142	3338	2	1
184.220	3339	4	1
184.220	3340	1	1
184.220	3341	3	2
184.298	3342	3	3
184.298	3343	2	1
184.376	3344	4	1
184.376	3345	1	2
184.453	3346	1	3
184.453	3347	2	1
184.453	3348	3	1
184.531	3349	1	1
184.531	3350	4	2
184.609	3351	4	3
184.686	3352	2	1
184.686	3353	1	2
184.764	3354	1	3
184.842	3355	2	1
184.842	3356	3	2
184.920	3357	3	3
184.920	3358	4	1
184.997	3359	3	1
184.997	3360	2	1
184.997	3361	1	2
185.075	3362	1	3
185.075	3363	4	1
185.153	3364	2	1
185.153	3365	3	2
185.230	3366	3	3
185.230	3367	1	1
185.230	3368	4	1
185.308	3369	2	1
185.308	3370	3	1
185.464	3371	4	1
185.464	3372	3	1
185.541	3373	1	1
185.541	3374	2	1
185.697	3375	4	1
185.697	3376	3	1
185.774	3377	2	2
185.852	3378	2	3
185.774	3379	1	1
185.930	3380	1	2
186.008	3381	1	3
186.085	3382	2	2
186.163	3383	2	3
186.085	3384	3	1
186.085	3385	4	1
186.241	3386	1	2
186.319	3387	1	3
186.319	3388	3	1
186.396	3389	4	1
186.474	3390	3	1
186.552	3391	2	2
186.629	3392	2	3
186.552	3393	1	1
186.707	3394	4	2
186.785	3395	4	3
186.707	3396	3	1
186.707	3397	2	1
186.785	3398	1	1
186.863	3399	2	2
186.940	3400	2	3
186.863	3401	3	1
186.940	3402	4	1
186.940	3403	1	1
187.018	3404	3	1
187.096	3405	2	1
187.173	3406	1	2
187.251	3407	1	3
187.173	3408	3	1
187.329	3409	2	2
187.407	3410	2	3
187.329	3411	4	1
187.329	3412	1	1
187.484	3413	4	2
187.562	3414	4	3
187.562	3415	2	1
187.640	3416	3	2
187.717	3417	3	3
187.717	3418	1	1
187.717	3419	4	1
187.795	3420	2	2
187.873	3421	2	3
187.795	3422	3	1
187.951	3423	1	2
188.028	3424	1	3
187.951	3425	2	1
188.028	3426	3	1
188.028	3427	4	1
188.106	3428	2	2
188.184	3429	2	3
188.184	3430	4	1
188.184	3431	3	1
188.262	3432	1	2
188.339	3433	1	3
188.262	3434	2	1
188.339	3435	4	1
188.417	3436	3	2
188.495	3437	3	3
188.495	3438	1	1
188.572	3439	2	2
188.650	3440	2	3
188.572	3441	4	1
188.572	3442	3	1
188.728	3443	1	2
188.806	3444	1	3
188.806	3445	3	1
188.883	3446	4	1
188.961	3447	2	1
189.039	3448	3	2
189.116	3449	3	3
189.039	3450	1	1
189.194	3451	2	2
189.272	3452	2	3
189.194	3453	4	1
189.194	3454	3	1
189.350	3455	1	2
189.427	3456	1	3
189.350	3457	2	1
189.427	3458	4	1
189.427	3459	3	1
189.505	3460	2	2
189.583	3461	2	3
189.583	3462	4	1
189.660	3463	1	2
189.738	3464	1	3
189.660	3465	3	1
189.816	3466	2	2
189.894	3467	2	3
189.816	3468	4	1
189.816	3469	3	1
189.971	3470	4	2
190.049	3471	4	3
190.049	3472	1	1
190.127	3473	4	2
190.205	3474	4	3
190.205	3475	2	1
190.205	3476	3	1
190.282	3477	1	1
190.282	3478	4	1
190.438	3479	4	1
190.438	3480	2	1
190.515	3481	1	1
190.515	3482	3	1
190.671	3483	4	1
190.671	3484	2	1
190.749	3485	3	2
190.826	3486	3	3
190.749	3487	1	1
190.904	3488	4	2
190.982	3489	4	3
191.059	3490	1	2
191.137	3491	1	3
191.059	3492	3	1
191.059	3493	2	1
191.215	3494	4	1
191.293	3495	2	1
191.370	3496	3	2
191.448	3497	3	3
191.526	3498	4	2
191.603	3499	4	3
191.526	3500	1	1
191.681	3501	1	2
191.759	3502	1	3
191.681	3503	2	1
191.681	3504	4	1
191.759	3505	3	1
191.837	3506	2	2
191.914	3507	2	3
191.837	3508	4	1
191.914	3509	1	1
191.914	3510	3	1
191.992	3511	4	2
192.070	3512	4	3
192.070	3513	3	1
192.148	3514	2	2
192.225	3515	2	3
192.148	3516	4	1
192.225	3517	1	1
192.303	3518	3	2
192.381	3519	3	3
192.303	3520	4	1
192.303	3521	2	1
192.458	3522	1	2
192.536	3523	1	3
192.536	3524	3	1
192.614	3525	2	2
192.692	3526	2	3
192.692	3527	4	1
192.692	3528	3	1
192.769	3529	1	1
192.769	3530	2	1
192.847	3531	3	1
192.925	3532	2	2
193.002	3533	2	3
192.925	3534	1	1
193.002	3535	3	1
193.002	3536	4	1
193.080	3537	1	2
193.158	3538	1	3
193.158	3539	3	1
193.236	3540	2	2
193.313	3541	2	3
193.236	3542	4	1
193.313	3543	3	1
193.391	3544	1	2
193.469	3545	1	3
193.469	3546	3	1
193.546	3547	2	2
193.624	3548	2	3
193.546	3549	1	1
193.546	3550	4	1
193.702	3551	4	2
193.780	3552	4	3
193.780	3553	2	1
193.857	3554	1	2
193.935	3555	1	3
193.935	3556	3	1
194.013	3557	2	2
194.091	3558	2	3
194.013	3559	1	1
194.091	3560	4	1
194.168	3561	2	1
194.168	3562	3	2
194.246	3563	3	3
194.168	3564	1	1
194.324	3565	4	2
194.401	3566	4	3
194.324	3567	3	1
194.401	3568	2	1
194.401	3569	1	1
194.479	3570	3	2
194.557	3571	3	3
194.479	3572	4	1
194.557	3573	2	1
194.635	3574	1	2
194.712	3575	1	3
194.635	3576	4	1
194.712	3577	3	1
194.790	3578	2	2
194.868	3579	2	3
194.790	3580	1	1
194.945	3581	4	2
195.023	3582	4	3
194.945	3583	3	1
194.945	3584	2	1
195.023	3585	1	1
195.101	3586	3	2
195.179	3587	3	3
195.101	3588	2	1
195.179	3589	1	1
195.179	3590	4	1
195.256	3591	2	2
195.334	3592	2	3
195.256	3593	3	1
195.412	3594	1	2
195.489	3595	1	3
195.412	3596	4	1
195.489	3597	3	1
195.489	3598	2	1
195.567	3599	4	1
195.645	3600	1	1
195.645	3601	2	1
195.723	3602	4	1
195.723	3603	3	2
196.034	3604	3	3
195.878	3605	2	1
196.034	3606	1	1
196.189	3607	3	2
196.500	3608	3	3
196.344	3609	4	1
196.344	3610	2	1
196.344	3611	1	1
196.500	3612	2	1
196.655	3613	2	2
196.966	3614	2	3
196.811	3615	3	1
196.966	3616	1	1
197.122	3617	2	2
197.433	3618	2	3
197.277	3619	1	1
197.277	3620	4	1
197.433	3621	3	1
197.588	3622	1	1
197.588	3623	3	2
197.899	3624	3	3
197.588	3625	2	2
197.899	3626	2	3
197.743	3627	4	1
197.899	3628	4	1
197.899	3629	1	1
198.054	3630	4	2
198.365	3631	4	3
198.054	3632	2	2
198.365	3633	2	3
198.210	3634	1	1
198.365	3635	3	1
198.521	3636	2	1
198.521	3637	1	2
198.831	3638	1	3
198.676	3639	3	1
198.831	3640	2	1
198.831	3641	3	1
198.831	3642	4	1
198.987	3643	1	2
199.298	3644	1	3
199.142	3645	3	1
199.298	3646	2	2
199.609	3647	2	3
199.453	3648	3	2
199.531	3649	3	3
199.609	3650	4	2
199.686	3651	4	3
199.609	3652	1	1
199.764	3653	1	2
199.842	3654	1	3
199.764	3655	2	2
200.075	3656	2	3
199.920	3657	3	2
199.997	3658	3	3
200.075	3659	4	2
200.153	3660	4	3
200.075	3661	1	1
200.075	3662	3	1
200.230	3663	1	2
200.308	3664	1	3
200.230	3665	2	2
200.541	3666	2	3
200.386	3667	3	2
200.464	3668	3	3
200.541	3669	4	2
200.619	3670	4	3
200.697	3671	1	1
200.697	3672	3	2
201.008	3673	3	3
200.852	3674	2	1
201.008	3675	1	1
201.163	3676	3	2
201.474	3677	3	3
201.319	3678	4	1
201.319	3679	2	1
201.319	3680	1	1
201.474	3681	2	1
201.629	3682	1	1
201.785	3683	2	2
202.096	3684	2	3
201.940	3685	4	1
202.096	3686	3	1
202.251	3687	1	1
202.251	3688	2	2
202.562	3689	2	3
202.407	3690	3	1
202.562	3691	1	1
202.562	3692	3	1
202.562	3693	4	1
202.717	3694	2	2
203.028	3695	2	3
202.873	3696	1	1
202.873	3697	4	1
203.028	3698	1	1
203.028	3699	3	2
203.339	3700	3	3
203.184	3701	2	1
203.339	3702	1	1
203.495	3703	4	1
203.495	3704	3	2
203.806	3705	3	3
203.650	3706	2	1
203.806	3707	4	1
203.806	3708	2	1
203.806	3709	1	1
203.961	3710	3	2
204.272	3711	3	3
204.116	3712	2	1
204.272	3713	4	1
204.427	3714	3	2
204.738	3715	3	3
204.583	3716	2	1
204.583	3717	1	1
204.738	3718	1	1
204.738	3719	4	1
204.894	3720	2	2
205.205	3721	2	3
205.049	3722	1	1
205.049	3723	3	1
205.049	3724	4	1
205.205	3725	3	1
205.360	3726	2	2
205.671	3727	2	3
205.515	3728	3	1
205.515	3729	4	1
205.671	3730	1	1
205.671	3731	4	1
205.671	3732	3	2
205.982	3733	3	3
205.826	3734	2	1
205.982	3735	2	1
205.982	3736	4	1
205.982	3737	1	1
206.137	3738	3	2
206.448	3739	3	3
206.293	3740	4	1
206.293	3741	1	1
206.448	3742	2	1
206.603	3743	1	1
206.603	3744	4	1
206.603	3745	2	2
206.914	3746	2	3
206.759	3747	3	1
206.914	3748	4	1
206.914	3749	1	1
207.070	3750	2	2
207.381	3751	2	3
207.225	3752	3	1
207.225	3753	1	1
207.225	3754	4	1
207.381	3755	3	1
207.536	3756	3	2
207.847	3757	3	3
207.536	3758	2	2
207.847	3759	2	3
207.692	3760	4	1
207.847	3761	4	1
207.847	3762	1	1
208.002	3763	4	2
208.313	3764	4	3
208.002	3765	2	2
208.313	3766	2	3
208.158	3767	3	1
208.158	3768	1	1
208.313	3769	3	1
208.469	3770	4	1
208.469	3771	2	1
208.469	3772	1	2
208.780	3773	1	3
208.624	3774	3	1
208.780	3775	2	1
208.780	3776	4	1
208.935	3777	1	2
209.246	3778	1	3
209.091	3779	2	1
209.091	3780	4	1
209.091	3781	3	1
209.246	3782	2	2
209.557	3783	2	3
209.401	3784	4	1
209.401	3785	3	2
209.479	3786	3	3
209.557	3787	4	2
209.635	3788	4	3
209.557	3789	1	1
209.712	3790	4	1
209.712	3791	1	2
209.790	3792	1	3
209.712	3793	2	2
210.023	3794	2	3
209.868	3795	3	2
209.945	3796	3	3
210.023	3797	4	2
210.101	3798	4	3
210.179	3799	1	2
210.256	3800	1	3
210.179	3801	2	2
210.489	3802	2	3
210.334	3803	1	1
210.334	3804	4	1
210.334	3805	3	2
210.412	3806	3	3
210.489	3807	4	2
210.567	3808	4	3
210.645	3809	3	1
210.645	3810	2	1
210.645	3811	1	1
210.800	3812	1	1
210.800	3813	4	1
210.800	3814	2	1
210.956	3815	2	1
210.956	3816	3	1
210.956	3817	4	1
211.111	3818	4	1
211.111	3819	2	1
211.111	3820	1	1
211.267	3821	2	1
211.267	3822	1	1
211.267	3823	3	1
211.422	3824	4	1
211.422	3825	3	1
211.422	3826	1	1
211.578	3827	2	1
211.578	3828	1	1
211.578	3829	4	1
211.888	3830	3	1
211.888	3831	2	1
211.888	3832	1	1
212.044	3833	1	1
212.044	3834	4	1
212.044	3835	2	1
212.199	3836	2	1
212.199	3837	3	1
212.199	3838	4	1
212.355	3839	4	1
212.355	3840	2	1
212.355	3841	1	1
212.510	3842	2	1
212.510	3843	1	1
212.510	3844	3	1
212.666	3845	4	1
212.666	3846	3	1
212.666	3847	1	1
212.821	3848	2	1
212.821	3849	1	1
212.821	3850	4	1
212.977	3851	2	1
212.977	3852	1	1
213.054	3853	4	1
213.054	3854	3	1
213.132	3855	1	1
213.132	3856	2	1
213.210	3857	3	1
213.210	3858	4	1
213.287	3859	1	1
213.287	3860	2	1
213.365	3861	4	1
213.365	3862	3	1
213.443	3863	2	1
213.443	3864	1	1
213.521	3865	4	1
213.521	3866	3	1
213.598	3867	2	1
213.598	3868	1	1
213.676	3869	3	1
213.676	3870	4	1
213.754	3871	2	1
213.754	3872	1	1
213.831	3873	4	1
213.831	3874	3	1
213.909	3875	1	1
213.909	3876	2	1
213.987	3877	4	1
213.987	3878	3	1
214.065	3879	2	1
214.065	3880	1	1
214.142	3881	3	1
214.142	3882	4	1
214.220	3883	2	1
214.220	3884	1	1
214.298	3885	3	1
214.298	3886	4	1
214.376	3887	1	1
214.376	3888	2	1
214.453	3889	3	1
214.453	3890	4	1
214.531	3891	1	1
214.531	3892	2	1
214.609	3893	3	1
214.609	3894	4	1
214.686	3895	2	1
214.686	3896	1	1
214.764	3897	4	1
214.764	3898	3	1
214.842	3899	2	1
214.842	3900	1	1
214.920	3901	3	1
214.920	3902	4	1
214.997	3903	2	1
214.997	3904	1	1
215.075	3905	3	1
215.075	3906	4	1
215.153	3907	2	1
215.153	3908	1	1
215.230	3909	3	1
215.230	3910	4	1
215.308	3911	2	1
215.308	3912	1	1
215.619	3913	1	2
215.930	3914	1	3
215.619	3915	3	1
215.619	3916	2	1
215.774	3917	4	2
215.930	3918	4	3
215.930	3919	2	1
216.085	3920	4	2
216.241	3921	4	3
216.241	3922	3	1
216.241	3923	1	1
216.241	3924	2	1
216.396	3925	4	2
216.552	3926	4	3
216.552	3927	3	2
216.707	3928	3	3
216.707	3929	4	2
216.863	3930	4	3
216.863	3931	1	1
217.018	3932	2	2
217.173	3933	2	3
217.173	3934	4	1
217.173	3935	3	1
217.329	3936	2	2
217.484	3937	2	3
217.484	3938	4	1
217.484	3939	3	1
217.484	3940	1	2
217.640	3941	1	3
217.640	3942	2	1
217.795	3943	4	1
217.795	3944	3	1
217.951	3945	1	1
217.951	3946	3	1
218.106	3947	2	1
218.262	3948	1	1
218.417	3949	4	1
218.417	3950	3	1
218.572	3951	1	1
218.728	3952	4	1
218.728	3953	2	1
218.728	3954	3	1
218.883	3955	3	1
218.961	3956	2	1
219.039	3957	1	1
219.194	3958	1	2
219.272	3959	1	3
219.194	3960	4	2
219.505	3961	4	3
219.350	3962	2	2
219.427	3963	2	3
219.505	3964	3	2
219.583	3965	3	3
219.505	3966	1	1
219.660	3967	1	2
219.738	3968	1	3
219.660	3969	4	2
219.971	3970	4	3
219.816	3971	2	2
219.894	3972	2	3
219.971	3973	2	1
219.971	3974	3	2
220.049	3975	3	3
219.971	3976	1	1
220.127	3977	1	2
220.205	3978	1	3
220.127	3979	4	2
220.438	3980	4	3
220.282	3981	2	2
220.360	3982	2	3
220.438	3983	1	1
220.438	3984	3	2
220.515	3985	3	3
220.593	3986	1	2
220.904	3987	1	3
220.593	3988	2	1
220.749	3989	4	2
220.904	3990	4	3
220.904	3991	2	1
221.059	3992	4	2
221.215	3993	4	3
221.215	3994	3	1
221.215	3995	1	1
221.215	3996	2	1
221.370	3997	4	2
221.526	3998	4	3
221.448	3999	1	1
221.526	4000	3	2
221.681	4001	3	3
221.681	4002	4	2
221.837	4003	4	3
221.837	4004	1	1
221.992	4005	2	2
222.148	4006	2	3
222.148	4007	4	1
222.148	4008	3	1
222.303	4009	2	2
222.458	4010	2	3
222.458	4011	4	1
222.458	4012	3	1
222.458	4013	1	2
222.614	4014	1	3
222.614	4015	2	1
222.769	4016	4	1
222.769	4017	3	1
222.925	4018	2	1
222.925	4019	3	1
223.080	4020	1	1
223.236	4021	2	1
223.391	4022	4	1
223.391	4023	3	1
223.546	4024	1	1
223.702	4025	3	1
223.702	4026	4	1
223.702	4027	2	1
223.857	4028	3	1
223.935	4029	2	1
224.013	4030	1	1
224.168	4031	2	1
224.324	4032	3	1
224.479	4033	4	1
224.479	4034	1	1
224.635	4035	1	1
224.635	4036	2	1
224.790	4037	3	1
224.945	4038	1	1
224.945	4039	2	1
224.945	4040	4	1
225.101	4041	4	1
225.101	4042	3	1
225.256	4043	2	1
225.334	4044	1	2
225.412	4045	1	3
225.412	4046	2	2
225.489	4047	2	3
225.489	4048	3	2
225.567	4049	3	3
225.567	4050	1	1
225.567	4051	4	1
225.567	4052	2	1
225.723	4053	3	1
225.878	4054	2	1
225.878	4055	4	2
226.034	4056	4	3
225.878	4057	3	1
225.956	4058	1	1
226.034	4059	2	1
226.111	4060	4	1
226.189	4061	3	1
226.267	4062	2	1
226.344	4063	1	1
226.344	4064	3	1
226.422	4065	4	1
226.500	4066	2	1
226.500	4067	3	1
226.578	4068	1	1
226.655	4069	4	1
226.655	4070	2	1
226.733	4071	1	1
226.733	4072	3	1
226.811	4073	4	1
226.888	4074	1	1
226.966	4075	3	1
226.966	4076	2	1
227.044	4077	4	1
227.122	4078	1	1
227.122	4079	3	1
227.199	4080	2	1
227.277	4081	4	1
227.355	4082	1	1
227.433	4083	3	1
227.510	4084	2	1
227.510	4085	4	1
227.588	4086	1	1
227.588	4087	3	1
227.666	4088	2	1
227.743	4089	1	1
227.743	4090	3	1
227.821	4091	2	1
227.821	4092	4	1
227.899	4093	3	1
227.977	4094	4	1
227.977	4095	1	1
228.054	4096	3	1
228.054	4097	2	1
228.132	4098	1	1
228.210	4099	4	1
228.287	4100	1	1
228.365	4101	3	1
228.365	4102	2	1
228.443	4103	4	1
228.521	4104	3	1
228.598	4105	2	1
228.676	4106	4	1
228.754	4107	1	1
228.831	4108	3	1
228.831	4109	2	1
228.909	4110	4	1
228.987	4111	1	1
228.987	4112	3	1
229.065	4113	2	1
229.142	4114	1	1
229.142	4115	3	1
229.220	4116	2	1
229.220	4117	4	1
229.298	4118	3	1
229.376	4119	1	1
229.453	4120	3	1
229.453	4121	2	1
229.531	4122	4	1
229.609	4123	3	2
229.920	4124	3	3
229.609	4125	1	1
229.686	4126	2	1
229.764	4127	1	1
229.920	4128	2	1
229.997	4129	1	1
229.997	4130	4	1
230.075	4131	2	1
230.075	4132	3	1
230.230	4133	3	1
230.230	4134	4	1
230.308	4135	2	1
230.308	4136	1	1
230.464	4137	4	1
230.464	4138	3	1
230.541	4139	2	1
230.541	4140	1	2
230.852	4141	1	3
230.697	4142	3	1
230.852	4143	2	1
230.852	4144	3	1
230.852	4145	4	1
230.930	4146	1	1
231.008	4147	2	1
231.085	4148	3	1
231.163	4149	4	1
231.241	4150	2	1
231.319	4151	3	1
231.319	4152	4	1
231.396	4153	1	1
231.474	4154	4	1
231.474	4155	2	1
231.552	4156	1	1
231.629	4157	2	1
231.629	4158	3	1
231.707	4159	1	1
231.707	4160	4	1
231.785	4161	3	1
231.863	4162	1	1
231.940	4163	4	1
231.940	4164	2	1
232.018	4165	3	1
232.096	4166	1	1
232.096	4167	4	1
232.173	4168	2	1
232.251	4169	3	1
232.329	4170	1	1
232.407	4171	2	1
232.484	4172	1	1
232.484	4173	3	1
232.562	4174	2	1
232.562	4175	4	1
232.640	4176	3	1
232.717	4177	1	1
232.717	4178	2	1
232.795	4179	3	1
232.795	4180	4	1
232.873	4181	2	1
232.951	4182	3	1
232.951	4183	1	1
233.028	4184	4	1
233.028	4185	2	1
233.106	4186	1	1
233.184	4187	3	1
233.262	4188	4	1
233.339	4189	1	1
233.339	4190	2	1
233.417	4191	3	1
233.495	4192	4	1
233.572	4193	2	1
233.650	4194	3	1
233.728	4195	1	1
233.806	4196	4	1
233.806	4197	2	1
233.883	4198	3	1
233.961	4199	1	1
233.961	4200	4	1
234.039	4201	2	1
234.116	4202	4	1
234.116	4203	3	1
234.194	4204	2	1
234.194	4205	1	1
234.272	4206	3	1
234.350	4207	4	1
234.427	4208	1	1
234.427	4209	3	1
234.505	4210	2	1
234.583	4211	3	2
234.894	4212	3	3
234.583	4213	4	1
234.660	4214	1	1
234.738	4215	2	1
234.816	4216	4	1
234.894	4217	2	1
234.971	4218	4	1
234.971	4219	1	1
235.049	4220	3	1
235.049	4221	2	1
235.205	4222	4	1
235.205	4223	3	1
235.282	4224	2	1
235.282	4225	1	1
235.438	4226	4	1
235.438	4227	3	1
235.515	4228	2	2
239.401	4229	2	3
235.515	4230	1	2
235.826	4231	1	3
235.826	4232	3	2
235.982	4233	3	3
236.059	4234	3	1
236.293	4235	3	2
236.448	4236	3	3
236.526	4237	3	1
236.759	4238	3	2
236.914	4239	3	3
236.992	4240	3	1
237.225	4241	3	2
237.381	4242	3	3
237.458	4243	3	1
237.692	4244	1	2
237.847	4245	1	3
237.925	4246	1	1
238.158	4247	3	2
238.313	4248	3	3
238.391	4249	3	1
238.624	4250	3	2
238.780	4251	3	3
238.857	4252	3	1
239.091	4253	4	2
239.246	4254	4	3
239.324	4255	4	1
239.557	4256	1	2
239.712	4257	1	3
239.557	4258	4	2
239.945	4259	4	3
239.790	4260	1	1
240.023	4261	4	2
240.489	4262	4	3
240.023	4263	3	2
240.489	4264	3	3
240.489	4265	2	2
244.376	4266	2	3
240.489	4267	1	2
240.800	4268	1	3
240.800	4269	4	2
240.956	4270	4	3
241.034	4271	4	1
241.267	4272	3	2
241.422	4273	3	3
241.500	4274	3	1
241.733	4275	4	2
241.888	4276	4	3
241.966	4277	4	1
242.199	4278	4	2
242.355	4279	4	3
242.433	4280	4	1
242.666	4281	3	2
242.821	4282	3	3
242.899	4283	3	1
243.132	4284	4	2
243.287	4285	4	3
243.365	4286	4	1
243.598	4287	4	2
243.754	4288	4	3
243.831	4289	4	1
244.065	4290	3	2
244.220	4291	3	3
244.298	4292	3	1
244.531	4293	1	2
244.686	4294	1	3
244.531	4295	4	2
244.920	4296	4	3
244.764	4297	1	1
244.997	4298	3	2
245.464	4299	3	3
244.997	4300	4	2
245.153	4301	4	3
245.464	4302	4	1
245.464	4303	1	1
245.464	4304	2	2
249.350	4305	2	3
249.505	4306	4	2
249.894	4307	4	3
249.971	4308	3	2
250.360	4309	3	3
250.438	4310	2	2
254.168	4311	2	3
252.925	4312	4	2
254.168	4313	4	3
254.168	4314	3	2
255.412	4315	3	3
254.168	4316	1	2
255.412	4317	1	3
254.790	4318	4	2
255.412	4319	4	3
254.790	4320	2	2
255.412	4321	2	3
255.723	4322	3	2
255.878	4323	3	3
255.956	4324	3	1
256.189	4325	4	2
256.344	4326	4	3
256.422	4327	4	1
256.655	4328	2	2
256.966	4329	2	3
256.655	4330	3	2
256.811	4331	3	3
256.888	4332	3	1
257.122	4333	2	2
259.298	4334	2	3
257.122	4335	3	2
257.277	4336	3	3
257.355	4337	3	1
257.588	4338	1	2
257.743	4339	1	3
257.821	4340	1	1
258.054	4341	3	2
258.210	4342	3	3
258.287	4343	3	1
258.521	4344	3	2
258.676	4345	3	3
258.754	4346	3	1
258.987	4347	1	2
259.142	4348	1	3
259.453	4349	2	2
259.609	4350	2	3
259.453	4351	4	2
259.842	4352	4	3
259.686	4353	2	1
259.920	4354	3	2
260.386	4355	3	3
259.920	4356	4	2
260.386	4357	4	3
260.386	4358	2	2
264.272	4359	2	3
260.386	4360	1	2
260.697	4361	1	3
260.697	4362	4	2
260.852	4363	4	3
260.930	4364	4	1
261.163	4365	3	2
261.319	4366	3	3
261.396	4367	3	1
261.629	4368	4	2
261.785	4369	4	3
261.863	4370	4	1
262.096	4371	4	2
262.251	4372	4	3
262.329	4373	4	1
262.562	4374	3	2
262.717	4375	3	3
262.795	4376	3	1
263.028	4377	4	2
263.184	4378	4	3
263.262	4379	4	1
263.495	4380	4	2
263.650	4381	4	3
263.728	4382	4	1
263.961	4383	3	2
264.116	4384	3	3
264.427	4385	1	2
264.583	4386	1	3
264.427	4387	4	2
264.816	4388	4	3
264.660	4389	1	1
264.894	4390	3	2
265.360	4391	3	3
264.894	4392	4	2
265.360	4393	4	3
265.360	4394	2	2
269.246	4395	2	3
265.360	4396	1	2
265.671	4397	1	3
265.671	4398	3	2
265.826	4399	3	3
265.904	4400	3	1
266.137	4401	3	2
266.293	4402	3	3
266.370	4403	3	1
266.603	4404	3	2
266.759	4405	3	3
266.837	4406	3	1
267.070	4407	3	2
267.225	4408	3	3
267.303	4409	3	1
267.536	4410	1	2
267.692	4411	1	3
267.769	4412	1	1
268.002	4413	3	2
268.158	4414	3	3
268.236	4415	3	1
268.469	4416	3	2
268.624	4417	3	3
268.702	4418	3	1
268.935	4419	4	2
269.091	4420	4	3
269.168	4421	4	1
269.401	4422	1	2
269.557	4423	1	3
269.401	4424	4	2
269.790	4425	4	3
269.635	4426	1	1
269.868	4427	4	2
270.334	4428	4	3
269.868	4429	3	2
270.334	4430	3	3
270.334	4431	2	2
274.065	4432	2	3
270.334	4433	1	2
270.645	4434	1	3
270.645	4435	4	2
270.800	4436	4	3
270.878	4437	4	1
271.111	4438	3	2
271.267	4439	3	3
271.344	4440	3	1
271.578	4441	4	2
271.733	4442	4	3
271.811	4443	4	1
272.044	4444	4	2
272.199	4445	4	3
272.277	4446	4	1
272.510	4447	3	2
272.666	4448	3	3
272.743	4449	3	1
272.977	4450	4	2
273.132	4451	4	3
273.210	4452	4	1
273.443	4453	4	2
273.598	4454	4	3
273.676	4455	4	1
273.909	4456	3	2
274.065	4457	3	3
274.065	4458	1	1
274.065	4459	4	1
274.220	4460	4	1
274.220	4461	3	1
274.376	4462	3	1
274.376	4463	2	1
274.531	4464	3	1
274.531	4465	4	1
274.531	4466	1	1
274.686	4467	3	1
274.686	4468	2	1
274.764	4469	1	1
274.764	4470	4	1
274.842	4471	2	1
274.842	4472	3	1
274.997	4473	3	1
274.997	4474	4	1
275.075	4475	1	1
275.075	4476	2	1
275.230	4477	4	1
275.230	4478	3	1
275.308	4479	1	1
275.308	4480	2	2
275.386	4481	2	3
275.386	4482	3	2
275.464	4483	3	3
275.464	4484	4	2
275.541	4485	4	3
275.541	4486	1	2
275.619	4487	1	3
275.774	4488	2	2
275.852	4489	2	3
275.852	4490	3	2
275.930	4491	3	3
275.930	4492	4	2
276.008	4493	4	3
276.008	4494	1	2
276.085	4495	1	3
276.241	4496	4	1
276.241	4497	1	2
276.319	4498	1	3
276.319	4499	2	2
276.396	4500	2	3
276.396	4501	1	1
276.396	4502	3	2
276.474	4503	3	3
276.474	4504	4	2
276.552	4505	4	3
276.552	4506	3	2
276.629	4507	3	3
276.707	4508	2	2
276.785	4509	2	3
276.785	4510	1	2
276.863	4511	1	3
277.018	4512	4	2
277.096	4513	4	3
277.096	4514	3	2
277.173	4515	3	3
277.173	4516	2	2
277.251	4517	2	3
277.251	4518	1	2
277.329	4519	1	3
277.484	4520	3	2
277.562	4521	3	3
277.484	4522	4	1
277.562	4523	2	2
277.640	4524	2	3
277.640	4525	1	2
277.717	4526	1	3
277.717	4527	2	2
277.795	4528	2	3
277.795	4529	3	2
277.873	4530	3	3
277.795	4531	4	1
277.873	4532	2	2
277.951	4533	2	3
277.951	4534	1	2
278.028	4535	1	3
278.028	4536	2	2
278.106	4537	2	3
278.262	4538	3	2
278.339	4539	3	3
278.339	4540	2	2
278.417	4541	2	3
278.417	4542	1	2
278.495	4543	1	3
278.495	4544	2	2
278.572	4545	2	3
278.728	4546	1	2
278.806	4547	1	3
278.806	4548	2	2
278.883	4549	2	3
278.883	4550	3	2
278.961	4551	3	3
278.883	4552	1	1
278.961	4553	4	2
279.039	4554	4	3
279.039	4555	3	2
279.116	4556	3	3
279.116	4557	2	2
279.194	4558	2	3
279.194	4559	3	2
279.272	4560	3	3
279.350	4561	1	2
279.427	4562	1	3
279.505	4563	2	2
279.583	4564	2	3
279.660	4565	3	2
279.738	4566	3	3
279.816	4567	4	2
279.894	4568	4	3
279.971	4569	2	1
279.971	4570	3	2
280.049	4571	3	3
280.282	4572	2	2
280.360	4573	2	3
280.282	4574	1	1
280.360	4575	3	2
280.438	4576	3	3
280.438	4577	4	2
280.515	4578	4	3
280.515	4579	1	2
280.593	4580	1	3
280.593	4581	3	1
280.749	4582	2	2
280.826	4583	2	3
280.826	4584	3	2
280.904	4585	3	3
280.904	4586	4	2
280.982	4587	4	3
280.982	4588	1	2
281.059	4589	1	3
281.059	4590	3	1
281.215	4591	4	1
281.215	4592	1	2
281.293	4593	1	3
281.293	4594	2	2
281.370	4595	2	3
281.370	4596	1	1
281.370	4597	3	2
281.448	4598	3	3
281.448	4599	4	2
281.526	4600	4	3
281.526	4601	3	2
281.603	4602	3	3
281.681	4603	2	2
281.759	4604	2	3
281.759	4605	1	2
281.837	4606	1	3
281.992	4607	3	2
282.070	4608	3	3
282.148	4609	2	2
282.225	4610	2	3
282.225	4611	1	2
282.303	4612	1	3
282.303	4613	4	1
282.458	4614	1	1
282.458	4615	3	2
282.536	4616	3	3
282.536	4617	2	2
282.614	4618	2	3
282.614	4619	1	2
282.692	4620	1	3
282.692	4621	2	2
282.769	4622	2	3
282.769	4623	4	2
282.847	4624	4	3
282.769	4625	1	1
282.847	4626	3	2
282.925	4627	3	3
282.925	4628	2	2
283.002	4629	2	3
283.002	4630	3	2
283.080	4631	3	3
283.080	4632	1	1
283.236	4633	4	2
283.313	4634	4	3
283.313	4635	2	2
283.391	4636	2	3
283.391	4637	1	2
283.469	4638	1	3
283.469	4639	2	2
283.546	4640	2	3
283.546	4641	3	1
283.702	4642	1	2
283.780	4643	1	3
283.780	4644	2	2
283.857	4645	2	3
283.857	4646	3	2
283.935	4647	3	3
283.857	4648	1	1
283.935	4649	4	2
284.013	4650	4	3
284.013	4651	3	2
284.091	4652	3	3
284.091	4653	2	2
284.168	4654	2	3
284.168	4655	3	2
284.246	4656	3	3
284.324	4657	1	2
284.401	4658	1	3
284.479	4659	3	2
284.557	4660	3	3
284.635	4661	2	2
284.712	4662	2	3
284.790	4663	1	2
284.868	4664	1	3
284.868	4665	4	1
284.945	4666	3	2
285.023	4667	3	3
285.101	4668	2	1
285.256	4669	4	1
285.256	4670	1	1
285.256	4671	2	2
285.334	4672	2	3
285.334	4673	3	2
285.412	4674	3	3
285.412	4675	4	2
285.490	4676	4	3
285.490	4677	1	2
285.567	4678	1	3
285.567	4679	4	1
285.567	4680	2	1
285.567	4681	3	1
285.723	4682	2	2
285.800	4683	2	3
285.800	4684	3	2
285.878	4685	3	3
285.878	4686	1	1
285.878	4687	2	1
285.878	4688	4	2
285.956	4689	4	3
285.956	4690	3	2
286.034	4691	3	3
286.189	4692	3	1
286.189	4693	4	1
286.189	4694	1	2
286.267	4695	1	3
286.267	4696	2	2
286.344	4697	2	3
286.344	4698	3	2
286.422	4699	3	3
286.422	4700	4	2
286.500	4701	4	3
286.500	4702	2	1
286.500	4703	1	1
286.500	4704	3	2
286.578	4705	3	3
286.655	4706	2	2
286.733	4707	2	3
286.733	4708	1	2
286.811	4709	1	3
286.811	4710	4	1
286.811	4711	2	1
286.811	4712	3	1
286.966	4713	4	2
287.044	4714	4	3
287.044	4715	3	2
287.122	4716	3	3
287.122	4717	1	1
287.122	4718	4	1
287.122	4719	2	2
287.199	4720	2	3
287.199	4721	3	2
287.277	4722	3	3
287.433	4723	1	1
287.433	4724	4	1
287.433	4725	3	2
287.510	4726	3	3
287.510	4727	2	2
287.588	4728	2	3
287.588	4729	4	1
287.588	4730	3	1
287.588	4731	1	2
287.666	4732	1	3
287.666	4733	2	2
287.743	4734	2	3
287.743	4735	1	1
287.743	4736	4	1
287.743	4737	3	2
287.821	4738	3	3
287.821	4739	2	2
287.899	4740	2	3
287.899	4741	1	2
287.977	4742	1	3
287.977	4743	2	2
288.054	4744	2	3
288.054	4745	3	1
288.054	4746	1	1
288.054	4747	4	1
288.210	4748	3	2
288.287	4749	3	3
288.287	4750	2	2
288.365	4751	2	3
288.365	4752	3	1
288.365	4753	4	1
288.365	4754	1	2
288.443	4755	1	3
288.443	4756	2	2
288.521	4757	2	3
288.598	4758	2	1
288.598	4759	1	1
288.676	4760	4	1
288.676	4761	3	1
288.754	4762	2	1
288.831	4763	1	1
288.831	4764	4	1
288.831	4765	3	1
288.909	4766	2	1
288.987	4767	1	1
288.987	4768	4	1
288.987	4769	3	2
289.065	4770	3	3
289.065	4771	2	2
289.142	4772	2	3
289.142	4773	4	1
289.142	4774	1	1
289.142	4775	3	2
289.220	4776	3	3
289.298	4777	2	1
289.298	4778	3	1
289.298	4779	1	2
289.376	4780	1	3
289.453	4781	3	1
289.453	4782	4	1
289.453	4783	2	2
289.531	4784	2	3
289.609	4785	3	2
289.686	4786	3	3
289.764	4787	1	1
289.764	4788	4	2
289.842	4789	4	3
289.920	4790	1	1
289.920	4791	2	1
289.920	4792	3	2
289.997	4793	3	3
290.075	4794	4	1
290.230	4795	3	1
290.230	4796	2	1
290.230	4797	1	1
290.386	4798	2	1
290.386	4799	4	1
290.386	4800	3	1
290.541	4801	2	1
290.541	4802	1	1
290.580	4803	4	1
290.580	4804	3	1
290.619	4805	1	1
290.619	4806	2	1
290.697	4807	4	1
290.697	4808	3	1
290.774	4809	1	1
290.774	4810	2	1
290.852	4811	4	1
290.852	4812	3	1
291.008	4813	2	1
291.008	4814	1	1
291.163	4815	4	1
291.163	4816	3	1
291.202	4817	2	1
291.202	4818	1	1
291.241	4819	4	1
291.241	4820	3	1
291.319	4821	1	1
291.319	4822	2	1
291.396	4823	4	1
291.396	4824	3	1
291.474	4825	1	1
291.474	4826	2	1
291.629	4827	4	1
291.629	4828	3	1
291.785	4829	2	1
291.785	4830	1	1
291.824	4831	3	1
291.824	4832	4	1
291.863	4833	1	1
291.863	4834	2	1
291.940	4835	4	1
291.940	4836	3	1
292.018	4837	1	1
292.018	4838	2	1
292.096	4839	4	2
292.173	4840	4	3
292.251	4841	4	2
292.329	4842	4	3
292.407	4843	3	1
292.407	4844	1	2
292.717	4845	1	3
292.407	4846	2	2
292.717	4847	2	3
292.717	4848	4	1
292.717	4849	3	1
292.795	4850	1	1
292.795	4851	2	1
292.873	4852	3	1
292.873	4853	4	1
293.028	4854	2	1
293.028	4855	1	1
293.184	4856	1	1
293.184	4857	4	1
293.184	4858	3	1
293.339	4859	2	1
293.339	4860	4	1
293.339	4861	3	1
293.495	4862	2	1
293.495	4863	1	1
293.572	4864	3	1
293.572	4865	4	1
293.650	4866	1	1
293.650	4867	2	1
293.728	4868	3	1
293.806	4869	4	1
293.806	4870	1	1
293.883	4871	3	1
293.961	4872	1	2
294.116	4873	1	3
293.961	4874	4	1
293.961	4875	2	1
294.116	4876	4	1
294.272	4877	2	1
294.350	4878	3	1
294.427	4879	2	2
294.583	4880	2	3
294.583	4881	3	2
294.738	4882	3	3
294.738	4883	2	1
294.738	4884	1	1
294.816	4885	4	1
294.816	4886	3	1
294.894	4887	2	1
294.894	4888	1	1
295.205	4889	2	2
295.282	4890	2	3
295.205	4891	1	1
295.205	4892	4	1
295.282	4893	3	2
295.360	4894	3	3
295.360	4895	4	2
295.438	4896	4	3
295.438	4897	1	2
295.515	4898	1	3
295.515	4899	2	1
295.515	4900	3	1
295.515	4901	4	1
295.671	4902	2	2
295.749	4903	2	3
295.749	4904	3	2
295.826	4905	3	3
295.826	4906	4	2
295.904	4907	4	3
295.904	4908	1	2
295.982	4909	1	3
295.982	4910	2	1
295.982	4911	3	1
296.137	4912	1	2
296.215	4913	1	3
296.137	4914	4	1
296.137	4915	3	1
296.215	4916	2	2
296.293	4917	2	3
296.293	4918	3	2
296.370	4919	3	3
296.293	4920	1	1
296.370	4921	4	2
296.448	4922	4	3
296.370	4923	2	1
296.448	4924	3	2
296.526	4925	3	3
296.603	4926	2	2
296.681	4927	2	3
296.603	4928	4	1
296.681	4929	1	2
296.759	4930	1	3
296.759	4931	3	1
296.759	4932	2	1
296.759	4933	4	1
296.914	4934	4	2
296.992	4935	4	3
296.992	4936	3	2
297.070	4937	3	3
297.070	4938	2	2
297.148	4939	2	3
297.148	4940	1	2
297.225	4941	1	3
297.148	4942	4	1
297.225	4943	3	1
297.225	4944	2	1
297.381	4945	3	2
297.458	4946	3	3
297.381	4947	1	1
297.458	4948	2	2
297.536	4949	2	3
297.458	4950	4	1
297.536	4951	1	2
297.614	4952	1	3
297.614	4953	2	2
297.692	4954	2	3
297.614	4955	4	1
297.692	4956	3	2
297.769	4957	3	3
297.692	4958	1	1
297.769	4959	2	2
297.847	4960	2	3
297.847	4961	1	2
297.925	4962	1	3
297.925	4963	2	2
298.002	4964	2	3
298.002	4965	4	1
298.002	4966	3	1
298.002	4967	1	1
298.158	4968	3	2
298.236	4969	3	3
298.236	4970	2	2
298.313	4971	2	3
298.313	4972	1	2
298.391	4973	1	3
298.391	4974	2	2
298.469	4975	2	3
298.469	4976	3	1
298.469	4977	4	1
298.624	4978	1	2
298.702	4979	1	3
298.624	4980	4	1
298.624	4981	3	1
298.702	4982	2	2
298.780	4983	2	3
298.780	4984	3	2
298.857	4985	3	3
298.780	4986	1	1
298.857	4987	4	2
298.935	4988	4	3
298.857	4989	2	1
298.935	4990	3	2
299.013	4991	3	3
299.013	4992	2	2
299.091	4993	2	3
299.091	4994	3	2
299.168	4995	3	3
299.091	4996	1	1
299.246	4997	1	2
299.324	4998	1	3
299.246	4999	4	1
299.246	5000	3	1
299.401	5001	2	2
299.479	5002	2	3
299.557	5003	3	2
299.635	5004	3	3
299.557	5005	1	1
299.712	5006	4	2
299.790	5007	4	3
299.712	5008	2	1
299.712	5009	3	1
299.868	5010	3	2
299.945	5011	3	3
299.868	5012	1	1
299.945	5013	4	1
299.945	5014	2	1
300.023	5015	1	1
300.023	5016	3	1
300.179	5017	2	2
300.256	5018	2	3
300.179	5019	4	1
300.179	5020	1	1
300.256	5021	3	2
300.334	5022	3	3
300.334	5023	4	2
300.412	5024	4	3
300.412	5025	1	2
300.489	5026	1	3
300.489	5027	2	1
300.489	5028	4	1
300.489	5029	3	1
300.645	5030	2	2
300.723	5031	2	3
300.723	5032	3	2
300.800	5033	3	3
300.800	5034	4	2
300.878	5035	4	3
300.878	5036	1	2
300.956	5037	1	3
300.956	5038	2	1
300.956	5039	3	1
301.111	5040	1	2
301.189	5041	1	3
301.111	5042	4	1
301.111	5043	3	1
301.189	5044	2	2
301.267	5045	2	3
301.267	5046	3	2
301.344	5047	3	3
301.267	5048	1	1
301.344	5049	4	2
301.422	5050	4	3
301.344	5051	2	1
301.422	5052	3	2
301.500	5053	3	3
301.500	5054	2	2
301.578	5055	2	3
301.578	5056	1	2
301.655	5057	1	3
301.578	5058	4	1
301.655	5059	2	2
301.733	5060	2	3
301.733	5061	3	1
301.733	5062	4	1
301.733	5063	1	1
301.888	5064	4	2
301.966	5065	4	3
301.966	5066	3	2
302.044	5067	3	3
302.044	5068	2	2
302.122	5069	2	3
302.122	5070	1	2
302.199	5071	1	3
302.122	5072	4	1
302.199	5073	3	1
302.199	5074	2	1
302.355	5075	3	2
302.433	5076	3	3
302.355	5077	1	1
302.433	5078	2	2
302.510	5079	2	3
302.433	5080	4	1
302.510	5081	1	2
302.588	5082	1	3
302.588	5083	2	2
302.666	5084	2	3
302.588	5085	3	1
302.666	5086	4	2
302.743	5087	4	3
302.666	5088	1	1
302.743	5089	3	2
302.821	5090	3	3
302.821	5091	2	2
302.899	5092	2	3
302.899	5093	3	2
302.977	5094	3	3
302.977	5095	1	1
302.977	5096	2	1
302.977	5097	4	1
303.132	5098	4	2
303.210	5099	4	3
303.210	5100	2	2
303.287	5101	2	3
303.287	5102	1	2
303.365	5103	1	3
303.365	5104	2	2
303.443	5105	2	3
303.443	5106	3	1
303.443	5107	4	1
303.598	5108	1	2
303.676	5109	1	3
303.676	5110	2	2
303.754	5111	2	3
303.754	5112	3	2
303.831	5113	3	3
303.754	5114	1	1
303.754	5115	4	1
303.831	5116	4	2
303.909	5117	4	3
303.831	5118	2	1
303.909	5119	3	2
303.987	5120	3	3
303.987	5121	2	2
304.065	5122	2	3
304.065	5123	3	2
304.142	5124	3	3
304.065	5125	1	1
304.065	5126	4	1
304.220	5127	1	2
304.298	5128	1	3
304.298	5129	3	1
304.298	5130	2	1
304.298	5131	4	1
304.376	5132	3	2
304.453	5133	3	3
304.531	5134	2	2
304.609	5135	2	3
304.531	5136	1	1
304.531	5137	4	1
304.686	5138	1	2
304.764	5139	1	3
304.764	5140	2	1
304.764	5141	3	1
304.764	5142	4	1
304.842	5143	3	2
304.920	5144	3	3
304.997	5145	1	1
304.997	5146	2	1
305.075	5147	4	1
305.075	5148	3	1
305.153	5149	2	2
305.230	5150	2	3
305.153	5151	1	1
305.230	5152	3	2
305.308	5153	3	3
305.308	5154	4	2
305.386	5155	4	3
305.386	5156	1	2
305.464	5157	1	3
305.464	5158	2	1
305.464	5159	3	1
305.464	5160	4	1
305.619	5161	2	2
305.697	5162	2	3
305.697	5163	3	2
305.774	5164	3	3
305.774	5165	4	2
305.852	5166	4	3
305.852	5167	1	2
305.930	5168	1	3
305.930	5169	2	1
305.930	5170	3	1
306.085	5171	1	2
306.163	5172	1	3
306.085	5173	4	1
306.085	5174	3	1
306.163	5175	2	2
306.241	5176	2	3
306.241	5177	3	2
306.319	5178	3	3
306.241	5179	1	1
306.319	5180	4	2
306.396	5181	4	3
306.319	5182	2	1
306.396	5183	3	2
306.474	5184	3	3
306.552	5185	2	2
306.629	5186	2	3
306.552	5187	4	1
306.629	5188	1	2
306.707	5189	1	3
306.707	5190	3	1
306.707	5191	2	1
306.707	5192	4	1
306.863	5193	4	2
306.940	5194	4	3
306.940	5195	3	2
307.018	5196	3	3
307.018	5197	2	2
307.096	5198	2	3
307.096	5199	1	2
307.173	5200	1	3
307.096	5201	4	1
307.173	5202	3	1
307.173	5203	2	1
307.329	5204	3	2
307.407	5205	3	3
307.329	5206	1	1
307.407	5207	2	2
307.484	5208	2	3
307.407	5209	4	1
307.484	5210	1	2
307.562	5211	1	3
307.562	5212	2	2
307.640	5213	2	3
307.562	5214	4	1
307.640	5215	3	2
307.717	5216	3	3
307.640	5217	1	1
307.717	5218	2	2
307.795	5219	2	3
307.795	5220	1	2
307.873	5221	1	3
307.873	5222	2	2
307.951	5223	2	3
307.951	5224	4	1
307.951	5225	3	1
307.951	5226	1	1
308.106	5227	3	2
308.184	5228	3	3
308.184	5229	2	2
308.262	5230	2	3
308.262	5231	1	2
308.339	5232	1	3
308.339	5233	2	2
308.417	5234	2	3
308.417	5235	3	1
308.417	5236	4	1
308.572	5237	1	2
308.650	5238	1	3
308.572	5239	4	1
308.572	5240	3	1
308.650	5241	2	2
308.728	5242	2	3
308.728	5243	3	2
308.806	5244	3	3
308.728	5245	1	1
308.806	5246	4	2
308.883	5247	4	3
308.806	5248	2	1
308.883	5249	3	2
308.961	5250	3	3
308.961	5251	2	2
309.039	5252	2	3
309.039	5253	3	2
309.116	5254	3	3
309.039	5255	1	1
309.194	5256	1	2
309.272	5257	1	3
309.194	5258	4	1
309.194	5259	3	1
309.350	5260	2	2
309.427	5261	2	3
309.505	5262	3	2
309.583	5263	3	3
309.505	5264	1	1
309.660	5265	4	2
309.738	5266	4	3
309.660	5267	2	1
309.660	5268	3	1
309.816	5269	3	2
309.894	5270	3	3
309.816	5271	1	1
309.894	5272	4	1
309.894	5273	2	1
309.971	5274	1	1
309.971	5275	3	1
310.127	5276	2	2
310.205	5277	2	3
310.127	5278	4	1
310.127	5279	1	1
310.205	5280	3	2
310.282	5281	3	3
310.282	5282	4	2
310.360	5283	4	3
310.360	5284	1	2
310.438	5285	1	3
310.438	5286	2	1
310.438	5287	4	1
310.438	5288	3	1
310.593	5289	2	2
310.671	5290	2	3
310.671	5291	3	2
310.749	5292	3	3
310.749	5293	4	2
310.826	5294	4	3
310.826	5295	1	2
310.904	5296	1	3
310.904	5297	2	1
310.904	5298	3	1
311.059	5299	1	2
311.137	5300	1	3
311.059	5301	4	1
311.059	5302	3	1
311.137	5303	2	2
311.215	5304	2	3
311.215	5305	3	2
311.293	5306	3	3
311.215	5307	1	1
311.293	5308	4	2
311.370	5309	4	3
311.293	5310	2	1
311.370	5311	3	2
311.448	5312	3	3
311.448	5313	2	2
311.526	5314	2	3
311.526	5315	1	2
311.603	5316	1	3
311.526	5317	4	1
311.603	5318	2	2
311.681	5319	2	3
311.681	5320	3	1
311.681	5321	4	1
311.681	5322	1	1
311.837	5323	4	2
311.914	5324	4	3
311.914	5325	3	2
311.992	5326	3	3
311.992	5327	2	2
312.070	5328	2	3
312.070	5329	1	2
312.148	5330	1	3
312.070	5331	4	1
312.148	5332	3	1
312.148	5333	2	1
312.303	5334	3	2
312.381	5335	3	3
312.303	5336	1	1
312.381	5337	2	2
312.458	5338	2	3
312.381	5339	4	1
312.458	5340	1	2
312.536	5341	1	3
312.536	5342	2	2
312.614	5343	2	3
312.536	5344	3	1
312.614	5345	4	2
312.692	5346	4	3
312.614	5347	1	1
312.692	5348	3	2
312.769	5349	3	3
312.769	5350	2	2
312.847	5351	2	3
312.847	5352	3	2
312.925	5353	3	3
312.925	5354	1	1
312.925	5355	2	1
312.925	5356	4	1
313.080	5357	4	2
313.158	5358	4	3
313.158	5359	2	2
313.236	5360	2	3
313.236	5361	1	2
313.313	5362	1	3
313.313	5363	2	2
313.391	5364	2	3
313.391	5365	3	1
313.391	5366	4	1
313.546	5367	1	2
313.624	5368	1	3
313.624	5369	2	2
313.702	5370	2	3
313.702	5371	3	2
313.780	5372	3	3
313.702	5373	1	1
313.702	5374	4	1
313.780	5375	4	2
313.857	5376	4	3
313.780	5377	2	1
313.780	5378	1	2
314.013	5379	1	3
314.013	5380	4	1
314.168	5381	2	1
314.246	5382	3	1
314.401	5383	1	2
314.557	5384	1	3
314.635	5385	2	1
314.790	5386	3	2
314.945	5387	3	3
315.101	5388	2	2
315.179	5389	2	3
315.101	5390	1	1
315.101	5391	4	1
315.179	5392	3	2
315.256	5393	3	3
315.256	5394	4	2
315.334	5395	4	3
315.334	5396	1	2
315.412	5397	1	3
315.412	5398	2	1
315.412	5399	3	1
315.412	5400	4	1
315.567	5401	2	2
315.645	5402	2	3
315.645	5403	3	2
315.723	5404	3	3
315.723	5405	4	2
315.800	5406	4	3
315.800	5407	1	2
315.878	5408	1	3
315.878	5409	2	1
315.878	5410	3	1
316.034	5411	1	2
316.111	5412	1	3
316.034	5413	4	1
316.034	5414	3	1
316.111	5415	2	2
316.189	5416	2	3
316.189	5417	3	2
316.267	5418	3	3
316.189	5419	1	1
316.267	5420	4	2
316.344	5421	4	3
316.267	5422	2	1
316.344	5423	3	2
316.422	5424	3	3
316.500	5425	2	2
316.578	5426	2	3
316.500	5427	4	1
316.578	5428	1	2
316.655	5429	1	3
316.655	5430	3	1
316.655	5431	2	1
316.655	5432	4	1
316.811	5433	4	2
316.888	5434	4	3
316.888	5435	3	2
316.966	5436	3	3
316.966	5437	2	2
317.044	5438	2	3
317.044	5439	1	2
317.122	5440	1	3
317.044	5441	4	1
317.122	5442	3	1
317.122	5443	2	1
317.277	5444	3	2
317.355	5445	3	3
317.277	5446	1	1
317.355	5447	2	2
317.433	5448	2	3
317.355	5449	4	1
317.433	5450	1	2
317.510	5451	1	3
317.510	5452	2	2
317.588	5453	2	3
317.510	5454	4	1
317.588	5455	3	2
317.666	5456	3	3
317.588	5457	1	1
317.666	5458	2	2
317.743	5459	2	3
317.743	5460	1	2
317.821	5461	1	3
317.821	5462	2	2
317.899	5463	2	3
317.899	5464	4	1
317.899	5465	3	1
317.899	5466	1	1
318.054	5467	3	2
318.132	5468	3	3
318.132	5469	2	2
318.210	5470	2	3
318.210	5471	1	2
318.287	5472	1	3
318.287	5473	2	2
318.365	5474	2	3
318.365	5475	3	1
318.365	5476	4	1
318.521	5477	1	2
318.598	5478	1	3
318.521	5479	4	1
318.521	5480	3	1
318.598	5481	2	2
318.676	5482	2	3
318.676	5483	3	2
318.754	5484	3	3
318.676	5485	1	1
318.754	5486	4	2
318.831	5487	4	3
318.754	5488	2	1
318.831	5489	3	2
318.909	5490	3	3
318.909	5491	2	2
318.987	5492	2	3
318.987	5493	3	2
319.065	5494	3	3
318.987	5495	1	1
319.142	5496	1	2
319.220	5497	1	3
319.142	5498	4	1
319.142	5499	3	1
319.298	5500	2	2
319.376	5501	2	3
319.453	5502	3	2
319.531	5503	3	3
319.453	5504	1	1
319.609	5505	4	2
319.686	5506	4	3
319.609	5507	2	1
319.609	5508	3	1
319.764	5509	3	2
319.842	5510	3	3
319.764	5511	1	1
319.842	5512	4	1
319.842	5513	2	1
319.997	5514	3	1
319.997	5515	1	1
320.075	5516	2	2
320.153	5517	2	3
320.075	5518	4	1
320.153	5519	3	2
320.230	5520	3	3
320.230	5521	4	2
320.308	5522	4	3
320.308	5523	1	2
320.386	5524	1	3
320.386	5525	2	1
320.386	5526	4	1
320.386	5527	3	1
320.541	5528	2	2
320.619	5529	2	3
320.619	5530	3	2
320.697	5531	3	3
320.697	5532	4	2
320.774	5533	4	3
320.774	5534	1	2
320.852	5535	1	3
320.852	5536	2	1
320.852	5537	3	1
321.008	5538	1	2
321.085	5539	1	3
321.008	5540	4	1
321.008	5541	3	1
321.085	5542	2	2
321.163	5543	2	3
321.163	5544	3	2
321.241	5545	3	3
321.163	5546	1	1
321.241	5547	4	2
321.319	5548	4	3
321.241	5549	2	1
321.319	5550	3	2
321.396	5551	3	3
321.396	5552	2	2
321.474	5553	2	3
321.474	5554	1	2
321.552	5555	1	3
321.474	5556	4	1
321.552	5557	2	2
321.629	5558	2	3
321.629	5559	3	1
321.629	5560	4	1
321.629	5561	1	1
321.785	5562	4	2
321.863	5563	4	3
321.863	5564	3	2
321.940	5565	3	3
321.940	5566	2	2
322.018	5567	2	3
322.018	5568	1	2
322.096	5569	1	3
322.018	5570	4	1
322.096	5571	3	1
322.096	5572	2	1
322.251	5573	3	2
322.329	5574	3	3
322.251	5575	1	1
322.329	5576	2	2
322.407	5577	2	3
322.329	5578	4	1
322.407	5579	1	2
322.484	5580	1	3
322.484	5581	2	2
322.562	5582	2	3
322.484	5583	3	1
322.562	5584	4	2
322.640	5585	4	3
322.562	5586	1	1
322.640	5587	3	2
322.717	5588	3	3
322.717	5589	2	2
322.795	5590	2	3
322.795	5591	3	2
322.873	5592	3	3
322.873	5593	1	1
322.873	5594	2	1
322.873	5595	4	1
323.028	5596	4	2
323.106	5597	4	3
323.106	5598	2	2
323.184	5599	2	3
323.184	5600	1	2
323.262	5601	1	3
323.262	5602	2	2
323.339	5603	2	3
323.339	5604	3	1
323.339	5605	4	1
323.495	5606	4	1
323.495	5607	3	1
323.495	5608	1	2
323.572	5609	1	3
323.572	5610	2	2
323.650	5611	2	3
323.650	5612	3	2
323.728	5613	3	3
323.650	5614	1	1
323.728	5615	4	2
323.806	5616	4	3
323.728	5617	2	1
323.806	5618	1	1
323.806	5619	3	2
323.883	5620	3	3
323.883	5621	2	2
323.961	5622	2	3
323.961	5623	3	2
324.039	5624	3	3
323.961	5625	4	1
324.116	5626	2	1
324.116	5627	1	2
324.194	5628	1	3
324.272	5629	2	1
324.272	5630	4	1
324.272	5631	3	2
324.350	5632	3	3
324.427	5633	2	2
324.505	5634	2	3
324.427	5635	1	1
324.505	5636	4	1
324.505	5637	3	1
324.583	5638	2	1
324.583	5639	1	2
324.660	5640	1	3
324.738	5641	4	1
324.738	5642	3	2
324.816	5643	3	3
324.816	5644	2	1
324.816	5645	1	1
324.971	5646	4	1
324.971	5647	3	1
325.049	5648	1	1
325.049	5649	2	2
325.127	5650	2	3
325.127	5651	3	2
325.205	5652	3	3
325.205	5653	4	2
325.282	5654	4	3
325.282	5655	1	2
325.360	5656	1	3
325.360	5657	2	1
325.360	5658	4	1
325.360	5659	3	1
325.515	5660	2	2
325.593	5661	2	3
325.593	5662	3	2
325.671	5663	3	3
325.671	5664	4	2
325.749	5665	4	3
325.749	5666	1	2
325.826	5667	1	3
325.826	5668	2	1
325.826	5669	3	1
325.982	5670	4	1
325.982	5671	1	2
326.059	5672	1	3
325.982	5673	3	1
326.059	5674	2	2
326.137	5675	2	3
326.137	5676	1	1
326.137	5677	3	2
326.215	5678	3	3
326.215	5679	4	2
326.293	5680	4	3
326.215	5681	2	1
326.293	5682	3	2
326.370	5683	3	3
326.448	5684	2	2
326.526	5685	2	3
326.448	5686	4	1
326.526	5687	1	2
326.603	5688	1	3
326.603	5689	3	1
326.603	5690	2	1
326.603	5691	4	1
326.759	5692	4	2
326.837	5693	4	3
326.837	5694	3	2
326.914	5695	3	3
326.914	5696	2	2
326.992	5697	2	3
326.992	5698	1	2
327.070	5699	1	3
326.992	5700	4	1
327.070	5701	3	1
327.070	5702	2	1
327.225	5703	3	2
327.303	5704	3	3
327.225	5705	1	1
327.303	5706	2	2
327.381	5707	2	3
327.303	5708	4	1
327.381	5709	1	2
327.458	5710	1	3
327.458	5711	2	2
327.536	5712	2	3
327.458	5713	4	1
327.536	5714	3	2
327.614	5715	3	3
327.536	5716	1	1
327.614	5717	2	2
327.692	5718	2	3
327.692	5719	1	2
327.769	5720	1	3
327.769	5721	2	2
327.847	5722	2	3
327.847	5723	4	1
327.847	5724	3	1
327.847	5725	1	1
328.002	5726	3	2
328.080	5727	3	3
328.080	5728	2	2
328.158	5729	2	3
328.158	5730	1	2
328.236	5731	1	3
328.236	5732	2	2
328.313	5733	2	3
328.313	5734	3	1
328.313	5735	4	1
328.469	5736	1	2
328.546	5737	1	3
328.469	5738	4	1
328.469	5739	3	1
328.546	5740	2	2
328.624	5741	2	3
328.624	5742	3	2
328.702	5743	3	3
328.624	5744	1	1
328.702	5745	4	2
328.780	5746	4	3
328.702	5747	2	1
328.780	5748	3	2
328.857	5749	3	3
328.857	5750	2	2
328.935	5751	2	3
328.935	5752	3	2
329.013	5753	3	3
328.935	5754	1	1
329.091	5755	1	2
329.168	5756	1	3
329.091	5757	4	1
329.091	5758	3	1
329.246	5759	2	2
329.324	5760	2	3
329.401	5761	3	2
329.479	5762	3	3
329.401	5763	1	1
329.557	5764	4	2
329.635	5765	4	3
329.557	5766	2	1
329.557	5767	3	1
329.712	5768	3	2
329.790	5769	3	3
329.712	5770	1	1
329.790	5771	4	1
329.790	5772	2	1
329.945	5773	3	1
329.945	5774	1	1
330.023	5775	2	2
330.101	5776	2	3
330.023	5777	4	1
330.101	5778	3	2
330.179	5779	3	3
330.179	5780	4	2
330.256	5781	4	3
330.256	5782	1	2
330.334	5783	1	3
330.334	5784	2	1
330.334	5785	4	1
330.334	5786	3	1
330.489	5787	2	2
330.567	5788	2	3
330.567	5789	3	2
330.645	5790	3	3
330.645	5791	4	2
330.723	5792	4	3
330.723	5793	1	2
330.800	5794	1	3
330.800	5795	2	1
330.800	5796	3	1
330.956	5797	1	2
331.034	5798	1	3
330.956	5799	4	1
330.956	5800	3	1
331.034	5801	2	2
331.111	5802	2	3
331.111	5803	3	2
331.189	5804	3	3
331.111	5805	1	1
331.189	5806	4	2
331.267	5807	4	3
331.189	5808	2	1
331.267	5809	3	2
331.344	5810	3	3
331.344	5811	2	2
331.422	5812	2	3
331.422	5813	1	2
331.500	5814	1	3
331.422	5815	4	1
331.500	5816	2	2
331.578	5817	2	3
331.578	5818	3	1
331.578	5819	4	1
331.578	5820	1	1
331.733	5821	4	2
331.811	5822	4	3
331.811	5823	3	2
331.888	5824	3	3
331.888	5825	2	2
331.966	5826	2	3
331.966	5827	1	2
332.044	5828	1	3
331.966	5829	4	1
332.044	5830	3	1
332.044	5831	2	1
332.199	5832	3	2
332.277	5833	3	3
332.199	5834	1	1
332.277	5835	2	2
332.355	5836	2	3
332.277	5837	4	1
332.355	5838	1	2
332.433	5839	1	3
332.433	5840	2	2
332.510	5841	2	3
332.433	5842	3	1
332.510	5843	4	2
332.588	5844	4	3
332.510	5845	1	1
332.588	5846	3	2
332.666	5847	3	3
332.666	5848	2	2
332.743	5849	2	3
332.743	5850	3	2
332.821	5851	3	3
332.821	5852	1	1
332.821	5853	2	1
332.821	5854	4	1
332.977	5855	4	2
333.054	5856	4	3
333.054	5857	2	2
333.132	5858	2	3
333.132	5859	1	2
333.210	5860	1	3
333.210	5861	2	2
333.287	5862	2	3
333.287	5863	3	1
333.287	5864	4	1
333.443	5865	1	2
333.521	5866	1	3
333.521	5867	2	2
333.598	5868	2	3
333.598	5869	3	2
333.676	5870	3	3
333.598	5871	1	1
333.598	5872	4	1
333.676	5873	4	2
333.754	5874	4	3
333.676	5875	2	1
333.754	5876	3	1
333.754	5877	1	1
333.909	5878	4	1
333.909	5879	3	1
334.065	5880	3	1
334.065	5881	2	1
334.220	5882	3	1
334.220	5883	4	1
334.220	5884	1	1
334.376	5885	3	1
334.376	5886	2	1
334.453	5887	1	1
334.453	5888	4	1
334.531	5889	2	1
334.531	5890	3	1
334.686	5891	3	1
334.686	5892	4	1
334.764	5893	1	1
334.764	5894	2	1
334.920	5895	4	1
334.920	5896	3	1
334.997	5897	2	1
334.997	5898	1	2
335.308	5899	1	3
335.153	5900	3	1
335.308	5901	2	1
335.308	5902	3	1
335.308	5903	4	2
335.464	5904	4	3
335.386	5905	1	1
335.464	5906	2	1
335.541	5907	4	1
335.619	5908	3	1
335.697	5909	2	1
335.774	5910	3	1
335.774	5911	1	2
335.930	5912	1	3
335.852	5913	4	1
335.930	5914	2	1
335.930	5915	3	1
336.008	5916	1	1
336.085	5917	4	1
336.085	5918	2	1
336.163	5919	1	1
336.163	5920	3	1
336.241	5921	4	2
336.396	5922	4	3
336.319	5923	1	1
336.396	5924	3	1
336.396	5925	2	1
336.474	5926	4	1
336.552	5927	1	1
336.552	5928	3	1
336.629	5929	2	1
336.707	5930	4	2
336.863	5931	4	3
336.785	5932	1	1
336.863	5933	3	1
336.940	5934	2	1
336.940	5935	4	1
337.018	5936	1	1
337.018	5937	3	1
337.096	5938	2	1
337.173	5939	3	1
337.173	5940	1	2
337.329	5941	1	3
337.251	5942	2	1
337.251	5943	4	1
337.329	5944	3	1
337.407	5945	4	1
337.407	5946	1	1
337.484	5947	3	1
337.484	5948	2	1
337.562	5949	1	1
337.640	5950	4	2
337.795	5951	4	3
337.717	5952	1	1
337.795	5953	3	1
337.795	5954	2	1
337.873	5955	4	1
337.951	5956	3	1
338.028	5957	2	1
338.106	5958	4	2
338.262	5959	4	3
338.184	5960	1	1
338.262	5961	3	1
338.262	5962	2	1
338.339	5963	4	1
338.417	5964	1	1
338.417	5965	3	1
338.495	5966	2	1
338.572	5967	3	1
338.572	5968	1	2
338.728	5969	1	3
338.650	5970	2	1
338.650	5971	4	1
338.728	5972	3	1
338.806	5973	1	1
338.883	5974	3	1
338.883	5975	2	1
338.961	5976	4	1
339.039	5977	1	1
339.039	5978	3	2
339.194	5979	3	3
339.116	5980	2	1
339.194	5981	1	1
339.272	5982	3	1
339.350	5983	2	1
339.427	5984	1	1
339.427	5985	4	1
339.505	5986	2	1
339.505	5987	3	1
339.660	5988	3	1
339.660	5989	4	1
339.738	5990	1	1
339.738	5991	2	1
339.894	5992	4	1
339.894	5993	3	1
339.971	5994	2	1
339.971	5995	1	2
340.282	5996	1	3
340.127	5997	3	1
340.282	5998	2	1
340.282	5999	4	1
340.282	6000	3	2
340.438	6001	3	3
340.360	6002	1	1
340.438	6003	2	1
340.515	6004	3	1
340.593	6005	4	1
340.671	6006	2	1
340.749	6007	4	1
340.749	6008	3	2
340.904	6009	3	3
340.826	6010	1	1
340.904	6011	4	1
340.904	6012	2	1
340.982	6013	1	1
341.059	6014	2	1
341.059	6015	3	1
341.137	6016	1	1
341.137	6017	4	1
341.215	6018	3	2
341.370	6019	3	3
341.293	6020	1	1
341.370	6021	4	1
341.370	6022	2	1
341.448	6023	3	1
341.526	6024	1	1
341.526	6025	4	1
341.603	6026	2	1
341.681	6027	3	2
341.837	6028	3	3
341.759	6029	1	1
341.837	6030	2	1
341.914	6031	1	1
341.914	6032	3	1
341.992	6033	2	1
341.992	6034	4	1
342.070	6035	3	1
342.148	6036	2	1
342.148	6037	1	2
342.303	6038	1	3
342.225	6039	3	1
342.225	6040	4	1
342.303	6041	2	1
342.381	6042	3	1
342.381	6043	1	1
342.458	6044	4	1
342.458	6045	2	1
342.536	6046	1	1
342.614	6047	3	2
342.769	6048	3	3
342.692	6049	4	1
342.769	6050	1	1
342.769	6051	2	1
342.847	6052	3	1
342.925	6053	4	1
343.002	6054	2	1
343.080	6055	3	2
343.236	6056	3	3
343.158	6057	1	1
343.236	6058	4	1
343.236	6059	2	1
343.313	6060	3	1
343.391	6061	1	1
343.391	6062	4	1
343.469	6063	2	1
343.546	6064	3	1
343.546	6065	4	2
343.702	6066	4	3
343.624	6067	2	1
343.624	6068	1	1
343.702	6069	3	1
343.780	6070	4	1
343.857	6071	1	1
343.857	6072	3	1
343.935	6073	2	1
344.013	6074	4	1
344.013	6075	3	2
344.168	6076	3	3
344.091	6077	1	1
344.168	6078	2	1
344.246	6079	3	1
344.324	6080	2	1
344.401	6081	1	1
344.401	6082	4	1
344.479	6083	3	1
344.479	6084	2	1
344.635	6085	3	1
344.635	6086	4	1
344.712	6087	2	1
344.712	6088	1	1
344.868	6089	3	1
344.868	6090	4	1
344.945	6091	2	2
348.831	6092	2	3
344.945	6093	1	2
345.256	6094	1	3
345.256	6095	3	2
345.412	6096	3	3
345.489	6097	3	1
345.723	6098	3	2
345.878	6099	3	3
345.956	6100	3	1
346.189	6101	3	2
346.344	6102	3	3
346.422	6103	3	1
346.655	6104	3	2
346.811	6105	3	3
346.888	6106	3	1
347.122	6107	1	2
347.277	6108	1	3
347.355	6109	1	1
347.588	6110	3	2
347.743	6111	3	3
347.821	6112	3	1
348.054	6113	3	2
348.210	6114	3	3
348.287	6115	3	1
348.521	6116	4	2
348.676	6117	4	3
348.754	6118	4	1
348.987	6119	1	2
349.142	6120	1	3
348.987	6121	4	2
349.376	6122	4	3
349.220	6123	1	1
349.453	6124	4	2
349.920	6125	4	3
349.453	6126	3	2
349.920	6127	3	3
349.920	6128	2	2
353.806	6129	2	3
349.920	6130	1	2
350.230	6131	1	3
350.230	6132	4	2
350.386	6133	4	3
350.464	6134	4	1
350.697	6135	3	2
350.852	6136	3	3
350.930	6137	3	1
351.163	6138	4	2
351.319	6139	4	3
351.396	6140	4	1
351.629	6141	4	2
351.785	6142	4	3
351.863	6143	4	1
352.096	6144	3	2
352.251	6145	3	3
352.329	6146	3	1
352.562	6147	4	2
352.717	6148	4	3
352.795	6149	4	1
353.028	6150	4	2
353.184	6151	4	3
353.262	6152	4	1
353.495	6153	3	2
353.650	6154	3	3
353.728	6155	3	1
353.961	6156	1	2
354.116	6157	1	3
353.961	6158	4	2
354.350	6159	4	3
354.194	6160	1	1
354.427	6161	4	2
354.894	6162	4	3
354.427	6163	3	2
354.894	6164	3	3
354.894	6165	2	2
358.780	6166	2	3
358.935	6167	4	2
359.324	6168	4	3
359.401	6169	3	2
359.790	6170	3	3
359.868	6171	2	2
363.598	6172	2	3