Song Name	Exit This Earth's Atomosphere (Camellia's 'Planetary//200step' Remix) [EXTENDED CUT] (Hard) by Camellia
Title	Exit This Earth's Atomosphere (Camellia's 'Planetary//200step' Remix) [EXTENDED CUT] (Hard)
Artist	Camellia
Description	Released in 2018 in the 'Camellia Remixes Summary&VIPs 02' album. From the artist: Yeah, the remix! I know you loves both Exit This Earth's Atomosphere, and 200step! So why not combine them? I'm really glad there are actually a lot of fans of this remix as well. Thank you for your support!! Map by Himitsu.
Difficulty	35
Primary Color	Rush
Secondary Color	Chill
Cover Image ID	6439973081
Audio Asset ID	rbxassetid://9544036508
Audio File	9544036508.ogg
Last Note Time	401.687
Total Notes	5993
Fever Fill	1612
Fever Time	60.253050
Long Notes	1155
BPM	200
Song Length	402.687000000

Timing Points
7.037	300.000000
107.837	300.000000
151.037	300.000000
182.237	300.000000
220.637	300.000000
311.837	300.000000
352.037	300.000000


Song Data
7.037	1	2	2
7.337	2	2	3
7.337	3	1	2
7.637	4	1	3
7.637	5	4	2
7.787	6	4	3
8.087	7	4	2
8.237	8	4	3
8.537	9	4	2
8.687	10	4	3
8.987	11	4	2
9.137	12	4	3
9.437	13	4	2
9.587	14	4	3
9.887	15	4	2
10.037	16	4	3
10.337	17	4	2
10.487	18	4	3
10.787	19	4	2
10.937	20	4	3
11.237	21	4	2
11.387	22	4	3
11.687	23	3	1
11.837	24	2	2
12.137	25	2	3
12.137	26	1	2
12.437	27	1	3
12.437	28	4	2
12.587	29	4	3
12.887	30	4	2
13.037	31	4	3
13.337	32	4	2
13.487	33	4	3
13.787	34	4	2
13.937	35	4	3
14.237	36	4	2
14.387	37	4	3
14.687	38	4	2
14.837	39	4	3
15.137	40	4	2
15.287	41	4	3
15.587	42	4	2
15.737	43	4	3
16.037	44	4	2
16.187	45	4	3
16.487	46	3	1
16.637	47	2	2
16.937	48	2	3
16.937	49	1	1
17.087	50	3	1
17.237	51	4	2
17.387	52	4	3
17.687	53	4	2
17.837	54	4	3
18.137	55	4	2
18.287	56	4	3
18.587	57	4	2
18.737	58	4	3
19.037	59	4	2
19.187	60	4	3
19.487	61	4	2
19.637	62	4	3
19.937	63	4	2
20.087	64	4	3
20.387	65	4	2
20.537	66	4	3
20.837	67	4	2
20.987	68	4	3
21.287	69	3	1
21.437	70	2	2
21.737	71	2	3
21.737	72	1	1
21.887	73	3	1
22.037	74	4	2
22.187	75	4	3
22.487	76	4	2
22.637	77	4	3
22.937	78	4	2
23.087	79	4	3
23.387	80	4	2
23.537	81	4	3
23.837	82	4	2
23.987	83	4	3
24.287	84	4	2
24.437	85	4	3
24.737	86	4	2
24.887	87	4	3
25.187	88	4	2
25.337	89	4	3
25.637	90	4	2
25.787	91	4	3
26.237	92	1	1
26.387	93	2	1
26.537	94	3	1
26.687	95	4	1
26.837	96	3	1
26.987	97	2	1
27.137	98	1	1
27.287	99	4	1
27.437	100	2	1
27.587	101	3	1
27.737	102	2	1
27.887	103	3	1
28.037	104	4	1
28.187	105	1	1
28.337	106	3	1
28.487	107	2	1
28.637	108	1	1
28.787	109	2	1
28.937	110	3	1
29.087	111	4	1
29.237	112	3	1
29.387	113	2	1
29.537	114	1	1
29.687	115	4	1
29.837	116	3	1
29.987	117	4	1
30.137	118	3	1
30.287	119	2	1
30.437	120	1	1
30.587	121	2	1
30.737	122	4	1
30.887	123	3	1
31.037	124	1	1
31.187	125	2	1
31.337	126	3	1
31.487	127	4	1
31.637	128	3	1
31.787	129	2	1
31.937	130	1	1
32.087	131	4	1
32.237	132	2	1
32.387	133	3	1
32.537	134	2	1
32.687	135	3	1
32.837	136	4	1
32.987	137	1	1
33.137	138	3	1
33.287	139	2	1
33.437	140	1	1
33.587	141	2	1
33.737	142	3	1
33.887	143	4	1
34.037	144	3	1
34.187	145	2	1
34.337	146	1	1
34.487	147	4	1
34.637	148	3	1
34.787	149	4	1
34.937	150	3	1
35.087	151	2	1
35.237	152	1	1
35.387	153	2	1
35.537	154	4	1
35.687	155	3	1
35.837	156	1	1
35.987	157	2	1
36.137	158	3	1
36.287	159	4	1
36.437	160	3	1
36.587	161	2	1
36.737	162	1	1
36.887	163	4	1
37.037	164	2	1
37.187	165	3	1
37.337	166	2	1
37.487	167	3	1
37.637	168	4	1
37.787	169	1	1
37.937	170	3	1
38.087	171	2	1
38.237	172	1	1
38.387	173	2	1
38.537	174	3	1
38.687	175	4	1
38.837	176	3	1
38.987	177	2	1
39.137	178	1	1
39.287	179	4	1
39.437	180	3	1
39.587	181	4	1
39.737	182	3	1
39.887	183	2	1
40.037	184	1	1
40.187	185	2	1
40.337	186	4	1
40.487	187	3	1
40.637	188	1	1
40.787	189	2	1
40.937	190	3	1
41.087	191	4	1
41.237	192	3	1
41.387	193	2	1
41.537	194	1	1
41.687	195	4	1
41.837	196	2	1
41.987	197	3	1
42.137	198	2	1
42.287	199	3	1
42.437	200	4	1
42.587	201	1	1
42.737	202	3	1
42.887	203	2	1
43.037	204	1	1
43.187	205	2	1
43.337	206	3	1
43.487	207	4	1
43.637	208	3	1
43.787	209	2	1
43.937	210	1	1
44.087	211	4	1
44.237	212	3	1
44.387	213	4	1
44.537	214	3	1
44.687	215	2	1
44.837	216	1	1
44.987	217	2	1
45.137	218	4	1
45.287	219	3	1
45.437	220	4	1
45.437	221	1	2
45.512	222	1	3
45.587	223	2	2
45.662	224	2	3
45.737	225	3	2
45.812	226	3	3
45.887	227	4	2
45.962	228	4	3
46.037	229	3	2
46.112	230	3	3
46.187	231	2	2
46.262	232	2	3
46.337	233	1	2
46.412	234	1	3
46.487	235	4	2
46.562	236	4	3
46.637	237	2	2
46.712	238	2	3
46.637	239	1	1
46.787	240	3	2
46.862	241	3	3
46.937	242	2	2
47.012	243	2	3
47.087	244	3	2
47.162	245	3	3
47.237	246	4	2
47.312	247	4	3
47.387	248	1	2
47.462	249	1	3
47.537	250	3	2
47.612	251	3	3
47.687	252	2	2
47.762	253	2	3
47.837	254	1	2
47.912	255	1	3
47.837	256	4	1
47.987	257	2	2
48.062	258	2	3
48.137	259	3	2
48.212	260	3	3
48.287	261	4	2
48.362	262	4	3
48.437	263	3	2
48.512	264	3	3
48.587	265	2	2
48.662	266	2	3
48.737	267	1	2
48.812	268	1	3
48.887	269	4	2
48.962	270	4	3
49.037	271	3	2
49.112	272	3	3
49.187	273	4	2
49.262	274	4	3
49.337	275	3	2
49.412	276	3	3
49.487	277	2	2
49.562	278	2	3
49.637	279	1	2
49.712	280	1	3
49.787	281	2	2
49.862	282	2	3
49.937	283	4	2
50.012	284	4	3
50.087	285	3	2
50.162	286	3	3
50.237	287	4	1
50.237	288	1	2
50.312	289	1	3
50.387	290	2	2
50.462	291	2	3
50.537	292	3	2
50.612	293	3	3
50.687	294	4	2
50.762	295	4	3
50.837	296	3	2
50.912	297	3	3
50.987	298	2	2
51.062	299	2	3
51.137	300	1	2
51.212	301	1	3
51.287	302	2	2
51.362	303	2	3
51.437	304	3	2
51.512	305	3	3
51.437	306	1	1
51.587	307	4	2
51.662	308	4	3
51.737	309	3	2
51.812	310	3	3
51.887	311	2	2
51.962	312	2	3
52.037	313	1	2
52.112	314	1	3
52.187	315	2	2
52.262	316	2	3
52.337	317	3	2
52.412	318	3	3
52.487	319	2	2
52.562	320	2	3
52.637	321	4	1
52.637	322	1	2
52.712	323	1	3
52.787	324	2	2
52.862	325	2	3
52.937	326	3	2
53.012	327	3	3
53.087	328	4	2
53.162	329	4	3
53.237	330	3	2
53.312	331	3	3
53.387	332	2	2
53.462	333	2	3
53.537	334	1	2
53.612	335	1	3
53.687	336	4	2
53.762	337	4	3
53.837	338	2	2
53.912	339	2	3
53.987	340	4	2
54.062	341	4	3
54.137	342	3	2
54.212	343	3	3
54.287	344	2	2
54.362	345	2	3
54.437	346	1	2
55.037	347	1	3
54.437	348	3	2
54.512	349	3	3
54.587	350	2	2
54.662	351	2	3
54.737	352	4	2
54.812	353	4	3
54.887	354	3	2
54.962	355	3	3
55.037	356	4	2
56.237	357	4	3
55.037	358	2	2
55.112	359	2	3
55.187	360	1	2
55.262	361	1	3
55.337	362	2	2
55.412	363	2	3
55.487	364	3	2
55.562	365	3	3
55.637	366	2	2
55.712	367	2	3
55.787	368	3	2
55.862	369	3	3
55.787	370	1	2
55.862	371	1	3
55.937	372	2	2
56.012	373	2	3
56.087	374	1	2
56.162	375	1	3
56.237	376	1	2
56.312	377	1	3
56.237	378	3	2
56.312	379	3	3
56.387	380	2	2
56.462	381	2	3
56.537	382	4	2
56.612	383	4	3
56.687	384	1	2
56.762	385	1	3
56.837	386	4	2
56.912	387	4	3
56.837	388	3	2
56.987	389	3	3
56.987	390	2	2
57.137	391	2	3
57.137	392	1	2
57.287	393	1	3
57.287	394	2	2
57.362	395	2	3
57.287	396	4	2
57.587	397	4	3
57.437	398	1	2
57.512	399	1	3
57.587	400	3	2
57.737	401	3	3
57.737	402	2	2
57.812	403	2	3
57.737	404	1	2
58.637	405	1	3
57.887	406	3	2
57.962	407	3	3
58.037	408	4	2
58.112	409	4	3
58.187	410	3	2
58.262	411	3	3
58.337	412	2	2
58.412	413	2	3
58.487	414	3	2
58.562	415	3	3
58.637	416	2	2
58.712	417	2	3
58.787	418	4	2
58.862	419	4	3
58.937	420	3	2
59.012	421	3	3
59.087	422	1	2
59.162	423	1	3
59.237	424	2	2
59.537	425	2	3
59.237	426	3	2
59.312	427	3	3
59.387	428	4	2
59.462	429	4	3
59.537	430	1	2
59.612	431	1	3
59.537	432	3	2
59.837	433	3	3
59.687	434	2	2
59.762	435	2	3
59.837	436	4	2
60.437	437	4	3
59.837	438	1	2
59.912	439	1	3
59.987	440	1	2
60.062	441	1	3
60.137	442	2	2
60.212	443	2	3
60.287	444	3	2
60.362	445	3	3
60.437	446	2	2
60.512	447	2	3
60.587	448	3	2
60.662	449	3	3
60.587	450	4	2
60.662	451	4	3
60.737	452	1	2
60.887	453	1	3
60.737	454	3	2
60.812	455	3	3
60.887	456	2	2
60.962	457	2	3
60.887	458	4	1
61.037	459	4	2
61.637	460	4	3
61.037	461	3	2
61.112	462	3	3
61.187	463	2	2
61.262	464	2	3
61.337	465	3	2
61.412	466	3	3
61.487	467	1	2
61.562	468	1	3
61.637	469	2	2
61.712	470	2	3
61.637	471	3	2
61.712	472	3	3
61.787	473	2	2
61.937	474	2	3
61.937	475	4	2
62.087	476	4	3
62.087	477	1	2
62.537	478	1	3
62.087	479	3	2
62.162	480	3	3
62.237	481	2	2
62.387	482	2	3
62.387	483	4	2
62.537	484	4	3
62.537	485	3	2
62.687	486	3	3
62.537	487	2	1
62.687	488	4	2
62.837	489	4	3
62.837	490	3	2
62.987	491	3	3
62.987	492	2	2
63.137	493	2	3
63.137	494	1	2
63.287	495	1	3
63.137	496	4	1
63.287	497	2	2
63.437	498	2	3
63.437	499	1	2
63.587	500	1	3
63.587	501	4	2
63.737	502	4	3
63.737	503	1	1
63.737	504	3	2
63.887	505	3	3
63.887	506	2	2
64.037	507	2	3
64.337	508	1	2
64.637	509	1	3
64.637	510	4	2
66.287	511	4	3
64.637	512	2	2
64.937	513	2	3
64.637	514	3	2
64.937	515	3	3
65.237	516	2	1
65.387	517	1	2
65.687	518	1	3
65.387	519	3	2
65.687	520	3	3
65.837	521	1	2
66.137	522	1	3
65.837	523	2	2
66.137	524	2	3
66.437	525	1	2
66.737	526	1	3
66.437	527	4	2
66.587	528	4	3
66.587	529	3	2
66.737	530	3	3
66.737	531	2	2
66.887	532	2	3
66.887	533	1	2
67.187	534	1	3
66.887	535	4	2
67.187	536	4	3
67.187	537	3	2
67.337	538	3	3
67.337	539	1	2
68.687	540	1	3
67.637	541	2	1
68.837	542	1	2
69.137	543	1	3
69.137	544	2	2
69.437	545	2	3
69.437	546	4	2
69.737	547	4	3
69.437	548	1	2
69.737	549	1	3
69.437	550	3	2
70.337	551	3	3
70.037	552	2	1
70.187	553	4	2
70.487	554	4	3
70.337	555	1	2
70.487	556	1	3
70.487	557	2	2
71.387	558	2	3
70.637	559	3	2
70.937	560	3	3
70.637	561	1	2
70.937	562	1	3
71.237	563	1	2
71.537	564	1	3
71.387	565	4	2
71.537	566	4	3
71.537	567	3	2
71.687	568	3	3
71.687	569	4	2
71.987	570	4	3
71.687	571	2	2
71.987	572	2	3
71.687	573	1	2
73.337	574	1	3
72.437	575	3	1
73.637	576	3	1
73.937	577	1	2
74.237	578	1	3
74.237	579	4	2
75.887	580	4	3
74.237	581	2	2
74.537	582	2	3
74.237	583	3	2
74.537	584	3	3
74.837	585	2	1
74.987	586	1	2
75.287	587	1	3
74.987	588	3	2
75.287	589	3	3
75.437	590	1	2
75.737	591	1	3
75.437	592	2	2
75.737	593	2	3
76.037	594	4	2
76.187	595	4	3
76.037	596	1	2
76.337	597	1	3
76.187	598	3	2
76.337	599	3	3
76.337	600	2	2
76.487	601	2	3
76.487	602	4	2
76.787	603	4	3
76.487	604	1	2
76.787	605	1	3
76.787	606	3	2
76.937	607	3	3
76.937	608	1	2
78.287	609	1	3
77.237	610	2	1
78.437	611	1	2
78.737	612	1	3
78.737	613	2	2
79.037	614	2	3
79.037	615	1	2
79.337	616	1	3
79.037	617	3	2
79.937	618	3	3
79.037	619	4	2
79.337	620	4	3
79.637	621	2	1
79.787	622	4	2
80.087	623	4	3
79.937	624	1	2
80.087	625	1	3
80.087	626	2	2
80.987	627	2	3
80.237	628	1	2
80.537	629	1	3
80.237	630	3	2
80.537	631	3	3
80.837	632	1	2
81.137	633	1	3
80.987	634	3	2
81.137	635	3	3
81.137	636	4	2
81.287	637	4	3
81.287	638	3	1
81.287	639	2	1
81.287	640	1	2
83.837	641	1	3
81.887	642	2	1
82.037	643	3	1
82.187	644	4	1
82.487	645	2	1
82.637	646	4	1
82.787	647	3	1
83.112	648	3	1
83.187	649	4	1
83.405	650	3	1
83.562	651	2	1
83.662	652	4	1
83.762	653	3	1
83.837	654	2	1
83.930	655	1	1
84.005	656	4	1
84.099	657	3	1
84.230	658	2	1
84.343	659	1	1
84.530	660	4	1
84.737	661	3	1
85.037	662	1	2
85.637	663	1	3
85.937	664	4	2
86.237	665	4	3
86.237	666	1	1
86.237	667	2	1
86.312	668	3	1
86.387	669	4	1
86.462	670	1	1
86.462	671	2	1
86.537	672	4	1
86.537	673	3	1
86.587	674	2	1
86.637	675	1	1
86.687	676	4	1
86.687	677	3	1
86.762	678	2	1
86.837	679	4	1
86.837	680	1	1
86.912	681	3	1
86.987	682	2	1
86.987	683	1	1
87.062	684	3	1
87.062	685	4	1
87.137	686	1	1
87.137	687	2	1
87.212	688	4	1
87.287	689	3	1
87.287	690	2	1
87.362	691	1	1
87.362	692	4	1
87.437	693	2	1
87.437	694	3	1
87.512	695	4	1
87.587	696	1	1
87.587	697	2	1
87.662	698	4	1
87.662	699	3	1
87.737	700	2	1
87.737	701	1	1
87.812	702	4	1
87.887	703	3	1
87.887	704	2	1
87.962	705	1	1
88.037	706	4	1
88.037	707	3	1
88.112	708	2	1
88.187	709	1	1
88.262	710	4	1
88.262	711	3	1
88.337	712	1	1
88.337	713	2	1
88.412	714	4	1
88.412	715	3	1
88.487	716	2	1
88.487	717	1	1
88.562	718	3	1
88.562	719	4	1
88.637	720	2	1
88.637	721	1	1
88.712	722	3	1
88.787	723	4	1
88.862	724	1	1
88.862	725	2	1
88.937	726	4	1
88.937	727	3	1
88.987	728	2	1
89.037	729	1	1
89.087	730	3	1
89.087	731	4	1
89.162	732	2	1
89.237	733	1	1
89.237	734	4	1
89.312	735	3	1
89.387	736	1	1
89.387	737	2	1
89.462	738	3	1
89.462	739	4	1
89.537	740	2	1
89.537	741	1	1
89.612	742	4	1
89.687	743	2	1
89.687	744	3	1
89.762	745	1	1
89.762	746	4	1
89.837	747	2	1
89.837	748	3	1
89.912	749	4	1
89.987	750	1	1
89.987	751	2	1
90.062	752	3	1
90.062	753	4	1
90.137	754	1	1
90.137	755	2	1
90.212	756	4	1
90.287	757	2	1
90.287	758	3	1
90.362	759	1	1
90.437	760	4	1
90.437	761	3	1
90.512	762	2	1
90.587	763	1	1
90.662	764	3	1
90.662	765	4	1
90.737	766	2	1
90.737	767	1	1
90.812	768	3	1
90.812	769	4	1
90.887	770	2	1
90.887	771	1	1
90.962	772	4	1
90.962	773	3	1
91.037	774	2	1
91.037	775	1	1
91.112	776	3	1
91.187	777	4	1
91.262	778	2	1
91.262	779	1	1
91.337	780	4	1
91.337	781	3	1
91.387	782	2	1
91.437	783	1	1
91.487	784	4	1
91.487	785	3	1
91.562	786	2	1
91.637	787	1	1
91.637	788	4	1
91.712	789	3	1
91.787	790	2	1
91.787	791	1	1
91.862	792	4	1
91.862	793	3	1
91.937	794	1	1
91.937	795	2	1
92.012	796	4	1
92.087	797	2	1
92.087	798	3	1
92.162	799	1	1
92.162	800	4	1
92.237	801	2	1
92.237	802	3	1
92.312	803	4	1
92.387	804	1	1
92.387	805	2	1
92.462	806	3	1
92.462	807	4	1
92.537	808	1	1
92.537	809	2	1
92.612	810	4	1
92.687	811	3	1
92.687	812	2	1
92.762	813	1	1
92.837	814	3	1
92.837	815	4	1
92.912	816	2	1
92.987	817	1	1
93.062	818	4	1
93.062	819	3	1
93.137	820	1	1
93.137	821	2	1
93.212	822	3	1
93.212	823	4	1
93.287	824	2	1
93.287	825	1	1
93.362	826	4	1
93.362	827	3	1
93.437	828	2	1
93.437	829	1	1
93.512	830	3	1
93.587	831	4	1
93.662	832	2	1
93.662	833	1	1
93.737	834	4	1
93.737	835	3	1
93.787	836	2	1
93.837	837	1	1
93.887	838	3	1
93.887	839	4	1
93.962	840	2	1
94.037	841	1	1
94.037	842	4	1
94.112	843	3	1
94.187	844	1	1
94.187	845	2	1
94.262	846	3	1
94.262	847	4	1
94.337	848	1	1
94.337	849	2	1
94.412	850	4	1
94.487	851	2	1
94.487	852	3	1
94.562	853	1	1
94.562	854	4	1
94.637	855	2	1
94.637	856	3	1
94.712	857	4	1
94.787	858	1	1
94.787	859	2	1
94.862	860	3	1
94.862	861	4	1
94.937	862	2	1
94.937	863	1	1
95.012	864	4	1
95.087	865	3	1
95.087	866	2	1
95.162	867	1	1
95.237	868	3	1
95.237	869	4	1
95.312	870	2	1
95.387	871	1	1
95.462	872	3	1
95.462	873	4	1
95.537	874	1	1
95.537	875	2	1
95.612	876	4	1
95.612	877	3	1
95.687	878	1	1
95.687	879	2	1
95.762	880	4	1
95.762	881	3	1
95.837	882	2	1
95.837	883	1	1
95.912	884	4	1
95.987	885	2	1
95.987	886	3	1
96.062	887	1	1
96.137	888	3	1
96.137	889	4	1
96.212	890	2	1
96.287	891	4	1
96.287	892	1	1
96.362	893	3	1
96.437	894	2	1
96.437	895	1	1
96.512	896	4	1
96.587	897	3	1
96.587	898	2	1
96.662	899	1	1
96.737	900	4	1
96.737	901	3	1
96.812	902	2	1
96.887	903	4	1
96.887	904	1	1
96.962	905	3	1
97.037	906	1	1
97.037	907	2	1
97.112	908	4	1
97.187	909	2	1
97.187	910	3	1
97.262	911	1	1
97.337	912	4	1
97.337	913	3	1
97.412	914	2	1
97.487	915	4	1
97.487	916	1	1
97.562	917	3	1
97.637	918	1	1
97.637	919	2	1
97.712	920	4	1
97.787	921	2	1
97.787	922	3	1
97.862	923	1	1
97.937	924	3	1
97.937	925	4	2
98.162	926	4	3
98.237	927	2	1
98.237	928	3	1
98.237	929	1	1
98.312	930	4	1
98.387	931	3	1
98.387	932	2	1
98.462	933	1	1
98.537	934	4	1
98.537	935	3	1
98.612	936	2	1
98.687	937	1	1
98.687	938	4	1
98.762	939	3	1
98.837	940	1	1
98.837	941	2	1
98.912	942	4	1
98.987	943	3	1
98.987	944	2	1
99.062	945	1	1
99.137	946	3	1
99.137	947	4	1
99.212	948	2	1
99.287	949	4	1
99.287	950	1	1
99.362	951	3	1
99.437	952	1	1
99.437	953	2	1
99.512	954	4	1
99.587	955	3	1
99.587	956	2	1
99.662	957	1	1
99.737	958	4	1
99.737	959	3	1
99.812	960	2	1
99.887	961	1	1
99.887	962	4	1
99.962	963	3	1
100.037	964	2	1
100.037	965	1	1
100.112	966	4	1
100.187	967	2	1
100.187	968	3	1
100.262	969	1	1
100.337	970	3	1
100.337	971	4	2
100.412	972	4	3
100.487	973	4	2
100.562	974	4	3
100.637	975	1	1
100.637	976	2	1
100.712	977	3	1
100.712	978	4	1
100.787	979	1	1
100.787	980	2	1
100.862	981	4	1
100.862	982	3	1
100.937	983	2	1
100.937	984	1	1
101.012	985	4	1
101.012	986	3	1
101.087	987	1	1
101.087	988	2	1
101.162	989	4	1
101.162	990	3	1
101.237	991	1	1
101.237	992	2	1
101.312	993	4	1
101.312	994	3	1
101.387	995	1	1
101.387	996	2	1
101.462	997	4	1
101.462	998	3	1
101.537	999	2	2
101.687	1000	2	3
101.537	1001	1	2
101.687	1002	1	3
101.837	1003	3	1
101.837	1004	4	1
101.912	1005	2	1
101.912	1006	1	1
101.987	1007	4	1
101.987	1008	3	1
102.062	1009	2	1
102.062	1010	1	1
102.137	1011	3	1
102.137	1012	4	1
102.212	1013	2	1
102.212	1014	1	1
102.287	1015	4	1
102.287	1016	3	1
102.362	1017	1	1
102.362	1018	2	1
102.437	1019	3	1
102.437	1020	4	1
102.512	1021	1	1
102.512	1022	2	1
102.587	1023	4	1
102.587	1024	3	1
102.662	1025	2	1
102.662	1026	1	1
102.737	1027	4	2
103.037	1028	4	3
102.737	1029	3	2
103.037	1030	3	3
103.037	1031	1	1
103.074	1032	2	1
103.112	1033	3	1
103.149	1034	4	1
103.187	1035	2	1
103.187	1036	1	1
103.262	1037	4	1
103.262	1038	3	1
103.337	1039	1	1
103.337	1040	2	1
103.412	1041	4	1
103.412	1042	3	1
103.487	1043	2	1
103.487	1044	1	1
103.562	1045	3	1
103.562	1046	4	1
103.637	1047	1	1
103.674	1048	2	1
103.712	1049	3	1
103.749	1050	4	1
103.787	1051	1	1
103.787	1052	2	1
103.862	1053	3	1
103.862	1054	4	1
103.937	1055	1	1
103.937	1056	2	1
104.012	1057	3	1
104.012	1058	4	1
104.087	1059	2	1
104.087	1060	1	1
104.162	1061	4	1
104.162	1062	3	1
104.237	1063	1	1
104.237	1064	2	1
104.287	1065	3	1
104.337	1066	4	1
104.387	1067	2	1
104.387	1068	1	1
104.437	1069	3	1
104.487	1070	4	1
104.537	1071	1	1
104.537	1072	2	1
104.587	1073	3	1
104.637	1074	4	1
104.687	1075	1	1
104.687	1076	2	1
104.737	1077	3	1
104.787	1078	4	1
104.837	1079	1	1
104.874	1080	2	1
104.912	1081	3	1
104.949	1082	4	1
104.987	1083	1	1
105.024	1084	2	1
105.062	1085	3	1
105.099	1086	4	1
105.137	1087	1	1
105.174	1088	2	1
105.212	1089	3	1
105.249	1090	4	1
105.287	1091	1	1
105.324	1092	2	1
105.362	1093	3	1
105.399	1094	4	1
105.437	1095	2	1
105.437	1096	1	1
105.587	1097	3	1
105.737	1098	2	1
105.737	1099	1	1
105.887	1100	1	1
105.962	1101	4	1
106.037	1102	3	1
106.037	1103	2	1
106.112	1104	1	1
106.187	1105	4	1
106.187	1106	3	1
106.262	1107	2	1
106.337	1108	4	1
106.337	1109	1	1
106.412	1110	3	1
106.487	1111	2	1
106.487	1112	1	1
106.562	1113	4	1
106.637	1114	2	1
106.637	1115	3	1
106.712	1116	1	1
106.787	1117	4	1
106.787	1118	3	1
106.862	1119	1	1
106.862	1120	2	1
106.937	1121	4	1
106.937	1122	3	1
107.012	1123	1	1
107.087	1124	2	1
107.087	1125	3	1
107.162	1126	4	1
107.237	1127	2	1
107.237	1128	1	1
107.312	1129	4	1
107.312	1130	3	1
107.387	1131	1	1
107.387	1132	2	1
107.462	1133	4	1
107.462	1134	3	1
107.537	1135	2	1
107.537	1136	1	1
107.612	1137	4	1
107.687	1138	3	1
107.762	1139	2	1
107.837	1140	3	1
107.837	1141	4	2
108.137	1142	4	3
107.837	1143	1	1
107.912	1144	2	1
107.987	1145	1	1
108.062	1146	3	1
108.137	1147	1	1
108.187	1148	2	1
108.237	1149	3	1
108.287	1150	4	1
108.362	1151	4	1
108.437	1152	2	1
108.437	1153	1	2
108.512	1154	1	3
108.437	1155	3	1
108.512	1156	4	1
108.587	1157	3	1
108.662	1158	2	1
108.737	1159	4	1
108.812	1160	1	1
108.887	1161	1	1
108.962	1162	1	1
109.037	1163	2	2
109.112	1164	2	3
109.112	1165	1	1
109.187	1166	4	1
109.262	1167	3	1
109.337	1168	4	1
109.412	1169	1	1
109.487	1170	1	1
109.562	1171	1	1
109.562	1172	4	1
109.562	1173	2	1
109.637	1174	4	1
109.637	1175	3	1
109.637	1176	2	1
109.712	1177	1	1
109.787	1178	4	1
109.862	1179	4	1
109.937	1180	4	1
110.012	1181	2	1
110.087	1182	2	1
110.162	1183	2	1
110.237	1184	3	1
110.237	1185	4	2
110.312	1186	4	3
110.237	1187	1	1
110.312	1188	2	1
110.387	1189	1	2
110.462	1190	1	3
110.462	1191	4	1
110.537	1192	1	1
110.587	1193	2	1
110.637	1194	3	1
110.687	1195	4	1
110.762	1196	4	1
110.837	1197	1	2
110.912	1198	1	3
110.837	1199	2	1
110.837	1200	3	1
110.912	1201	4	1
110.987	1202	3	1
111.062	1203	1	1
111.137	1204	4	1
111.212	1205	1	1
111.287	1206	4	2
111.437	1207	4	3
111.437	1208	3	1
111.437	1209	1	1
111.437	1210	2	1
111.512	1211	4	1
111.587	1212	4	1
111.662	1213	4	1
111.737	1214	2	1
111.812	1215	1	1
111.887	1216	1	1
111.962	1217	3	1
111.962	1218	4	1
111.962	1219	2	1
112.037	1220	2	1
112.037	1221	3	1
112.087	1222	1	1
112.137	1223	3	1
112.187	1224	4	1
112.262	1225	1	1
112.262	1226	3	1
112.262	1227	2	1
112.337	1228	2	2
112.412	1229	2	3
112.337	1230	4	1
112.337	1231	1	1
112.412	1232	3	1
112.487	1233	4	2
112.562	1234	4	3
112.562	1235	1	1
112.637	1236	3	1
112.637	1237	2	1
112.637	1238	4	2
112.937	1239	4	3
112.712	1240	1	1
112.787	1241	2	1
112.862	1242	3	1
112.937	1243	1	1
112.987	1244	2	1
113.037	1245	3	1
113.087	1246	4	1
113.162	1247	4	1
113.237	1248	2	1
113.237	1249	3	1
113.237	1250	1	2
113.312	1251	1	3
113.312	1252	4	1
113.387	1253	3	1
113.462	1254	2	1
113.537	1255	4	1
113.612	1256	1	1
113.687	1257	1	1
113.762	1258	1	1
113.837	1259	2	2
113.912	1260	2	3
113.912	1261	1	1
113.987	1262	4	1
114.062	1263	3	1
114.137	1264	4	1
114.212	1265	1	1
114.287	1266	1	1
114.362	1267	2	1
114.362	1268	4	1
114.362	1269	1	1
114.437	1270	3	2
114.512	1271	3	3
114.437	1272	2	1
114.437	1273	4	1
114.512	1274	1	1
114.587	1275	2	2
114.662	1276	2	3
114.662	1277	4	1
114.737	1278	1	1
114.812	1279	1	1
114.887	1280	4	1
114.962	1281	4	1
115.037	1282	1	1
115.037	1283	3	2
115.112	1284	3	3
115.037	1285	2	1
115.112	1286	4	1
115.187	1287	3	1
115.187	1288	1	2
115.262	1289	1	3
115.262	1290	2	1
115.337	1291	4	2
115.412	1292	4	3
115.412	1293	1	1
115.487	1294	3	2
115.562	1295	3	3
115.562	1296	4	1
115.637	1297	3	1
115.637	1298	2	2
115.712	1299	2	3
115.637	1300	1	1
115.712	1301	4	1
115.787	1302	1	2
115.862	1303	1	3
115.862	1304	3	1
115.937	1305	4	2
116.087	1306	4	3
116.087	1307	3	2
116.237	1308	3	3
116.237	1309	4	1
116.237	1310	2	1
116.237	1311	1	1
116.312	1312	3	1
116.387	1313	4	1
116.462	1314	1	1
116.462	1315	3	1
116.462	1316	2	1
116.537	1317	4	1
116.612	1318	3	1
116.687	1319	1	1
116.687	1320	2	1
116.687	1321	4	1
116.762	1322	3	1
116.837	1323	2	1
116.912	1324	4	1
116.912	1325	1	1
116.912	1326	3	1
116.987	1327	2	1
117.062	1328	4	1
117.137	1329	3	1
117.137	1330	1	1
117.137	1331	2	1
117.212	1332	4	1
117.287	1333	3	1
117.287	1334	2	1
117.287	1335	1	1
117.362	1336	4	1
117.437	1337	1	1
117.437	1338	3	1
117.487	1339	2	1
117.537	1340	3	1
117.587	1341	4	1
117.737	1342	4	1
117.737	1343	1	1
117.787	1344	3	1
117.837	1345	2	1
117.887	1346	4	1
117.962	1347	4	1
118.037	1348	3	1
118.037	1349	1	2
118.112	1350	1	3
118.037	1351	2	1
118.112	1352	4	1
118.187	1353	3	1
118.262	1354	2	1
118.337	1355	4	1
118.412	1356	1	1
118.487	1357	1	1
118.562	1358	1	1
118.637	1359	2	2
118.712	1360	2	3
118.712	1361	1	1
118.787	1362	4	1
118.862	1363	3	1
118.937	1364	4	1
119.012	1365	1	1
119.087	1366	1	1
119.162	1367	4	1
119.162	1368	2	1
119.162	1369	1	1
119.237	1370	3	1
119.237	1371	2	1
119.237	1372	4	1
119.312	1373	1	1
119.387	1374	4	1
119.462	1375	4	1
119.537	1376	4	1
119.612	1377	2	1
119.687	1378	2	1
119.762	1379	2	1
119.837	1380	3	1
119.837	1381	4	2
119.912	1382	4	3
119.837	1383	1	1
119.912	1384	2	1
119.987	1385	1	2
120.062	1386	1	3
120.062	1387	4	1
120.137	1388	1	1
120.187	1389	2	1
120.237	1390	3	1
120.287	1391	4	1
120.362	1392	4	1
120.437	1393	2	1
120.437	1394	3	1
120.437	1395	1	2
120.512	1396	1	3
120.512	1397	4	1
120.587	1398	3	1
120.662	1399	2	1
120.737	1400	4	1
120.812	1401	1	1
120.887	1402	4	2
121.037	1403	4	3
121.037	1404	1	1
121.112	1405	4	1
121.187	1406	4	1
121.262	1407	3	1
121.337	1408	3	1
121.412	1409	2	1
121.487	1410	2	1
121.562	1411	4	1
121.562	1412	3	1
121.562	1413	1	1
121.637	1414	3	1
121.637	1415	1	2
121.787	1416	1	3
121.637	1417	2	1
121.712	1418	4	1
121.787	1419	2	1
121.787	1420	3	1
121.862	1421	4	1
121.937	1422	2	2
122.012	1423	2	3
121.937	1424	1	1
122.012	1425	3	1
122.087	1426	4	2
122.162	1427	4	3
122.162	1428	1	1
122.237	1429	4	2
122.537	1430	4	3
122.237	1431	3	1
122.237	1432	2	1
122.387	1433	1	1
122.537	1434	1	1
122.587	1435	2	1
122.637	1436	3	1
122.687	1437	4	1
122.762	1438	4	1
122.837	1439	3	1
122.837	1440	2	1
122.837	1441	1	2
122.912	1442	1	3
122.912	1443	4	1
122.987	1444	3	1
123.062	1445	2	1
123.137	1446	4	1
123.287	1447	4	2
123.437	1448	4	3
123.362	1449	1	2
123.437	1450	1	3
123.437	1451	2	2
123.512	1452	2	3
123.587	1453	4	1
123.662	1454	3	1
123.887	1455	4	1
123.962	1456	3	1
123.962	1457	2	1
123.962	1458	1	1
124.037	1459	4	1
124.037	1460	3	2
124.112	1461	3	3
124.037	1462	2	1
124.112	1463	1	1
124.187	1464	2	2
124.262	1465	2	3
124.262	1466	4	1
124.337	1467	3	1
124.412	1468	1	1
124.487	1469	2	1
124.562	1470	4	1
124.637	1471	1	1
124.637	1472	3	1
124.637	1473	2	1
124.712	1474	4	1
124.787	1475	1	1
124.862	1476	1	1
124.937	1477	4	1
124.937	1478	3	1
124.937	1479	2	1
125.012	1480	1	1
125.087	1481	4	1
125.162	1482	4	1
125.237	1483	3	1
125.237	1484	1	1
125.237	1485	2	1
125.312	1486	4	1
125.387	1487	3	1
125.462	1488	3	1
125.537	1489	1	1
125.537	1490	2	1
125.537	1491	4	1
125.612	1492	3	1
125.687	1493	2	1
125.762	1494	2	1
125.837	1495	1	1
125.837	1496	3	1
125.837	1497	4	1
125.912	1498	2	1
125.987	1499	3	1
126.062	1500	3	1
126.137	1501	2	1
126.137	1502	1	1
126.137	1503	4	1
126.212	1504	3	1
126.287	1505	1	1
126.362	1506	1	1
126.437	1507	3	1
126.437	1508	4	1
126.437	1509	2	1
126.512	1510	1	1
126.587	1511	3	1
126.662	1512	3	1
126.737	1513	4	2
126.887	1514	4	3
126.737	1515	2	2
126.887	1516	2	3
127.037	1517	2	2
127.187	1518	2	3
127.037	1519	4	2
127.187	1520	4	3
127.037	1521	1	2
127.187	1522	1	3
127.037	1523	3	2
127.187	1524	3	3
127.337	1525	4	1
127.412	1526	3	1
127.487	1527	2	1
127.562	1528	1	1
127.637	1529	4	1
127.712	1530	3	1
127.787	1531	2	1
127.862	1532	1	1
127.937	1533	4	1
128.012	1534	3	1
128.087	1535	2	1
128.162	1536	1	1
128.237	1537	4	1
128.274	1538	3	1
128.312	1539	2	1
128.349	1540	1	1
128.387	1541	4	1
128.462	1542	3	1
128.537	1543	2	1
128.612	1544	1	1
128.687	1545	4	1
128.762	1546	3	1
128.837	1547	2	1
128.874	1548	1	1
128.912	1549	4	1
128.949	1550	3	1
128.987	1551	2	1
129.062	1552	1	1
129.137	1553	4	1
129.212	1554	3	1
129.287	1555	2	1
129.362	1556	1	1
129.437	1557	4	1
129.487	1558	3	1
129.537	1559	2	1
129.587	1560	1	1
129.637	1561	4	1
129.687	1562	3	1
129.737	1563	2	1
129.787	1564	1	1
129.837	1565	4	1
129.887	1566	3	1
129.937	1567	2	1
129.987	1568	1	1
130.037	1569	4	1
130.074	1570	3	1
130.112	1571	2	1
130.149	1572	1	1
130.187	1573	4	1
130.224	1574	3	1
130.262	1575	2	1
130.299	1576	1	1
130.337	1577	4	1
130.374	1578	3	1
130.412	1579	2	1
130.449	1580	1	1
130.487	1581	4	1
130.524	1582	3	1
130.562	1583	2	1
130.599	1584	1	1
130.637	1585	4	1
130.637	1586	3	1
130.787	1587	3	1
130.937	1588	3	1
131.087	1589	3	1
131.237	1590	3	1
131.387	1591	3	1
131.537	1592	2	1
131.687	1593	1	2
131.837	1594	1	3
131.837	1595	3	1
131.837	1596	4	2
132.062	1597	4	3
131.837	1598	2	1
131.987	1599	1	1
132.137	1600	3	1
132.212	1601	2	1
132.287	1602	1	1
132.437	1603	4	1
132.437	1604	2	1
132.437	1605	3	2
132.587	1606	3	3
132.512	1607	1	1
132.587	1608	4	1
132.662	1609	2	2
132.737	1610	2	3
132.737	1611	4	1
132.812	1612	3	1
132.887	1613	1	2
132.962	1614	1	3
132.962	1615	2	1
133.037	1616	4	2
133.112	1617	4	3
133.112	1618	1	1
133.187	1619	3	1
133.262	1620	2	2
133.337	1621	2	3
133.337	1622	1	2
133.412	1623	1	3
133.412	1624	3	1
133.487	1625	1	1
133.562	1626	4	1
133.562	1627	2	1
133.562	1628	3	1
133.637	1629	1	1
133.637	1630	3	1
133.637	1631	4	2
133.712	1632	4	3
133.712	1633	2	1
133.787	1634	3	1
133.862	1635	2	1
133.937	1636	1	1
133.987	1637	2	1
134.037	1638	4	1
134.087	1639	3	1
134.137	1640	2	1
134.187	1641	3	1
134.237	1642	4	2
134.387	1643	4	3
134.237	1644	1	1
134.312	1645	3	1
134.387	1646	2	2
134.537	1647	2	3
134.462	1648	3	1
134.537	1649	1	2
134.687	1650	1	3
134.612	1651	3	1
134.687	1652	2	1
134.762	1653	4	2
134.837	1654	4	3
134.837	1655	2	2
134.987	1656	2	3
134.837	1657	3	1
134.837	1658	1	1
134.912	1659	4	1
134.987	1660	3	2
135.137	1661	3	3
135.062	1662	1	1
135.137	1663	4	2
135.212	1664	4	3
135.212	1665	2	1
135.249	1666	3	1
135.287	1667	1	2
135.362	1668	1	3
135.362	1669	4	1
135.437	1670	2	1
135.437	1671	3	2
135.512	1672	3	3
135.512	1673	4	1
135.587	1674	1	1
135.662	1675	3	2
135.737	1676	3	3
135.737	1677	2	1
135.812	1678	3	2
135.887	1679	3	3
135.887	1680	1	1
135.962	1681	4	1
135.962	1682	3	1
135.962	1683	2	1
136.037	1684	1	1
136.037	1685	3	1
136.037	1686	4	2
136.187	1687	4	3
136.187	1688	2	2
136.337	1689	2	3
136.262	1690	1	1
136.337	1691	4	1
136.337	1692	3	2
136.637	1693	3	3
136.637	1694	4	2
136.862	1695	4	3
136.637	1696	2	1
136.637	1697	1	1
136.787	1698	1	1
136.937	1699	3	1
137.012	1700	2	1
137.087	1701	1	1
137.237	1702	3	2
137.387	1703	3	3
137.237	1704	2	1
137.237	1705	4	1
137.387	1706	4	1
137.462	1707	2	2
137.537	1708	2	3
137.537	1709	4	1
137.612	1710	3	1
137.687	1711	1	2
137.762	1712	1	3
137.762	1713	2	1
137.837	1714	4	2
137.912	1715	4	3
137.912	1716	1	1
137.987	1717	3	1
138.062	1718	2	2
138.137	1719	2	3
138.137	1720	1	2
138.212	1721	1	3
138.212	1722	3	1
138.287	1723	1	1
138.362	1724	3	1
138.362	1725	2	1
138.362	1726	4	1
138.437	1727	3	1
138.437	1728	1	1
138.437	1729	4	1
138.487	1730	2	1
138.537	1731	4	1
138.587	1732	3	1
138.637	1733	2	1
138.687	1734	4	1
138.737	1735	3	1
138.787	1736	1	1
138.837	1737	2	1
138.887	1738	4	1
138.937	1739	3	1
138.987	1740	2	1
139.037	1741	1	1
139.037	1742	4	1
139.112	1743	4	1
139.187	1744	3	1
139.262	1745	1	1
139.337	1746	4	1
139.412	1747	4	1
139.487	1748	4	1
139.562	1749	4	1
139.637	1750	3	1
139.637	1751	1	1
139.637	1752	2	1
139.712	1753	1	1
139.787	1754	1	1
139.862	1755	1	1
139.937	1756	4	1
139.937	1757	3	2
140.012	1758	3	3
140.012	1759	1	1
140.087	1760	2	2
140.162	1761	2	3
140.162	1762	4	1
140.237	1763	1	2
140.387	1764	1	3
140.237	1765	3	2
140.387	1766	3	3
140.237	1767	2	1
140.387	1768	2	1
140.462	1769	3	2
140.612	1770	3	3
140.462	1771	1	2
140.612	1772	1	3
140.537	1773	4	1
140.687	1774	1	2
140.837	1775	1	3
140.687	1776	2	2
140.837	1777	2	3
140.837	1778	4	1
140.912	1779	2	2
141.062	1780	2	3
140.912	1781	3	2
141.062	1782	3	3
140.987	1783	1	1
141.137	1784	4	2
141.362	1785	4	3
141.137	1786	3	2
141.362	1787	3	3
141.287	1788	1	1
141.437	1789	3	1
141.437	1790	4	2
141.662	1791	4	3
141.437	1792	2	1
141.587	1793	1	1
141.737	1794	3	1
141.737	1795	2	2
141.887	1796	2	3
141.737	1797	4	1
141.887	1798	1	1
142.037	1799	3	1
142.037	1800	2	2
142.337	1801	2	3
142.037	1802	4	1
142.337	1803	4	1
142.337	1804	1	1
142.412	1805	3	1
142.487	1806	1	2
142.562	1807	1	3
142.562	1808	2	1
142.637	1809	4	2
142.712	1810	4	3
142.712	1811	1	1
142.787	1812	2	2
142.862	1813	2	3
142.862	1814	1	2
142.937	1815	1	3
142.937	1816	4	1
143.012	1817	3	1
143.087	1818	1	1
143.162	1819	4	1
143.162	1820	2	1
143.162	1821	3	1
143.237	1822	1	1
143.237	1823	4	2
143.312	1824	4	3
143.237	1825	3	1
143.312	1826	2	1
143.387	1827	3	1
143.462	1828	2	1
143.537	1829	1	1
143.587	1830	2	1
143.637	1831	4	1
143.687	1832	3	1
143.737	1833	2	1
143.787	1834	3	1
143.837	1835	1	1
143.837	1836	4	2
143.987	1837	4	3
143.912	1838	3	1
143.987	1839	2	2
144.137	1840	2	3
144.062	1841	3	1
144.137	1842	1	2
144.287	1843	1	3
144.212	1844	3	1
144.287	1845	2	1
144.362	1846	4	2
144.437	1847	4	3
144.437	1848	3	1
144.437	1849	1	1
144.512	1850	2	2
144.587	1851	2	3
144.587	1852	3	2
144.737	1853	3	3
144.662	1854	1	1
144.737	1855	4	2
144.812	1856	4	3
144.812	1857	2	1
144.849	1858	3	1
144.887	1859	1	2
144.962	1860	1	3
144.962	1861	4	1
145.037	1862	3	2
145.112	1863	3	3
145.037	1864	2	1
145.112	1865	4	1
145.187	1866	1	1
145.262	1867	3	2
145.337	1868	3	3
145.337	1869	2	1
145.412	1870	3	2
145.487	1871	3	3
145.487	1872	1	1
145.562	1873	2	1
145.562	1874	4	1
145.562	1875	3	1
145.637	1876	1	1
145.637	1877	3	1
145.637	1878	4	2
145.787	1879	4	3
145.787	1880	2	2
145.937	1881	2	3
145.862	1882	1	1
145.937	1883	3	1
145.937	1884	4	1
145.987	1885	1	1
146.037	1886	2	1
146.087	1887	3	1
146.137	1888	4	1
146.187	1889	3	1
146.237	1890	1	2
146.462	1891	1	3
146.237	1892	4	2
146.462	1893	4	3
146.237	1894	2	2
146.462	1895	2	3
146.537	1896	1	2
146.762	1897	1	3
146.537	1898	3	2
146.762	1899	3	3
146.537	1900	2	1
146.537	1901	4	2
146.762	1902	4	3
146.837	1903	3	1
146.837	1904	2	1
146.837	1905	4	2
147.137	1906	4	3
147.137	1907	1	1
147.137	1908	3	1
147.137	1909	2	1
147.212	1910	4	1
147.287	1911	1	2
147.362	1912	1	3
147.362	1913	2	1
147.437	1914	4	2
147.512	1915	4	3
147.512	1916	1	1
147.587	1917	3	1
147.662	1918	2	2
147.737	1919	2	3
147.737	1920	1	2
147.812	1921	1	3
147.812	1922	3	1
147.887	1923	1	1
147.962	1924	3	1
147.962	1925	4	1
147.962	1926	2	1
148.037	1927	3	1
148.037	1928	1	1
148.037	1929	4	1
148.087	1930	2	1
148.137	1931	4	1
148.187	1932	3	1
148.237	1933	2	1
148.287	1934	4	1
148.337	1935	3	1
148.387	1936	1	1
148.437	1937	2	1
148.487	1938	4	1
148.537	1939	3	1
148.587	1940	2	1
148.637	1941	4	1
148.637	1942	3	1
148.637	1943	1	1
148.712	1944	2	1
148.787	1945	3	1
148.862	1946	4	1
148.862	1947	1	1
148.862	1948	2	1
148.937	1949	3	1
149.012	1950	1	1
149.087	1951	4	1
149.087	1952	2	1
149.087	1953	3	1
149.162	1954	1	1
149.237	1955	4	1
149.312	1956	3	1
149.312	1957	1	1
149.312	1958	2	1
149.387	1959	4	1
149.462	1960	2	1
149.537	1961	4	1
149.537	1962	3	1
149.537	1963	1	1
149.612	1964	2	1
149.687	1965	4	1
149.762	1966	2	1
149.762	1967	3	1
149.762	1968	1	1
149.837	1969	4	1
149.912	1970	1	1
149.987	1971	3	1
149.987	1972	2	1
149.987	1973	4	1
150.062	1974	1	1
150.137	1975	3	1
150.212	1976	2	1
150.212	1977	1	1
150.212	1978	4	1
150.287	1979	3	1
150.362	1980	2	1
150.437	1981	1	1
150.437	1982	4	1
150.437	1983	3	1
150.512	1984	2	1
150.587	1985	1	1
150.662	1986	4	1
150.737	1987	3	1
150.812	1988	2	1
150.887	1989	4	1
150.887	1990	3	1
151.037	1991	2	2
151.337	1992	2	3
151.037	1993	1	2
151.337	1994	1	3
151.037	1995	4	2
151.337	1996	4	3
151.037	1997	3	2
151.337	1998	3	3
151.487	1999	4	2
151.562	2000	4	3
151.637	2001	1	1
151.937	2002	4	2
152.012	2003	4	3
152.237	2004	2	2
152.312	2005	2	3
152.687	2006	2	2
152.762	2007	2	3
152.837	2008	3	1
153.137	2009	2	2
153.212	2010	2	3
153.437	2011	1	2
153.512	2012	1	3
153.887	2013	1	2
153.962	2014	1	3
154.037	2015	2	1
154.337	2016	1	2
154.412	2017	1	3
154.637	2018	3	2
154.712	2019	3	3
155.087	2020	3	2
155.162	2021	3	3
155.237	2022	1	1
155.537	2023	3	2
155.612	2024	3	3
155.687	2025	3	1
155.737	2026	2	1
155.787	2027	1	1
155.837	2028	4	2
155.912	2029	4	3
156.287	2030	4	2
156.362	2031	4	3
156.437	2032	1	1
156.737	2033	4	2
156.812	2034	4	3
157.037	2035	2	2
157.112	2036	2	3
157.487	2037	2	2
157.562	2038	2	3
157.637	2039	3	1
157.937	2040	2	2
158.012	2041	2	3
158.237	2042	1	1
158.537	2043	4	1
158.612	2044	3	1
158.687	2045	2	1
158.762	2046	1	1
158.837	2047	3	1
158.837	2048	4	1
158.912	2049	2	1
158.912	2050	1	1
158.987	2051	3	1
158.987	2052	4	1
159.062	2053	2	1
159.062	2054	1	1
159.137	2055	4	1
159.137	2056	3	1
159.212	2057	2	1
159.212	2058	1	1
159.287	2059	4	1
159.287	2060	3	1
159.362	2061	1	1
159.362	2062	2	1
159.437	2063	3	1
159.437	2064	4	2
160.637	2065	4	3
160.637	2066	1	1
160.637	2067	2	1
160.712	2068	3	1
160.787	2069	4	1
160.862	2070	2	1
160.862	2071	1	1
160.937	2072	3	1
160.937	2073	4	1
160.987	2074	2	1
161.037	2075	1	1
161.087	2076	4	1
161.087	2077	3	1
161.162	2078	2	1
161.237	2079	4	1
161.237	2080	1	1
161.312	2081	3	1
161.387	2082	1	1
161.387	2083	2	1
161.462	2084	3	1
161.462	2085	4	1
161.537	2086	2	1
161.537	2087	1	1
161.612	2088	4	1
161.687	2089	2	1
161.687	2090	3	1
161.762	2091	1	1
161.762	2092	4	1
161.837	2093	2	1
161.837	2094	3	1
161.912	2095	4	1
161.987	2096	1	1
161.987	2097	2	1
162.062	2098	4	1
162.062	2099	3	1
162.137	2100	2	1
162.137	2101	1	1
162.212	2102	4	1
162.287	2103	3	1
162.287	2104	2	1
162.362	2105	1	1
162.437	2106	3	1
162.437	2107	4	1
162.512	2108	2	1
162.587	2109	1	1
162.662	2110	4	1
162.662	2111	3	1
162.737	2112	2	1
162.737	2113	1	1
162.812	2114	4	1
162.812	2115	3	1
162.887	2116	2	1
162.887	2117	1	1
162.962	2118	4	1
162.962	2119	3	1
163.037	2120	1	1
163.037	2121	2	1
163.112	2122	3	1
163.187	2123	4	1
163.262	2124	1	1
163.262	2125	2	1
163.337	2126	4	1
163.337	2127	3	1
163.387	2128	2	1
163.437	2129	1	1
163.487	2130	3	1
163.487	2131	4	1
163.562	2132	2	1
163.637	2133	1	1
163.637	2134	4	1
163.712	2135	3	1
163.787	2136	2	1
163.787	2137	1	1
163.862	2138	4	1
163.862	2139	3	1
163.937	2140	2	1
163.937	2141	1	1
164.012	2142	4	1
164.087	2143	2	1
164.087	2144	3	1
164.162	2145	4	1
164.162	2146	1	1
164.237	2147	3	1
164.237	2148	2	1
164.312	2149	4	1
164.387	2150	2	1
164.387	2151	1	1
164.462	2152	4	1
164.462	2153	3	1
164.537	2154	2	1
164.537	2155	1	1
164.612	2156	4	1
164.687	2157	2	1
164.687	2158	3	1
164.762	2159	1	1
164.837	2160	4	1
164.837	2161	3	1
164.912	2162	2	1
164.987	2163	1	1
165.062	2164	3	1
165.062	2165	4	1
165.137	2166	2	1
165.137	2167	1	1
165.212	2168	4	1
165.212	2169	3	1
165.287	2170	2	1
165.287	2171	1	1
165.362	2172	3	1
165.362	2173	4	1
165.437	2174	2	1
165.437	2175	1	1
165.512	2176	3	1
165.587	2177	4	1
165.662	2178	2	1
165.662	2179	1	1
165.737	2180	4	1
165.737	2181	3	1
165.787	2182	2	1
165.837	2183	1	1
165.887	2184	4	1
165.887	2185	3	1
165.962	2186	2	1
166.037	2187	1	1
166.037	2188	4	1
166.112	2189	3	1
166.187	2190	2	1
166.187	2191	1	1
166.262	2192	4	1
166.262	2193	3	1
166.337	2194	2	1
166.337	2195	1	1
166.412	2196	4	1
166.487	2197	3	1
166.487	2198	2	1
166.562	2199	1	1
166.562	2200	4	1
166.637	2201	3	1
166.637	2202	2	1
166.712	2203	4	1
166.787	2204	1	1
166.787	2205	2	1
166.862	2206	3	1
166.862	2207	4	1
166.937	2208	2	1
166.937	2209	1	1
167.012	2210	4	1
167.087	2211	3	1
167.087	2212	2	1
167.162	2213	1	1
167.237	2214	4	1
167.237	2215	3	1
167.312	2216	2	1
167.387	2217	1	1
167.462	2218	4	1
167.462	2219	3	1
167.537	2220	2	1
167.537	2221	1	1
167.612	2222	3	1
167.612	2223	4	1
167.687	2224	1	1
167.687	2225	2	1
167.762	2226	3	1
167.762	2227	4	1
167.837	2228	2	1
167.837	2229	1	1
167.912	2230	3	1
167.987	2231	4	1
168.062	2232	1	1
168.062	2233	2	1
168.137	2234	4	1
168.137	2235	3	1
168.187	2236	2	1
168.237	2237	1	1
168.287	2238	3	1
168.287	2239	4	1
168.362	2240	2	1
168.437	2241	1	1
168.437	2242	4	1
168.512	2243	3	1
168.587	2244	1	1
168.587	2245	2	1
168.662	2246	4	1
168.662	2247	3	1
168.737	2248	1	1
168.737	2249	2	1
168.812	2250	4	1
168.887	2251	3	1
168.887	2252	2	1
168.962	2253	4	1
168.962	2254	1	1
169.037	2255	2	1
169.037	2256	3	1
169.112	2257	4	1
169.187	2258	1	1
169.187	2259	2	1
169.262	2260	4	1
169.262	2261	3	1
169.337	2262	1	1
169.337	2263	2	1
169.412	2264	4	1
169.487	2265	2	1
169.487	2266	3	1
169.562	2267	1	1
169.637	2268	4	1
169.637	2269	3	1
169.712	2270	2	1
169.787	2271	1	1
169.862	2272	4	1
169.862	2273	3	1
169.937	2274	1	1
169.937	2275	2	1
170.012	2276	4	1
170.012	2277	3	1
170.087	2278	2	1
170.087	2279	1	1
170.162	2280	4	1
170.162	2281	3	1
170.237	2282	1	1
170.237	2283	2	1
170.312	2284	4	1
170.387	2285	2	1
170.387	2286	3	1
170.462	2287	1	1
170.537	2288	4	1
170.537	2289	3	1
170.612	2290	2	1
170.687	2291	4	1
170.687	2292	1	1
170.762	2293	3	1
170.837	2294	1	1
170.837	2295	2	1
170.912	2296	4	1
170.987	2297	2	1
170.987	2298	3	1
171.062	2299	1	1
171.137	2300	3	1
171.137	2301	4	1
171.212	2302	2	1
171.287	2303	4	1
171.287	2304	1	1
171.362	2305	3	1
171.437	2306	2	1
171.437	2307	1	1
171.512	2308	4	1
171.587	2309	2	1
171.587	2310	3	1
171.662	2311	1	1
171.737	2312	3	1
171.737	2313	4	1
171.812	2314	2	1
171.887	2315	4	1
171.887	2316	1	1
171.962	2317	3	1
172.037	2318	1	1
172.037	2319	2	1
172.112	2320	4	1
172.187	2321	2	1
172.187	2322	3	1
172.262	2323	1	1
172.337	2324	3	1
172.337	2325	4	2
172.562	2326	4	3
172.637	2327	2	1
172.637	2328	3	1
172.637	2329	1	1
172.712	2330	4	1
172.787	2331	2	1
172.787	2332	3	1
172.862	2333	1	1
172.937	2334	4	1
172.937	2335	3	1
173.012	2336	2	1
173.087	2337	4	1
173.087	2338	1	1
173.162	2339	3	1
173.237	2340	2	1
173.237	2341	1	1
173.312	2342	4	1
173.387	2343	2	1
173.387	2344	3	1
173.462	2345	1	1
173.537	2346	4	1
173.537	2347	3	1
173.612	2348	2	1
173.687	2349	1	1
173.687	2350	4	1
173.762	2351	3	1
173.837	2352	2	1
173.837	2353	1	1
173.912	2354	4	1
173.987	2355	3	1
173.987	2356	2	1
174.062	2357	1	1
174.137	2358	4	1
174.137	2359	3	1
174.212	2360	2	1
174.287	2361	4	1
174.287	2362	1	1
174.362	2363	3	1
174.437	2364	1	1
174.437	2365	2	1
174.512	2366	4	1
174.587	2367	2	1
174.587	2368	3	1
174.662	2369	1	1
174.737	2370	3	1
174.737	2371	4	2
174.812	2372	4	3
174.887	2373	4	2
174.962	2374	4	3
175.037	2375	1	1
175.037	2376	2	1
175.112	2377	3	1
175.112	2378	4	1
175.187	2379	1	1
175.187	2380	2	1
175.262	2381	4	1
175.262	2382	3	1
175.337	2383	2	1
175.337	2384	1	1
175.412	2385	3	1
175.412	2386	4	1
175.487	2387	1	1
175.487	2388	2	1
175.562	2389	4	1
175.562	2390	3	1
175.637	2391	2	1
175.637	2392	1	1
175.712	2393	4	1
175.712	2394	3	1
175.787	2395	2	1
175.787	2396	1	1
175.862	2397	3	1
175.862	2398	4	1
175.937	2399	1	2
176.087	2400	1	3
175.937	2401	2	2
176.087	2402	2	3
176.237	2403	4	1
176.237	2404	3	1
176.312	2405	1	1
176.312	2406	2	1
176.387	2407	3	1
176.387	2408	4	1
176.462	2409	2	1
176.462	2410	1	1
176.537	2411	4	1
176.537	2412	3	1
176.612	2413	1	1
176.612	2414	2	1
176.687	2415	3	1
176.687	2416	4	1
176.762	2417	1	1
176.762	2418	2	1
176.837	2419	3	1
176.837	2420	4	1
176.912	2421	1	1
176.912	2422	2	1
176.987	2423	4	1
176.987	2424	3	1
177.062	2425	1	1
177.062	2426	2	1
177.137	2427	3	2
177.437	2428	3	3
177.137	2429	4	2
177.437	2430	4	3
177.437	2431	1	1
177.474	2432	2	1
177.512	2433	3	1
177.549	2434	4	1
177.587	2435	2	1
177.587	2436	1	1
177.662	2437	3	1
177.662	2438	4	1
177.737	2439	2	1
177.737	2440	1	1
177.812	2441	4	1
177.812	2442	3	1
177.887	2443	1	1
177.887	2444	2	1
177.962	2445	3	1
177.962	2446	4	1
178.037	2447	1	1
178.074	2448	2	1
178.112	2449	3	1
178.149	2450	4	1
178.187	2451	1	1
178.187	2452	2	1
178.262	2453	3	1
178.262	2454	4	1
178.337	2455	2	1
178.337	2456	1	1
178.412	2457	3	1
178.412	2458	4	1
178.487	2459	1	1
178.487	2460	2	1
178.562	2461	4	1
178.562	2462	3	1
178.637	2463	2	1
178.637	2464	1	1
178.687	2465	3	1
178.737	2466	4	1
178.787	2467	2	1
178.787	2468	1	1
178.837	2469	3	1
178.887	2470	4	1
178.937	2471	2	1
178.937	2472	1	1
178.987	2473	3	1
179.037	2474	4	1
179.087	2475	1	1
179.087	2476	2	1
179.137	2477	3	1
179.187	2478	4	1
179.237	2479	1	1
179.274	2480	2	1
179.312	2481	3	1
179.349	2482	4	1
179.387	2483	1	1
179.424	2484	2	1
179.462	2485	3	1
179.499	2486	4	1
179.537	2487	1	1
179.574	2488	2	1
179.612	2489	3	1
179.649	2490	4	1
179.687	2491	1	1
179.724	2492	2	1
179.762	2493	3	1
179.799	2494	4	1
179.837	2495	1	1
179.837	2496	2	1
179.987	2497	4	1
179.987	2498	1	1
180.137	2499	4	1
180.287	2500	4	1
180.437	2501	4	1
180.587	2502	4	1
180.587	2503	1	1
180.737	2504	4	1
180.887	2505	1	1
180.887	2506	4	1
181.037	2507	4	1
181.187	2508	1	1
181.187	2509	4	1
181.262	2510	2	1
181.337	2511	4	1
181.487	2512	4	1
181.637	2513	3	1
181.787	2514	3	1
181.787	2515	1	1
181.862	2516	2	1
181.937	2517	3	1
181.937	2518	4	1
182.087	2519	2	1
182.162	2520	2	1
182.237	2521	3	1
182.237	2522	1	1
182.237	2523	4	2
182.537	2524	4	3
182.312	2525	2	1
182.387	2526	1	1
182.462	2527	2	1
182.537	2528	1	1
182.537	2529	3	1
182.587	2530	2	1
182.637	2531	3	1
182.687	2532	4	1
182.762	2533	4	1
182.837	2534	1	2
182.912	2535	1	3
182.837	2536	3	1
182.837	2537	2	1
182.912	2538	4	1
182.987	2539	3	1
183.062	2540	1	1
183.137	2541	3	1
183.137	2542	2	1
183.137	2543	4	1
183.212	2544	1	1
183.287	2545	1	1
183.362	2546	1	1
183.437	2547	4	1
183.437	2548	3	1
183.437	2549	2	2
183.512	2550	2	3
183.512	2551	1	1
183.587	2552	4	1
183.662	2553	1	1
183.737	2554	2	1
183.737	2555	3	1
183.737	2556	4	1
183.812	2557	1	1
183.887	2558	1	1
183.962	2559	1	1
184.037	2560	3	2
184.112	2561	3	3
184.037	2562	2	1
184.037	2563	4	1
184.112	2564	1	1
184.187	2565	4	2
184.337	2566	4	3
184.337	2567	1	1
184.337	2568	2	1
184.337	2569	3	1
184.412	2570	4	1
184.487	2571	2	2
184.562	2572	2	3
184.637	2573	3	1
184.637	2574	1	1
184.637	2575	4	2
184.712	2576	4	3
184.712	2577	2	1
184.787	2578	1	2
184.862	2579	1	3
184.862	2580	4	1
184.937	2581	1	1
184.937	2582	3	1
184.937	2583	4	1
184.987	2584	2	1
185.037	2585	3	1
185.087	2586	4	1
185.162	2587	4	1
185.237	2588	1	2
185.312	2589	1	3
185.237	2590	3	1
185.237	2591	2	1
185.312	2592	4	1
185.387	2593	3	1
185.462	2594	2	1
185.537	2595	1	1
185.537	2596	3	1
185.537	2597	4	1
185.612	2598	2	1
185.687	2599	4	2
185.837	2600	4	3
185.837	2601	2	1
185.837	2602	1	1
185.837	2603	3	1
185.912	2604	4	1
185.987	2605	4	1
186.062	2606	4	1
186.137	2607	3	1
186.137	2608	1	1
186.137	2609	2	1
186.212	2610	1	1
186.287	2611	1	1
186.362	2612	4	1
186.437	2613	3	1
186.437	2614	2	1
186.487	2615	1	1
186.537	2616	3	1
186.587	2617	4	1
186.662	2618	3	1
186.737	2619	1	1
186.737	2620	4	1
186.737	2621	2	2
186.812	2622	2	3
186.812	2623	3	1
186.887	2624	4	2
186.962	2625	4	3
186.962	2626	1	1
187.037	2627	2	1
187.037	2628	3	1
187.037	2629	4	2
187.337	2630	4	3
187.112	2631	1	1
187.187	2632	3	1
187.262	2633	2	1
187.337	2634	1	1
187.337	2635	3	1
187.387	2636	2	1
187.437	2637	3	1
187.487	2638	4	1
187.562	2639	4	1
187.637	2640	2	1
187.637	2641	3	1
187.637	2642	1	2
187.712	2643	1	3
187.712	2644	4	1
187.787	2645	3	1
187.862	2646	1	1
187.937	2647	3	1
187.937	2648	2	1
187.937	2649	4	1
188.012	2650	1	1
188.087	2651	1	1
188.162	2652	1	1
188.237	2653	3	1
188.237	2654	2	2
188.312	2655	2	3
188.237	2656	4	1
188.312	2657	1	1
188.387	2658	4	1
188.462	2659	3	1
188.537	2660	4	1
188.537	2661	2	1
188.612	2662	1	1
188.687	2663	1	1
188.762	2664	1	1
188.837	2665	3	2
188.912	2666	3	3
188.837	2667	4	1
188.837	2668	2	1
188.912	2669	1	1
188.987	2670	2	2
189.062	2671	2	3
189.062	2672	4	1
189.137	2673	1	1
189.137	2674	2	1
189.137	2675	3	1
189.212	2676	1	1
189.287	2677	4	1
189.362	2678	4	1
189.437	2679	3	2
189.512	2680	3	3
189.437	2681	1	1
189.437	2682	2	1
189.512	2683	4	1
189.587	2684	3	1
189.662	2685	4	2
189.737	2686	4	3
189.662	2687	1	1
189.737	2688	3	1
189.737	2689	2	1
189.812	2690	1	1
189.887	2691	4	1
189.962	2692	4	1
190.037	2693	3	1
190.037	2694	2	2
190.112	2695	2	3
190.112	2696	1	2
190.187	2697	1	3
190.187	2698	4	1
190.262	2699	3	1
190.337	2700	1	1
190.337	2701	2	1
190.337	2702	4	2
190.487	2703	4	3
190.487	2704	3	2
190.637	2705	3	3
190.637	2706	2	1
190.637	2707	1	1
190.712	2708	4	1
190.787	2709	3	1
190.862	2710	1	1
190.862	2711	2	1
190.937	2712	4	1
191.012	2713	3	1
191.087	2714	1	1
191.087	2715	4	1
191.162	2716	2	1
191.237	2717	3	1
191.312	2718	4	1
191.312	2719	1	1
191.387	2720	2	1
191.462	2721	4	1
191.537	2722	3	1
191.537	2723	1	1
191.612	2724	2	1
191.687	2725	1	1
191.687	2726	4	1
191.762	2727	3	1
191.837	2728	1	1
191.837	2729	4	1
191.887	2730	2	1
191.937	2731	3	1
191.987	2732	4	1
192.137	2733	4	1
192.137	2734	3	1
192.137	2735	1	1
192.187	2736	2	1
192.237	2737	1	1
192.287	2738	4	1
192.362	2739	4	1
192.437	2740	2	1
192.437	2741	3	1
192.437	2742	1	2
192.512	2743	1	3
192.512	2744	4	1
192.587	2745	3	1
192.662	2746	1	1
192.737	2747	3	1
192.737	2748	4	1
192.737	2749	2	1
192.812	2750	1	1
192.887	2751	1	1
192.962	2752	1	1
193.037	2753	2	2
193.112	2754	2	3
193.037	2755	4	1
193.037	2756	3	1
193.112	2757	1	1
193.187	2758	4	1
193.262	2759	1	1
193.337	2760	3	1
193.337	2761	4	1
193.337	2762	2	1
193.412	2763	1	1
193.487	2764	1	1
193.562	2765	1	1
193.637	2766	2	1
193.637	2767	3	2
193.712	2768	3	3
193.637	2769	4	1
193.712	2770	1	1
193.787	2771	4	2
193.862	2772	4	3
193.862	2773	1	1
193.937	2774	4	1
193.937	2775	3	2
194.012	2776	3	3
193.937	2777	2	1
194.012	2778	1	1
194.087	2779	2	2
194.162	2780	2	3
194.162	2781	1	1
194.237	2782	4	2
194.312	2783	4	3
194.237	2784	3	1
194.237	2785	1	1
194.312	2786	2	1
194.387	2787	1	2
194.462	2788	1	3
194.462	2789	4	1
194.537	2790	3	1
194.537	2791	1	1
194.587	2792	2	1
194.637	2793	3	1
194.687	2794	4	1
194.762	2795	4	1
194.837	2796	2	1
194.837	2797	1	2
194.912	2798	1	3
194.837	2799	3	1
194.912	2800	4	1
194.987	2801	2	1
194.987	2802	3	1
195.062	2803	1	1
195.137	2804	3	1
195.137	2805	4	1
195.137	2806	2	1
195.212	2807	1	1
195.249	2808	4	1
195.249	2809	3	1
195.287	2810	2	1
195.362	2811	4	1
195.362	2812	3	1
195.437	2813	2	1
195.437	2814	1	1
195.512	2815	4	1
195.587	2816	2	1
195.587	2817	1	1
195.662	2818	4	1
195.737	2819	3	1
195.737	2820	1	1
195.737	2821	2	1
195.812	2822	4	1
195.887	2823	4	1
195.962	2824	2	1
195.962	2825	3	1
196.037	2826	1	1
196.037	2827	4	1
196.087	2828	3	1
196.137	2829	1	1
196.187	2830	4	1
196.187	2831	2	1
196.262	2832	3	1
196.337	2833	1	1
196.337	2834	2	2
196.412	2835	2	3
196.412	2836	3	1
196.487	2837	4	2
196.562	2838	4	3
196.562	2839	1	1
196.637	2840	2	1
196.637	2841	4	2
196.937	2842	4	3
196.637	2843	3	1
196.787	2844	1	1
196.937	2845	1	1
196.987	2846	2	1
197.037	2847	3	1
197.087	2848	4	1
197.162	2849	4	1
197.237	2850	1	2
197.312	2851	1	3
197.237	2852	2	1
197.237	2853	3	1
197.312	2854	4	1
197.387	2855	3	1
197.462	2856	2	1
197.537	2857	4	1
197.687	2858	4	2
197.837	2859	4	3
197.762	2860	1	2
197.837	2861	1	3
197.837	2862	3	2
197.912	2863	3	3
197.837	2864	2	2
197.912	2865	2	3
197.987	2866	4	1
198.062	2867	3	1
198.137	2868	2	1
198.137	2869	4	1
198.137	2870	1	1
198.287	2871	4	1
198.362	2872	3	1
198.362	2873	2	1
198.362	2874	1	1
198.437	2875	4	1
198.437	2876	3	2
198.512	2877	3	3
198.437	2878	2	1
198.512	2879	1	1
198.587	2880	2	2
198.662	2881	2	3
198.662	2882	4	1
198.737	2883	3	1
198.812	2884	1	1
198.887	2885	2	1
198.962	2886	4	1
199.037	2887	3	1
199.037	2888	1	1
199.037	2889	2	1
199.112	2890	4	1
199.187	2891	1	1
199.262	2892	4	1
199.262	2893	1	1
199.262	2894	3	1
199.337	2895	2	1
199.412	2896	3	1
199.487	2897	1	1
199.487	2898	4	1
199.487	2899	2	1
199.562	2900	1	1
199.637	2901	3	1
199.712	2902	4	1
199.712	2903	2	1
199.712	2904	1	1
199.787	2905	3	1
199.862	2906	2	1
199.937	2907	1	1
199.937	2908	4	1
199.937	2909	3	1
200.012	2910	1	1
200.087	2911	3	1
200.162	2912	3	1
200.162	2913	2	1
200.162	2914	4	1
200.237	2915	1	1
200.312	2916	2	1
200.387	2917	1	1
200.387	2918	4	1
200.387	2919	2	1
200.462	2920	3	1
200.537	2921	2	1
200.612	2922	3	1
200.612	2923	1	1
200.612	2924	4	1
200.687	2925	4	1
200.762	2926	3	1
200.837	2927	2	1
200.837	2928	4	1
200.837	2929	3	1
200.912	2930	1	1
200.987	2931	3	1
201.137	2932	4	2
201.287	2933	4	3
201.437	2934	3	1
201.437	2935	4	2
201.737	2936	4	3
201.437	2937	1	1
201.512	2938	2	1
201.587	2939	1	1
201.662	2940	2	1
201.737	2941	3	1
201.737	2942	1	1
201.787	2943	2	1
201.837	2944	3	1
201.887	2945	4	1
201.962	2946	4	1
202.037	2947	2	1
202.037	2948	3	1
202.037	2949	1	2
202.112	2950	1	3
202.112	2951	4	1
202.187	2952	3	1
202.262	2953	2	1
202.337	2954	4	1
202.412	2955	1	1
202.487	2956	3	1
202.487	2957	1	1
202.562	2958	1	1
202.637	2959	2	2
202.712	2960	2	3
202.712	2961	1	1
202.787	2962	4	1
202.862	2963	3	1
202.937	2964	2	1
202.937	2965	4	1
203.012	2966	1	1
203.087	2967	1	1
203.162	2968	1	1
203.237	2969	3	1
203.237	2970	4	1
203.312	2971	2	1
203.312	2972	1	1
203.387	2973	4	1
203.462	2974	4	1
203.537	2975	4	1
203.612	2976	2	1
203.687	2977	2	1
203.762	2978	2	1
203.837	2979	4	2
203.912	2980	4	3
203.912	2981	2	1
203.987	2982	1	2
204.062	2983	1	3
204.062	2984	4	1
204.137	2985	1	1
204.187	2986	2	1
204.237	2987	3	1
204.287	2988	1	1
204.287	2989	4	1
204.362	2990	4	1
204.437	2991	2	1
204.437	2992	1	2
204.512	2993	1	3
204.512	2994	4	1
204.512	2995	3	1
204.587	2996	2	1
204.662	2997	3	1
204.662	2998	1	1
204.737	2999	4	1
204.812	3000	1	1
204.887	3001	4	2
205.037	3002	4	3
205.037	3003	1	1
205.037	3004	3	1
205.037	3005	2	1
205.112	3006	4	1
205.187	3007	4	1
205.262	3008	4	1
205.337	3009	2	1
205.412	3010	1	1
205.487	3011	1	1
205.562	3012	4	1
205.637	3013	3	1
205.637	3014	2	1
205.687	3015	1	1
205.737	3016	3	1
205.787	3017	4	1
205.787	3018	2	1
205.862	3019	3	1
205.937	3020	4	1
205.937	3021	2	2
206.012	3022	2	3
205.937	3023	1	1
206.012	3024	3	1
206.087	3025	2	1
206.087	3026	4	2
206.162	3027	4	3
206.162	3028	1	1
206.237	3029	4	2
206.537	3030	4	3
206.237	3031	3	1
206.237	3032	2	1
206.312	3033	1	1
206.387	3034	3	1
206.462	3035	2	1
206.537	3036	1	1
206.537	3037	3	1
206.587	3038	2	1
206.637	3039	3	1
206.687	3040	4	1
206.762	3041	4	1
206.837	3042	1	2
206.912	3043	1	3
206.837	3044	2	1
206.837	3045	3	1
206.912	3046	4	1
206.987	3047	3	1
207.062	3048	1	1
207.137	3049	4	1
207.137	3050	3	1
207.137	3051	2	1
207.212	3052	1	1
207.287	3053	1	1
207.362	3054	1	1
207.437	3055	4	1
207.437	3056	3	1
207.437	3057	2	2
207.512	3058	2	3
207.512	3059	1	1
207.587	3060	4	1
207.662	3061	1	1
207.737	3062	4	1
207.737	3063	2	1
207.737	3064	3	1
207.812	3065	1	1
207.887	3066	1	1
207.962	3067	1	1
208.037	3068	3	2
208.112	3069	3	3
208.037	3070	4	1
208.037	3071	2	1
208.112	3072	1	1
208.187	3073	2	2
208.262	3074	2	3
208.262	3075	4	1
208.337	3076	2	1
208.337	3077	3	1
208.337	3078	1	1
208.412	3079	1	1
208.487	3080	4	1
208.562	3081	4	1
208.637	3082	2	1
208.637	3083	3	2
208.712	3084	3	3
208.637	3085	1	1
208.712	3086	4	1
208.787	3087	1	2
208.862	3088	1	3
208.787	3089	3	1
208.862	3090	2	1
208.937	3091	4	2
209.012	3092	4	3
208.937	3093	3	1
208.937	3094	1	1
209.012	3095	2	1
209.087	3096	3	2
209.162	3097	3	3
209.162	3098	4	1
209.237	3099	2	2
209.312	3100	2	3
209.237	3101	3	1
209.237	3102	1	1
209.312	3103	4	1
209.387	3104	1	2
209.462	3105	1	3
209.462	3106	3	1
209.537	3107	2	1
209.537	3108	1	1
209.537	3109	4	2
209.687	3110	4	3
209.687	3111	3	2
209.837	3112	3	3
209.837	3113	4	1
209.837	3114	1	1
209.837	3115	2	1
209.912	3116	3	1
209.987	3117	4	1
210.062	3118	3	1
210.062	3119	1	1
210.062	3120	2	1
210.137	3121	4	1
210.212	3122	3	1
210.287	3123	2	1
210.287	3124	4	1
210.287	3125	1	1
210.362	3126	3	1
210.437	3127	2	1
210.512	3128	1	1
210.512	3129	3	1
210.512	3130	4	1
210.587	3131	2	1
210.662	3132	4	1
210.737	3133	1	1
210.737	3134	3	1
210.737	3135	2	1
210.812	3136	4	1
210.887	3137	1	1
210.887	3138	2	1
210.962	3139	4	1
211.037	3140	3	1
211.037	3141	1	1
211.087	3142	2	1
211.137	3143	3	1
211.187	3144	4	1
211.337	3145	1	1
211.337	3146	4	1
211.387	3147	3	1
211.437	3148	2	1
211.487	3149	4	1
211.562	3150	4	1
211.637	3151	1	2
211.712	3152	1	3
211.637	3153	3	1
211.637	3154	2	1
211.712	3155	4	1
211.787	3156	3	1
211.862	3157	2	1
211.937	3158	4	1
212.012	3159	1	1
212.087	3160	4	1
212.087	3161	1	1
212.162	3162	1	1
212.237	3163	2	2
212.312	3164	2	3
212.312	3165	3	1
212.312	3166	1	1
212.387	3167	4	1
212.462	3168	2	1
212.462	3169	3	1
212.537	3170	4	1
212.574	3171	3	1
212.612	3172	1	1
212.687	3173	1	1
212.762	3174	1	1
212.837	3175	3	1
212.837	3176	2	1
212.837	3177	4	1
212.912	3178	1	1
212.987	3179	4	1
213.062	3180	4	1
213.062	3181	3	1
213.137	3182	4	1
213.212	3183	2	1
213.287	3184	3	1
213.287	3185	2	1
213.362	3186	2	1
213.437	3187	4	2
213.512	3188	4	3
213.437	3189	3	1
213.437	3190	1	1
213.512	3191	2	1
213.587	3192	1	2
213.662	3193	1	3
213.624	3194	2	1
213.662	3195	4	1
213.699	3196	3	1
213.737	3197	1	1
213.787	3198	2	1
213.837	3199	3	1
213.887	3200	4	1
213.962	3201	4	1
214.037	3202	2	1
214.037	3203	1	2
214.112	3204	1	3
214.037	3205	3	1
214.112	3206	4	1
214.187	3207	3	1
214.262	3208	2	1
214.337	3209	4	1
214.412	3210	1	1
214.487	3211	4	2
214.637	3212	4	3
214.637	3213	1	1
214.712	3214	4	1
214.787	3215	4	1
214.862	3216	3	1
214.937	3217	3	1
215.012	3218	2	1
215.087	3219	2	1
215.162	3220	4	1
215.237	3221	1	1
215.237	3222	2	1
215.312	3223	4	1
215.312	3224	3	1
215.387	3225	2	1
215.387	3226	1	1
215.462	3227	4	1
215.462	3228	3	1
215.537	3229	2	2
215.612	3230	2	3
215.537	3231	1	1
215.612	3232	3	1
215.687	3233	4	2
215.762	3234	4	3
215.762	3235	1	1
215.837	3236	3	1
215.837	3237	4	2
216.137	3238	4	3
215.837	3239	2	1
215.987	3240	1	1
216.137	3241	1	2
216.437	3242	1	3
216.137	3243	3	1
216.187	3244	2	1
216.237	3245	3	1
216.287	3246	4	1
216.362	3247	4	1
216.437	3248	2	2
216.512	3249	2	3
216.437	3250	3	1
216.512	3251	4	1
216.587	3252	3	1
216.662	3253	2	1
216.737	3254	4	1
216.737	3255	1	1
216.737	3256	3	2
217.037	3257	3	3
216.887	3258	4	2
217.037	3259	4	3
216.962	3260	1	2
217.037	3261	1	3
217.037	3262	2	2
217.112	3263	2	3
217.187	3264	4	1
217.262	3265	3	1
217.337	3266	1	2
217.637	3267	1	3
217.337	3268	2	1
217.337	3269	4	1
217.487	3270	4	1
217.562	3271	2	1
217.637	3272	3	2
217.712	3273	3	3
217.637	3274	2	1
217.637	3275	4	1
217.712	3276	1	1
217.787	3277	2	2
217.862	3278	2	3
217.862	3279	4	1
217.937	3280	3	1
218.012	3281	1	1
218.087	3282	2	1
218.162	3283	4	1
218.237	3284	1	1
218.237	3285	3	1
218.312	3286	4	1
218.387	3287	3	1
218.462	3288	2	1
218.462	3289	1	1
218.537	3290	4	1
218.612	3291	3	1
218.687	3292	4	1
218.687	3293	1	1
218.762	3294	2	1
218.837	3295	4	1
218.837	3296	3	1
218.912	3297	1	1
218.987	3298	2	1
219.062	3299	4	1
219.062	3300	3	1
219.137	3301	1	1
219.212	3302	2	1
219.287	3303	4	1
219.287	3304	1	1
219.362	3305	3	1
219.437	3306	1	1
219.437	3307	2	1
219.512	3308	4	1
219.587	3309	3	1
219.662	3310	1	1
219.662	3311	2	1
219.737	3312	4	1
219.812	3313	3	1
219.887	3314	4	1
219.887	3315	1	1
219.962	3316	2	1
220.037	3317	4	1
220.037	3318	3	1
220.187	3319	4	2
220.637	3320	4	3
220.637	3321	3	1
220.637	3322	2	1
220.637	3323	1	1
220.937	3324	1	2
221.237	3325	1	3
221.237	3326	4	2
221.387	3327	4	3
221.687	3328	4	2
221.837	3329	4	3
222.137	3330	4	2
222.287	3331	4	3
222.587	3332	4	2
222.737	3333	4	3
223.037	3334	4	2
223.187	3335	4	3
223.487	3336	4	2
223.637	3337	4	3
223.937	3338	4	2
224.087	3339	4	3
224.387	3340	4	2
224.537	3341	4	3
224.837	3342	4	2
224.987	3343	4	3
225.287	3344	3	1
225.437	3345	2	2
225.737	3346	2	3
225.737	3347	1	2
226.037	3348	1	3
226.037	3349	4	2
226.187	3350	4	3
226.487	3351	4	2
226.637	3352	4	3
226.937	3353	4	2
227.087	3354	4	3
227.387	3355	4	2
227.537	3356	4	3
227.837	3357	4	2
227.987	3358	4	3
228.287	3359	4	2
228.437	3360	4	3
228.737	3361	4	2
228.887	3362	4	3
229.187	3363	4	2
229.337	3364	4	3
229.637	3365	4	2
229.787	3366	4	3
230.087	3367	4	1
230.237	3368	1	1
230.387	3369	2	1
230.537	3370	3	1
230.687	3371	4	1
230.837	3372	3	1
230.987	3373	2	1
231.137	3374	1	1
231.287	3375	4	1
231.437	3376	2	1
231.587	3377	3	1
231.737	3378	2	1
231.887	3379	3	1
232.037	3380	4	1
232.187	3381	1	1
232.337	3382	3	1
232.487	3383	2	1
232.637	3384	1	1
232.787	3385	2	1
232.937	3386	3	1
233.087	3387	4	1
233.237	3388	3	1
233.387	3389	2	1
233.537	3390	1	1
233.687	3391	4	1
233.837	3392	3	1
233.987	3393	4	1
234.137	3394	3	1
234.287	3395	2	1
234.437	3396	1	1
234.587	3397	2	1
234.737	3398	4	1
234.887	3399	3	1
235.037	3400	1	1
235.187	3401	2	1
235.337	3402	3	1
235.487	3403	4	1
235.637	3404	3	1
235.787	3405	2	1
235.937	3406	1	1
236.087	3407	4	1
236.237	3408	2	1
236.387	3409	3	1
236.537	3410	2	1
236.687	3411	3	1
236.837	3412	4	1
236.987	3413	1	1
237.137	3414	3	1
237.287	3415	2	1
237.437	3416	1	1
237.587	3417	2	1
237.737	3418	3	1
237.887	3419	4	1
238.037	3420	3	1
238.187	3421	2	1
238.337	3422	1	1
238.487	3423	4	1
238.637	3424	3	1
238.787	3425	4	1
238.937	3426	3	1
239.087	3427	2	1
239.237	3428	1	1
239.387	3429	2	1
239.537	3430	4	1
239.687	3431	3	1
239.837	3432	1	1
239.987	3433	2	1
240.137	3434	3	1
240.287	3435	4	1
240.437	3436	3	1
240.587	3437	2	1
240.737	3438	1	1
240.887	3439	4	1
241.037	3440	2	1
241.187	3441	3	1
241.337	3442	2	1
241.487	3443	3	1
241.637	3444	4	1
241.787	3445	1	1
241.937	3446	3	1
242.087	3447	2	1
242.237	3448	1	1
242.387	3449	2	1
242.537	3450	3	1
242.687	3451	4	1
242.837	3452	3	1
242.987	3453	2	1
243.137	3454	1	1
243.287	3455	4	1
243.437	3456	3	1
243.587	3457	4	1
243.737	3458	3	1
243.887	3459	2	1
244.037	3460	1	1
244.187	3461	2	1
244.337	3462	4	1
244.487	3463	3	1
244.637	3464	1	1
244.787	3465	2	1
244.937	3466	3	1
245.087	3467	4	1
245.237	3468	3	1
245.387	3469	2	1
245.537	3470	1	1
245.687	3471	4	1
245.837	3472	2	1
245.987	3473	3	1
246.137	3474	2	1
246.287	3475	3	1
246.437	3476	4	1
246.587	3477	1	1
246.737	3478	3	1
246.887	3479	2	1
247.037	3480	1	1
247.187	3481	2	1
247.337	3482	3	1
247.487	3483	4	1
247.637	3484	3	1
247.787	3485	2	1
247.937	3486	1	1
248.087	3487	4	1
248.237	3488	3	1
248.387	3489	4	1
248.537	3490	3	1
248.687	3491	2	1
248.837	3492	1	1
248.987	3493	2	1
249.137	3494	4	1
249.287	3495	3	1
249.437	3496	1	2
249.512	3497	1	3
249.437	3498	4	1
249.587	3499	2	2
249.662	3500	2	3
249.737	3501	3	2
249.812	3502	3	3
249.887	3503	4	2
249.962	3504	4	3
250.037	3505	3	2
250.112	3506	3	3
250.187	3507	2	2
250.262	3508	2	3
250.337	3509	1	2
250.412	3510	1	3
250.487	3511	4	2
250.562	3512	4	3
250.637	3513	1	1
250.637	3514	2	2
250.712	3515	2	3
250.787	3516	3	2
250.862	3517	3	3
250.937	3518	2	2
251.012	3519	2	3
251.087	3520	3	2
251.162	3521	3	3
251.237	3522	4	2
251.312	3523	4	3
251.387	3524	1	2
251.462	3525	1	3
251.537	3526	3	2
251.612	3527	3	3
251.687	3528	2	2
251.762	3529	2	3
251.837	3530	4	1
251.837	3531	1	2
251.912	3532	1	3
251.987	3533	2	2
252.062	3534	2	3
252.137	3535	3	2
252.212	3536	3	3
252.287	3537	4	2
252.362	3538	4	3
252.437	3539	3	2
252.512	3540	3	3
252.587	3541	2	2
252.662	3542	2	3
252.737	3543	1	2
252.812	3544	1	3
252.887	3545	4	2
252.962	3546	4	3
253.037	3547	3	2
253.112	3548	3	3
253.187	3549	4	2
253.262	3550	4	3
253.337	3551	3	2
253.412	3552	3	3
253.487	3553	2	2
253.562	3554	2	3
253.637	3555	1	2
253.712	3556	1	3
253.787	3557	2	2
253.862	3558	2	3
253.937	3559	4	2
254.012	3560	4	3
254.087	3561	3	2
254.162	3562	3	3
254.237	3563	4	1
254.237	3564	1	2
254.312	3565	1	3
254.387	3566	2	2
254.462	3567	2	3
254.537	3568	3	2
254.612	3569	3	3
254.687	3570	4	2
254.762	3571	4	3
254.837	3572	3	2
254.912	3573	3	3
254.987	3574	2	2
255.062	3575	2	3
255.137	3576	1	2
255.212	3577	1	3
255.287	3578	2	2
255.362	3579	2	3
255.437	3580	3	2
255.512	3581	3	3
255.437	3582	1	1
255.587	3583	4	2
255.662	3584	4	3
255.737	3585	3	2
255.812	3586	3	3
255.887	3587	2	2
255.962	3588	2	3
256.037	3589	1	2
256.112	3590	1	3
256.187	3591	2	2
256.262	3592	2	3
256.337	3593	3	2
256.412	3594	3	3
256.487	3595	2	2
256.562	3596	2	3
256.637	3597	4	1
256.637	3598	1	2
256.712	3599	1	3
256.787	3600	2	2
256.862	3601	2	3
256.937	3602	3	2
257.012	3603	3	3
257.087	3604	4	2
257.162	3605	4	3
257.237	3606	3	2
257.312	3607	3	3
257.387	3608	2	2
257.462	3609	2	3
257.537	3610	1	2
257.612	3611	1	3
257.687	3612	4	2
257.762	3613	4	3
257.837	3614	2	2
257.912	3615	2	3
257.987	3616	4	2
258.062	3617	4	3
258.137	3618	3	2
258.212	3619	3	3
258.287	3620	2	2
258.362	3621	2	3
258.437	3622	1	2
259.037	3623	1	3
258.437	3624	3	2
258.512	3625	3	3
258.587	3626	2	2
258.662	3627	2	3
258.737	3628	4	2
258.812	3629	4	3
258.887	3630	3	2
258.962	3631	3	3
259.037	3632	4	2
260.237	3633	4	3
259.037	3634	2	2
259.112	3635	2	3
259.187	3636	1	2
259.262	3637	1	3
259.337	3638	2	2
259.412	3639	2	3
259.487	3640	3	2
259.562	3641	3	3
259.637	3642	2	2
259.712	3643	2	3
259.787	3644	1	2
259.862	3645	1	3
259.787	3646	3	2
259.862	3647	3	3
259.937	3648	2	2
260.012	3649	2	3
260.087	3650	1	2
260.162	3651	1	3
260.237	3652	1	2
260.312	3653	1	3
260.237	3654	3	2
260.312	3655	3	3
260.387	3656	2	2
260.462	3657	2	3
260.537	3658	4	2
260.612	3659	4	3
260.687	3660	1	2
260.762	3661	1	3
260.837	3662	3	2
260.987	3663	3	3
260.837	3664	4	2
260.912	3665	4	3
260.987	3666	2	2
261.137	3667	2	3
261.137	3668	1	2
261.287	3669	1	3
261.287	3670	2	2
261.362	3671	2	3
261.287	3672	4	2
261.587	3673	4	3
261.437	3674	1	2
261.512	3675	1	3
261.587	3676	3	2
261.737	3677	3	3
261.737	3678	2	2
261.812	3679	2	3
261.737	3680	1	2
262.637	3681	1	3
261.887	3682	3	2
261.962	3683	3	3
262.037	3684	4	2
262.112	3685	4	3
262.187	3686	3	2
262.262	3687	3	3
262.337	3688	2	2
262.412	3689	2	3
262.487	3690	3	2
262.562	3691	3	3
262.637	3692	2	2
262.712	3693	2	3
262.787	3694	4	2
262.862	3695	4	3
262.937	3696	3	2
263.012	3697	3	3
263.087	3698	1	2
263.162	3699	1	3
263.237	3700	3	2
263.312	3701	3	3
263.237	3702	2	2
263.537	3703	2	3
263.387	3704	4	2
263.462	3705	4	3
263.537	3706	3	2
263.837	3707	3	3
263.537	3708	1	2
263.612	3709	1	3
263.687	3710	2	2
263.762	3711	2	3
263.837	3712	1	2
263.912	3713	1	3
263.837	3714	4	2
264.437	3715	4	3
263.987	3716	1	2
264.062	3717	1	3
264.137	3718	2	2
264.212	3719	2	3
264.287	3720	3	2
264.362	3721	3	3
264.437	3722	2	2
264.512	3723	2	3
264.587	3724	4	2
264.662	3725	4	3
264.587	3726	3	2
264.662	3727	3	3
264.737	3728	1	2
264.887	3729	1	3
264.737	3730	3	2
264.812	3731	3	3
264.887	3732	2	2
264.962	3733	2	3
264.887	3734	4	1
265.037	3735	3	2
265.112	3736	3	3
265.037	3737	4	2
265.637	3738	4	3
265.187	3739	2	2
265.262	3740	2	3
265.337	3741	3	2
265.412	3742	3	3
265.487	3743	1	2
265.562	3744	1	3
265.637	3745	3	2
265.712	3746	3	3
265.637	3747	2	2
265.712	3748	2	3
265.787	3749	2	2
265.937	3750	2	3
265.937	3751	4	2
266.087	3752	4	3
266.087	3753	3	2
266.162	3754	3	3
266.087	3755	1	2
266.537	3756	1	3
266.237	3757	2	2
266.387	3758	2	3
266.387	3759	4	2
266.537	3760	4	3
266.537	3761	3	2
266.687	3762	3	3
266.537	3763	2	1
266.687	3764	4	2
266.837	3765	4	3
266.837	3766	3	2
266.987	3767	3	3
266.987	3768	2	2
267.137	3769	2	3
267.137	3770	4	1
267.137	3771	1	2
267.287	3772	1	3
267.287	3773	2	2
267.437	3774	2	3
267.437	3775	1	2
267.587	3776	1	3
267.587	3777	4	2
267.737	3778	4	3
267.737	3779	3	2
267.887	3780	3	3
267.737	3781	1	1
267.887	3782	2	2
268.037	3783	2	3
268.337	3784	1	2
268.637	3785	1	3
268.637	3786	4	2
270.287	3787	4	3
268.637	3788	3	2
268.937	3789	3	3
268.637	3790	2	2
268.937	3791	2	3
268.937	3792	1	1
269.087	3793	1	1
269.237	3794	3	1
269.237	3795	2	1
269.387	3796	2	1
269.387	3797	3	2
269.687	3798	3	3
269.387	3799	1	2
269.687	3800	1	3
269.837	3801	1	2
270.137	3802	1	3
269.837	3803	2	2
270.137	3804	2	3
269.837	3805	3	1
270.137	3806	3	2
270.437	3807	3	3
270.437	3808	4	2
270.587	3809	4	3
270.437	3810	1	2
270.737	3811	1	3
270.437	3812	2	1
270.587	3813	2	1
270.587	3814	3	2
270.737	3815	3	3
270.737	3816	2	2
270.887	3817	2	3
270.887	3818	1	2
271.187	3819	1	3
270.887	3820	4	2
271.187	3821	4	3
270.887	3822	3	1
271.187	3823	3	2
271.337	3824	3	3
271.337	3825	4	2
271.637	3826	4	3
271.337	3827	1	2
272.687	3828	1	3
271.637	3829	2	1
271.787	3830	3	1
271.937	3831	4	1
272.087	3832	2	1
272.162	3833	3	1
272.237	3834	4	1
272.387	3835	2	1
272.537	3836	3	1
272.687	3837	4	2
272.837	3838	4	3
272.837	3839	1	2
273.137	3840	1	3
272.837	3841	3	1
272.912	3842	2	1
272.987	3843	4	1
273.062	3844	3	1
273.137	3845	2	2
273.437	3846	2	3
273.212	3847	4	1
273.287	3848	3	1
273.362	3849	1	1
273.437	3850	3	2
274.337	3851	3	3
273.437	3852	4	2
273.737	3853	4	3
273.737	3854	1	1
273.887	3855	4	1
274.037	3856	2	1
274.037	3857	1	1
274.187	3858	4	2
274.487	3859	4	3
274.187	3860	2	1
274.337	3861	1	2
274.487	3862	1	3
274.487	3863	3	1
274.487	3864	2	2
275.387	3865	2	3
274.562	3866	4	1
274.637	3867	3	1
274.637	3868	1	2
274.937	3869	1	3
274.937	3870	4	2
275.237	3871	4	3
274.937	3872	3	1
275.237	3873	3	1
275.237	3874	1	2
275.537	3875	1	3
275.387	3876	3	1
275.387	3877	4	2
275.537	3878	4	3
275.537	3879	3	2
275.687	3880	3	3
275.687	3881	1	2
277.337	3882	1	3
275.687	3883	2	2
275.987	3884	2	3
275.687	3885	4	2
275.987	3886	4	3
276.137	3887	2	1
276.437	3888	3	1
276.737	3889	4	1
277.037	3890	2	1
277.337	3891	4	1
277.487	3892	2	2
277.637	3893	2	3
277.637	3894	3	1
277.637	3895	4	1
277.737	3896	2	1
277.737	3897	1	1
277.837	3898	4	1
277.937	3899	3	1
278.037	3900	2	1
278.137	3901	1	1
278.237	3902	2	2
278.537	3903	2	3
278.237	3904	3	2
278.537	3905	3	3
278.237	3906	4	2
279.887	3907	4	3
278.537	3908	1	1
278.687	3909	1	1
278.837	3910	3	1
278.837	3911	2	1
278.987	3912	3	2
279.287	3913	3	3
278.987	3914	1	2
279.287	3915	1	3
278.987	3916	2	1
279.437	3917	2	2
279.737	3918	2	3
279.437	3919	1	2
279.737	3920	1	3
279.437	3921	3	1
279.737	3922	3	2
280.037	3923	3	3
280.037	3924	2	1
280.037	3925	4	2
280.187	3926	4	3
280.037	3927	1	2
280.337	3928	1	3
280.187	3929	2	1
280.187	3930	3	2
280.337	3931	3	3
280.337	3932	2	2
280.487	3933	2	3
280.487	3934	1	2
280.787	3935	1	3
280.487	3936	3	1
280.487	3937	4	2
280.787	3938	4	3
280.787	3939	3	2
280.937	3940	3	3
280.937	3941	4	2
281.237	3942	4	3
280.937	3943	1	2
282.287	3944	1	3
281.237	3945	2	1
281.387	3946	3	1
281.537	3947	4	1
281.687	3948	2	1
281.762	3949	3	1
281.837	3950	4	1
281.987	3951	2	1
282.137	3952	3	1
282.287	3953	4	2
282.437	3954	4	3
282.437	3955	3	1
282.437	3956	1	2
282.737	3957	1	3
282.512	3958	2	1
282.587	3959	4	1
282.662	3960	3	1
282.737	3961	2	2
283.037	3962	2	3
282.812	3963	4	1
282.887	3964	3	1
282.962	3965	1	1
283.037	3966	3	2
283.937	3967	3	3
283.037	3968	4	2
283.337	3969	4	3
283.337	3970	1	1
283.487	3971	4	1
283.637	3972	1	1
283.637	3973	2	1
283.787	3974	2	1
283.787	3975	4	2
284.087	3976	4	3
283.937	3977	1	2
284.087	3978	1	3
284.087	3979	3	1
284.087	3980	2	2
284.987	3981	2	3
284.162	3982	4	1
284.237	3983	3	1
284.237	3984	1	2
284.537	3985	1	3
284.537	3986	4	2
284.837	3987	4	3
284.537	3988	3	1
284.837	3989	3	1
284.837	3990	1	2
285.137	3991	1	3
284.987	3992	4	2
285.137	3993	4	3
284.987	3994	3	1
285.137	3995	3	2
285.287	3996	3	3
285.287	3997	1	2
287.837	3998	1	3
285.287	3999	2	1
285.887	4000	2	1
286.037	4001	3	1
286.187	4002	4	1
286.487	4003	2	1
286.637	4004	4	1
286.787	4005	3	1
287.112	4006	3	1
287.187	4007	4	1
287.405	4008	3	1
287.562	4009	2	1
287.662	4010	4	1
287.762	4011	3	1
287.837	4012	2	1
287.930	4013	1	1
288.005	4014	4	1
288.099	4015	3	1
288.230	4016	2	1
288.343	4017	1	1
288.530	4018	4	1
288.737	4019	3	1
289.037	4020	1	2
289.637	4021	1	3
289.937	4022	4	2
290.237	4023	4	3
290.237	4024	2	1
290.237	4025	1	1
290.312	4026	3	1
290.387	4027	2	1
290.387	4028	4	1
290.462	4029	3	1
290.462	4030	1	1
290.537	4031	2	1
290.537	4032	4	1
290.612	4033	3	1
290.687	4034	1	1
290.687	4035	4	1
290.762	4036	2	1
290.837	4037	1	1
290.837	4038	4	1
290.912	4039	3	1
290.987	4040	2	1
290.987	4041	1	1
291.062	4042	4	1
291.062	4043	3	1
291.137	4044	1	1
291.137	4045	2	1
291.212	4046	4	1
291.287	4047	2	1
291.287	4048	3	1
291.362	4049	4	1
291.362	4050	1	1
291.437	4051	2	1
291.437	4052	3	1
291.512	4053	4	1
291.587	4054	1	1
291.587	4055	2	1
291.662	4056	3	1
291.662	4057	4	1
291.737	4058	1	1
291.737	4059	2	1
291.812	4060	4	1
291.887	4061	2	1
291.887	4062	3	1
291.962	4063	1	1
292.037	4064	3	1
292.037	4065	4	1
292.112	4066	2	1
292.187	4067	1	1
292.262	4068	4	1
292.262	4069	3	1
292.337	4070	1	1
292.337	4071	2	1
292.412	4072	3	1
292.412	4073	4	1
292.487	4074	2	1
292.487	4075	1	1
292.562	4076	3	1
292.562	4077	4	1
292.637	4078	2	1
292.637	4079	1	1
292.712	4080	3	1
292.787	4081	2	1
292.787	4082	4	1
292.862	4083	1	1
292.862	4084	3	1
292.937	4085	4	1
292.937	4086	2	1
293.012	4087	3	1
293.087	4088	1	1
293.087	4089	4	1
293.162	4090	2	1
293.237	4091	4	1
293.237	4092	1	1
293.312	4093	3	1
293.387	4094	2	1
293.387	4095	1	1
293.462	4096	4	1
293.462	4097	3	1
293.537	4098	1	1
293.537	4099	2	1
293.612	4100	4	1
293.687	4101	3	1
293.687	4102	2	1
293.762	4103	4	1
293.762	4104	1	1
293.837	4105	2	1
293.837	4106	3	1
293.912	4107	4	1
293.987	4108	2	1
293.987	4109	1	1
294.062	4110	3	1
294.062	4111	4	1
294.137	4112	1	1
294.137	4113	2	1
294.212	4114	4	1
294.287	4115	3	1
294.287	4116	2	1
294.362	4117	1	1
294.437	4118	3	1
294.437	4119	4	1
294.512	4120	2	1
294.587	4121	1	1
294.662	4122	4	1
294.662	4123	3	1
294.737	4124	1	1
294.737	4125	2	1
294.812	4126	3	1
294.812	4127	4	1
294.887	4128	2	1
294.887	4129	1	1
294.962	4130	3	1
294.962	4131	4	1
295.037	4132	2	1
295.037	4133	1	1
295.112	4134	3	1
295.187	4135	4	1
295.187	4136	2	1
295.262	4137	3	1
295.262	4138	1	1
295.337	4139	4	1
295.337	4140	2	1
295.412	4141	3	1
295.487	4142	4	1
295.487	4143	1	1
295.562	4144	2	1
295.637	4145	4	1
295.637	4146	1	1
295.712	4147	3	1
295.787	4148	2	1
295.787	4149	1	1
295.862	4150	4	1
295.862	4151	3	1
295.937	4152	2	1
295.937	4153	1	1
296.012	4154	4	1
296.087	4155	3	1
296.087	4156	2	1
296.162	4157	4	1
296.162	4158	1	1
296.237	4159	3	1
296.237	4160	2	1
296.312	4161	4	1
296.387	4162	1	1
296.387	4163	2	1
296.462	4164	4	1
296.462	4165	3	1
296.537	4166	2	1
296.537	4167	1	1
296.612	4168	4	1
296.687	4169	3	1
296.687	4170	2	1
296.762	4171	1	1
296.837	4172	4	1
296.837	4173	3	1
296.912	4174	2	1
296.987	4175	1	1
297.062	4176	4	1
297.062	4177	3	1
297.137	4178	2	1
297.137	4179	1	1
297.212	4180	4	1
297.212	4181	3	1
297.287	4182	2	1
297.287	4183	1	1
297.362	4184	3	1
297.362	4185	4	1
297.437	4186	2	1
297.437	4187	1	1
297.512	4188	3	1
297.587	4189	2	1
297.587	4190	4	1
297.662	4191	3	1
297.662	4192	1	1
297.737	4193	4	1
297.737	4194	2	1
297.812	4195	3	1
297.887	4196	4	1
297.887	4197	1	1
297.962	4198	2	1
298.037	4199	1	1
298.037	4200	4	1
298.112	4201	3	1
298.187	4202	2	1
298.187	4203	1	1
298.262	4204	4	1
298.262	4205	3	1
298.337	4206	1	1
298.337	4207	2	1
298.412	4208	4	1
298.487	4209	3	1
298.487	4210	2	1
298.562	4211	4	1
298.562	4212	1	1
298.637	4213	2	1
298.637	4214	3	1
298.712	4215	4	1
298.787	4216	2	1
298.787	4217	1	1
298.862	4218	3	1
298.862	4219	4	1
298.937	4220	2	1
298.937	4221	1	1
299.012	4222	4	1
299.087	4223	3	1
299.087	4224	2	1
299.162	4225	1	1
299.237	4226	4	1
299.237	4227	3	1
299.312	4228	2	1
299.387	4229	1	1
299.462	4230	4	1
299.462	4231	3	1
299.537	4232	1	1
299.537	4233	2	1
299.612	4234	3	1
299.612	4235	4	1
299.687	4236	2	1
299.687	4237	1	1
299.762	4238	3	1
299.762	4239	4	1
299.837	4240	2	1
299.837	4241	1	1
299.912	4242	4	1
299.987	4243	2	1
299.987	4244	3	1
300.062	4245	1	1
300.137	4246	4	1
300.137	4247	3	1
300.212	4248	2	1
300.287	4249	1	1
300.287	4250	4	1
300.362	4251	3	1
300.437	4252	2	1
300.437	4253	1	1
300.512	4254	4	1
300.587	4255	3	1
300.587	4256	2	1
300.662	4257	1	1
300.737	4258	4	1
300.737	4259	3	1
300.812	4260	2	1
300.887	4261	1	1
300.887	4262	4	1
300.962	4263	3	1
301.037	4264	2	1
301.037	4265	1	1
301.112	4266	4	1
301.187	4267	2	1
301.187	4268	3	1
301.262	4269	1	1
301.337	4270	3	1
301.337	4271	4	1
301.412	4272	2	1
301.487	4273	4	1
301.487	4274	1	1
301.562	4275	3	1
301.637	4276	2	1
301.637	4277	1	1
301.712	4278	4	1
301.787	4279	2	1
301.787	4280	3	1
301.862	4281	1	1
301.937	4282	4	2
302.162	4283	4	3
301.937	4284	3	1
302.237	4285	3	1
302.237	4286	1	1
302.237	4287	2	1
302.312	4288	4	1
302.387	4289	2	1
302.387	4290	3	1
302.462	4291	1	1
302.537	4292	3	1
302.537	4293	4	1
302.612	4294	2	1
302.687	4295	4	1
302.687	4296	1	1
302.762	4297	3	1
302.837	4298	2	1
302.837	4299	1	1
302.912	4300	4	1
302.987	4301	2	1
302.987	4302	3	1
303.062	4303	1	1
303.137	4304	3	1
303.137	4305	4	1
303.212	4306	2	1
303.287	4307	4	1
303.287	4308	1	1
303.362	4309	3	1
303.437	4310	1	1
303.437	4311	2	1
303.512	4312	4	1
303.587	4313	2	1
303.587	4314	3	1
303.662	4315	1	1
303.737	4316	4	1
303.737	4317	3	1
303.812	4318	2	1
303.887	4319	1	1
303.887	4320	4	1
303.962	4321	3	1
304.037	4322	1	1
304.037	4323	2	1
304.112	4324	4	1
304.187	4325	2	1
304.187	4326	3	1
304.262	4327	1	1
304.337	4328	3	1
304.337	4329	4	2
304.412	4330	4	3
304.487	4331	4	2
304.562	4332	4	3
304.637	4333	2	1
304.637	4334	1	1
304.712	4335	3	1
304.712	4336	4	1
304.787	4337	1	1
304.787	4338	2	1
304.862	4339	4	1
304.862	4340	3	1
304.937	4341	1	1
304.937	4342	2	1
305.012	4343	4	1
305.012	4344	3	1
305.087	4345	2	1
305.087	4346	1	1
305.162	4347	3	1
305.162	4348	4	1
305.237	4349	1	1
305.237	4350	2	1
305.312	4351	3	1
305.312	4352	4	1
305.387	4353	1	1
305.387	4354	2	1
305.462	4355	3	1
305.462	4356	4	1
305.537	4357	1	2
305.687	4358	1	3
305.537	4359	2	2
305.687	4360	2	3
305.837	4361	4	1
305.837	4362	3	1
305.912	4363	2	1
305.912	4364	1	1
305.987	4365	4	1
305.987	4366	3	1
306.062	4367	1	1
306.062	4368	2	1
306.137	4369	4	1
306.137	4370	3	1
306.212	4371	1	1
306.212	4372	2	1
306.287	4373	3	1
306.287	4374	4	1
306.362	4375	2	1
306.362	4376	1	1
306.437	4377	3	1
306.437	4378	4	1
306.512	4379	2	1
306.512	4380	1	1
306.587	4381	3	1
306.587	4382	4	1
306.662	4383	2	1
306.662	4384	1	1
306.737	4385	3	2
307.037	4386	3	3
306.737	4387	4	2
307.037	4388	4	3
307.037	4389	1	1
307.074	4390	2	1
307.112	4391	3	1
307.149	4392	4	1
307.187	4393	1	1
307.187	4394	2	1
307.262	4395	3	1
307.262	4396	4	1
307.337	4397	2	1
307.337	4398	1	1
307.412	4399	4	1
307.412	4400	3	1
307.487	4401	1	1
307.487	4402	2	1
307.562	4403	3	1
307.562	4404	4	1
307.637	4405	1	1
307.674	4406	2	1
307.712	4407	3	1
307.749	4408	4	1
307.787	4409	1	1
307.787	4410	2	1
307.862	4411	4	1
307.862	4412	3	1
307.937	4413	2	1
307.937	4414	1	1
308.012	4415	4	1
308.012	4416	3	1
308.087	4417	1	1
308.087	4418	2	1
308.162	4419	3	1
308.162	4420	4	1
308.237	4421	1	1
308.237	4422	2	1
308.287	4423	3	1
308.337	4424	4	1
308.387	4425	1	1
308.387	4426	2	1
308.437	4427	3	1
308.487	4428	4	1
308.537	4429	1	1
308.537	4430	2	1
308.587	4431	3	1
308.637	4432	4	1
308.687	4433	1	1
308.687	4434	2	1
308.737	4435	3	1
308.787	4436	4	1
308.837	4437	1	1
308.874	4438	2	1
308.912	4439	3	1
308.949	4440	4	1
308.987	4441	1	1
309.024	4442	2	1
309.062	4443	3	1
309.099	4444	4	1
309.137	4445	1	1
309.174	4446	2	1
309.212	4447	3	1
309.249	4448	4	1
309.287	4449	1	1
309.324	4450	2	1
309.362	4451	3	1
309.399	4452	4	1
309.437	4453	1	1
309.437	4454	2	1
309.587	4455	3	1
309.737	4456	2	1
309.737	4457	1	1
309.887	4458	1	1
309.962	4459	4	1
310.037	4460	2	1
310.112	4461	1	1
310.187	4462	3	1
310.187	4463	4	1
310.262	4464	2	1
310.337	4465	1	1
310.337	4466	4	1
310.412	4467	3	1
310.487	4468	1	1
310.487	4469	2	1
310.562	4470	4	1
310.637	4471	2	1
310.712	4472	1	1
310.787	4473	4	1
310.787	4474	3	1
310.862	4475	1	1
310.862	4476	2	1
310.937	4477	3	1
310.937	4478	4	1
311.012	4479	1	1
311.087	4480	2	1
311.162	4481	4	1
311.237	4482	1	1
311.237	4483	2	1
311.312	4484	4	1
311.312	4485	3	1
311.387	4486	2	1
311.387	4487	1	1
311.462	4488	4	1
311.462	4489	3	1
311.537	4490	1	1
311.537	4491	2	1
311.612	4492	4	1
311.687	4493	3	1
311.762	4494	2	1
311.837	4495	3	1
311.837	4496	1	2
311.987	4497	1	3
311.837	4498	4	2
311.987	4499	4	3
311.987	4500	2	1
312.137	4501	3	2
312.287	4502	3	3
312.137	4503	4	1
312.137	4504	1	2
312.287	4505	1	3
312.137	4506	2	1
312.287	4507	2	1
312.362	4508	3	2
312.437	4509	3	3
312.362	4510	4	2
312.437	4511	4	3
312.437	4512	1	1
312.437	4513	2	1
312.512	4514	2	2
312.662	4515	2	3
312.512	4516	1	2
312.662	4517	1	3
312.587	4518	4	1
312.737	4519	4	1
312.737	4520	1	1
312.737	4521	3	2
312.887	4522	3	3
312.737	4523	2	2
312.887	4524	2	3
312.887	4525	1	1
313.037	4526	3	1
313.037	4527	4	2
313.187	4528	4	3
313.037	4529	1	2
313.187	4530	1	3
313.187	4531	2	1
313.337	4532	1	2
313.487	4533	1	3
313.337	4534	4	1
313.337	4535	2	1
313.337	4536	3	2
313.487	4537	3	3
313.487	4538	2	1
313.562	4539	4	2
313.637	4540	4	3
313.562	4541	3	2
313.637	4542	3	3
313.637	4543	1	1
313.637	4544	2	1
313.712	4545	1	2
313.862	4546	1	3
313.712	4547	2	2
313.862	4548	2	3
313.787	4549	4	1
313.937	4550	4	2
314.087	4551	4	3
313.937	4552	3	1
313.937	4553	2	2
314.087	4554	2	3
313.937	4555	1	1
314.087	4556	1	1
314.237	4557	1	1
314.237	4558	3	2
314.387	4559	3	3
314.237	4560	2	2
314.387	4561	2	3
314.237	4562	4	1
314.387	4563	1	1
314.537	4564	4	1
314.537	4565	1	2
314.687	4566	1	3
314.537	4567	2	1
314.537	4568	3	2
314.687	4569	3	3
314.687	4570	2	1
314.762	4571	4	2
314.837	4572	4	3
314.762	4573	3	2
314.837	4574	3	3
314.837	4575	2	1
314.837	4576	1	1
314.912	4577	1	2
315.062	4578	1	3
314.912	4579	2	2
315.062	4580	2	3
314.987	4581	4	1
315.137	4582	1	2
315.287	4583	1	3
315.137	4584	3	2
315.287	4585	3	3
315.137	4586	2	1
315.137	4587	4	1
315.287	4588	4	1
315.437	4589	4	1
315.437	4590	2	1
315.437	4591	1	2
315.587	4592	1	3
315.437	4593	3	2
315.587	4594	3	3
315.587	4595	2	1
315.737	4596	1	1
315.737	4597	4	2
315.887	4598	4	3
315.737	4599	2	2
315.887	4600	2	3
315.737	4601	3	1
315.887	4602	3	1
315.962	4603	2	2
316.037	4604	2	3
315.962	4605	1	2
316.037	4606	1	3
316.037	4607	4	1
316.037	4608	3	1
316.112	4609	4	2
316.262	4610	4	3
316.112	4611	3	2
316.262	4612	3	3
316.187	4613	1	1
316.337	4614	4	1
316.337	4615	1	2
316.487	4616	1	3
316.337	4617	3	2
316.487	4618	3	3
316.337	4619	2	1
316.487	4620	4	2
316.637	4621	4	3
316.487	4622	2	2
316.637	4623	2	3
316.637	4624	3	2
316.787	4625	3	3
316.637	4626	1	2
316.787	4627	1	3
316.787	4628	4	1
316.937	4629	1	2
317.087	4630	1	3
316.937	4631	4	1
316.937	4632	3	1
316.937	4633	2	2
317.087	4634	2	3
317.087	4635	4	1
317.162	4636	2	2
317.237	4637	2	3
317.162	4638	3	2
317.237	4639	3	3
317.237	4640	1	1
317.237	4641	4	1
317.312	4642	3	2
317.462	4643	3	3
317.312	4644	4	2
317.462	4645	4	3
317.387	4646	2	1
317.537	4647	3	1
317.537	4648	4	1
317.537	4649	2	2
317.687	4650	2	3
317.537	4651	1	2
317.687	4652	1	3
317.687	4653	4	1
317.837	4654	4	1
317.837	4655	2	1
317.837	4656	1	2
317.987	4657	1	3
317.837	4658	3	2
317.987	4659	3	3
317.987	4660	2	1
318.137	4661	1	2
318.287	4662	1	3
318.137	4663	3	1
318.137	4664	2	2
318.287	4665	2	3
318.137	4666	4	1
318.287	4667	4	1
318.362	4668	2	2
318.437	4669	2	3
318.362	4670	3	2
318.437	4671	3	3
318.437	4672	1	1
318.437	4673	4	1
318.512	4674	4	2
318.662	4675	4	3
318.512	4676	3	2
318.662	4677	3	3
318.587	4678	1	1
318.737	4679	2	2
318.887	4680	2	3
318.737	4681	3	1
318.737	4682	4	1
318.737	4683	1	2
318.887	4684	1	3
318.887	4685	3	1
319.037	4686	4	1
319.037	4687	2	2
319.187	4688	2	3
319.037	4689	1	1
319.037	4690	3	2
319.187	4691	3	3
319.187	4692	1	1
319.337	4693	2	2
319.487	4694	2	3
319.337	4695	4	1
319.337	4696	3	1
319.337	4697	1	2
319.487	4698	1	3
319.487	4699	4	1
319.562	4700	2	2
319.637	4701	2	3
319.562	4702	3	2
319.637	4703	3	3
319.637	4704	1	1
319.637	4705	4	1
319.712	4706	3	2
319.862	4707	3	3
319.712	4708	1	2
319.862	4709	1	3
319.862	4710	4	1
319.862	4711	2	1
319.937	4712	3	1
319.937	4713	1	1
320.087	4714	2	1
320.087	4715	1	1
320.162	4716	3	1
320.162	4717	4	1
320.237	4718	2	1
320.237	4719	1	1
320.387	4720	3	1
320.387	4721	1	1
320.387	4722	4	1
320.537	4723	1	1
320.537	4724	4	1
320.537	4725	2	1
320.537	4726	3	1
320.762	4727	1	1
320.762	4728	2	1
320.762	4729	4	1
320.762	4730	3	1
320.912	4731	2	1
320.912	4732	1	1
320.912	4733	3	1
320.912	4734	4	1
321.062	4735	4	1
321.062	4736	3	1
321.137	4737	2	1
321.137	4738	1	1
321.212	4739	3	1
321.212	4740	4	1
321.287	4741	2	1
321.287	4742	1	1
321.437	4743	3	1
321.437	4744	4	2
321.587	4745	4	3
321.437	4746	1	2
321.587	4747	1	3
321.587	4748	3	1
321.587	4749	2	1
321.737	4750	3	2
321.887	4751	3	3
321.737	4752	4	1
321.737	4753	2	1
321.737	4754	1	2
321.887	4755	1	3
321.887	4756	2	1
321.962	4757	4	2
322.037	4758	4	3
321.962	4759	3	2
322.037	4760	3	3
322.037	4761	2	1
322.037	4762	1	1
322.112	4763	2	2
322.262	4764	2	3
322.112	4765	1	2
322.262	4766	1	3
322.187	4767	4	1
322.337	4768	4	1
322.337	4769	3	2
322.487	4770	3	3
322.337	4771	1	1
322.337	4772	2	2
322.487	4773	2	3
322.487	4774	1	1
322.637	4775	1	2
322.787	4776	1	3
322.637	4777	4	2
322.787	4778	4	3
322.637	4779	3	1
322.787	4780	2	1
322.937	4781	3	2
323.087	4782	3	3
322.937	4783	2	1
322.937	4784	4	1
322.937	4785	1	2
323.087	4786	1	3
323.087	4787	2	1
323.162	4788	4	2
323.237	4789	4	3
323.162	4790	3	2
323.237	4791	3	3
323.237	4792	2	1
323.237	4793	1	1
323.312	4794	1	2
323.462	4795	1	3
323.312	4796	2	2
323.462	4797	2	3
323.387	4798	4	1
323.537	4799	4	2
323.687	4800	4	3
323.537	4801	2	2
323.687	4802	2	3
323.537	4803	3	1
323.537	4804	1	1
323.687	4805	1	1
323.837	4806	1	1
323.837	4807	4	1
323.837	4808	2	2
323.987	4809	2	3
323.837	4810	3	2
323.987	4811	3	3
323.987	4812	1	1
324.137	4813	3	2
324.287	4814	3	3
324.137	4815	2	1
324.137	4816	4	1
324.137	4817	1	2
324.287	4818	1	3
324.287	4819	2	1
324.362	4820	4	2
324.437	4821	4	3
324.362	4822	3	2
324.437	4823	3	3
324.437	4824	2	1
324.437	4825	1	1
324.512	4826	2	2
324.662	4827	2	3
324.512	4828	1	2
324.662	4829	1	3
324.587	4830	4	1
324.737	4831	4	1
324.737	4832	2	1
324.737	4833	3	2
324.887	4834	3	3
324.737	4835	1	2
324.887	4836	1	3
324.887	4837	4	1
325.037	4838	3	2
325.187	4839	3	3
325.037	4840	4	1
325.037	4841	1	2
325.187	4842	1	3
325.037	4843	2	1
325.187	4844	2	1
325.337	4845	3	1
325.337	4846	1	1
325.337	4847	4	2
325.487	4848	4	3
325.337	4849	2	2
325.487	4850	2	3
325.487	4851	3	1
325.562	4852	2	2
325.637	4853	2	3
325.562	4854	1	2
325.637	4855	1	3
325.637	4856	4	1
325.637	4857	3	1
325.712	4858	4	2
325.862	4859	4	3
325.712	4860	3	2
325.862	4861	3	3
325.787	4862	1	1
325.937	4863	1	2
326.087	4864	1	3
325.937	4865	2	1
325.937	4866	3	2
326.087	4867	3	3
325.937	4868	4	1
326.087	4869	4	2
326.237	4870	4	3
326.087	4871	2	2
326.237	4872	2	3
326.237	4873	1	2
326.387	4874	1	3
326.237	4875	3	2
326.387	4876	3	3
326.387	4877	4	1
326.537	4878	2	2
326.687	4879	2	3
326.537	4880	3	1
326.537	4881	1	2
326.687	4882	1	3
326.537	4883	4	1
326.687	4884	4	1
326.762	4885	2	2
326.837	4886	2	3
326.762	4887	3	2
326.837	4888	3	3
326.837	4889	1	1
326.837	4890	4	1
326.912	4891	4	2
327.062	4892	4	3
326.912	4893	3	2
327.062	4894	3	3
326.987	4895	2	1
327.137	4896	2	2
327.437	4897	2	3
327.137	4898	1	2
327.362	4899	1	3
327.137	4900	4	1
327.437	4901	4	1
327.437	4902	1	2
327.587	4903	1	3
327.437	4904	3	2
327.587	4905	3	3
327.587	4906	4	1
327.587	4907	2	1
327.737	4908	4	1
327.737	4909	3	1
327.737	4910	1	2
327.887	4911	1	3
327.737	4912	2	2
327.887	4913	2	3
327.887	4914	4	1
327.962	4915	3	2
328.037	4916	3	3
327.962	4917	2	2
328.037	4918	2	3
328.037	4919	4	1
328.037	4920	1	1
328.112	4921	4	2
328.262	4922	4	3
328.112	4923	3	2
328.262	4924	3	3
328.187	4925	2	1
328.262	4926	1	1
328.262	4927	2	1
328.337	4928	4	1
328.337	4929	3	1
328.437	4930	1	1
328.487	4931	1	1
328.587	4932	1	1
328.637	4933	3	1
328.637	4934	2	1
328.637	4935	4	1
328.787	4936	2	2
328.937	4937	2	3
329.012	4938	1	2
329.137	4939	1	3
329.137	4940	4	2
329.237	4941	4	3
329.237	4942	3	2
329.330	4943	3	3
329.330	4944	2	2
329.405	4945	2	3
329.405	4946	4	2
329.537	4947	4	3
329.537	4948	3	2
329.687	4949	3	3
329.687	4950	1	2
329.837	4951	1	3
329.837	4952	2	2
329.987	4953	2	3
329.987	4954	4	2
330.137	4955	4	3
330.137	4956	1	1
330.174	4957	2	1
330.212	4958	3	1
330.249	4959	4	1
330.287	4960	1	1
330.324	4961	2	1
330.362	4962	3	1
330.399	4963	4	1
330.437	4964	1	1
330.474	4965	2	1
330.512	4966	3	1
330.549	4967	4	1
330.587	4968	1	1
330.624	4969	2	1
330.662	4970	3	1
330.699	4971	4	1
330.737	4972	2	2
331.037	4973	2	3
331.037	4974	1	2
331.187	4975	1	3
331.037	4976	3	1
331.037	4977	4	2
331.187	4978	4	3
331.187	4979	2	1
331.337	4980	4	1
331.337	4981	1	2
331.487	4982	1	3
331.337	4983	3	2
331.487	4984	3	3
331.337	4985	2	1
331.487	4986	2	1
331.562	4987	4	2
331.637	4988	4	3
331.562	4989	3	2
331.637	4990	3	3
331.637	4991	2	1
331.637	4992	1	1
331.712	4993	1	2
331.862	4994	1	3
331.712	4995	2	2
331.862	4996	2	3
331.787	4997	4	1
331.937	4998	3	2
332.087	4999	3	3
331.937	5000	4	1
331.937	5001	2	2
332.087	5002	2	3
331.937	5003	1	1
332.087	5004	1	1
332.237	5005	4	2
332.387	5006	4	3
332.237	5007	1	2
332.387	5008	1	3
332.237	5009	3	1
332.387	5010	2	1
332.537	5011	2	1
332.537	5012	3	2
332.687	5013	3	3
332.537	5014	1	2
332.687	5015	1	3
332.537	5016	4	1
332.687	5017	2	1
332.762	5018	3	2
332.837	5019	3	3
332.762	5020	4	2
332.837	5021	4	3
332.837	5022	1	1
332.837	5023	2	1
332.912	5024	1	2
333.062	5025	1	3
332.912	5026	2	2
333.062	5027	2	3
332.987	5028	4	1
333.137	5029	2	2
333.287	5030	2	3
333.137	5031	4	2
333.287	5032	4	3
333.137	5033	1	1
333.137	5034	3	1
333.287	5035	1	1
333.437	5036	3	2
333.587	5037	3	3
333.437	5038	1	1
333.437	5039	2	2
333.587	5040	2	3
333.437	5041	4	1
333.587	5042	1	1
333.737	5043	4	1
333.737	5044	3	2
333.887	5045	3	3
333.737	5046	2	1
333.737	5047	1	2
333.887	5048	1	3
333.887	5049	2	1
333.962	5050	4	2
334.037	5051	4	3
333.962	5052	3	2
334.037	5053	3	3
334.037	5054	1	1
334.037	5055	2	1
334.112	5056	2	2
334.262	5057	2	3
334.112	5058	1	2
334.262	5059	1	3
334.187	5060	4	1
334.337	5061	4	1
334.337	5062	1	2
334.487	5063	1	3
334.337	5064	2	1
334.337	5065	3	2
334.487	5066	3	3
334.487	5067	4	1
334.637	5068	4	1
334.637	5069	3	2
334.787	5070	3	3
334.637	5071	2	1
334.637	5072	1	2
334.787	5073	1	3
334.787	5074	2	1
334.937	5075	2	2
335.087	5076	2	3
334.937	5077	4	2
335.087	5078	4	3
334.937	5079	3	1
334.937	5080	1	1
335.087	5081	3	1
335.162	5082	2	2
335.237	5083	2	3
335.162	5084	1	2
335.237	5085	1	3
335.237	5086	3	1
335.237	5087	4	1
335.312	5088	4	2
335.462	5089	4	3
335.312	5090	3	2
335.462	5091	3	3
335.387	5092	1	1
335.537	5093	1	2
335.687	5094	1	3
335.537	5095	4	1
335.537	5096	2	1
335.537	5097	3	2
335.687	5098	3	3
335.687	5099	2	2
335.837	5100	2	3
335.687	5101	4	2
335.837	5102	4	3
335.837	5103	3	2
335.987	5104	3	3
335.837	5105	1	2
335.987	5106	1	3
335.987	5107	2	1
335.987	5108	4	1
336.137	5109	3	1
336.137	5110	4	1
336.137	5111	1	2
336.287	5112	1	3
336.137	5113	2	2
336.287	5114	2	3
336.287	5115	4	1
336.362	5116	3	2
336.437	5117	3	3
336.362	5118	2	2
336.437	5119	2	3
336.437	5120	1	1
336.437	5121	4	1
336.512	5122	3	2
336.662	5123	3	3
336.512	5124	4	2
336.662	5125	4	3
336.587	5126	2	1
336.737	5127	4	1
336.737	5128	2	2
336.887	5129	2	3
336.737	5130	1	2
336.887	5131	1	3
336.737	5132	3	1
336.887	5133	4	1
337.037	5134	3	2
337.187	5135	3	3
337.037	5136	1	2
337.187	5137	1	3
337.037	5138	2	1
337.037	5139	4	1
337.187	5140	2	1
337.337	5141	4	1
337.337	5142	3	1
337.337	5143	2	2
337.487	5144	2	3
337.337	5145	1	2
337.487	5146	1	3
337.487	5147	4	1
337.562	5148	2	2
337.637	5149	2	3
337.562	5150	3	2
337.637	5151	3	3
337.637	5152	4	1
337.637	5153	1	1
337.712	5154	4	2
337.862	5155	4	3
337.712	5156	3	2
337.862	5157	3	3
337.787	5158	1	1
337.937	5159	3	1
337.937	5160	4	1
337.937	5161	1	2
338.087	5162	1	3
337.937	5163	2	2
338.087	5164	2	3
338.087	5165	3	1
338.237	5166	3	2
338.387	5167	3	3
338.237	5168	2	2
338.387	5169	2	3
338.237	5170	4	1
338.237	5171	1	1
338.387	5172	1	1
338.462	5173	3	1
338.462	5174	4	1
338.537	5175	2	2
338.687	5176	2	3
338.537	5177	1	2
338.687	5178	1	3
338.687	5179	4	1
338.762	5180	2	2
338.837	5181	2	3
338.762	5182	3	2
338.837	5183	3	3
338.837	5184	4	1
338.837	5185	1	1
338.912	5186	1	2
339.062	5187	1	3
338.912	5188	3	2
339.062	5189	3	3
339.062	5190	2	1
339.062	5191	4	1
339.137	5192	1	1
339.137	5193	3	1
339.287	5194	4	1
339.287	5195	1	1
339.362	5196	3	1
339.437	5197	1	1
339.437	5198	2	1
339.512	5199	4	1
339.587	5200	3	1
339.587	5201	2	1
339.587	5202	1	1
339.662	5203	4	1
339.737	5204	3	1
339.737	5205	2	1
339.737	5206	1	1
339.812	5207	4	1
339.887	5208	1	1
339.962	5209	4	1
339.962	5210	3	1
339.962	5211	2	1
340.112	5212	2	1
340.112	5213	4	1
340.112	5214	3	1
340.187	5215	1	1
340.262	5216	3	1
340.262	5217	4	1
340.337	5218	2	1
340.337	5219	1	1
340.487	5220	2	1
340.487	5221	1	1
340.637	5222	1	2
340.787	5223	1	3
340.637	5224	2	1
340.637	5225	3	1
340.637	5226	4	2
340.787	5227	4	3
340.787	5228	2	1
340.937	5229	2	1
340.937	5230	1	2
341.087	5231	1	3
340.937	5232	3	2
341.087	5233	3	3
340.937	5234	4	1
341.087	5235	2	1
341.162	5236	4	2
341.237	5237	4	3
341.162	5238	3	2
341.237	5239	3	3
341.237	5240	2	1
341.237	5241	1	1
341.312	5242	1	2
341.462	5243	1	3
341.312	5244	2	2
341.462	5245	2	3
341.387	5246	4	1
341.537	5247	4	1
341.537	5248	2	2
341.687	5249	2	3
341.537	5250	1	1
341.537	5251	3	2
341.687	5252	3	3
341.687	5253	1	1
341.837	5254	3	1
341.837	5255	4	2
341.987	5256	4	3
341.837	5257	1	2
341.987	5258	1	3
341.987	5259	2	1
342.137	5260	3	2
342.287	5261	3	3
342.137	5262	4	1
342.137	5263	2	1
342.137	5264	1	2
342.287	5265	1	3
342.287	5266	2	1
342.362	5267	4	2
342.437	5268	4	3
342.362	5269	3	2
342.437	5270	3	3
342.437	5271	1	1
342.437	5272	2	1
342.512	5273	1	2
342.662	5274	1	3
342.512	5275	2	2
342.662	5276	2	3
342.587	5277	4	1
342.737	5278	1	1
342.737	5279	4	2
342.887	5280	4	3
342.737	5281	2	2
342.887	5282	2	3
342.737	5283	3	1
342.887	5284	1	1
343.037	5285	3	2
343.187	5286	3	3
343.037	5287	4	1
343.037	5288	1	1
343.037	5289	2	2
343.187	5290	2	3
343.187	5291	1	1
343.337	5292	1	2
343.487	5293	1	3
343.337	5294	4	1
343.337	5295	2	1
343.337	5296	3	2
343.487	5297	3	3
343.487	5298	2	1
343.562	5299	3	2
343.637	5300	3	3
343.562	5301	4	2
343.637	5302	4	3
343.637	5303	2	1
343.637	5304	1	1
343.712	5305	2	2
343.862	5306	2	3
343.712	5307	1	2
343.862	5308	1	3
343.787	5309	4	1
343.937	5310	1	2
344.087	5311	1	3
343.937	5312	3	2
344.087	5313	3	3
343.937	5314	4	1
343.937	5315	2	1
344.087	5316	4	1
344.237	5317	4	1
344.237	5318	2	1
344.237	5319	1	2
344.387	5320	1	3
344.237	5321	3	2
344.387	5322	3	3
344.387	5323	2	1
344.537	5324	2	2
344.687	5325	2	3
344.537	5326	1	1
344.537	5327	3	1
344.537	5328	4	2
344.687	5329	4	3
344.687	5330	3	1
344.762	5331	2	2
344.837	5332	2	3
344.762	5333	1	2
344.837	5334	1	3
344.837	5335	4	1
344.837	5336	3	1
344.912	5337	4	2
345.062	5338	4	3
344.912	5339	3	2
345.062	5340	3	3
344.987	5341	1	1
345.137	5342	1	1
345.137	5343	2	1
345.212	5344	4	1
345.212	5345	3	1
345.287	5346	1	1
345.287	5347	2	1
345.437	5348	4	1
345.437	5349	3	2
345.587	5350	3	3
345.512	5351	1	2
345.587	5352	1	3
345.737	5353	4	1
345.737	5354	2	2
345.887	5355	2	3
345.737	5356	1	2
345.887	5357	1	3
345.812	5358	3	1
345.887	5359	4	1
345.962	5360	3	2
346.037	5361	3	3
345.962	5362	2	2
346.037	5363	2	3
346.037	5364	1	1
346.037	5365	4	1
346.112	5366	4	2
346.262	5367	4	3
346.112	5368	3	2
346.262	5369	3	3
346.187	5370	2	1
346.337	5371	2	2
346.487	5372	2	3
346.337	5373	4	1
346.337	5374	1	2
346.487	5375	1	3
346.412	5376	3	1
346.487	5377	4	1
346.562	5378	2	1
346.637	5379	4	1
346.637	5380	3	2
346.787	5381	3	3
346.712	5382	2	1
346.787	5383	1	2
346.862	5384	1	3
346.862	5385	3	1
346.937	5386	2	2
347.087	5387	2	3
346.937	5388	4	1
346.937	5389	1	2
347.087	5390	1	3
347.012	5391	3	1
347.087	5392	4	1
347.162	5393	2	2
347.237	5394	2	3
347.162	5395	3	2
347.237	5396	3	3
347.237	5397	1	1
347.237	5398	4	1
347.312	5399	4	2
347.462	5400	4	3
347.312	5401	3	2
347.462	5402	3	3
347.387	5403	1	1
347.537	5404	2	2
347.687	5405	2	3
347.537	5406	1	2
347.687	5407	1	3
347.537	5408	3	1
347.612	5409	4	1
347.687	5410	3	1
347.762	5411	4	1
347.837	5412	1	1
347.837	5413	2	1
347.912	5414	3	1
347.912	5415	4	1
347.987	5416	2	1
347.987	5417	1	1
348.062	5418	4	1
348.062	5419	3	1
348.137	5420	1	1
348.137	5421	2	1
348.212	5422	4	1
348.212	5423	3	1
348.287	5424	1	1
348.287	5425	2	1
348.362	5426	3	1
348.362	5427	4	1
348.437	5428	2	1
348.437	5429	1	1
348.512	5430	3	1
348.512	5431	4	1
348.587	5432	1	1
348.587	5433	2	1
348.662	5434	3	1
348.662	5435	4	1
348.737	5436	2	2
348.887	5437	2	3
348.737	5438	1	2
348.887	5439	1	3
349.037	5440	3	1
349.037	5441	4	1
349.112	5442	1	1
349.112	5443	2	1
349.187	5444	3	1
349.187	5445	4	1
349.262	5446	2	1
349.262	5447	1	1
349.337	5448	4	1
349.337	5449	3	1
349.412	5450	1	1
349.412	5451	2	1
349.487	5452	3	1
349.487	5453	4	1
349.562	5454	2	1
349.562	5455	1	1
349.637	5456	4	1
349.637	5457	3	1
349.712	5458	1	1
349.712	5459	2	1
349.787	5460	3	1
349.787	5461	4	1
349.862	5462	2	1
349.862	5463	1	1
349.937	5464	3	2
350.237	5465	3	3
349.937	5466	4	2
350.237	5467	4	3
350.237	5468	1	1
350.274	5469	2	1
350.312	5470	3	1
350.349	5471	4	1
350.387	5472	1	1
350.387	5473	2	1
350.462	5474	3	1
350.462	5475	4	1
350.537	5476	1	1
350.537	5477	2	1
350.612	5478	3	1
350.612	5479	4	1
350.687	5480	2	1
350.687	5481	1	1
350.762	5482	4	1
350.762	5483	3	1
350.837	5484	1	1
350.874	5485	2	1
350.912	5486	3	1
350.949	5487	4	1
350.987	5488	2	1
350.987	5489	1	1
351.062	5490	4	1
351.062	5491	3	1
351.137	5492	1	1
351.137	5493	2	1
351.212	5494	3	1
351.212	5495	4	1
351.287	5496	2	1
351.287	5497	1	1
351.362	5498	4	1
351.362	5499	3	1
351.437	5500	1	1
351.474	5501	2	1
351.512	5502	3	1
351.549	5503	4	1
351.587	5504	1	1
351.624	5505	2	1
351.662	5506	3	1
351.699	5507	4	1
351.737	5508	1	1
351.774	5509	2	1
351.812	5510	3	1
351.849	5511	4	1
351.887	5512	1	1
351.924	5513	2	1
351.962	5514	3	1
351.999	5515	4	1
352.037	5516	1	1
352.112	5517	2	2
352.187	5518	2	3
352.262	5519	3	2
352.412	5520	3	3
352.487	5521	4	2
352.637	5522	4	3
352.637	5523	2	1
352.637	5524	1	2
352.712	5525	1	3
352.637	5526	3	1
352.787	5527	2	2
352.862	5528	2	3
352.937	5529	3	2
353.012	5530	3	3
353.087	5531	4	2
353.162	5532	4	3
353.237	5533	3	2
353.312	5534	3	3
353.387	5535	2	2
353.462	5536	2	3
353.537	5537	1	2
353.612	5538	1	3
353.687	5539	4	2
353.762	5540	4	3
353.837	5541	1	1
353.837	5542	2	2
353.912	5543	2	3
353.987	5544	3	2
354.062	5545	3	3
354.137	5546	2	2
354.212	5547	2	3
354.287	5548	3	2
354.362	5549	3	3
354.437	5550	4	2
354.512	5551	4	3
354.587	5552	1	2
354.662	5553	1	3
354.737	5554	3	2
354.812	5555	3	3
354.887	5556	2	2
354.962	5557	2	3
355.037	5558	1	2
355.112	5559	1	3
355.037	5560	4	1
355.187	5561	2	2
355.262	5562	2	3
355.337	5563	3	2
355.412	5564	3	3
355.487	5565	4	2
355.562	5566	4	3
355.637	5567	3	2
355.712	5568	3	3
355.787	5569	2	2
355.862	5570	2	3
355.937	5571	1	2
356.012	5572	1	3
356.012	5573	3	1
356.087	5574	4	2
356.162	5575	4	3
356.162	5576	2	1
356.237	5577	3	2
356.312	5578	3	3
356.387	5579	4	2
356.462	5580	4	3
356.537	5581	3	2
356.612	5582	3	3
356.687	5583	2	2
356.762	5584	2	3
356.837	5585	1	2
356.912	5586	1	3
356.987	5587	2	2
357.062	5588	2	3
357.137	5589	4	2
357.212	5590	4	3
357.287	5591	3	2
357.362	5592	3	3
357.437	5593	1	2
357.512	5594	1	3
357.437	5595	4	1
357.587	5596	2	2
357.662	5597	2	3
357.737	5598	3	2
357.812	5599	3	3
357.887	5600	4	2
357.962	5601	4	3
358.037	5602	3	2
358.112	5603	3	3
358.187	5604	2	2
358.262	5605	2	3
358.337	5606	1	2
358.412	5607	1	3
358.487	5608	2	2
358.562	5609	2	3
358.637	5610	3	2
358.712	5611	3	3
358.637	5612	1	1
358.787	5613	4	2
358.862	5614	4	3
358.937	5615	3	2
359.012	5616	3	3
359.087	5617	2	2
359.162	5618	2	3
359.237	5619	1	2
359.312	5620	1	3
359.387	5621	2	2
359.462	5622	2	3
359.537	5623	3	2
359.612	5624	3	3
359.687	5625	2	2
359.762	5626	2	3
359.837	5627	1	2
359.912	5628	1	3
359.837	5629	4	1
359.987	5630	2	2
360.062	5631	2	3
360.137	5632	3	2
360.212	5633	3	3
360.287	5634	4	2
360.362	5635	4	3
360.437	5636	3	2
360.512	5637	3	3
360.587	5638	2	2
360.662	5639	2	3
360.737	5640	1	2
360.812	5641	1	3
360.812	5642	3	1
360.887	5643	4	2
360.962	5644	4	3
360.962	5645	1	1
361.037	5646	2	2
361.112	5647	2	3
361.187	5648	4	2
361.262	5649	4	3
361.337	5650	3	2
361.412	5651	3	3
361.487	5652	2	2
361.562	5653	2	3
361.637	5654	4	2
361.712	5655	4	3
361.787	5656	3	2
361.862	5657	3	3
361.937	5658	4	2
362.012	5659	4	3
361.937	5660	1	2
362.237	5661	1	3
362.087	5662	2	2
362.162	5663	2	3
362.237	5664	3	2
362.312	5665	3	3
362.237	5666	4	2
363.437	5667	4	3
362.237	5668	2	1
362.387	5669	1	2
362.462	5670	1	3
362.537	5671	2	2
362.612	5672	2	3
362.687	5673	3	2
362.762	5674	3	3
362.837	5675	2	2
362.912	5676	2	3
362.987	5677	3	2
363.062	5678	3	3
363.137	5679	2	2
363.212	5680	2	3
363.287	5681	1	2
363.362	5682	1	3
363.437	5683	1	1
363.437	5684	3	2
363.512	5685	3	3
363.587	5686	2	2
363.662	5687	2	3
363.737	5688	4	2
363.812	5689	4	3
363.887	5690	1	2
363.962	5691	1	3
364.037	5692	3	2
364.187	5693	3	3
364.187	5694	2	2
364.337	5695	2	3
364.337	5696	1	2
364.487	5697	1	3
364.487	5698	4	2
364.787	5699	4	3
364.637	5700	2	1
364.637	5701	1	2
364.712	5702	1	3
364.787	5703	3	2
364.937	5704	3	3
364.937	5705	1	2
365.837	5706	1	3
364.937	5707	2	2
365.012	5708	2	3
365.087	5709	3	2
365.162	5710	3	3
365.237	5711	4	2
365.312	5712	4	3
365.387	5713	3	2
365.462	5714	3	3
365.537	5715	2	2
365.612	5716	2	3
365.612	5717	4	1
365.687	5718	3	2
365.762	5719	3	3
365.837	5720	2	2
365.912	5721	2	3
365.987	5722	4	2
366.062	5723	4	3
366.137	5724	3	2
366.212	5725	3	3
366.287	5726	1	2
366.362	5727	1	3
366.437	5728	2	2
366.737	5729	2	3
366.587	5730	4	2
366.662	5731	4	3
366.737	5732	3	2
367.037	5733	3	3
366.887	5734	2	2
366.962	5735	2	3
367.037	5736	1	2
367.112	5737	1	3
367.037	5738	4	2
367.637	5739	4	3
367.037	5740	2	1
367.187	5741	1	2
367.262	5742	1	3
367.337	5743	2	2
367.412	5744	2	3
367.487	5745	3	2
367.562	5746	3	3
367.637	5747	2	2
367.712	5748	2	3
367.787	5749	4	2
367.862	5750	4	3
367.937	5751	1	2
368.087	5752	1	3
368.087	5753	2	2
368.162	5754	2	3
368.237	5755	4	2
368.837	5756	4	3
368.237	5757	1	1
368.237	5758	3	2
368.312	5759	3	3
368.387	5760	2	2
368.462	5761	2	3
368.537	5762	3	2
368.612	5763	3	3
368.687	5764	1	2
368.762	5765	1	3
368.837	5766	3	2
368.912	5767	3	3
368.987	5768	2	2
369.137	5769	2	3
369.137	5770	4	2
369.287	5771	4	3
369.287	5772	3	2
369.362	5773	3	3
369.287	5774	1	2
369.737	5775	1	3
369.437	5776	4	1
369.437	5777	2	2
369.512	5778	2	3
369.587	5779	4	2
369.662	5780	4	3
369.737	5781	3	2
369.812	5782	3	3
369.887	5783	4	2
369.962	5784	4	3
370.037	5785	3	2
370.112	5786	3	3
370.187	5787	2	2
370.262	5788	2	3
370.337	5789	1	2
370.412	5790	1	3
370.412	5791	3	1
370.487	5792	2	2
370.562	5793	2	3
370.562	5794	4	1
370.637	5795	1	2
370.712	5796	1	3
370.787	5797	4	2
370.862	5798	4	3
370.937	5799	3	2
371.012	5800	3	3
371.087	5801	2	2
371.162	5802	2	3
371.237	5803	1	2
371.312	5804	1	3
371.387	5805	2	2
371.462	5806	2	3
371.537	5807	3	2
371.612	5808	3	3
371.687	5809	4	2
371.762	5810	4	3
371.837	5811	1	1
371.987	5812	2	1
372.137	5813	3	1
372.287	5814	4	1
372.437	5815	3	1
372.587	5816	2	1
372.737	5817	1	1
372.887	5818	4	1
373.037	5819	2	1
373.187	5820	3	1
373.337	5821	2	1
373.487	5822	3	1
373.637	5823	4	1
373.787	5824	1	1
373.937	5825	3	1
374.087	5826	2	1
374.237	5827	1	1
374.387	5828	2	1
374.537	5829	3	1
374.687	5830	4	1
374.837	5831	3	1
374.987	5832	2	1
375.137	5833	1	1
375.287	5834	4	1
375.437	5835	3	1
375.587	5836	4	1
375.737	5837	3	1
375.887	5838	2	1
376.037	5839	1	1
376.187	5840	2	1
376.337	5841	4	1
376.487	5842	3	1
376.637	5843	1	1
376.787	5844	2	1
376.937	5845	3	1
377.087	5846	4	1
377.237	5847	3	1
377.387	5848	2	1
377.537	5849	1	1
377.687	5850	4	1
377.837	5851	2	1
377.987	5852	3	1
378.137	5853	2	1
378.287	5854	3	1
378.437	5855	4	1
378.587	5856	1	1
378.737	5857	3	1
378.887	5858	2	1
379.037	5859	1	1
379.187	5860	2	1
379.337	5861	3	1
379.487	5862	4	1
379.637	5863	3	1
379.787	5864	2	1
379.937	5865	1	1
380.087	5866	4	1
380.237	5867	3	1
380.387	5868	4	1
380.537	5869	3	1
380.687	5870	2	1
380.837	5871	1	1
380.987	5872	2	1
381.137	5873	4	1
381.287	5874	3	1
381.437	5875	1	1
381.587	5876	2	1
381.737	5877	3	1
381.887	5878	4	1
382.037	5879	3	1
382.187	5880	2	1
382.337	5881	1	1
382.487	5882	4	1
382.637	5883	2	1
382.787	5884	3	1
382.937	5885	2	1
383.087	5886	3	1
383.237	5887	4	1
383.387	5888	1	1
383.537	5889	3	1
383.687	5890	2	1
383.837	5891	1	1
383.987	5892	2	1
384.137	5893	3	1
384.287	5894	4	1
384.437	5895	3	1
384.587	5896	2	1
384.737	5897	1	1
384.887	5898	4	1
385.037	5899	3	1
385.187	5900	4	1
385.337	5901	3	1
385.487	5902	2	1
385.637	5903	1	1
385.787	5904	2	1
385.937	5905	4	1
386.087	5906	3	1
386.237	5907	1	1
386.387	5908	2	1
386.537	5909	3	1
386.687	5910	4	1
386.837	5911	3	1
386.987	5912	2	1
387.137	5913	1	1
387.287	5914	4	1
387.437	5915	2	1
387.587	5916	3	1
387.737	5917	2	1
387.887	5918	3	1
388.037	5919	4	1
388.187	5920	1	1
388.337	5921	3	1
388.487	5922	2	1
388.637	5923	1	1
388.787	5924	2	1
388.937	5925	3	1
389.087	5926	4	1
389.237	5927	3	1
389.387	5928	2	1
389.537	5929	1	1
389.687	5930	4	1
389.837	5931	3	1
389.987	5932	4	1
390.137	5933	3	1
390.287	5934	2	1
390.437	5935	1	1
390.587	5936	2	1
390.737	5937	4	1
390.887	5938	3	1
391.337	5939	1	2
391.637	5940	1	3
391.637	5941	4	2
391.787	5942	4	3
392.087	5943	4	2
392.237	5944	4	3
392.537	5945	4	2
392.687	5946	4	3
392.987	5947	4	2
393.137	5948	4	3
393.437	5949	4	2
393.587	5950	4	3
393.887	5951	4	2
394.037	5952	4	3
394.337	5953	4	2
394.487	5954	4	3
394.787	5955	4	2
394.937	5956	4	3
395.237	5957	4	2
395.387	5958	4	3
395.687	5959	4	2
395.837	5960	4	3
396.137	5961	4	2
396.287	5962	4	3
396.587	5963	4	2
396.737	5964	4	3
396.887	5965	4	1
397.037	5966	4	2
397.187	5967	4	3
397.487	5968	4	2
397.637	5969	4	3
397.937	5970	4	2
398.087	5971	4	3
398.387	5972	4	2
398.537	5973	4	3
398.837	5974	4	2
398.987	5975	4	3
399.287	5976	4	2
399.437	5977	4	3
399.737	5978	4	2
399.887	5979	4	3
400.187	5980	4	2
400.337	5981	4	3
400.337	5982	1	2
400.487	5983	1	3
400.637	5984	4	2
400.787	5985	4	3
400.787	5986	1	2
400.937	5987	1	3
401.087	5988	4	2
401.237	5989	4	3
401.237	5990	1	2
401.387	5991	1	3
401.537	5992	4	2
401.687	5993	4	3