Song Name	Galaxy Collapse [EXTENDED CUT] (Hard) by Kurokotei
Difficulty	36
Primary Color	Rush
Secondary Color	Rush
Last Note Time	401.608
Total Notes	6307
Fever Fill	1932
Fever Time	60.241200
Long Notes	507
BPM	265
Song Length	405.570997732

Timing Points
0.000	222.2222
0.000	222.2222
0.094	222.2222
0.094	222.2222
0.192	222.2222
0.192	222.2222
0.859	222.2222
0.859	222.2222
117.748	400.0000
117.748	400.0000
118.548	400.0000
118.548	400.0000
155.348	363.6364
155.348	363.6364
156.802	363.6364
156.802	333.3333
158.135	307.6923
158.135	307.6923
159.365	287.0813
159.365	287.0813
160.513	266.6667
160.513	266.6667
161.579	266.6667
161.579	252.1008
162.587	252.1008
162.587	233.4630
163.520	223.8806
163.520	223.8806
164.415	212.7660
164.415	212.7660
165.266	193.5484
165.266	193.5484
166.055	193.5484
166.055	190.4762
166.816	190.4762
166.816	182.9268
167.547	173.9130
167.547	173.9130
168.242	166.2050
168.242	166.2050
168.906	166.2050
168.906	159.5745
169.544	153.8462
169.544	153.8462
170.159	153.8462
170.159	148.5149
170.753	148.5149
170.753	144.2308
171.329	137.9310
171.329	137.9310
171.880	131.2910
171.880	131.2910
172.410	129.0323
172.410	129.0323
172.926	126.0504
172.926	126.0504
173.430	121.4575
173.430	121.4575
173.915	117.6471
173.915	117.6471
174.385	115.3846
174.385	115.3846
176.231	200.0000
176.231	200.0000
179.431	200.0000
230.631	206.8966
230.631	206.8966
237.251	214.2857
237.251	214.2857
244.108	222.2222
244.108	222.2222
272.552	222.2222
272.552	444.4444
300.996	400.0000
300.996	400.0000
304.196	200.0000
304.196	200.0000
329.796	187.5000
329.796	187.5000
353.796	187.5000


Song Data
0.000	1	1	1
0.094	2	3	1
0.192	3	4	1
0.303	4	2	1
0.414	5	1	1
0.525	6	4	1
0.636	7	2	1
0.747	8	3	1
0.858	9	4	1
0.970	10	1	1
1.081	11	3	1
1.192	12	2	1
1.303	13	1	1
1.414	14	4	1
1.525	15	2	1
1.636	16	3	1
1.747	17	1	1
1.858	18	4	1
1.970	19	3	1
2.081	20	2	1
2.192	21	4	1
2.303	22	1	1
2.414	23	2	1
2.525	24	4	1
2.636	25	2	1
2.747	26	1	1
2.858	27	3	1
2.970	28	4	1
3.081	29	1	1
3.192	30	2	1
3.303	31	3	1
3.414	32	4	1
3.525	33	1	1
3.636	34	3	1
3.747	35	2	1
3.858	36	1	1
3.970	37	4	1
4.081	38	2	1
4.192	39	3	1
4.303	40	4	1
4.414	41	1	1
4.525	42	3	1
4.636	43	2	1
4.747	44	4	1
4.858	45	1	1
4.970	46	3	1
5.081	47	2	1
5.192	48	3	1
5.303	49	1	1
5.414	50	4	1
5.525	51	3	1
5.636	52	2	1
5.747	53	4	1
5.858	54	1	1
5.970	55	3	1
6.081	56	2	1
6.192	57	4	1
6.303	58	3	1
6.414	59	1	1
6.525	60	2	1
6.636	61	3	1
6.747	62	2	1
6.858	63	3	1
6.970	64	4	1
7.081	65	1	1
7.081	66	2	1
7.192	67	3	1
7.303	68	4	1
7.414	69	2	1
7.525	70	1	1
7.525	71	4	1
7.636	72	3	1
7.747	73	2	1
7.858	74	1	1
7.970	75	3	1
7.970	76	4	1
8.081	77	1	1
8.192	78	2	1
8.303	79	4	1
8.414	80	1	1
8.414	81	3	1
8.525	82	2	1
8.636	83	3	1
8.747	84	4	1
8.858	85	1	1
8.858	86	2	1
8.970	87	3	1
9.081	88	4	1
9.192	89	2	1
9.303	90	1	1
9.303	91	4	1
9.414	92	3	1
9.525	93	2	1
9.636	94	4	1
9.747	95	1	1
9.747	96	2	1
9.858	97	3	1
9.970	98	4	1
10.081	99	1	1
10.192	100	2	1
10.192	101	4	1
10.303	102	3	1
10.414	103	1	1
10.525	104	2	1
10.636	105	3	1
10.636	106	4	1
10.747	107	2	1
10.858	108	1	1
10.970	109	3	1
11.081	110	1	1
11.081	111	4	1
11.192	112	2	1
11.303	113	3	1
11.414	114	1	1
11.525	115	3	1
11.525	116	4	1
11.636	117	2	1
11.747	118	4	1
11.858	119	3	1
11.970	120	1	1
11.970	121	2	1
12.081	122	4	1
12.192	123	1	1
12.303	124	2	1
12.414	125	3	1
12.414	126	4	1
12.525	127	2	1
12.636	128	1	1
12.747	129	3	1
12.858	130	1	1
12.858	131	4	1
12.970	132	2	1
13.081	133	3	1
13.192	134	4	1
13.303	135	1	1
13.303	136	2	1
13.414	137	3	1
13.525	138	2	1
13.636	139	3	1
13.747	140	1	1
13.747	141	4	1
13.858	142	2	1
13.970	143	3	1
14.081	144	2	1
14.192	145	1	2
14.192	146	3	1
14.192	147	4	2
14.303	148	2	2
14.303	149	1	3
14.303	150	4	3
14.414	151	3	2
14.414	152	2	3
14.525	153	4	2
14.525	154	3	3
14.636	155	1	2
14.636	156	2	2
14.636	157	4	3
14.747	158	3	2
14.747	159	1	3
14.747	160	2	3
14.858	161	2	2
14.858	162	3	3
14.970	163	4	2
14.970	164	2	3
15.081	165	1	2
15.081	166	3	2
15.081	167	4	3
15.192	168	2	2
15.192	169	1	3
15.192	170	3	3
15.303	171	4	2
15.303	172	2	3
15.414	173	1	2
15.414	174	4	3
15.525	175	2	2
15.525	176	3	2
15.525	177	1	3
15.636	178	4	2
15.636	179	2	3
15.636	180	3	3
15.747	181	1	2
15.747	182	4	3
15.858	183	3	2
15.858	184	1	3
15.970	185	2	2
15.970	186	4	2
15.970	187	3	3
16.081	188	1	2
16.081	189	2	3
16.081	190	4	3
16.192	191	3	2
16.192	192	1	3
16.303	193	4	2
16.303	194	3	3
16.414	195	1	2
16.414	196	2	2
16.414	197	4	3
16.525	198	3	2
16.525	199	1	3
16.525	200	2	3
16.636	201	1	2
16.636	202	3	3
16.747	203	2	2
16.747	204	1	3
16.858	205	3	2
16.858	206	4	2
16.858	207	2	3
16.970	208	1	2
16.970	209	3	3
16.970	210	4	3
17.081	211	3	2
17.081	212	1	3
17.192	213	2	2
17.192	214	3	3
17.303	215	1	2
17.303	216	4	2
17.303	217	2	3
17.414	218	3	2
17.414	219	1	3
17.414	220	4	3
17.525	221	2	2
17.525	222	3	3
17.636	223	4	2
17.636	224	2	3
17.747	225	1	2
17.747	226	2	2
17.747	227	4	3
17.858	228	3	2
17.858	229	1	3
17.858	230	2	3
17.970	231	2	2
17.970	232	3	3
18.081	233	1	2
18.081	234	2	3
18.192	235	3	2
18.192	236	4	2
18.192	237	1	3
18.303	238	2	2
18.303	239	3	3
18.303	240	4	3
18.414	241	3	2
18.414	242	2	3
18.525	243	1	2
18.525	244	3	3
18.636	245	2	2
18.636	246	4	2
18.636	247	1	3
18.747	248	3	2
18.747	249	2	3
18.747	250	4	3
18.858	251	1	2
18.858	252	3	3
18.970	253	4	2
18.970	254	1	3
19.081	255	2	2
19.081	256	3	2
19.081	257	4	3
19.192	258	1	2
19.192	259	2	3
19.192	260	3	3
19.303	261	4	2
19.303	262	1	3
19.414	263	2	2
19.414	264	4	3
19.525	265	1	2
19.525	266	3	2
19.525	267	2	3
19.636	268	4	2
19.636	269	1	3
19.636	270	3	3
19.747	271	1	2
19.747	272	4	3
19.858	273	2	2
19.858	274	1	3
19.970	275	3	2
19.970	276	4	2
19.970	277	2	3
20.081	278	1	2
20.081	279	3	3
20.081	280	4	3
20.192	281	4	2
20.192	282	1	3
20.303	283	2	2
20.303	284	4	3
20.414	285	1	2
20.414	286	4	2
20.414	287	2	3
20.525	288	3	2
20.525	289	1	3
20.525	290	4	3
20.636	291	2	2
20.636	292	3	3
20.747	293	4	2
20.747	294	2	3
20.858	295	1	2
20.858	296	2	2
20.858	297	4	3
20.970	298	3	2
20.970	299	1	3
20.970	300	2	3
21.081	301	4	2
21.081	302	3	3
21.192	303	2	2
21.192	304	4	3
21.303	305	1	2
21.303	306	3	1
21.303	307	4	2
21.303	308	2	3
21.414	309	2	2
21.525	310	3	2
21.525	311	1	3
21.525	312	2	3
21.525	313	4	3
21.636	314	4	2
21.636	315	3	3
21.747	316	1	2
21.747	317	2	2
21.747	318	4	3
21.858	319	3	2
21.970	320	4	2
21.970	321	1	3
21.970	322	2	3
21.970	323	3	3
22.081	324	2	2
22.081	325	4	3
22.192	326	1	2
22.192	327	4	2
22.192	328	2	3
22.303	329	3	2
22.414	330	2	2
22.414	331	1	3
22.414	332	3	3
22.414	333	4	3
22.525	334	4	2
22.525	335	2	3
22.636	336	1	2
22.636	337	2	2
22.636	338	4	3
22.747	339	3	2
22.858	340	4	2
22.858	341	1	3
22.858	342	2	3
22.858	343	3	3
22.970	344	2	2
22.970	345	4	3
23.081	346	1	2
23.081	347	3	2
23.081	348	2	3
23.192	349	4	2
23.303	350	2	2
23.303	351	1	3
23.303	352	3	3
23.303	353	4	3
23.414	354	3	2
23.414	355	2	3
23.525	356	1	2
23.525	357	4	2
23.525	358	3	3
23.636	359	2	2
23.747	360	3	2
23.747	361	1	3
23.747	362	2	3
23.747	363	4	3
23.858	364	1	2
23.858	365	3	3
23.970	366	3	2
23.970	367	4	2
23.970	368	1	3
24.081	369	2	2
24.192	370	1	2
24.192	371	2	3
24.192	372	3	3
24.192	373	4	3
24.303	374	4	2
24.303	375	1	3
24.414	376	1	2
24.414	377	2	2
24.414	378	4	3
24.525	379	3	2
24.636	380	4	2
24.636	381	1	3
24.636	382	2	3
24.636	383	3	3
24.747	384	2	2
24.747	385	4	3
24.858	386	1	2
24.858	387	4	2
24.858	388	2	3
24.970	389	3	2
25.081	390	2	2
25.081	391	1	3
25.081	392	3	3
25.081	393	4	3
25.192	394	4	2
25.192	395	2	3
25.303	396	2	2
25.303	397	3	2
25.303	398	4	3
25.414	399	1	2
25.525	400	4	2
25.525	401	1	3
25.525	402	2	3
25.525	403	3	3
25.636	404	1	2
25.636	405	4	3
25.747	406	3	2
25.747	407	4	2
25.747	408	1	3
25.858	409	2	2
25.970	410	1	2
25.970	411	2	3
25.970	412	3	3
25.970	413	4	3
26.081	414	3	2
26.081	415	1	3
26.192	416	2	2
26.192	417	4	2
26.192	418	3	3
26.303	419	1	2
26.414	420	3	2
26.414	421	1	3
26.414	422	2	3
26.414	423	4	3
26.525	424	1	2
26.525	425	3	3
26.636	426	3	2
26.636	427	4	2
26.636	428	1	3
26.747	429	2	2
26.858	430	1	2
26.858	431	2	3
26.858	432	3	3
26.858	433	4	3
26.970	434	3	2
26.970	435	1	3
27.081	436	1	2
27.081	437	4	2
27.081	438	3	3
27.192	439	2	2
27.303	440	3	2
27.303	441	1	3
27.303	442	2	3
27.303	443	4	3
27.414	444	1	2
27.414	445	3	3
27.525	446	3	2
27.525	447	4	2
27.525	448	1	3
27.636	449	2	2
27.747	450	1	2
27.747	451	2	3
27.747	452	3	3
27.747	453	4	3
27.858	454	4	2
27.858	455	1	3
27.970	456	1	2
27.970	457	2	2
27.970	458	4	3
28.081	459	3	2
28.192	460	4	2
28.192	461	1	3
28.192	462	2	3
28.192	463	3	3
28.303	464	2	2
28.303	465	4	3
28.414	466	2	3
31.970	467	1	1
31.970	468	2	1
31.970	469	3	1
31.970	470	4	1
32.081	471	1	1
32.081	472	2	1
32.192	473	3	1
32.192	474	4	1
32.303	475	2	2
32.414	476	1	1
32.414	477	4	1
32.414	478	2	3
32.525	479	2	1
32.636	480	1	1
32.636	481	3	1
32.747	482	4	2
32.858	483	2	1
32.858	484	3	1
32.858	485	4	3
32.970	486	1	1
33.081	487	2	1
33.081	488	4	1
33.192	489	3	2
33.303	490	1	1
33.303	491	4	1
33.303	492	3	3
33.414	493	2	1
33.525	494	1	1
33.525	495	3	1
33.636	496	2	1
33.636	497	4	1
33.747	498	3	1
33.747	499	4	1
33.858	500	1	1
33.970	501	2	1
33.970	502	4	1
34.081	503	3	2
34.192	504	1	1
34.192	505	2	1
34.192	506	3	3
34.303	507	4	1
34.414	508	2	1
34.414	509	3	1
34.525	510	1	2
34.636	511	3	1
34.636	512	4	1
34.636	513	1	3
34.747	514	2	1
34.858	515	1	1
34.858	516	4	1
34.970	517	3	2
35.081	518	1	1
35.081	519	2	1
35.081	520	3	3
35.192	521	1	1
35.192	522	4	1
35.303	523	3	1
35.303	524	4	1
35.358	525	1	1
35.358	526	2	1
35.414	527	3	1
35.414	528	4	1
35.470	529	1	1
35.470	530	2	1
35.525	531	3	1
35.525	532	4	1
35.636	533	1	1
35.747	534	2	1
35.747	535	4	1
35.858	536	3	2
35.970	537	1	1
35.970	538	2	1
35.970	539	3	3
36.081	540	4	1
36.192	541	1	1
36.192	542	3	1
36.303	543	2	2
36.414	544	3	1
36.414	545	4	1
36.414	546	2	3
36.525	547	1	1
36.636	548	2	1
36.636	549	3	1
36.747	550	4	2
36.858	551	1	1
36.858	552	2	1
36.858	553	4	3
36.970	554	3	1
37.081	555	2	1
37.081	556	4	1
37.192	557	1	1
37.192	558	3	1
37.303	559	1	1
37.303	560	2	1
37.414	561	3	1
37.525	562	1	1
37.525	563	4	1
37.636	564	2	2
37.747	565	3	1
37.747	566	4	1
37.747	567	2	3
37.858	568	1	1
37.970	569	3	1
37.970	570	4	1
38.081	571	1	2
38.192	572	2	1
38.192	573	3	1
38.192	574	1	3
38.303	575	3	1
38.303	576	4	1
38.414	577	1	1
38.414	578	2	1
38.525	579	3	2
38.525	580	4	1
38.636	581	1	1
38.636	582	2	2
38.636	583	3	3
38.747	584	4	2
38.858	585	1	2
38.858	586	2	3
38.858	587	4	3
38.970	588	3	2
39.081	589	2	1
39.081	590	4	1
39.081	591	1	3
39.081	592	3	3
39.192	593	3	1
39.303	594	1	1
39.303	595	4	1
39.414	596	2	2
39.525	597	3	1
39.525	598	4	1
39.525	599	2	3
39.636	600	1	1
39.747	601	2	1
39.747	602	3	1
39.858	603	4	2
39.970	604	1	1
39.970	605	3	1
39.970	606	4	3
40.081	607	2	1
40.192	608	3	1
40.192	609	4	1
40.303	610	1	2
40.414	611	2	1
40.414	612	4	1
40.414	613	1	3
40.525	614	3	1
40.636	615	1	1
40.636	616	2	1
40.747	617	3	1
40.747	618	4	1
40.858	619	1	1
40.858	620	4	1
40.970	621	2	1
41.081	622	1	1
41.081	623	3	1
41.192	624	4	2
41.303	625	1	1
41.303	626	2	1
41.303	627	4	3
41.414	628	3	1
41.525	629	1	1
41.525	630	4	1
41.636	631	2	2
41.747	632	3	1
41.747	633	4	1
41.747	634	2	3
41.858	635	1	1
41.970	636	2	1
41.970	637	4	1
42.081	638	3	2
42.192	639	1	1
42.192	640	4	1
42.192	641	3	3
42.303	642	1	1
42.303	643	2	1
42.414	644	3	1
42.414	645	4	1
42.470	646	1	1
42.470	647	2	1
42.525	648	3	1
42.525	649	4	1
42.581	650	1	1
42.581	651	2	1
42.636	652	3	1
42.636	653	4	1
42.747	654	2	1
42.858	655	1	1
42.858	656	4	1
42.970	657	3	2
43.081	658	1	1
43.081	659	2	1
43.081	660	3	3
43.192	661	4	1
43.303	662	1	1
43.303	663	3	1
43.414	664	1	1
43.414	665	2	2
43.525	666	3	1
43.525	667	4	1
43.525	668	2	3
43.636	669	1	1
43.747	670	2	1
43.747	671	3	1
43.858	672	4	2
43.970	673	1	1
43.970	674	3	1
43.970	675	4	3
44.081	676	1	1
44.081	677	2	1
44.192	678	2	1
44.192	679	4	1
44.303	680	3	1
44.303	681	4	1
44.414	682	1	1
44.414	683	2	1
44.525	684	3	1
44.636	685	2	1
44.636	686	4	1
44.747	687	1	2
44.858	688	3	1
44.858	689	4	1
44.858	690	1	3
44.970	691	2	1
45.081	692	1	1
45.081	693	4	1
45.192	694	3	1
45.192	695	4	1
45.303	696	1	1
45.303	697	2	1
45.414	698	1	1
45.414	699	2	1
45.525	700	3	1
45.525	701	4	1
45.636	702	3	1
45.636	703	4	1
45.747	704	1	1
45.784	705	2	1
45.821	706	3	1
45.858	707	4	1
45.896	708	1	1
45.933	709	2	1
45.970	710	3	1
46.025	711	1	1
46.081	712	4	1
46.136	713	2	1
46.192	714	1	1
46.192	715	3	1
46.192	716	4	1
46.303	717	1	1
46.303	718	2	1
46.414	719	2	1
46.414	720	4	1
46.525	721	3	1
46.525	722	4	1
46.636	723	1	1
46.636	724	2	1
46.747	725	1	1
46.747	726	4	1
46.858	727	2	1
46.858	728	3	1
46.970	729	1	1
46.970	730	2	1
47.025	731	3	1
47.025	732	4	1
47.081	733	1	1
47.081	734	2	1
47.192	735	3	1
47.303	736	1	1
47.303	737	4	1
47.414	738	2	2
47.525	739	3	1
47.525	740	4	1
47.525	741	2	3
47.636	742	1	1
47.747	743	2	1
47.747	744	3	1
47.858	745	1	1
47.858	746	4	2
47.970	747	1	1
47.970	748	3	1
47.970	749	4	3
48.081	750	4	1
48.192	751	2	1
48.192	752	3	1
48.303	753	1	2
48.414	754	2	1
48.414	755	4	1
48.414	756	1	3
48.525	757	3	1
48.636	758	1	1
48.636	759	4	1
48.747	760	2	1
48.747	761	3	1
48.858	762	1	1
48.858	763	2	1
48.970	764	3	1
48.970	765	4	1
49.081	766	1	1
49.081	767	2	1
49.192	768	3	2
49.247	769	2	1
49.303	770	1	1
49.303	771	4	1
49.303	772	3	3
49.414	773	2	1
49.414	774	3	1
49.525	775	3	1
49.525	776	4	1
49.636	777	1	2
49.636	778	2	1
49.747	779	3	1
49.747	780	4	1
49.747	781	1	3
49.858	782	2	1
49.970	783	1	1
49.970	784	3	1
50.081	785	4	2
50.192	786	1	1
50.192	787	3	1
50.192	788	4	3
50.303	789	2	1
50.414	790	3	1
50.414	791	4	1
50.525	792	1	2
50.636	793	2	1
50.636	794	4	1
50.636	795	1	3
50.747	796	3	1
50.858	797	1	1
50.858	798	4	1
50.970	799	2	2
51.081	800	3	1
51.081	801	4	1
51.081	802	2	3
51.192	803	1	1
51.303	804	2	1
51.303	805	3	1
51.414	806	3	1
51.414	807	4	1
51.525	808	1	1
51.525	809	2	1
51.636	810	3	1
51.747	811	1	1
51.747	812	4	1
51.858	813	2	2
51.970	814	3	1
51.970	815	4	1
51.970	816	2	3
52.081	817	1	1
52.192	818	2	1
52.192	819	4	1
52.303	820	1	1
52.303	821	3	1
52.414	822	2	1
52.414	823	3	1
52.525	824	1	1
52.525	825	2	1
52.636	826	3	1
52.636	827	4	1
52.747	828	1	1
52.747	829	4	1
52.858	830	1	1
52.858	831	3	2
52.970	832	2	2
53.081	833	4	2
53.081	834	2	3
53.081	835	3	3
53.192	836	1	2
53.303	837	2	1
53.303	838	3	1
53.303	839	1	3
53.303	840	4	3
53.414	841	1	1
53.414	842	2	1
53.525	843	3	1
53.525	844	4	1
53.636	845	1	1
53.636	846	4	1
53.747	847	2	1
53.747	848	3	1
53.858	849	3	1
53.858	850	4	1
53.970	851	1	1
53.970	852	2	1
54.081	853	3	1
54.081	854	4	1
54.136	855	1	1
54.136	856	2	1
54.192	857	3	1
54.192	858	4	1
54.303	859	1	1
54.303	860	2	1
54.414	861	1	1
54.414	862	4	1
54.525	863	2	1
54.525	864	3	1
54.636	865	1	1
54.636	866	4	1
54.692	867	2	1
54.692	868	3	1
54.747	869	1	1
54.747	870	4	1
54.858	871	3	1
54.858	872	4	1
54.914	873	1	1
54.914	874	2	1
54.970	875	3	1
54.970	876	4	1
55.025	877	1	1
55.025	878	2	1
55.081	879	3	1
55.081	880	4	1
55.192	881	1	1
55.192	882	2	1
55.303	883	1	1
55.303	884	4	1
55.414	885	2	1
55.414	886	4	1
55.525	887	1	1
55.525	888	3	1
55.636	889	1	1
55.636	890	2	1
55.747	891	3	1
55.747	892	4	1
55.858	893	2	1
55.858	894	4	1
55.914	895	1	1
55.914	896	3	1
55.970	897	2	1
55.970	898	4	1
56.081	899	1	1
56.081	900	3	1
56.192	901	1	1
56.192	902	2	1
56.303	903	2	1
56.303	904	4	1
56.414	905	3	1
56.414	906	4	1
56.470	907	1	1
56.470	908	2	1
56.525	909	3	1
56.525	910	4	1
56.581	911	1	1
56.581	912	2	1
56.636	913	3	1
56.636	914	4	1
56.692	915	1	1
56.692	916	2	1
56.747	917	3	1
56.747	918	4	1
56.803	919	1	1
56.803	920	2	1
56.858	921	3	1
56.858	922	4	1
56.970	923	1	1
56.970	924	4	1
57.081	925	2	1
57.081	926	3	1
57.192	927	1	1
57.192	928	2	1
57.303	929	3	1
57.303	930	4	1
57.414	931	1	1
57.414	932	2	1
57.525	933	4	1
57.562	934	3	1
57.599	935	2	1
57.636	936	1	1
57.673	937	3	1
57.710	938	4	1
57.747	939	1	1
57.747	940	2	1
57.858	941	1	1
57.858	942	3	1
57.970	943	3	1
57.970	944	4	1
58.081	945	2	1
58.081	946	4	1
58.192	947	1	1
58.192	948	3	1
58.303	949	1	1
58.303	950	4	1
58.414	951	2	1
58.451	952	3	1
58.488	953	4	1
58.525	954	1	1
58.562	955	2	1
58.599	956	3	1
58.636	957	1	1
58.636	958	4	1
58.747	959	2	1
58.747	960	3	1
58.858	961	4	1
58.896	962	3	1
58.933	963	2	1
58.970	964	1	1
59.007	965	4	1
59.044	966	3	1
59.081	967	1	1
59.081	968	2	1
59.192	969	3	1
59.192	970	4	1
59.303	971	1	1
59.340	972	2	1
59.377	973	3	1
59.414	974	4	1
59.451	975	1	1
59.488	976	2	1
59.525	977	4	1
59.570	978	3	1
59.614	979	1	1
59.658	980	2	1
59.703	981	4	1
59.747	982	3	1
59.792	983	2	1
59.836	984	1	1
59.881	985	3	1
59.925	986	4	1
59.970	987	1	1
60.007	988	2	1
60.044	989	3	1
60.081	990	4	1
60.118	991	1	1
60.155	992	2	1
60.192	993	3	1
60.229	994	4	1
60.266	995	1	1
60.303	996	2	1
60.340	997	3	1
60.377	998	4	1
60.414	999	1	1
60.414	1000	2	1
60.636	1001	1	1
60.636	1002	4	1
60.858	1003	2	1
60.858	1004	3	1
60.858	1005	4	1
61.081	1006	1	1
61.081	1007	2	1
61.303	1008	1	1
61.303	1009	3	1
61.303	1010	4	1
61.525	1011	2	1
61.525	1012	3	1
61.747	1013	1	1
61.747	1014	2	1
61.747	1015	4	1
61.970	1016	3	1
61.970	1017	4	1
62.081	1018	1	1
62.081	1019	2	1
62.192	1020	1	1
62.192	1021	3	1
62.192	1022	4	1
62.414	1023	2	1
62.414	1024	3	1
62.636	1025	1	1
62.636	1026	2	1
62.636	1027	4	1
62.858	1028	3	1
62.858	1029	4	1
63.081	1030	1	1
63.081	1031	2	1
63.081	1032	3	1
63.303	1033	1	1
63.303	1034	4	1
63.525	1035	2	1
63.525	1036	3	1
63.525	1037	4	1
63.636	1038	1	1
63.747	1039	3	1
63.747	1040	4	1
63.803	1041	1	1
63.803	1042	2	1
63.858	1043	3	1
63.858	1044	4	1
63.914	1045	1	1
63.914	1046	2	1
63.970	1047	3	1
63.970	1048	4	1
64.192	1049	1	1
64.192	1050	4	1
64.414	1051	1	1
64.414	1052	2	1
64.414	1053	3	1
64.636	1054	2	1
64.636	1055	4	1
64.858	1056	1	1
64.858	1057	3	1
64.858	1058	4	1
65.081	1059	2	1
65.081	1060	3	1
65.303	1061	1	1
65.303	1062	2	1
65.303	1063	4	1
65.525	1064	1	1
65.525	1065	2	1
65.636	1066	3	1
65.636	1067	4	1
65.747	1068	1	1
65.747	1069	2	1
65.747	1070	4	1
65.970	1071	3	1
65.970	1072	4	1
66.192	1073	1	1
66.192	1074	2	1
66.192	1075	3	1
66.414	1076	2	1
66.414	1077	4	1
66.636	1078	1	1
66.636	1079	3	1
66.636	1080	4	1
66.858	1081	2	1
66.858	1082	3	1
67.081	1083	1	1
67.081	1084	2	1
67.081	1085	4	1
67.192	1086	3	1
67.303	1087	1	1
67.303	1088	2	1
67.358	1089	4	1
67.414	1090	1	1
67.414	1091	2	1
67.470	1092	3	1
67.525	1093	1	1
67.525	1094	2	1
67.525	1095	4	1
67.747	1096	1	1
67.747	1097	2	1
67.747	1098	3	1
67.970	1099	2	1
67.970	1100	3	1
67.970	1101	4	1
68.192	1102	1	1
68.192	1103	3	1
68.192	1104	4	1
68.414	1105	1	1
68.414	1106	2	1
68.414	1107	3	1
68.636	1108	1	1
68.636	1109	2	1
68.636	1110	4	1
68.858	1111	1	1
68.858	1112	3	1
68.858	1113	4	1
69.081	1114	1	1
69.081	1115	2	1
69.081	1116	4	1
69.192	1117	2	1
69.192	1118	3	1
69.303	1119	1	1
69.303	1120	3	1
69.303	1121	4	1
69.525	1122	1	1
69.525	1123	2	1
69.525	1124	3	1
69.747	1125	2	1
69.747	1126	3	1
69.747	1127	4	1
69.970	1128	1	1
69.970	1129	3	1
69.970	1130	4	1
70.192	1131	1	1
70.192	1132	2	1
70.192	1133	3	1
70.414	1134	1	1
70.414	1135	2	1
70.414	1136	4	1
70.636	1137	1	1
70.636	1138	3	1
70.636	1139	4	1
70.747	1140	2	1
70.858	1141	3	1
70.858	1142	4	1
70.914	1143	1	1
70.914	1144	2	1
70.970	1145	3	1
70.970	1146	4	1
71.025	1147	1	1
71.025	1148	2	1
71.081	1149	3	1
71.081	1150	4	1
71.303	1151	1	1
71.303	1152	2	1
71.303	1153	4	1
71.525	1154	2	1
71.525	1155	3	1
71.525	1156	4	1
71.747	1157	1	1
71.747	1158	2	1
71.747	1159	3	1
71.970	1160	1	1
71.970	1161	3	1
71.970	1162	4	1
72.192	1163	2	1
72.192	1164	3	1
72.192	1165	4	1
72.414	1166	1	1
72.414	1167	2	1
72.414	1168	4	1
72.636	1169	1	1
72.636	1170	3	1
72.636	1171	4	1
72.747	1172	2	1
72.747	1173	3	1
72.858	1174	1	1
72.858	1175	2	1
72.858	1176	4	1
73.081	1177	2	1
73.081	1178	3	1
73.081	1179	4	1
73.303	1180	1	1
73.303	1181	2	1
73.303	1182	4	1
73.525	1183	1	1
73.525	1184	3	1
73.525	1185	4	1
73.747	1186	1	1
73.747	1187	2	1
73.747	1188	3	1
73.970	1189	1	1
73.970	1190	2	1
73.970	1191	4	1
74.192	1192	1	1
74.192	1193	3	1
74.192	1194	4	1
74.303	1195	2	1
74.414	1196	3	1
74.414	1197	4	1
74.470	1198	1	1
74.525	1199	3	1
74.525	1200	4	1
74.581	1201	2	1
74.636	1202	1	2
74.636	1203	3	1
74.636	1204	4	1
74.858	1205	2	1
74.858	1206	3	1
74.858	1207	4	2
74.858	1208	1	3
75.081	1209	1	1
75.081	1210	2	1
75.081	1211	3	2
75.081	1212	4	3
75.303	1213	1	1
75.303	1214	2	2
75.303	1215	4	1
75.303	1216	3	3
75.525	1217	1	1
75.525	1218	3	1
75.525	1219	4	2
75.525	1220	2	3
75.747	1221	1	1
75.747	1222	2	1
75.747	1223	3	2
75.747	1224	4	3
75.970	1225	1	1
75.970	1226	2	1
75.970	1227	4	1
75.970	1228	3	3
76.192	1229	3	1
76.192	1230	4	1
76.303	1231	3	1
76.303	1232	4	1
76.414	1233	1	2
76.414	1234	2	1
76.414	1235	3	1
76.414	1236	4	1
76.636	1237	2	1
76.636	1238	3	2
76.636	1239	4	1
76.636	1240	1	3
76.858	1241	1	1
76.858	1242	2	2
76.858	1243	4	1
76.858	1244	3	3
77.081	1245	1	2
77.081	1246	3	1
77.081	1247	4	2
77.081	1248	2	3
77.303	1249	2	1
77.303	1250	3	2
77.303	1251	1	3
77.303	1252	4	3
77.525	1253	1	1
77.525	1254	2	2
77.525	1255	4	1
77.525	1256	3	3
77.747	1257	1	2
77.747	1258	3	1
77.747	1259	4	1
77.747	1260	2	3
77.858	1261	2	1
77.970	1262	3	1
77.970	1263	4	1
77.970	1264	1	3
78.025	1265	1	1
78.025	1266	2	1
78.081	1267	3	1
78.081	1268	4	1
78.136	1269	1	1
78.136	1270	2	1
78.192	1271	3	2
78.192	1272	4	1
78.414	1273	1	1
78.414	1274	2	1
78.414	1275	4	2
78.414	1276	3	3
78.636	1277	1	1
78.636	1278	2	1
78.636	1279	3	2
78.636	1280	4	3
78.858	1281	1	1
78.858	1282	2	2
78.858	1283	4	1
78.858	1284	3	3
79.081	1285	1	1
79.081	1286	3	2
79.081	1287	4	1
79.081	1288	2	3
79.303	1289	1	2
79.303	1290	2	1
79.303	1291	4	1
79.303	1292	3	3
79.525	1293	2	1
79.525	1294	3	1
79.525	1295	4	1
79.525	1296	1	3
79.747	1297	1	1
79.747	1298	2	1
79.858	1299	1	1
79.858	1300	2	1
79.970	1301	1	2
79.970	1302	2	1
79.970	1303	3	1
79.970	1304	4	1
80.192	1305	2	1
80.192	1306	3	2
80.192	1307	4	1
80.192	1308	1	3
80.414	1309	1	1
80.414	1310	2	2
80.414	1311	4	1
80.414	1312	3	3
80.636	1313	1	2
80.636	1314	3	1
80.636	1315	4	2
80.636	1316	2	3
80.858	1317	2	1
80.858	1318	3	2
80.858	1319	1	3
80.858	1320	4	3
81.081	1321	1	1
81.081	1322	2	2
81.081	1323	4	1
81.081	1324	3	3
81.303	1325	1	2
81.303	1326	3	1
81.303	1327	4	1
81.303	1328	2	3
81.414	1329	2	1
81.525	1330	3	1
81.525	1331	4	1
81.525	1332	1	3
81.581	1333	2	1
81.636	1334	3	1
81.636	1335	4	1
81.692	1336	2	1
81.747	1337	1	2
81.747	1338	3	1
81.747	1339	4	1
81.970	1340	2	1
81.970	1341	3	1
81.970	1342	4	2
81.970	1343	1	3
82.192	1344	1	1
82.192	1345	2	1
82.192	1346	3	2
82.192	1347	4	3
82.414	1348	1	1
82.414	1349	2	2
82.414	1350	4	1
82.414	1351	3	3
82.636	1352	1	1
82.636	1353	3	1
82.636	1354	4	2
82.636	1355	2	3
82.858	1356	1	1
82.858	1357	2	1
82.858	1358	3	2
82.858	1359	4	3
83.081	1360	1	1
83.081	1361	2	1
83.081	1362	4	1
83.081	1363	3	3
83.303	1364	3	1
83.303	1365	4	1
83.414	1366	3	1
83.414	1367	4	1
83.525	1368	1	2
83.525	1369	2	1
83.525	1370	3	1
83.525	1371	4	1
83.747	1372	2	1
83.747	1373	3	2
83.747	1374	4	1
83.747	1375	1	3
83.970	1376	1	1
83.970	1377	2	2
83.970	1378	4	1
83.970	1379	3	3
84.192	1380	1	2
84.192	1381	3	1
84.192	1382	4	2
84.192	1383	2	3
84.414	1384	2	2
84.414	1385	3	1
84.414	1386	1	3
84.414	1387	4	3
84.636	1388	1	1
84.636	1389	3	2
84.636	1390	4	1
84.636	1391	2	3
84.858	1392	1	1
84.858	1393	2	1
84.858	1394	4	2
84.858	1395	3	3
84.970	1396	3	1
85.081	1397	1	1
85.081	1398	2	1
85.081	1399	4	3
85.136	1400	3	1
85.192	1401	1	1
85.192	1402	2	1
85.247	1403	3	1
85.303	1404	1	1
85.303	1405	2	1
85.303	1406	4	1
85.414	1407	3	1
85.414	1408	4	1
85.525	1409	1	1
85.525	1410	2	1
85.636	1411	1	1
85.636	1412	3	1
85.747	1413	3	1
85.747	1414	4	1
85.858	1415	2	1
85.858	1416	4	1
85.970	1417	1	1
85.970	1418	3	1
86.081	1419	1	1
86.081	1420	2	1
86.136	1421	3	1
86.192	1422	1	1
86.192	1423	2	1
86.192	1424	4	1
86.303	1425	3	1
86.303	1426	4	1
86.414	1427	2	1
86.414	1428	3	1
86.525	1429	1	1
86.525	1430	2	1
86.636	1431	3	1
86.636	1432	4	1
86.692	1433	1	1
86.747	1434	3	1
86.747	1435	4	1
86.858	1436	1	1
86.858	1437	2	1
86.914	1438	4	1
86.970	1439	1	1
86.970	1440	2	1
87.081	1441	3	1
87.136	1442	4	1
87.192	1443	2	1
87.247	1444	1	1
87.303	1445	3	1
87.358	1446	2	1
87.414	1447	4	1
87.470	1448	1	1
87.525	1449	3	1
87.562	1450	4	1
87.599	1451	2	1
87.636	1452	1	1
87.673	1453	3	1
87.710	1454	4	1
87.747	1455	2	1
87.784	1456	1	1
87.821	1457	3	1
87.858	1458	4	1
87.896	1459	2	1
87.933	1460	1	1
87.970	1461	3	2
87.970	1462	4	1
88.081	1463	3	3
88.192	1464	1	2
88.358	1465	1	3
88.414	1466	4	2
88.636	1467	4	3
88.858	1468	1	1
88.858	1469	2	1
88.858	1470	3	1
88.858	1471	4	1
88.970	1472	3	1
88.970	1473	4	1
89.081	1474	1	1
89.081	1475	2	1
89.192	1476	3	2
89.303	1477	1	1
89.303	1478	4	1
89.303	1479	3	3
89.414	1480	3	1
89.525	1481	2	1
89.525	1482	4	1
89.636	1483	1	2
89.747	1484	2	1
89.747	1485	3	1
89.747	1486	1	3
89.858	1487	4	1
89.970	1488	1	1
89.970	1489	3	1
90.081	1490	2	2
90.192	1491	1	1
90.192	1492	4	1
90.192	1493	2	3
90.303	1494	3	1
90.414	1495	2	1
90.414	1496	4	1
90.525	1497	1	1
90.525	1498	3	1
90.636	1499	1	1
90.636	1500	2	1
90.747	1501	4	1
90.858	1502	1	1
90.858	1503	3	1
90.970	1504	2	2
91.081	1505	3	1
91.081	1506	4	1
91.081	1507	2	3
91.192	1508	1	1
91.303	1509	2	1
91.303	1510	3	1
91.414	1511	4	2
91.525	1512	1	1
91.525	1513	2	1
91.525	1514	4	3
91.636	1515	3	1
91.747	1516	1	1
91.747	1517	4	1
91.858	1518	2	2
91.970	1519	3	1
91.970	1520	4	1
91.970	1521	2	3
92.081	1522	1	1
92.081	1523	4	1
92.192	1524	1	1
92.192	1525	2	1
92.247	1526	3	1
92.247	1527	4	1
92.303	1528	1	1
92.303	1529	2	1
92.358	1530	3	1
92.358	1531	4	1
92.414	1532	1	1
92.414	1533	2	1
92.525	1534	4	1
92.636	1535	1	1
92.636	1536	3	1
92.747	1537	2	2
92.858	1538	3	1
92.858	1539	4	1
92.858	1540	2	3
92.970	1541	1	1
93.081	1542	2	1
93.081	1543	4	1
93.192	1544	3	2
93.303	1545	1	1
93.303	1546	2	1
93.303	1547	3	3
93.414	1548	4	1
93.525	1549	2	1
93.525	1550	3	1
93.636	1551	1	2
93.747	1552	3	1
93.747	1553	4	1
93.747	1554	1	3
93.858	1555	2	1
93.970	1556	1	1
93.970	1557	3	1
94.081	1558	2	1
94.081	1559	4	1
94.192	1560	3	1
94.192	1561	4	1
94.303	1562	2	1
94.414	1563	1	1
94.414	1564	4	1
94.525	1565	3	2
94.636	1566	1	1
94.636	1567	2	1
94.636	1568	3	3
94.747	1569	4	1
94.858	1570	1	1
94.858	1571	2	1
94.970	1572	4	2
95.081	1573	2	1
95.081	1574	3	1
95.081	1575	4	3
95.192	1576	1	1
95.192	1577	2	1
95.303	1578	3	1
95.303	1579	4	1
95.414	1580	1	1
95.414	1581	2	2
95.525	1582	3	2
95.525	1583	4	1
95.525	1584	2	3
95.636	1585	1	2
95.747	1586	4	2
95.747	1587	1	3
95.747	1588	3	3
95.858	1589	2	2
95.970	1590	1	1
95.970	1591	3	1
95.970	1592	2	3
95.970	1593	4	3
96.081	1594	2	1
96.192	1595	1	1
96.192	1596	4	1
96.303	1597	3	2
96.414	1598	1	1
96.414	1599	2	1
96.414	1600	3	3
96.525	1601	4	1
96.636	1602	2	1
96.636	1603	3	1
96.747	1604	1	2
96.858	1605	2	1
96.858	1606	4	1
96.858	1607	1	3
96.970	1608	3	1
97.081	1609	1	1
97.081	1610	2	1
97.192	1611	4	2
97.303	1612	1	1
97.303	1613	3	1
97.303	1614	4	3
97.414	1615	2	1
97.525	1616	3	1
97.525	1617	4	1
97.636	1618	1	1
97.636	1619	2	1
97.747	1620	1	1
97.747	1621	4	1
97.858	1622	3	1
97.970	1623	2	1
97.970	1624	4	1
98.081	1625	1	2
98.192	1626	3	1
98.192	1627	4	1
98.192	1628	1	3
98.303	1629	2	1
98.414	1630	1	1
98.414	1631	4	1
98.525	1632	3	2
98.636	1633	1	1
98.636	1634	2	1
98.636	1635	3	3
98.747	1636	4	1
98.858	1637	1	1
98.858	1638	3	1
98.970	1639	2	2
99.081	1640	1	1
99.081	1641	4	1
99.081	1642	2	3
99.192	1643	3	1
99.192	1644	4	1
99.303	1645	1	1
99.303	1646	2	1
99.358	1647	3	1
99.358	1648	4	1
99.414	1649	1	1
99.414	1650	2	1
99.470	1651	3	1
99.470	1652	4	1
99.525	1653	1	1
99.525	1654	2	1
99.636	1655	3	1
99.747	1656	1	1
99.747	1657	4	1
99.858	1658	2	2
99.970	1659	3	1
99.970	1660	4	1
99.970	1661	2	3
100.081	1662	1	1
100.192	1663	2	1
100.192	1664	4	1
100.303	1665	3	2
100.303	1666	4	1
100.414	1667	1	1
100.414	1668	2	1
100.414	1669	3	3
100.525	1670	4	1
100.636	1671	2	1
100.636	1672	3	1
100.747	1673	1	2
100.858	1674	2	1
100.858	1675	4	1
100.858	1676	1	3
100.970	1677	3	1
100.970	1678	4	1
101.081	1679	1	1
101.081	1680	3	1
101.192	1681	1	1
101.192	1682	2	1
101.303	1683	3	1
101.303	1684	4	1
101.414	1685	2	1
101.525	1686	1	1
101.525	1687	3	1
101.636	1688	4	2
101.747	1689	1	1
101.747	1690	2	1
101.747	1691	4	3
101.858	1692	3	1
101.970	1693	1	1
101.970	1694	4	1
102.081	1695	1	1
102.081	1696	2	1
102.192	1697	3	1
102.192	1698	4	1
102.303	1699	3	1
102.303	1700	4	1
102.414	1701	1	1
102.414	1702	2	1
102.525	1703	1	1
102.525	1704	2	1
102.636	1705	4	1
102.673	1706	3	1
102.710	1707	2	1
102.747	1708	1	1
102.784	1709	4	1
102.821	1710	3	1
102.858	1711	2	1
102.914	1712	4	1
102.970	1713	1	1
103.025	1714	3	1
103.081	1715	1	1
103.081	1716	2	1
103.081	1717	4	1
103.192	1718	3	1
103.192	1719	4	1
103.303	1720	1	1
103.303	1721	3	1
103.414	1722	1	1
103.414	1723	2	1
103.525	1724	3	1
103.525	1725	4	1
103.636	1726	1	1
103.636	1727	4	1
103.747	1728	2	1
103.747	1729	3	1
103.858	1730	3	1
103.858	1731	4	1
103.914	1732	1	1
103.914	1733	2	1
103.970	1734	3	1
103.970	1735	4	1
104.081	1736	2	1
104.192	1737	1	1
104.192	1738	4	1
104.303	1739	3	2
104.414	1740	1	1
104.414	1741	2	1
104.414	1742	3	3
104.525	1743	4	1
104.636	1744	2	1
104.636	1745	3	1
104.747	1746	1	2
104.747	1747	4	1
104.858	1748	2	1
104.858	1749	4	1
104.858	1750	1	3
104.970	1751	1	1
105.081	1752	2	1
105.081	1753	3	1
105.192	1754	4	2
105.303	1755	1	1
105.303	1756	3	1
105.303	1757	4	3
105.414	1758	2	1
105.525	1759	1	1
105.525	1760	4	1
105.636	1761	2	1
105.636	1762	3	1
105.747	1763	3	1
105.747	1764	4	1
105.858	1765	1	1
105.858	1766	2	1
105.970	1767	3	1
105.970	1768	4	1
106.081	1769	2	2
106.136	1770	3	1
106.192	1771	1	1
106.192	1772	4	1
106.192	1773	2	3
106.303	1774	2	1
106.303	1775	3	1
106.414	1776	1	1
106.414	1777	2	1
106.525	1778	3	1
106.525	1779	4	2
106.636	1780	1	1
106.636	1781	2	1
106.636	1782	4	3
106.747	1783	3	1
106.858	1784	2	1
106.858	1785	4	1
106.970	1786	1	2
107.081	1787	2	1
107.081	1788	4	1
107.081	1789	1	3
107.192	1790	3	1
107.303	1791	1	1
107.303	1792	2	1
107.414	1793	4	2
107.525	1794	1	1
107.525	1795	3	1
107.525	1796	4	3
107.636	1797	2	1
107.747	1798	1	1
107.747	1799	4	1
107.858	1800	3	2
107.970	1801	1	1
107.970	1802	2	1
107.970	1803	3	3
108.081	1804	4	1
108.192	1805	2	1
108.192	1806	3	1
108.303	1807	1	1
108.303	1808	2	1
108.414	1809	3	1
108.414	1810	4	1
108.525	1811	2	1
108.636	1812	1	1
108.636	1813	4	1
108.747	1814	3	2
108.858	1815	1	1
108.858	1816	2	1
108.858	1817	3	3
108.970	1818	4	1
109.081	1819	1	1
109.081	1820	3	1
109.192	1821	2	1
109.192	1822	4	1
109.303	1823	2	1
109.303	1824	3	1
109.414	1825	3	1
109.414	1826	4	1
109.525	1827	1	1
109.525	1828	2	1
109.636	1829	1	1
109.636	1830	4	1
109.747	1831	2	2
109.747	1832	4	1
109.858	1833	3	2
109.970	1834	1	2
109.970	1835	2	3
109.970	1836	3	3
110.081	1837	4	2
110.192	1838	2	1
110.192	1839	3	1
110.192	1840	1	3
110.192	1841	4	3
110.303	1842	3	1
110.303	1843	4	1
110.414	1844	1	1
110.414	1845	2	1
110.525	1846	1	1
110.525	1847	4	1
110.636	1848	2	1
110.636	1849	3	1
110.747	1850	1	1
110.747	1851	2	1
110.858	1852	3	1
110.858	1853	4	1
110.970	1854	1	1
110.970	1855	2	1
111.025	1856	3	1
111.025	1857	4	1
111.081	1858	1	1
111.081	1859	2	1
111.192	1860	3	1
111.192	1861	4	1
111.303	1862	1	1
111.303	1863	4	1
111.414	1864	2	1
111.414	1865	3	1
111.525	1866	1	1
111.525	1867	4	1
111.581	1868	2	1
111.581	1869	3	1
111.636	1870	1	1
111.636	1871	4	1
111.747	1872	1	1
111.747	1873	2	1
111.803	1874	3	1
111.803	1875	4	1
111.858	1876	1	1
111.858	1877	2	1
111.914	1878	3	1
111.914	1879	4	1
111.970	1880	1	1
111.970	1881	2	1
112.081	1882	3	1
112.081	1883	4	1
112.192	1884	1	1
112.192	1885	4	1
112.303	1886	1	1
112.303	1887	3	1
112.414	1888	2	1
112.414	1889	4	1
112.525	1890	3	1
112.525	1891	4	1
112.636	1892	1	1
112.636	1893	2	1
112.747	1894	1	1
112.747	1895	3	1
112.803	1896	2	1
112.803	1897	4	1
112.858	1898	1	1
112.858	1899	3	1
112.970	1900	2	1
112.970	1901	4	1
113.081	1902	3	1
113.081	1903	4	1
113.192	1904	1	1
113.192	1905	3	1
113.303	1906	1	1
113.303	1907	2	1
113.358	1908	3	1
113.358	1909	4	1
113.414	1910	1	1
113.414	1911	2	1
113.470	1912	3	1
113.470	1913	4	1
113.525	1914	1	1
113.525	1915	2	1
113.581	1916	3	1
113.581	1917	4	1
113.636	1918	1	1
113.636	1919	2	1
113.692	1920	3	1
113.692	1921	4	1
113.747	1922	1	1
113.747	1923	2	1
113.858	1924	1	1
113.858	1925	4	1
113.970	1926	2	1
113.970	1927	3	1
114.081	1928	3	1
114.081	1929	4	1
114.192	1930	1	1
114.192	1931	2	1
114.303	1932	3	1
114.303	1933	4	1
114.414	1934	1	1
114.451	1935	2	1
114.488	1936	3	1
114.525	1937	4	1
114.562	1938	2	1
114.599	1939	1	1
114.636	1940	3	1
114.636	1941	4	1
114.747	1942	2	1
114.747	1943	4	1
114.858	1944	1	1
114.858	1945	2	1
114.970	1946	1	1
114.970	1947	3	1
115.081	1948	2	1
115.081	1949	4	1
115.192	1950	1	1
115.192	1951	4	1
115.303	1952	3	1
115.340	1953	2	1
115.377	1954	1	1
115.414	1955	4	1
115.451	1956	3	1
115.488	1957	2	1
115.525	1958	1	1
115.525	1959	4	1
115.636	1960	2	1
115.636	1961	3	1
115.747	1962	1	1
115.784	1963	2	1
115.821	1964	3	1
115.858	1965	4	1
115.896	1966	1	1
115.933	1967	2	1
115.970	1968	3	1
115.970	1969	4	1
116.081	1970	1	1
116.081	1971	2	1
116.192	1972	4	1
116.229	1973	3	1
116.266	1974	2	1
116.303	1975	1	1
116.340	1976	4	1
116.377	1977	3	1
116.414	1978	1	1
116.458	1979	2	1
116.503	1980	4	1
116.547	1981	3	1
116.592	1982	1	1
116.636	1983	2	1
116.681	1984	3	1
116.725	1985	4	1
116.770	1986	2	1
116.814	1987	1	1
116.858	1988	4	1
116.896	1989	3	1
116.933	1990	2	1
116.970	1991	1	1
117.007	1992	4	1
117.044	1993	3	1
117.081	1994	2	1
117.118	1995	1	1
117.155	1996	4	1
117.192	1997	3	1
117.229	1998	2	1
117.266	1999	1	1
117.303	2000	4	2
117.331	2001	3	2
117.358	2002	2	2
117.386	2003	1	2
117.525	2004	1	3
117.525	2005	2	3
117.525	2006	3	3
117.525	2007	4	3
117.748	2008	1	1
118.148	2009	3	1
118.148	2010	4	1
118.548	2011	2	1
118.948	2012	1	1
118.948	2013	4	1
119.348	2014	2	1
119.748	2015	3	1
119.748	2016	4	1
119.948	2017	1	1
120.148	2018	1	1
120.148	2019	4	1
120.348	2020	3	1
120.548	2021	2	1
120.748	2022	3	1
120.748	2023	4	1
120.948	2024	1	1
121.148	2025	3	1
121.348	2026	1	1
121.348	2027	2	1
121.548	2028	3	1
121.748	2029	1	2
121.748	2030	4	2
122.148	2031	2	2
122.148	2032	1	3
122.148	2033	4	3
122.548	2034	1	2
122.548	2035	4	2
122.548	2036	2	3
122.948	2037	2	2
122.948	2038	3	2
122.948	2039	1	3
122.948	2040	4	3
123.348	2041	1	2
123.348	2042	4	2
123.348	2043	2	3
123.348	2044	3	3
123.948	2045	4	3
124.148	2046	3	2
124.148	2047	4	2
124.148	2048	1	3
124.348	2049	2	2
124.348	2050	3	3
124.348	2051	4	3
124.548	2052	3	2
124.548	2053	2	3
124.748	2054	1	1
124.748	2055	2	1
124.748	2056	3	3
124.948	2057	1	2
124.948	2058	4	2
125.348	2059	3	2
125.348	2060	1	3
125.348	2061	4	3
125.481	2062	4	2
125.481	2063	3	3
125.614	2064	3	2
125.614	2065	4	3
125.748	2066	4	2
125.748	2067	3	3
126.148	2068	1	2
126.148	2069	4	3
126.348	2070	2	2
126.348	2071	1	3
126.548	2072	1	2
126.548	2073	3	2
126.548	2074	2	3
126.948	2075	3	3
127.148	2076	3	2
127.148	2077	4	2
127.148	2078	1	3
127.748	2079	1	2
127.748	2080	3	3
127.748	2081	4	3
127.948	2082	3	2
127.948	2083	1	3
128.148	2084	2	2
128.148	2085	4	2
128.148	2086	3	3
128.548	2087	1	2
128.548	2088	2	3
128.548	2089	4	3
128.948	2090	3	2
128.948	2091	1	3
129.748	2092	1	1
129.748	2093	2	2
129.748	2094	4	2
129.748	2095	3	3
129.948	2096	3	1
129.948	2097	2	3
130.148	2098	1	2
130.148	2099	2	2
130.148	2100	4	3
130.348	2101	3	1
130.348	2102	1	3
130.548	2103	1	1
130.548	2104	3	1
130.548	2105	4	1
130.548	2106	2	3
130.748	2107	2	1
130.848	2108	4	1
130.948	2109	1	2
130.948	2110	2	2
131.148	2111	3	1
131.148	2112	2	3
131.348	2113	2	1
131.348	2114	4	1
131.348	2115	1	3
131.448	2116	3	1
131.548	2117	1	1
131.648	2118	2	1
131.748	2119	3	2
131.748	2120	4	2
131.948	2121	1	1
131.948	2122	2	1
131.948	2123	4	3
132.148	2124	1	1
132.148	2125	2	1
132.148	2126	4	1
132.148	2127	3	3
132.248	2128	3	1
132.348	2129	2	1
132.448	2130	1	1
132.548	2131	3	2
132.548	2132	4	2
132.748	2133	1	1
132.748	2134	2	1
132.748	2135	3	3
132.748	2136	4	3
132.848	2137	3	1
132.948	2138	1	2
132.948	2139	4	1
133.048	2140	2	1
133.148	2141	3	1
133.148	2142	4	1
133.148	2143	1	3
133.248	2144	2	1
133.348	2145	1	2
133.348	2146	4	1
133.548	2147	2	1
133.548	2148	3	2
133.548	2149	1	3
133.748	2150	1	1
133.748	2151	2	1
133.748	2152	4	1
133.748	2153	3	3
133.948	2154	1	1
133.948	2155	2	2
134.048	2156	3	1
134.148	2157	1	1
134.148	2158	4	2
134.148	2159	2	3
134.348	2160	2	1
134.348	2161	3	1
134.348	2162	4	3
134.448	2163	1	1
134.548	2164	3	2
134.548	2165	4	2
134.648	2166	1	1
134.748	2167	2	1
134.748	2168	3	3
134.848	2169	3	1
134.948	2170	1	2
134.948	2171	2	1
134.948	2172	4	3
135.148	2173	3	1
135.148	2174	4	1
135.148	2175	1	3
135.348	2176	1	1
135.348	2177	2	1
135.348	2178	4	1
135.448	2179	3	1
135.548	2180	1	1
135.548	2181	2	1
135.748	2182	1	1
135.748	2183	3	1
135.748	2184	4	1
135.948	2185	2	1
135.948	2186	3	1
135.948	2187	4	1
136.148	2188	1	2
136.148	2189	4	2
136.248	2190	3	1
136.348	2191	2	1
136.548	2192	2	1
136.548	2193	3	1
136.548	2194	1	3
136.748	2195	1	1
136.748	2196	4	3
136.948	2197	1	2
136.948	2198	2	1
136.948	2199	4	1
137.148	2200	3	1
137.148	2201	4	1
137.148	2202	1	3
137.248	2203	2	1
137.348	2204	1	1
137.348	2205	4	2
137.548	2206	2	1
137.548	2207	3	1
137.548	2208	4	3
137.648	2209	4	1
137.748	2210	1	1
137.748	2211	2	2
137.848	2212	3	1
137.948	2213	1	1
137.948	2214	4	1
138.048	2215	3	1
138.148	2216	1	1
138.148	2217	4	1
138.148	2218	2	3
138.281	2219	2	1
138.281	2220	3	1
138.414	2221	1	1
138.414	2222	4	1
138.548	2223	2	1
138.548	2224	3	2
138.748	2225	1	1
138.748	2226	3	3
138.848	2227	2	1
138.948	2228	3	1
138.948	2229	4	2
139.148	2230	1	1
139.148	2231	2	1
139.148	2232	4	3
139.248	2233	3	1
139.348	2234	1	2
139.348	2235	4	2
139.548	2236	3	1
139.548	2237	4	3
139.648	2238	2	1
139.748	2239	3	1
139.748	2240	4	1
139.748	2241	1	3
139.948	2242	2	1
139.948	2243	3	2
140.148	2244	1	1
140.148	2245	2	1
140.148	2246	4	1
140.348	2247	1	1
140.348	2248	3	3
140.448	2249	2	1
140.548	2250	3	1
140.548	2251	4	2
140.748	2252	1	1
140.748	2253	2	1
140.748	2254	4	3
140.848	2255	3	1
140.948	2256	1	2
140.948	2257	2	2
141.048	2258	4	1
141.148	2259	3	1
141.148	2260	1	3
141.348	2261	1	1
141.348	2262	4	1
141.348	2263	2	3
141.548	2264	2	1
141.548	2265	3	1
141.748	2266	1	1
141.748	2267	2	2
141.748	2268	4	1
141.948	2269	1	1
141.948	2270	3	1
142.148	2271	3	1
142.148	2272	4	1
142.248	2273	3	1
142.248	2274	4	1
142.348	2275	3	1
142.348	2276	4	1
142.448	2277	3	1
142.448	2278	4	1
142.548	2279	1	2
142.548	2280	3	2
142.548	2281	4	1
142.548	2282	2	3
142.748	2283	2	1
142.748	2284	3	3
142.948	2285	3	2
142.948	2286	4	2
142.948	2287	1	3
143.148	2288	2	1
143.148	2289	4	3
143.348	2290	1	1
143.348	2291	2	1
143.348	2292	4	1
143.348	2293	3	3
143.548	2294	3	1
143.648	2295	1	1
143.748	2296	3	2
143.748	2297	4	2
143.948	2298	2	1
143.948	2299	3	3
144.148	2300	1	1
144.148	2301	3	1
144.148	2302	4	3
144.248	2303	2	1
144.348	2304	4	1
144.448	2305	3	1
144.548	2306	1	2
144.548	2307	2	2
144.748	2308	3	1
144.748	2309	4	1
144.748	2310	1	3
144.948	2311	1	1
144.948	2312	3	1
144.948	2313	4	1
144.948	2314	2	3
145.048	2315	2	1
145.148	2316	3	1
145.248	2317	4	1
145.348	2318	1	2
145.348	2319	2	2
145.548	2320	3	1
145.548	2321	4	1
145.548	2322	1	3
145.548	2323	2	3
145.648	2324	2	1
145.748	2325	1	1
145.748	2326	4	2
145.848	2327	3	1
145.948	2328	1	1
145.948	2329	2	1
145.948	2330	4	3
146.048	2331	3	1
146.148	2332	1	2
146.148	2333	4	1
146.348	2334	2	1
146.348	2335	3	2
146.348	2336	1	3
146.548	2337	1	1
146.548	2338	2	1
146.548	2339	4	1
146.548	2340	3	3
146.748	2341	1	1
146.748	2342	2	2
146.848	2343	3	1
146.948	2344	1	1
146.948	2345	4	2
146.948	2346	2	3
147.148	2347	2	1
147.148	2348	3	1
147.148	2349	4	3
147.248	2350	4	1
147.348	2351	1	2
147.348	2352	2	2
147.448	2353	4	1
147.548	2354	3	1
147.548	2355	1	3
147.648	2356	1	1
147.748	2357	3	1
147.748	2358	4	2
147.748	2359	2	3
147.948	2360	1	1
147.948	2361	2	1
147.948	2362	4	3
148.148	2363	1	1
148.148	2364	3	1
148.148	2365	4	1
148.248	2366	2	1
148.348	2367	3	1
148.348	2368	4	1
148.548	2369	1	1
148.548	2370	2	1
148.548	2371	4	1
148.748	2372	1	1
148.748	2373	2	1
148.748	2374	3	1
148.948	2375	1	2
148.948	2376	4	2
149.048	2377	2	1
149.148	2378	3	1
149.348	2379	2	1
149.348	2380	3	1
149.348	2381	4	3
149.548	2382	4	1
149.548	2383	1	3
149.748	2384	1	1
149.748	2385	3	1
149.748	2386	4	2
149.948	2387	1	1
149.948	2388	2	1
149.948	2389	4	3
150.048	2390	3	1
150.148	2391	1	2
150.148	2392	4	1
150.348	2393	2	1
150.348	2394	3	1
150.348	2395	1	3
150.448	2396	1	1
150.548	2397	3	2
150.548	2398	4	1
150.648	2399	2	1
150.748	2400	1	1
150.748	2401	4	1
150.848	2402	2	1
150.948	2403	1	1
150.948	2404	4	1
150.948	2405	3	3
151.081	2406	2	1
151.081	2407	3	1
151.214	2408	1	1
151.214	2409	4	1
151.348	2410	2	1
151.348	2411	3	2
151.548	2412	1	1
151.548	2413	3	3
151.648	2414	2	1
151.748	2415	1	2
151.748	2416	4	1
151.948	2417	3	1
151.948	2418	4	1
151.948	2419	1	3
152.048	2420	2	1
152.148	2421	1	2
152.148	2422	4	2
152.348	2423	3	1
152.348	2424	4	3
152.448	2425	2	1
152.548	2426	3	1
152.548	2427	4	1
152.548	2428	1	3
152.748	2429	2	2
152.748	2430	3	1
152.948	2431	1	1
152.948	2432	3	1
152.948	2433	4	1
153.148	2434	4	1
153.148	2435	2	3
153.248	2436	3	1
153.348	2437	1	2
153.348	2438	2	1
153.548	2439	3	1
153.548	2440	4	1
153.548	2441	1	3
153.648	2442	2	1
153.748	2443	3	2
153.748	2444	4	2
153.848	2445	2	1
153.948	2446	1	1
153.948	2447	4	3
154.148	2448	1	1
154.148	2449	4	1
154.148	2450	3	3
154.348	2451	2	1
154.348	2452	3	1
154.548	2453	1	1
154.548	2454	3	2
154.548	2455	4	1
154.748	2456	2	1
154.748	2457	4	1
154.948	2458	1	1
154.948	2459	2	1
155.048	2460	1	1
155.048	2461	2	1
155.148	2462	1	1
155.148	2463	2	1
155.248	2464	1	1
155.248	2465	2	1
155.348	2466	1	1
155.348	2467	2	1
155.348	2468	4	1
155.348	2469	3	3
155.711	2470	3	1
155.711	2471	4	1
156.075	2472	1	1
156.075	2473	2	1
156.438	2474	1	1
156.438	2475	2	1
156.802	2476	1	1
156.802	2477	3	1
156.802	2478	4	1
157.135	2479	2	1
157.135	2480	3	1
157.468	2481	1	1
157.468	2482	4	1
157.802	2483	1	1
157.802	2484	4	1
158.135	2485	2	1
158.135	2486	3	1
158.135	2487	4	1
158.442	2488	1	1
158.442	2489	3	1
158.750	2490	2	1
158.750	2491	4	1
159.058	2492	2	1
159.058	2493	4	1
159.365	2494	1	1
159.365	2495	3	1
159.365	2496	4	1
159.652	2497	1	1
159.652	2498	2	1
159.939	2499	3	1
159.939	2500	4	1
160.226	2501	3	1
160.226	2502	4	1
160.513	2503	1	1
160.513	2504	2	1
160.513	2505	3	1
160.779	2506	1	1
160.779	2507	4	1
161.046	2508	2	1
161.046	2509	3	1
161.313	2510	2	1
161.313	2511	3	1
161.579	2512	1	1
161.579	2513	3	1
161.579	2514	4	1
161.831	2515	2	1
161.831	2516	4	1
162.083	2517	1	1
162.083	2518	3	1
162.335	2519	1	1
162.335	2520	3	1
162.587	2521	1	1
162.587	2522	2	1
162.587	2523	4	1
162.820	2524	2	1
162.820	2525	3	1
163.053	2526	1	1
163.053	2527	4	1
163.287	2528	1	1
163.287	2529	2	1
163.520	2530	2	1
163.520	2531	3	1
163.520	2532	4	1
163.743	2533	1	1
163.743	2534	3	1
163.967	2535	2	1
163.967	2536	4	1
164.191	2537	2	1
164.191	2538	3	1
164.415	2539	1	1
164.415	2540	3	1
164.415	2541	4	1
164.627	2542	1	1
164.627	2543	2	1
164.840	2544	3	1
164.840	2545	4	1
165.053	2546	1	1
165.053	2547	3	1
165.266	2548	1	1
165.266	2549	2	1
165.266	2550	4	1
165.459	2551	2	1
165.459	2552	3	1
165.653	2553	1	1
165.653	2554	4	1
165.846	2555	3	1
165.846	2556	4	1
166.040	2557	1	1
166.040	2558	2	1
166.040	2559	3	1
166.245	2560	2	1
166.245	2561	4	1
166.435	2562	1	1
166.435	2563	3	1
166.626	2564	1	1
166.626	2565	2	1
166.816	2566	2	1
166.816	2567	3	1
166.816	2568	4	1
166.998	2569	1	1
166.998	2570	3	1
167.181	2571	2	1
167.181	2572	4	1
167.364	2573	2	1
167.364	2574	3	1
167.547	2575	1	1
167.547	2576	3	1
167.547	2577	4	1
167.720	2578	1	1
167.720	2579	2	1
167.894	2580	3	1
167.894	2581	4	1
168.068	2582	1	1
168.068	2583	4	1
168.242	2584	1	1
168.242	2585	2	1
168.242	2586	3	1
168.408	2587	2	1
168.408	2588	4	1
168.574	2589	1	1
168.574	2590	3	1
168.740	2591	1	1
168.740	2592	2	1
168.906	2593	2	1
168.906	2594	3	1
168.906	2595	4	1
169.065	2596	1	1
169.065	2597	4	1
169.225	2598	2	1
169.225	2599	3	1
169.384	2600	1	1
169.384	2601	2	1
169.544	2602	1	1
169.544	2603	3	1
169.544	2604	4	1
169.697	2605	2	1
169.697	2606	3	1
169.851	2607	2	1
169.851	2608	4	1
170.005	2609	1	1
170.005	2610	4	1
170.159	2611	1	1
170.159	2612	2	1
170.159	2613	3	1
170.307	2614	2	1
170.307	2615	4	1
170.456	2616	1	1
170.456	2617	4	1
170.604	2618	2	1
170.604	2619	3	1
170.753	2620	1	1
170.753	2621	3	1
170.753	2622	4	1
170.897	2623	2	1
170.897	2624	4	1
171.041	2625	1	1
171.041	2626	3	1
171.185	2627	2	1
171.185	2628	3	1
171.329	2629	1	1
171.329	2630	2	1
171.329	2631	4	1
171.466	2632	1	1
171.466	2633	3	1
171.604	2634	2	1
171.604	2635	3	1
171.742	2636	1	1
171.742	2637	4	1
171.880	2638	1	1
171.880	2639	3	1
171.880	2640	4	1
172.011	2641	2	1
172.011	2642	3	1
172.142	2643	1	1
172.142	2644	4	1
172.273	2645	1	1
172.273	2646	2	1
172.410	2647	2	1
172.410	2648	3	1
172.410	2649	4	1
172.539	2650	1	1
172.539	2651	3	1
172.668	2652	1	1
172.668	2653	4	1
172.797	2654	2	1
172.797	2655	4	1
172.926	2656	1	1
172.926	2657	2	1
172.926	2658	3	1
173.052	2659	3	1
173.052	2660	4	1
173.178	2661	1	1
173.178	2662	4	1
173.304	2663	2	1
173.304	2664	3	1
173.430	2665	1	1
173.430	2666	3	1
173.430	2667	4	1
173.551	2668	1	1
173.551	2669	2	1
173.672	2670	3	1
173.672	2671	4	1
173.794	2672	1	1
173.794	2673	3	1
173.915	2674	1	1
173.915	2675	2	1
173.915	2676	4	1
174.032	2677	3	1
174.032	2678	4	1
174.150	2679	1	1
174.150	2680	2	1
174.267	2681	2	1
174.267	2682	4	1
174.385	2683	1	1
174.385	2684	3	1
174.385	2685	4	1
174.500	2686	3	1
174.500	2687	4	1
174.615	2688	1	1
174.615	2689	2	1
174.731	2690	1	1
174.731	2691	2	1
174.846	2692	1	1
174.846	2693	3	1
174.846	2694	4	1
174.961	2695	3	1
175.077	2696	1	1
175.077	2697	2	1
175.077	2698	4	1
175.192	2699	2	1
175.308	2700	1	1
175.308	2701	3	1
175.308	2702	4	1
175.365	2703	2	1
175.423	2704	3	1
175.481	2705	4	1
175.538	2706	1	1
175.538	2707	2	1
175.596	2708	3	1
175.654	2709	4	1
175.711	2710	1	1
175.769	2711	3	1
175.808	2712	4	1
175.846	2713	2	1
175.885	2714	1	1
175.923	2715	3	1
175.961	2716	4	1
176.000	2717	2	1
176.038	2718	1	1
176.077	2719	3	1
176.115	2720	4	1
176.154	2721	2	1
176.192	2722	1	1
176.231	2723	3	2
176.231	2724	4	2
177.231	2725	2	2
178.231	2726	1	2
179.031	2727	1	3
179.031	2728	2	3
179.031	2729	3	3
179.031	2730	4	3
179.431	2731	1	1
179.431	2732	2	1
179.431	2733	3	1
179.431	2734	4	1
179.531	2735	4	1
179.631	2736	1	1
179.631	2737	2	1
179.631	2738	3	1
179.731	2739	2	1
179.831	2740	1	1
179.831	2741	3	1
179.831	2742	4	1
179.931	2743	3	1
180.031	2744	1	1
180.031	2745	2	1
180.031	2746	4	1
180.131	2747	1	1
180.231	2748	2	1
180.231	2749	3	1
180.231	2750	4	1
180.331	2751	3	1
180.431	2752	1	1
180.431	2753	2	1
180.531	2754	1	1
180.531	2755	4	1
180.631	2756	3	1
180.631	2757	4	1
180.731	2758	2	1
180.831	2759	3	1
180.831	2760	4	1
180.931	2761	3	1
180.931	2762	4	1
181.031	2763	1	1
181.031	2764	2	1
181.031	2765	4	1
181.131	2766	1	1
181.231	2767	2	1
181.231	2768	3	1
181.231	2769	4	1
181.331	2770	3	1
181.431	2771	1	1
181.431	2772	2	1
181.431	2773	4	1
181.531	2774	2	1
181.631	2775	1	1
181.631	2776	3	1
181.631	2777	4	1
181.731	2778	4	1
181.831	2779	1	1
181.831	2780	2	1
181.831	2781	3	1
181.931	2782	2	1
182.031	2783	3	1
182.031	2784	4	1
182.131	2785	1	1
182.131	2786	4	1
182.231	2787	1	1
182.231	2788	2	1
182.331	2789	3	1
182.431	2790	1	1
182.431	2791	2	1
182.531	2792	1	1
182.531	2793	2	1
182.631	2794	1	1
182.631	2795	3	1
182.631	2796	4	1
182.731	2797	4	1
182.831	2798	1	1
182.831	2799	2	1
182.831	2800	3	1
182.931	2801	2	1
183.031	2802	1	1
183.031	2803	3	1
183.031	2804	4	1
183.131	2805	3	1
183.231	2806	1	1
183.231	2807	2	1
183.231	2808	4	1
183.331	2809	1	1
183.431	2810	2	1
183.431	2811	3	1
183.431	2812	4	1
183.531	2813	3	1
183.631	2814	1	1
183.631	2815	2	1
183.731	2816	1	1
183.731	2817	4	1
183.831	2818	3	1
183.831	2819	4	1
183.931	2820	2	1
184.031	2821	3	1
184.031	2822	4	1
184.131	2823	3	1
184.131	2824	4	1
184.231	2825	1	1
184.231	2826	2	1
184.231	2827	4	1
184.331	2828	1	1
184.431	2829	3	1
184.431	2830	4	1
184.531	2831	2	1
184.531	2832	4	1
184.631	2833	3	1
184.731	2834	1	1
184.731	2835	2	1
184.831	2836	2	1
184.831	2837	4	1
184.931	2838	1	1
184.931	2839	3	1
185.031	2840	3	1
185.031	2841	4	1
185.131	2842	3	1
185.131	2843	4	1
185.231	2844	1	1
185.231	2845	2	1
185.331	2846	1	1
185.331	2847	2	1
185.431	2848	3	1
185.431	2849	4	1
185.481	2850	1	1
185.531	2851	2	1
185.531	2852	3	1
185.631	2853	1	1
185.631	2854	4	1
185.731	2855	1	1
185.731	2856	2	1
185.831	2857	3	1
185.831	2858	4	1
185.931	2859	3	1
186.031	2860	1	1
186.031	2861	2	1
186.031	2862	4	1
186.131	2863	2	1
186.231	2864	1	1
186.231	2865	3	1
186.231	2866	4	1
186.331	2867	4	1
186.431	2868	1	1
186.431	2869	2	1
186.431	2870	3	1
186.531	2871	1	1
186.631	2872	2	1
186.631	2873	3	1
186.631	2874	4	1
186.731	2875	4	1
186.831	2876	1	1
186.831	2877	3	1
186.931	2878	1	1
186.931	2879	2	1
187.031	2880	2	1
187.031	2881	4	1
187.131	2882	3	1
187.231	2883	1	1
187.231	2884	4	1
187.331	2885	1	1
187.331	2886	4	1
187.431	2887	1	1
187.431	2888	2	1
187.431	2889	3	1
187.531	2890	2	1
187.631	2891	1	1
187.631	2892	3	1
187.631	2893	4	1
187.731	2894	3	1
187.831	2895	1	1
187.831	2896	2	1
187.831	2897	4	1
187.931	2898	1	1
188.031	2899	2	1
188.031	2900	3	1
188.031	2901	4	1
188.131	2902	4	1
188.231	2903	1	1
188.231	2904	2	1
188.231	2905	3	1
188.331	2906	1	1
188.431	2907	2	1
188.431	2908	4	1
188.531	2909	3	1
188.531	2910	4	1
188.631	2911	1	1
188.631	2912	3	1
188.731	2913	2	1
188.831	2914	1	1
188.831	2915	4	1
188.931	2916	1	1
188.931	2917	4	1
189.031	2918	2	1
189.031	2919	3	1
189.031	2920	4	1
189.131	2921	3	1
189.231	2922	1	1
189.231	2923	2	1
189.231	2924	4	1
189.331	2925	1	1
189.431	2926	2	1
189.431	2927	3	1
189.431	2928	4	1
189.531	2929	4	1
189.631	2930	1	1
189.631	2931	2	1
189.631	2932	3	1
189.731	2933	2	1
189.831	2934	1	1
189.831	2935	3	1
189.831	2936	4	1
189.931	2937	4	1
190.031	2938	1	1
190.031	2939	3	1
190.131	2940	1	1
190.131	2941	2	1
190.231	2942	2	1
190.231	2943	4	1
190.331	2944	3	1
190.431	2945	1	1
190.431	2946	4	1
190.531	2947	2	1
190.531	2948	3	1
190.631	2949	1	1
190.631	2950	2	1
190.631	2951	4	1
190.731	2952	3	1
190.831	2953	1	1
190.831	2954	2	1
190.931	2955	1	1
190.931	2956	2	1
191.031	2957	3	1
191.131	2958	1	1
191.131	2959	4	1
191.231	2960	1	1
191.231	2961	2	1
191.331	2962	1	1
191.331	2963	2	1
191.431	2964	3	1
191.431	2965	4	1
191.531	2966	3	1
191.531	2967	4	1
191.631	2968	1	1
191.631	2969	2	1
191.731	2970	1	1
191.731	2971	4	1
191.831	2972	2	1
191.831	2973	3	1
191.881	2974	4	1
191.931	2975	1	1
191.931	2976	2	1
192.031	2977	3	1
192.031	2978	4	1
192.131	2979	3	1
192.131	2980	4	1
192.231	2981	1	1
192.231	2982	2	1
192.231	2983	4	1
192.331	2984	2	1
192.431	2985	1	1
192.431	2986	3	1
192.431	2987	4	1
192.531	2988	3	1
192.631	2989	1	1
192.631	2990	2	1
192.631	2991	4	1
192.731	2992	1	1
192.831	2993	2	1
192.831	2994	3	1
192.831	2995	4	1
192.931	2996	4	1
193.031	2997	1	1
193.031	2998	2	1
193.031	2999	3	1
193.131	3000	1	1
193.231	3001	3	1
193.231	3002	4	1
193.331	3003	2	1
193.331	3004	4	1
193.431	3005	1	1
193.431	3006	2	1
193.531	3007	3	1
193.631	3008	2	1
193.631	3009	4	1
193.731	3010	2	1
193.731	3011	4	1
193.831	3012	1	1
193.831	3013	2	1
193.831	3014	3	1
193.931	3015	3	1
194.031	3016	1	1
194.031	3017	2	1
194.031	3018	4	1
194.131	3019	2	1
194.231	3020	1	1
194.231	3021	3	1
194.231	3022	4	1
194.331	3023	4	1
194.431	3024	1	1
194.431	3025	2	1
194.431	3026	3	1
194.531	3027	1	1
194.631	3028	2	1
194.631	3029	3	1
194.631	3030	4	1
194.731	3031	3	1
194.831	3032	1	1
194.831	3033	4	1
194.931	3034	1	1
194.931	3035	2	1
195.031	3036	3	1
195.031	3037	4	1
195.131	3038	2	1
195.231	3039	1	1
195.231	3040	3	1
195.331	3041	1	1
195.331	3042	3	1
195.431	3043	2	1
195.431	3044	3	1
195.431	3045	4	1
195.531	3046	2	1
195.631	3047	1	1
195.631	3048	3	1
195.631	3049	4	1
195.731	3050	4	1
195.831	3051	1	1
195.831	3052	2	1
195.831	3053	3	1
195.931	3054	1	1
196.031	3055	2	1
196.031	3056	3	1
196.031	3057	4	1
196.131	3058	3	1
196.231	3059	1	1
196.231	3060	2	1
196.231	3061	4	1
196.331	3062	2	1
196.431	3063	3	1
196.431	3064	4	1
196.531	3065	1	1
196.531	3066	2	1
196.631	3067	1	1
196.631	3068	4	1
196.731	3069	3	1
196.831	3070	1	1
196.831	3071	4	1
196.931	3072	2	1
196.931	3073	3	1
197.031	3074	1	1
197.031	3075	3	1
197.031	3076	4	1
197.131	3077	2	1
197.231	3078	1	1
197.231	3079	4	1
197.331	3080	3	1
197.331	3081	4	1
197.431	3082	1	1
197.531	3083	2	1
197.531	3084	3	1
197.631	3085	1	1
197.631	3086	2	1
197.731	3087	3	1
197.731	3088	4	1
197.831	3089	1	1
197.831	3090	2	1
197.931	3091	2	1
197.931	3092	3	1
198.031	3093	1	1
198.031	3094	4	1
198.131	3095	3	1
198.131	3096	4	1
198.231	3097	1	1
198.231	3098	2	1
198.281	3099	4	1
198.331	3100	3	1
198.381	3101	2	1
198.431	3102	1	1
198.431	3103	4	1
198.531	3104	2	1
198.531	3105	3	1
198.631	3106	1	1
198.631	3107	2	1
198.631	3108	4	1
198.731	3109	3	1
198.831	3110	1	1
198.831	3111	2	1
198.831	3112	4	1
198.931	3113	2	1
199.031	3114	1	1
199.031	3115	3	1
199.031	3116	4	1
199.131	3117	4	1
199.231	3118	1	1
199.231	3119	2	1
199.231	3120	3	1
199.331	3121	1	1
199.431	3122	2	1
199.431	3123	3	1
199.431	3124	4	1
199.531	3125	4	1
199.631	3126	1	1
199.631	3127	2	1
199.731	3128	1	1
199.731	3129	3	1
199.831	3130	3	1
199.831	3131	4	1
199.931	3132	2	1
200.031	3133	1	1
200.031	3134	3	1
200.131	3135	1	1
200.131	3136	3	1
200.231	3137	2	1
200.231	3138	3	1
200.231	3139	4	1
200.331	3140	2	1
200.431	3141	1	1
200.431	3142	3	1
200.431	3143	4	1
200.531	3144	3	1
200.631	3145	1	1
200.631	3146	2	1
200.631	3147	4	1
200.731	3148	1	1
200.831	3149	2	1
200.831	3150	3	1
200.831	3151	4	1
200.931	3152	4	1
201.031	3153	1	1
201.031	3154	2	1
201.031	3155	3	1
201.131	3156	2	1
201.231	3157	1	1
201.231	3158	4	1
201.331	3159	3	1
201.331	3160	4	1
201.431	3161	1	1
201.431	3162	2	1
201.531	3163	3	1
201.631	3164	2	1
201.631	3165	4	1
201.731	3166	2	1
201.731	3167	4	1
201.831	3168	1	1
201.831	3169	2	1
201.831	3170	3	1
201.931	3171	3	1
202.031	3172	1	1
202.031	3173	2	1
202.031	3174	4	1
202.131	3175	1	1
202.231	3176	2	1
202.231	3177	3	1
202.231	3178	4	1
202.331	3179	4	1
202.431	3180	1	1
202.431	3181	2	1
202.431	3182	3	1
202.531	3183	2	1
202.631	3184	1	1
202.631	3185	3	1
202.631	3186	4	1
202.731	3187	4	1
202.831	3188	1	1
202.831	3189	2	1
202.831	3190	3	1
202.931	3191	1	1
203.031	3192	2	1
203.031	3193	3	1
203.031	3194	4	1
203.131	3195	3	1
203.231	3196	1	1
203.231	3197	2	1
203.331	3198	1	1
203.331	3199	2	1
203.431	3200	1	1
203.431	3201	3	1
203.431	3202	4	1
203.531	3203	4	1
203.631	3204	1	1
203.631	3205	3	1
203.731	3206	1	1
203.731	3207	3	1
203.831	3208	1	1
203.831	3209	2	1
203.931	3210	1	1
203.931	3211	2	1
204.031	3212	3	1
204.031	3213	4	1
204.131	3214	3	1
204.131	3215	4	1
204.181	3216	1	1
204.231	3217	2	1
204.231	3218	4	1
204.331	3219	2	1
204.331	3220	4	1
204.431	3221	1	1
204.431	3222	3	1
204.531	3223	1	1
204.531	3224	3	1
204.631	3225	2	1
204.631	3226	4	1
204.681	3227	3	1
204.731	3228	1	1
204.781	3229	2	1
204.831	3230	4	1
204.856	3231	3	1
204.881	3232	1	1
204.906	3233	2	1
204.931	3234	4	1
204.956	3235	3	1
204.981	3236	1	1
205.006	3237	2	1
205.031	3238	3	1
205.031	3239	4	1
205.131	3240	3	1
205.131	3241	4	1
205.231	3242	1	1
205.231	3243	2	1
205.331	3244	1	1
205.331	3245	2	1
205.431	3246	3	1
205.431	3247	4	1
205.531	3248	2	1
205.531	3249	4	1
205.631	3250	1	1
205.631	3251	3	1
205.731	3252	1	1
205.731	3253	2	1
205.831	3254	3	1
205.831	3255	4	1
205.931	3256	2	1
205.931	3257	4	1
206.031	3258	1	1
206.031	3259	2	1
206.131	3260	1	1
206.131	3261	3	1
206.131	3262	4	1
206.231	3263	3	1
206.231	3264	4	1
206.331	3265	1	1
206.331	3266	2	1
206.431	3267	1	1
206.431	3268	3	1
206.431	3269	4	1
206.531	3270	2	1
206.581	3271	3	1
206.631	3272	1	1
206.631	3273	4	1
206.731	3274	1	1
206.731	3275	2	1
206.831	3276	3	1
206.831	3277	4	1
206.931	3278	1	1
206.931	3279	4	1
207.031	3280	1	1
207.031	3281	2	1
207.131	3282	2	1
207.131	3283	3	1
207.231	3284	1	1
207.231	3285	4	1
207.331	3286	2	1
207.331	3287	4	1
207.431	3288	1	1
207.431	3289	3	1
207.531	3290	1	1
207.531	3291	4	1
207.631	3292	2	1
207.631	3293	3	1
207.731	3294	1	1
207.731	3295	2	1
207.731	3296	4	1
207.831	3297	3	1
207.831	3298	4	1
207.881	3299	2	1
207.931	3300	1	1
207.981	3301	4	1
208.031	3302	1	1
208.031	3303	2	1
208.131	3304	2	1
208.131	3305	3	1
208.231	3306	1	1
208.231	3307	3	1
208.231	3308	4	1
208.331	3309	1	1
208.331	3310	2	1
208.431	3311	3	1
208.431	3312	4	1
208.531	3313	1	1
208.531	3314	3	1
208.631	3315	2	1
208.631	3316	4	1
208.731	3317	2	1
208.731	3318	4	1
208.831	3319	1	1
208.831	3320	3	1
208.931	3321	1	1
208.931	3322	3	1
209.031	3323	2	1
209.031	3324	4	1
209.131	3325	3	1
209.131	3326	4	1
209.231	3327	1	1
209.231	3328	2	1
209.331	3329	1	1
209.331	3330	2	1
209.331	3331	4	1
209.431	3332	3	1
209.431	3333	4	1
209.531	3334	1	1
209.531	3335	2	1
209.631	3336	1	1
209.631	3337	3	1
209.631	3338	4	1
209.731	3339	2	1
209.781	3340	3	1
209.831	3341	1	1
209.831	3342	4	1
209.931	3343	3	1
209.981	3344	2	1
210.031	3345	1	1
210.031	3346	4	1
210.131	3347	2	1
210.131	3348	3	1
210.231	3349	3	1
210.231	3350	4	1
210.281	3351	2	1
210.331	3352	1	1
210.381	3353	4	1
210.431	3354	1	1
210.431	3355	2	1
210.531	3356	3	1
210.531	3357	4	1
210.631	3358	1	1
210.631	3359	2	1
210.681	3360	3	1
210.731	3361	4	1
210.781	3362	1	1
210.831	3363	3	1
210.831	3364	4	1
210.931	3365	1	1
210.931	3366	2	1
211.031	3367	3	1
211.064	3368	4	1
211.097	3369	1	1
211.131	3370	2	1
211.164	3371	3	1
211.197	3372	4	1
211.231	3373	1	1
211.281	3374	2	1
211.331	3375	4	1
211.381	3376	3	1
211.431	3377	1	1
211.431	3378	2	1
211.531	3379	1	1
211.531	3380	4	1
211.631	3381	3	1
211.631	3382	4	1
211.731	3383	1	1
211.731	3384	2	1
211.831	3385	2	1
211.831	3386	3	1
211.931	3387	3	1
211.931	3388	4	1
212.031	3389	1	1
212.031	3390	2	1
212.131	3391	1	1
212.131	3392	4	1
212.231	3393	3	1
212.231	3394	4	1
212.331	3395	1	1
212.331	3396	2	1
212.431	3397	2	1
212.431	3398	4	1
212.531	3399	1	1
212.531	3400	3	1
212.531	3401	4	1
212.631	3402	2	1
212.631	3403	3	1
212.731	3404	1	1
212.731	3405	4	1
212.831	3406	1	1
212.831	3407	2	1
212.831	3408	3	1
212.931	3409	4	1
212.981	3410	3	1
213.031	3411	1	1
213.031	3412	2	1
213.131	3413	2	1
213.131	3414	3	1
213.231	3415	1	1
213.231	3416	4	1
213.331	3417	3	1
213.331	3418	4	1
213.431	3419	1	1
213.431	3420	2	1
213.531	3421	2	1
213.531	3422	4	1
213.631	3423	3	1
213.631	3424	4	1
213.731	3425	1	1
213.731	3426	2	1
213.831	3427	1	1
213.831	3428	4	1
213.931	3429	2	1
213.931	3430	3	1
214.031	3431	3	1
214.031	3432	4	1
214.131	3433	1	1
214.131	3434	2	1
214.131	3435	4	1
214.231	3436	1	1
214.231	3437	2	1
214.281	3438	3	1
214.331	3439	4	1
214.381	3440	1	1
214.431	3441	3	1
214.431	3442	4	1
214.531	3443	1	1
214.531	3444	2	1
214.631	3445	1	1
214.631	3446	3	1
214.631	3447	4	1
214.731	3448	3	1
214.731	3449	4	1
214.831	3450	1	1
214.831	3451	2	1
214.831	3452	4	1
214.931	3453	1	1
214.931	3454	2	1
215.031	3455	3	1
215.031	3456	4	1
215.131	3457	1	1
215.131	3458	2	1
215.231	3459	1	1
215.231	3460	3	1
215.231	3461	4	1
215.331	3462	2	1
215.331	3463	4	1
215.431	3464	1	1
215.431	3465	3	1
215.531	3466	2	1
215.531	3467	4	1
215.631	3468	1	1
215.631	3469	3	1
215.631	3470	4	1
215.731	3471	2	1
215.731	3472	3	1
215.831	3473	1	1
215.831	3474	2	1
215.831	3475	4	1
215.931	3476	1	1
215.931	3477	2	1
216.031	3478	1	1
216.031	3479	3	1
216.031	3480	4	1
216.131	3481	2	1
216.181	3482	3	1
216.231	3483	1	1
216.231	3484	4	1
216.331	3485	3	1
216.381	3486	2	1
216.431	3487	3	1
216.431	3488	4	1
216.531	3489	1	1
216.531	3490	2	1
216.631	3491	4	1
216.681	3492	3	1
216.731	3493	1	1
216.731	3494	2	1
216.831	3495	3	1
216.831	3496	4	1
216.881	3497	1	1
216.931	3498	3	1
216.981	3499	4	1
217.031	3500	2	1
217.081	3501	1	1
217.131	3502	3	1
217.181	3503	4	1
217.231	3504	1	1
217.281	3505	2	1
217.331	3506	4	1
217.381	3507	3	1
217.431	3508	2	1
217.464	3509	1	1
217.497	3510	3	1
217.531	3511	4	1
217.564	3512	2	1
217.597	3513	1	1
217.631	3514	3	1
217.664	3515	4	1
217.697	3516	2	1
217.731	3517	1	1
217.764	3518	3	1
217.797	3519	4	1
217.831	3520	1	1
217.831	3521	2	1
217.931	3522	2	1
217.931	3523	3	1
218.031	3524	1	1
218.031	3525	4	1
218.131	3526	3	1
218.131	3527	4	1
218.231	3528	1	1
218.231	3529	2	1
218.331	3530	1	1
218.331	3531	3	1
218.431	3532	2	1
218.431	3533	4	1
218.531	3534	3	1
218.531	3535	4	1
218.631	3536	1	1
218.631	3537	2	1
218.731	3538	1	1
218.731	3539	3	1
218.831	3540	3	1
218.831	3541	4	1
218.931	3542	1	1
218.931	3543	2	1
218.931	3544	4	1
219.031	3545	1	1
219.031	3546	2	1
219.131	3547	3	1
219.131	3548	4	1
219.231	3549	1	1
219.231	3550	2	1
219.231	3551	4	1
219.331	3552	3	1
219.381	3553	2	1
219.431	3554	1	1
219.431	3555	4	1
219.531	3556	3	1
219.531	3557	4	1
219.631	3558	1	1
219.631	3559	2	1
219.731	3560	1	1
219.731	3561	4	1
219.831	3562	3	1
219.831	3563	4	1
219.931	3564	2	1
219.931	3565	3	1
220.031	3566	1	1
220.031	3567	4	1
220.131	3568	1	1
220.131	3569	3	1
220.231	3570	2	1
220.231	3571	4	1
220.331	3572	1	1
220.331	3573	4	1
220.431	3574	2	1
220.431	3575	3	1
220.531	3576	1	1
220.531	3577	3	1
220.531	3578	4	1
220.631	3579	1	1
220.631	3580	2	1
220.681	3581	3	1
220.731	3582	4	1
220.781	3583	1	1
220.831	3584	3	1
220.831	3585	4	1
220.931	3586	2	1
220.931	3587	3	1
221.031	3588	1	1
221.031	3589	2	1
221.031	3590	4	1
221.131	3591	3	1
221.131	3592	4	1
221.231	3593	1	1
221.231	3594	2	1
221.331	3595	2	1
221.331	3596	4	1
221.431	3597	1	1
221.431	3598	3	1
221.531	3599	1	1
221.531	3600	3	1
221.631	3601	2	1
221.631	3602	4	1
221.731	3603	3	1
221.731	3604	4	1
221.831	3605	1	1
221.831	3606	3	1
221.931	3607	1	1
221.931	3608	2	1
222.031	3609	3	1
222.031	3610	4	1
222.131	3611	1	1
222.131	3612	3	1
222.131	3613	4	1
222.231	3614	1	1
222.231	3615	2	1
222.331	3616	3	1
222.331	3617	4	1
222.431	3618	1	1
222.431	3619	2	1
222.431	3620	4	1
222.531	3621	3	1
222.581	3622	2	1
222.631	3623	1	1
222.631	3624	4	1
222.731	3625	2	1
222.781	3626	3	1
222.831	3627	1	1
222.831	3628	4	1
222.931	3629	2	1
222.931	3630	3	1
223.031	3631	1	1
223.031	3632	2	1
223.081	3633	3	1
223.131	3634	4	1
223.181	3635	1	1
223.231	3636	3	1
223.231	3637	4	1
223.331	3638	1	1
223.331	3639	2	1
223.431	3640	3	1
223.431	3641	4	1
223.481	3642	2	1
223.531	3643	1	1
223.581	3644	4	1
223.631	3645	1	1
223.631	3646	2	1
223.731	3647	3	1
223.731	3648	4	1
223.831	3649	2	2
223.831	3650	3	2
224.031	3651	1	1
224.031	3652	4	1
224.031	3653	2	3
224.031	3654	3	3
224.131	3655	2	1
224.231	3656	3	1
224.231	3657	4	1
224.331	3658	1	1
224.331	3659	4	1
224.431	3660	1	1
224.431	3661	2	1
224.531	3662	3	1
224.531	3663	4	1
224.631	3664	2	1
224.631	3665	3	1
224.731	3666	1	1
224.731	3667	2	1
224.831	3668	3	1
224.831	3669	4	1
224.931	3670	1	1
224.931	3671	4	1
225.031	3672	1	1
225.031	3673	2	1
225.131	3674	3	1
225.131	3675	4	1
225.231	3676	1	1
225.231	3677	3	1
225.331	3678	1	1
225.331	3679	2	1
225.331	3680	4	1
225.431	3681	2	1
225.431	3682	3	1
225.531	3683	1	1
225.531	3684	4	1
225.631	3685	2	1
225.631	3686	3	1
225.631	3687	4	1
225.731	3688	1	1
225.781	3689	2	1
225.831	3690	3	1
225.831	3691	4	1
225.931	3692	2	1
225.931	3693	3	1
226.031	3694	1	1
226.031	3695	4	1
226.131	3696	1	1
226.131	3697	2	1
226.231	3698	3	1
226.231	3699	4	1
226.331	3700	1	1
226.331	3701	3	1
226.431	3702	1	1
226.431	3703	2	1
226.531	3704	3	1
226.531	3705	4	1
226.631	3706	1	1
226.631	3707	4	1
226.731	3708	2	1
226.731	3709	3	1
226.831	3710	1	1
226.831	3711	2	1
226.931	3712	1	1
226.931	3713	3	1
226.931	3714	4	1
227.031	3715	3	1
227.031	3716	4	1
227.081	3717	2	1
227.131	3718	1	1
227.181	3719	4	1
227.231	3720	1	1
227.231	3721	2	1
227.331	3722	3	1
227.331	3723	4	1
227.431	3724	1	1
227.431	3725	4	1
227.481	3726	2	1
227.531	3727	3	1
227.581	3728	1	1
227.631	3729	4	1
227.681	3730	2	1
227.731	3731	3	1
227.781	3732	1	1
227.831	3733	4	1
227.881	3734	3	1
227.931	3735	2	1
227.981	3736	4	1
228.031	3737	1	1
228.081	3738	3	1
228.131	3739	2	1
228.181	3740	4	1
228.231	3741	1	1
228.281	3742	2	1
228.331	3743	3	1
228.381	3744	1	1
228.431	3745	4	1
228.481	3746	3	1
228.531	3747	2	1
228.581	3748	4	1
228.631	3749	1	1
228.681	3750	3	1
228.731	3751	2	1
228.781	3752	4	1
228.831	3753	3	1
228.881	3754	1	1
228.931	3755	4	1
228.981	3756	2	1
229.031	3757	1	1
229.071	3758	3	1
229.111	3759	4	1
229.151	3760	2	1
229.191	3761	3	1
229.231	3762	1	1
229.271	3763	4	1
229.311	3764	2	1
229.351	3765	1	1
229.391	3766	3	1
229.431	3767	4	1
229.471	3768	2	1
229.511	3769	1	1
229.551	3770	3	1
229.591	3771	2	1
229.631	3772	4	1
229.671	3773	1	1
229.711	3774	3	1
229.751	3775	2	1
229.791	3776	4	1
229.831	3777	1	1
229.864	3778	2	1
229.897	3779	3	1
229.931	3780	4	1
229.964	3781	1	1
229.997	3782	2	1
230.031	3783	3	1
230.064	3784	4	1
230.097	3785	1	1
230.131	3786	2	1
230.164	3787	3	1
230.197	3788	4	1
230.231	3789	1	1
230.264	3790	2	1
230.297	3791	3	1
230.331	3792	4	1
230.364	3793	1	1
230.397	3794	2	1
230.431	3795	3	1
230.464	3796	4	1
230.497	3797	1	1
230.531	3798	2	1
230.564	3799	3	1
230.597	3800	4	1
230.631	3801	1	1
230.631	3802	2	1
230.734	3803	3	1
230.837	3804	1	1
230.941	3805	4	1
231.044	3806	2	1
231.148	3807	3	1
231.251	3808	4	1
231.355	3809	1	1
231.458	3810	3	1
231.562	3811	4	1
231.665	3812	1	1
231.768	3813	2	1
231.872	3814	4	1
231.975	3815	1	1
231.975	3816	2	1
231.975	3817	3	1
232.182	3818	1	1
232.182	3819	3	1
232.182	3820	4	1
232.286	3821	1	1
232.286	3822	2	1
232.286	3823	4	1
232.389	3824	3	1
232.493	3825	4	1
232.596	3826	1	1
232.699	3827	3	1
232.803	3828	4	1
232.906	3829	1	1
233.010	3830	2	1
233.113	3831	1	1
233.217	3832	3	1
233.320	3833	4	1
233.424	3834	3	1
233.527	3835	2	1
233.631	3836	3	1
233.734	3837	4	1
233.837	3838	1	1
233.941	3839	2	1
233.941	3840	3	1
233.941	3841	4	1
234.044	3842	1	1
234.148	3843	3	1
234.251	3844	4	1
234.355	3845	1	1
234.458	3846	2	1
234.562	3847	3	1
234.665	3848	4	1
234.768	3849	3	1
234.872	3850	2	1
234.975	3851	1	1
235.079	3852	4	1
235.182	3853	3	1
235.286	3854	1	1
235.286	3855	2	1
235.286	3856	4	1
235.493	3857	2	1
235.493	3858	3	1
235.493	3859	4	1
235.596	3860	1	1
235.596	3861	3	1
235.596	3862	4	1
235.699	3863	2	1
235.803	3864	3	1
235.906	3865	4	1
236.010	3866	1	1
236.113	3867	2	1
236.217	3868	3	1
236.320	3869	4	1
236.424	3870	1	1
236.424	3871	2	1
236.527	3872	1	1
236.527	3873	2	1
236.631	3874	3	1
236.631	3875	4	1
236.734	3876	3	1
236.734	3877	4	1
236.837	3878	1	1
236.863	3879	2	1
236.889	3880	4	1
236.915	3881	3	1
236.941	3882	1	1
236.967	3883	2	1
236.993	3884	4	1
237.018	3885	3	1
237.044	3886	1	1
237.079	3887	2	1
237.113	3888	3	1
237.148	3889	4	1
237.182	3890	1	1
237.217	3891	2	1
237.251	3892	3	1
237.251	3893	4	1
237.358	3894	1	1
237.465	3895	2	1
237.572	3896	3	1
237.679	3897	1	1
237.786	3898	2	1
237.893	3899	3	1
238.001	3900	4	1
238.108	3901	2	1
238.215	3902	3	1
238.322	3903	4	1
238.429	3904	1	1
238.536	3905	3	1
238.643	3906	1	1
238.643	3907	2	1
238.643	3908	4	1
238.858	3909	2	1
238.858	3910	3	1
238.858	3911	4	1
238.965	3912	1	1
238.965	3913	2	1
238.965	3914	3	1
239.072	3915	4	1
239.179	3916	3	1
239.286	3917	2	1
239.393	3918	1	1
239.501	3919	2	1
239.608	3920	3	1
239.715	3921	4	1
239.822	3922	2	1
239.929	3923	1	1
240.036	3924	3	1
240.143	3925	4	1
240.251	3926	2	1
240.358	3927	3	1
240.465	3928	4	1
240.572	3929	1	1
240.679	3930	2	1
240.679	3931	3	1
240.679	3932	4	1
240.786	3933	1	1
240.893	3934	4	1
241.001	3935	3	1
241.108	3936	2	1
241.215	3937	3	1
241.322	3938	4	1
241.429	3939	1	1
241.536	3940	3	1
241.643	3941	4	1
241.751	3942	1	1
241.858	3943	2	1
241.965	3944	4	1
242.072	3945	1	1
242.072	3946	2	1
242.072	3947	3	1
242.286	3948	2	1
242.286	3949	3	1
242.286	3950	4	1
242.393	3951	1	1
242.393	3952	3	1
242.393	3953	4	1
242.501	3954	2	1
242.608	3955	3	1
242.715	3956	4	1
242.822	3957	2	1
242.929	3958	3	1
243.036	3959	4	1
243.143	3960	1	1
243.251	3961	3	1
243.251	3962	4	1
243.358	3963	3	1
243.358	3964	4	1
243.465	3965	1	1
243.465	3966	2	1
243.572	3967	1	1
243.572	3968	2	1
243.679	3969	4	1
243.715	3970	3	1
243.751	3971	1	1
243.786	3972	2	1
243.822	3973	4	1
243.858	3974	3	1
243.893	3975	1	1
243.920	3976	2	1
243.947	3977	3	1
243.974	3978	4	1
244.001	3979	1	1
244.027	3980	2	1
244.054	3981	3	1
244.081	3982	4	1
244.108	3983	1	1
244.108	3984	2	1
244.330	3985	1	1
244.330	3986	3	1
244.330	3987	4	1
244.552	3988	2	1
244.552	3989	3	1
244.552	3990	4	1
244.774	3991	1	1
244.774	3992	2	1
244.774	3993	3	1
244.996	3994	1	1
244.996	3995	3	1
244.996	3996	4	1
245.219	3997	2	1
245.219	3998	3	1
245.219	3999	4	1
245.441	4000	1	1
245.441	4001	2	1
245.441	4002	4	1
245.663	4003	1	1
245.663	4004	3	1
245.663	4005	4	1
245.774	4006	2	1
245.774	4007	3	1
245.885	4008	1	1
245.885	4009	2	1
245.885	4010	4	1
246.108	4011	2	1
246.108	4012	3	1
246.108	4013	4	1
246.330	4014	1	1
246.330	4015	2	1
246.330	4016	3	1
246.552	4017	1	1
246.552	4018	3	1
246.552	4019	4	1
246.774	4020	2	1
246.774	4021	3	1
246.774	4022	4	1
246.996	4023	1	1
246.996	4024	2	1
246.996	4025	3	1
247.219	4026	1	1
247.219	4027	2	1
247.219	4028	4	1
247.330	4029	3	1
247.441	4030	1	1
247.441	4031	2	1
247.496	4032	3	1
247.496	4033	4	1
247.552	4034	1	1
247.552	4035	2	1
247.608	4036	3	1
247.608	4037	4	1
247.663	4038	1	1
247.663	4039	2	1
247.885	4040	1	1
247.885	4041	3	1
247.885	4042	4	1
248.108	4043	1	1
248.108	4044	2	1
248.108	4045	3	1
248.330	4046	2	1
248.330	4047	3	1
248.330	4048	4	1
248.552	4049	1	1
248.552	4050	2	1
248.552	4051	4	1
248.774	4052	1	1
248.774	4053	2	1
248.774	4054	3	1
248.996	4055	1	1
248.996	4056	3	1
248.996	4057	4	1
249.219	4058	1	1
249.219	4059	2	1
249.219	4060	4	1
249.330	4061	2	1
249.330	4062	3	1
249.441	4063	1	1
249.441	4064	3	1
249.441	4065	4	1
249.663	4066	2	1
249.663	4067	3	1
249.663	4068	4	1
249.885	4069	1	1
249.885	4070	2	1
249.885	4071	3	1
250.108	4072	1	1
250.108	4073	2	1
250.108	4074	4	1
250.330	4075	1	1
250.330	4076	3	1
250.330	4077	4	1
250.552	4078	1	1
250.552	4079	2	1
250.552	4080	4	1
250.774	4081	1	1
250.774	4082	2	1
250.774	4083	3	1
250.885	4084	4	1
250.996	4085	1	1
250.996	4086	2	1
251.052	4087	3	1
251.052	4088	4	1
251.108	4089	1	1
251.108	4090	2	1
251.163	4091	3	1
251.219	4092	1	1
251.219	4093	2	1
251.219	4094	4	1
251.441	4095	1	1
251.441	4096	2	1
251.441	4097	3	1
251.663	4098	1	1
251.663	4099	2	1
251.663	4100	3	1
251.663	4101	4	1
251.885	4102	1	1
251.885	4103	3	1
251.885	4104	4	1
252.108	4105	1	1
252.108	4106	2	1
252.108	4107	3	1
252.108	4108	4	1
252.330	4109	1	1
252.330	4110	2	1
252.330	4111	4	1
252.552	4112	1	1
252.552	4113	2	1
252.552	4114	3	1
252.552	4115	4	1
252.774	4116	1	1
252.774	4117	3	1
252.774	4118	4	1
252.885	4119	2	1
252.885	4120	3	1
252.996	4121	1	1
252.996	4122	2	1
252.996	4123	4	1
253.219	4124	1	1
253.219	4125	3	1
253.219	4126	4	1
253.441	4127	1	1
253.441	4128	2	1
253.441	4129	3	1
253.441	4130	4	1
253.663	4131	1	1
253.663	4132	2	1
253.663	4133	4	1
253.885	4134	1	1
253.885	4135	2	1
253.885	4136	3	1
253.885	4137	4	1
254.108	4138	2	1
254.108	4139	3	1
254.108	4140	4	1
254.330	4141	1	1
254.330	4142	3	1
254.330	4143	4	1
254.441	4144	2	1
254.552	4145	3	1
254.552	4146	4	1
254.608	4147	1	1
254.608	4148	2	1
254.663	4149	3	1
254.663	4150	4	1
254.719	4151	1	1
254.719	4152	2	1
254.774	4153	3	1
254.774	4154	4	1
254.996	4155	1	1
254.996	4156	2	1
254.996	4157	4	1
255.219	4158	1	1
255.219	4159	2	1
255.219	4160	3	1
255.219	4161	4	1
255.441	4162	1	1
255.441	4163	2	1
255.441	4164	3	1
255.663	4165	1	1
255.663	4166	2	1
255.663	4167	3	1
255.663	4168	4	1
255.885	4169	1	1
255.885	4170	3	1
255.885	4171	4	1
256.108	4172	1	1
256.108	4173	2	1
256.108	4174	3	1
256.108	4175	4	1
256.330	4176	1	1
256.330	4177	2	1
256.330	4178	4	1
256.441	4179	2	1
256.441	4180	3	1
256.552	4181	1	1
256.552	4182	3	1
256.552	4183	4	1
256.774	4184	1	1
256.774	4185	2	1
256.774	4186	3	1
256.996	4187	1	1
256.996	4188	2	1
256.996	4189	3	1
256.996	4190	4	1
257.219	4191	1	1
257.219	4192	2	1
257.219	4193	4	1
257.441	4194	1	1
257.441	4195	2	1
257.441	4196	3	1
257.441	4197	4	1
257.663	4198	1	1
257.663	4199	3	1
257.663	4200	4	1
257.885	4201	2	1
257.885	4202	3	1
257.885	4203	4	1
257.996	4204	1	1
258.108	4205	3	1
258.108	4206	4	1
258.163	4207	1	1
258.163	4208	2	1
258.219	4209	3	1
258.219	4210	4	1
258.274	4211	2	1
258.330	4212	1	2
258.330	4213	3	1
258.330	4214	4	1
258.552	4215	2	1
258.552	4216	3	1
258.552	4217	4	2
258.552	4218	1	3
258.774	4219	1	1
258.774	4220	2	1
258.774	4221	3	2
258.774	4222	4	3
258.996	4223	1	1
258.996	4224	2	2
258.996	4225	4	1
258.996	4226	3	3
259.219	4227	1	1
259.219	4228	3	1
259.219	4229	4	2
259.219	4230	2	3
259.441	4231	1	1
259.441	4232	2	1
259.441	4233	3	2
259.441	4234	4	3
259.663	4235	1	1
259.663	4236	2	1
259.663	4237	4	1
259.663	4238	3	3
259.885	4239	1	1
259.885	4240	2	1
259.885	4241	3	1
259.885	4242	4	1
259.996	4243	1	1
259.996	4244	2	1
259.996	4245	3	1
259.996	4246	4	1
260.107	4247	1	1
260.107	4248	2	2
260.107	4249	3	1
260.108	4250	4	1
260.330	4251	1	1
260.330	4252	3	2
260.330	4253	4	1
260.330	4254	2	3
260.552	4255	1	1
260.552	4256	2	2
260.552	4257	4	1
260.552	4258	3	3
260.774	4259	1	1
260.774	4260	3	1
260.774	4261	4	2
260.774	4262	2	3
260.996	4263	1	1
260.996	4264	2	1
260.996	4265	3	2
260.996	4266	4	3
261.219	4267	1	1
261.219	4268	2	2
261.219	4269	4	1
261.219	4270	3	3
261.441	4271	1	2
261.441	4272	3	1
261.441	4273	4	1
261.441	4274	2	3
261.552	4275	2	1
261.663	4276	3	1
261.663	4277	4	1
261.663	4278	1	3
261.719	4279	1	1
261.719	4280	2	1
261.774	4281	3	1
261.774	4282	4	1
261.830	4283	1	1
261.830	4284	2	1
261.885	4285	3	2
261.885	4286	4	1
262.107	4287	1	1
262.107	4288	2	1
262.107	4289	4	2
262.107	4290	3	3
262.330	4291	1	1
262.330	4292	2	1
262.330	4293	3	2
262.330	4294	4	3
262.552	4295	1	1
262.552	4296	2	2
262.552	4297	4	1
262.552	4298	3	3
262.774	4299	1	1
262.774	4300	3	2
262.774	4301	4	1
262.774	4302	2	3
262.996	4303	1	2
262.996	4304	2	1
262.996	4305	4	1
262.996	4306	3	3
263.219	4307	2	1
263.219	4308	3	1
263.219	4309	4	1
263.219	4310	1	3
263.441	4311	1	1
263.441	4312	2	1
263.441	4313	3	1
263.441	4314	4	1
263.552	4315	1	1
263.552	4316	2	1
263.552	4317	3	1
263.552	4318	4	1
263.663	4319	1	1
263.663	4320	2	1
263.663	4321	3	2
263.663	4322	4	1
263.885	4323	1	2
263.885	4324	2	1
263.885	4325	4	1
263.885	4326	3	3
264.108	4327	2	2
264.108	4328	3	1
264.108	4329	4	1
264.108	4330	1	3
264.330	4331	1	1
264.330	4332	3	1
264.330	4333	4	2
264.330	4334	2	3
264.552	4335	1	1
264.552	4336	2	1
264.552	4337	3	2
264.552	4338	4	3
264.774	4339	1	1
264.774	4340	2	2
264.774	4341	4	1
264.774	4342	3	3
264.996	4343	1	2
264.996	4344	3	1
264.996	4345	4	1
264.996	4346	2	3
265.108	4347	2	1
265.219	4348	3	1
265.219	4349	4	1
265.219	4350	1	3
265.274	4351	1	1
265.274	4352	2	1
265.330	4353	3	1
265.330	4354	4	1
265.385	4355	2	1
265.441	4356	1	2
265.441	4357	3	1
265.441	4358	4	1
265.663	4359	2	1
265.663	4360	3	1
265.663	4361	4	2
265.663	4362	1	3
265.885	4363	1	1
265.885	4364	2	1
265.885	4365	3	2
265.885	4366	4	3
266.108	4367	1	1
266.108	4368	2	2
266.108	4369	4	1
266.108	4370	3	3
266.330	4371	1	1
266.330	4372	3	1
266.330	4373	4	2
266.330	4374	2	3
266.552	4375	1	1
266.552	4376	2	1
266.552	4377	3	2
266.552	4378	4	3
266.774	4379	1	1
266.774	4380	2	1
266.774	4381	4	1
266.774	4382	3	3
266.996	4383	1	1
266.996	4384	2	1
266.996	4385	3	1
266.996	4386	4	1
267.108	4387	1	1
267.108	4388	2	1
267.108	4389	3	1
267.108	4390	4	1
267.219	4391	1	1
267.219	4392	2	2
267.219	4393	3	1
267.219	4394	4	1
267.441	4395	1	1
267.441	4396	3	2
267.441	4397	4	1
267.441	4398	2	3
267.663	4399	1	2
267.663	4400	2	1
267.663	4401	4	1
267.663	4402	3	3
267.885	4403	2	1
267.885	4404	3	1
267.885	4405	4	2
267.885	4406	1	3
268.108	4407	1	1
268.108	4408	2	2
268.108	4409	3	1
268.108	4410	4	3
268.330	4411	1	1
268.330	4412	3	2
268.330	4413	4	1
268.330	4414	2	3
268.552	4415	1	1
268.552	4416	2	1
268.552	4417	4	2
268.552	4418	3	3
268.663	4419	3	1
268.774	4420	1	1
268.774	4421	2	1
268.774	4422	4	3
268.830	4423	3	1
268.830	4424	4	1
268.885	4425	1	1
268.885	4426	2	1
268.941	4427	3	1
268.996	4428	1	1
268.996	4429	2	1
268.996	4430	4	1
269.108	4431	3	1
269.108	4432	4	1
269.219	4433	1	1
269.219	4434	2	1
269.330	4435	1	1
269.330	4436	3	1
269.441	4437	3	1
269.441	4438	4	1
269.552	4439	2	1
269.552	4440	4	1
269.663	4441	1	1
269.663	4442	3	1
269.774	4443	1	1
269.774	4444	2	1
269.830	4445	3	1
269.885	4446	1	1
269.885	4447	2	1
269.885	4448	4	1
269.996	4449	3	1
269.996	4450	4	1
270.108	4451	2	1
270.108	4452	3	1
270.219	4453	1	1
270.219	4454	4	1
270.330	4455	1	1
270.330	4456	2	1
270.441	4457	3	1
270.441	4458	4	1
270.552	4459	3	1
270.552	4460	4	1
270.663	4461	1	1
270.663	4462	2	1
270.719	4463	3	1
270.774	4464	1	1
270.774	4465	2	1
270.774	4466	4	1
270.885	4467	3	1
270.885	4468	4	1
270.996	4469	1	1
270.996	4470	2	1
271.108	4471	2	1
271.108	4472	3	1
271.219	4473	1	1
271.219	4474	4	1
271.274	4475	2	1
271.274	4476	3	1
271.330	4477	1	1
271.330	4478	4	1
271.441	4479	3	1
271.441	4480	4	1
271.496	4481	1	1
271.496	4482	2	1
271.552	4483	3	1
271.552	4484	4	1
271.608	4485	1	1
271.608	4486	2	1
271.663	4487	3	2
271.663	4488	4	1
271.774	4489	2	2
271.885	4490	1	2
271.885	4491	4	1
272.108	4492	4	2
272.108	4493	1	3
272.108	4494	2	3
272.219	4495	1	1
272.219	4496	2	1
272.330	4497	1	1
272.330	4498	2	1
272.441	4499	1	1
272.441	4500	2	1
272.441	4501	3	3
272.441	4502	4	3
272.552	4503	1	1
272.552	4504	2	1
272.552	4505	3	1
272.552	4506	4	1
272.996	4507	3	1
272.996	4508	4	1
273.440	4509	1	1
273.885	4510	3	1
273.885	4511	4	1
274.329	4512	1	1
274.774	4513	2	1
274.774	4514	4	1
275.218	4515	1	1
275.663	4516	3	1
275.663	4517	4	1
275.885	4518	2	1
275.885	4519	3	1
276.107	4520	1	1
276.107	4521	2	1
276.329	4522	3	1
276.552	4523	4	1
276.774	4524	2	1
276.996	4525	1	1
277.218	4526	2	1
277.440	4527	3	1
277.663	4528	1	1
277.885	4529	2	1
277.885	4530	3	1
277.885	4531	4	1
278.329	4532	2	1
278.329	4533	4	1
278.774	4534	1	1
278.774	4535	2	1
278.774	4536	3	1
279.218	4537	1	1
279.218	4538	4	1
279.663	4539	1	1
279.663	4540	2	1
279.663	4541	3	1
279.663	4542	4	1
280.552	4543	4	1
280.774	4544	3	1
280.996	4545	2	1
281.218	4546	1	1
281.440	4547	3	1
281.440	4548	4	1
281.885	4549	3	1
282.033	4550	1	1
282.181	4551	3	1
282.329	4552	1	1
282.329	4553	2	1
282.774	4554	4	1
282.996	4555	3	1
283.218	4556	1	1
283.218	4557	2	1
283.885	4558	4	1
284.552	4559	2	1
284.774	4560	4	1
284.996	4561	3	1
285.440	4562	2	1
285.885	4563	1	1
286.774	4564	1	1
286.774	4565	2	1
286.774	4566	4	1
286.885	4567	3	1
286.996	4568	2	1
287.218	4569	1	1
287.218	4570	3	1
287.440	4571	3	1
287.440	4572	4	1
287.663	4573	2	1
287.885	4574	1	1
287.996	4575	4	1
288.107	4576	2	1
288.107	4577	3	1
288.329	4578	1	1
288.440	4579	2	1
288.552	4580	4	1
288.663	4581	3	1
288.774	4582	2	1
288.996	4583	1	1
288.996	4584	3	1
289.218	4585	3	1
289.218	4586	4	1
289.440	4587	2	1
289.663	4588	1	1
289.774	4589	2	1
289.885	4590	3	1
289.885	4591	4	1
290.107	4592	1	1
290.107	4593	4	1
290.218	4594	3	1
290.329	4595	1	1
290.329	4596	2	1
290.440	4597	4	1
290.552	4598	2	1
290.552	4599	3	1
290.774	4600	3	1
290.774	4601	4	1
290.996	4602	1	1
290.996	4603	4	1
291.218	4604	1	1
291.218	4605	3	1
291.440	4606	2	1
291.440	4607	4	1
291.552	4608	3	1
291.663	4609	1	1
291.663	4610	2	1
291.885	4611	3	1
291.885	4612	4	1
291.996	4613	1	1
292.107	4614	2	1
292.107	4615	4	1
292.218	4616	3	1
292.329	4617	2	1
292.552	4618	3	1
292.552	4619	4	1
292.774	4620	1	1
292.774	4621	2	1
292.996	4622	1	1
292.996	4623	3	1
293.107	4624	2	1
293.218	4625	4	1
293.440	4626	3	1
293.440	4627	4	1
293.663	4628	1	1
293.663	4629	2	1
293.885	4630	1	1
293.885	4631	3	1
293.996	4632	2	1
294.107	4633	1	1
294.107	4634	3	1
294.329	4635	1	1
294.329	4636	2	1
294.552	4637	3	1
294.552	4638	4	1
294.774	4639	2	1
294.774	4640	4	1
294.996	4641	1	1
294.996	4642	4	1
295.107	4643	2	1
295.218	4644	3	1
295.218	4645	4	1
295.440	4646	1	1
295.440	4647	2	1
295.552	4648	3	1
295.663	4649	2	1
295.663	4650	4	1
295.774	4651	4	1
295.885	4652	2	1
295.885	4653	4	1
296.107	4654	1	1
296.107	4655	3	1
296.255	4656	2	1
296.255	4657	4	1
296.403	4658	1	1
296.403	4659	3	1
296.552	4660	2	1
296.552	4661	4	1
296.774	4662	1	1
296.774	4663	3	1
296.885	4664	1	1
296.996	4665	1	1
296.996	4666	4	1
297.218	4667	2	1
297.218	4668	4	1
297.329	4669	3	1
297.440	4670	1	1
297.440	4671	2	1
297.552	4672	3	1
297.663	4673	4	1
297.774	4674	2	1
297.885	4675	1	1
297.885	4676	4	1
297.996	4677	3	1
298.107	4678	1	1
298.107	4679	2	1
298.218	4680	4	1
298.329	4681	1	1
298.329	4682	3	1
298.440	4683	2	1
298.552	4684	1	1
298.552	4685	4	1
298.663	4686	2	1
298.774	4687	3	1
298.774	4688	4	1
298.885	4689	3	1
298.885	4690	4	1
298.996	4691	1	1
298.996	4692	2	1
299.107	4693	1	1
299.107	4694	2	1
299.218	4695	2	1
299.218	4696	3	1
299.218	4697	4	1
299.552	4698	1	1
299.552	4699	2	1
299.552	4700	3	1
299.885	4701	2	1
299.885	4702	3	1
299.885	4703	4	1
300.218	4704	1	1
300.218	4705	2	1
300.218	4706	3	1
300.552	4707	1	1
300.552	4708	2	1
300.552	4709	3	1
300.552	4710	4	1
300.996	4711	1	2
300.996	4712	2	2
300.996	4713	3	2
300.996	4714	4	2
302.196	4715	4	3
302.996	4716	3	3
303.796	4717	1	3
303.796	4718	2	3
304.196	4719	1	1
304.196	4720	2	1
304.196	4721	3	1
304.196	4722	4	1
304.296	4723	3	1
304.396	4724	1	1
304.396	4725	2	1
304.396	4726	4	1
304.496	4727	2	1
304.596	4728	1	1
304.596	4729	3	1
304.596	4730	4	1
304.696	4731	4	1
304.796	4732	1	1
304.796	4733	2	1
304.796	4734	3	1
304.896	4735	2	1
304.996	4736	1	1
304.996	4737	3	1
304.996	4738	4	1
305.096	4739	3	1
305.196	4740	1	1
305.196	4741	4	1
305.296	4742	1	1
305.296	4743	2	1
305.396	4744	3	1
305.396	4745	4	1
305.496	4746	2	1
305.596	4747	1	1
305.596	4748	3	1
305.596	4749	4	1
305.696	4750	1	1
305.696	4751	3	1
305.696	4752	4	1
305.796	4753	2	1
305.796	4754	4	1
305.896	4755	1	1
305.996	4756	2	1
305.996	4757	3	1
305.996	4758	4	1
306.096	4759	4	1
306.196	4760	1	1
306.196	4761	2	1
306.196	4762	3	1
306.296	4763	1	1
306.396	4764	2	1
306.396	4765	3	1
306.396	4766	4	1
306.496	4767	3	1
306.596	4768	1	1
306.596	4769	2	1
306.596	4770	4	1
306.696	4771	2	1
306.796	4772	1	1
306.796	4773	4	1
306.896	4774	3	1
306.896	4775	4	1
306.996	4776	1	1
306.996	4777	2	1
307.096	4778	3	1
307.196	4779	1	1
307.196	4780	2	1
307.196	4781	4	1
307.296	4782	1	1
307.296	4783	2	1
307.296	4784	4	1
307.396	4785	1	1
307.396	4786	3	1
307.496	4787	4	1
307.596	4788	1	1
307.596	4789	2	1
307.596	4790	3	1
307.696	4791	2	1
307.796	4792	1	1
307.796	4793	3	1
307.796	4794	4	1
307.896	4795	3	1
307.996	4796	1	1
307.996	4797	2	1
307.996	4798	4	1
308.096	4799	4	1
308.196	4800	1	1
308.196	4801	2	1
308.196	4802	3	1
308.296	4803	2	1
308.396	4804	1	1
308.396	4805	4	1
308.496	4806	2	1
308.496	4807	4	1
308.596	4808	1	1
308.596	4809	3	1
308.696	4810	4	1
308.796	4811	1	1
308.796	4812	2	1
308.796	4813	3	1
308.896	4814	1	1
308.896	4815	2	1
308.896	4816	3	1
308.996	4817	1	1
308.996	4818	4	1
309.096	4819	2	1
309.196	4820	3	1
309.196	4821	4	1
309.296	4822	1	1
309.296	4823	2	1
309.296	4824	4	1
309.396	4825	3	1
309.496	4826	1	1
309.496	4827	2	1
309.596	4828	1	1
309.596	4829	3	1
309.596	4830	4	1
309.696	4831	3	1
309.696	4832	4	1
309.796	4833	1	1
309.796	4834	2	1
309.796	4835	4	1
309.896	4836	1	1
309.896	4837	2	1
309.996	4838	1	1
309.996	4839	3	1
309.996	4840	4	1
310.096	4841	3	1
310.096	4842	4	1
310.196	4843	1	1
310.196	4844	2	1
310.246	4845	4	1
310.296	4846	1	1
310.296	4847	2	1
310.396	4848	3	1
310.396	4849	4	1
310.496	4850	2	1
310.496	4851	3	1
310.596	4852	1	1
310.596	4853	2	1
310.596	4854	4	1
310.696	4855	1	1
310.796	4856	2	1
310.796	4857	3	1
310.796	4858	4	1
310.896	4859	3	1
310.996	4860	1	1
310.996	4861	2	1
310.996	4862	4	1
311.096	4863	2	1
311.196	4864	1	1
311.196	4865	3	1
311.196	4866	4	1
311.296	4867	4	1
311.396	4868	1	1
311.396	4869	2	1
311.396	4870	3	1
311.496	4871	2	1
311.596	4872	1	1
311.596	4873	4	1
311.696	4874	3	1
311.696	4875	4	1
311.796	4876	1	1
311.796	4877	2	1
311.896	4878	4	1
311.996	4879	1	1
311.996	4880	2	1
311.996	4881	3	1
312.096	4882	1	1
312.096	4883	2	1
312.096	4884	3	1
312.196	4885	1	1
312.196	4886	4	1
312.296	4887	3	1
312.396	4888	1	1
312.396	4889	2	1
312.396	4890	4	1
312.496	4891	2	1
312.596	4892	1	1
312.596	4893	3	1
312.596	4894	4	1
312.696	4895	3	1
312.796	4896	1	1
312.796	4897	2	1
312.796	4898	4	1
312.896	4899	2	1
312.996	4900	1	1
312.996	4901	3	1
312.996	4902	4	1
313.096	4903	4	1
313.196	4904	1	1
313.196	4905	2	1
313.296	4906	2	1
313.296	4907	3	1
313.396	4908	3	1
313.396	4909	4	1
313.496	4910	1	1
313.596	4911	2	1
313.596	4912	3	1
313.596	4913	4	1
313.696	4914	2	1
313.696	4915	3	1
313.696	4916	4	1
313.796	4917	1	1
313.796	4918	4	1
313.896	4919	2	1
313.996	4920	1	1
313.996	4921	3	1
313.996	4922	4	1
314.096	4923	3	1
314.096	4924	4	1
314.196	4925	1	1
314.196	4926	2	1
314.296	4927	3	1
314.396	4928	1	1
314.396	4929	2	1
314.396	4930	4	1
314.496	4931	1	1
314.496	4932	2	1
314.596	4933	1	1
314.596	4934	3	1
314.596	4935	4	1
314.696	4936	3	1
314.696	4937	4	1
314.796	4938	1	1
314.796	4939	2	1
314.896	4940	2	1
314.896	4941	3	1
314.996	4942	1	1
314.996	4943	3	1
314.996	4944	4	1
315.096	4945	1	1
315.196	4946	3	1
315.196	4947	4	1
315.296	4948	1	1
315.296	4949	2	1
315.396	4950	1	1
315.396	4951	3	1
315.396	4952	4	1
315.496	4953	2	1
315.596	4954	3	1
315.596	4955	4	1
315.696	4956	1	1
315.696	4957	4	1
315.796	4958	2	1
315.896	4959	1	1
315.896	4960	3	1
315.996	4961	1	1
315.996	4962	4	1
316.096	4963	2	1
316.096	4964	3	1
316.196	4965	1	1
316.196	4966	3	1
316.196	4967	4	1
316.296	4968	3	1
316.296	4969	4	1
316.396	4970	1	1
316.396	4971	2	1
316.396	4972	4	1
316.496	4973	1	1
316.496	4974	2	1
316.596	4975	3	1
316.596	4976	4	1
316.646	4977	1	1
316.696	4978	3	1
316.696	4979	4	1
316.796	4980	1	1
316.796	4981	2	1
316.896	4982	2	1
316.896	4983	3	1
316.996	4984	1	1
316.996	4985	3	1
316.996	4986	4	1
317.096	4987	1	1
317.196	4988	2	1
317.196	4989	3	1
317.196	4990	4	1
317.296	4991	3	1
317.396	4992	1	1
317.396	4993	2	1
317.396	4994	4	1
317.496	4995	2	1
317.596	4996	1	1
317.596	4997	3	1
317.596	4998	4	1
317.696	4999	3	1
317.796	5000	1	1
317.796	5001	2	1
317.796	5002	4	1
317.896	5003	2	1
317.996	5004	1	1
317.996	5005	4	1
318.096	5006	2	1
318.096	5007	4	1
318.196	5008	1	1
318.196	5009	3	1
318.296	5010	4	1
318.396	5011	1	1
318.396	5012	2	1
318.396	5013	3	1
318.496	5014	1	1
318.496	5015	2	1
318.496	5016	3	1
318.596	5017	1	1
318.596	5018	4	1
318.696	5019	3	1
318.796	5020	1	1
318.796	5021	2	1
318.796	5022	4	1
318.896	5023	1	1
318.996	5024	2	1
318.996	5025	3	1
318.996	5026	4	1
319.096	5027	4	1
319.196	5028	1	1
319.196	5029	2	1
319.196	5030	3	1
319.296	5031	2	1
319.396	5032	1	1
319.396	5033	3	1
319.396	5034	4	1
319.496	5035	3	1
319.596	5036	1	1
319.596	5037	4	1
319.696	5038	1	1
319.696	5039	2	1
319.796	5040	3	1
319.796	5041	4	1
319.896	5042	1	1
319.996	5043	2	1
319.996	5044	3	1
319.996	5045	4	1
320.096	5046	2	1
320.096	5047	3	1
320.096	5048	4	1
320.196	5049	1	1
320.196	5050	4	1
320.296	5051	2	1
320.396	5052	1	1
320.396	5053	3	1
320.396	5054	4	1
320.496	5055	3	1
320.596	5056	1	1
320.596	5057	2	1
320.596	5058	4	1
320.696	5059	2	1
320.796	5060	1	1
320.796	5061	3	1
320.796	5062	4	1
320.896	5063	1	1
320.996	5064	2	1
320.996	5065	3	1
320.996	5066	4	1
321.096	5067	3	1
321.196	5068	1	1
321.196	5069	4	1
321.296	5070	1	1
321.296	5071	3	1
321.396	5072	2	1
321.396	5073	4	1
321.496	5074	3	1
321.596	5075	1	1
321.596	5076	2	1
321.596	5077	4	1
321.696	5078	1	1
321.696	5079	2	1
321.696	5080	4	1
321.796	5081	1	1
321.796	5082	3	1
321.896	5083	4	1
321.996	5084	1	1
321.996	5085	2	1
322.096	5086	1	1
322.096	5087	3	1
322.096	5088	4	1
322.196	5089	2	1
322.296	5090	3	1
322.296	5091	4	1
322.396	5092	1	1
322.396	5093	2	1
322.396	5094	4	1
322.496	5095	1	1
322.496	5096	2	1
322.596	5097	1	1
322.596	5098	3	1
322.596	5099	4	1
322.696	5100	3	1
322.696	5101	4	1
322.796	5102	1	1
322.796	5103	2	1
322.796	5104	4	1
322.896	5105	1	1
322.896	5106	2	1
322.996	5107	3	1
322.996	5108	4	1
323.046	5109	1	1
323.096	5110	3	1
323.096	5111	4	1
323.196	5112	1	1
323.196	5113	2	1
323.296	5114	2	1
323.296	5115	3	1
323.396	5116	1	1
323.396	5117	3	1
323.396	5118	4	1
323.496	5119	4	1
323.596	5120	1	1
323.596	5121	2	1
323.596	5122	3	1
323.696	5123	2	1
323.796	5124	1	1
323.796	5125	3	1
323.796	5126	4	1
323.896	5127	3	1
323.996	5128	1	1
323.996	5129	2	1
323.996	5130	4	1
324.096	5131	1	1
324.196	5132	2	1
324.196	5133	3	1
324.196	5134	4	1
324.296	5135	3	1
324.396	5136	1	1
324.396	5137	4	1
324.496	5138	1	1
324.496	5139	2	1
324.596	5140	3	1
324.596	5141	4	1
324.696	5142	1	1
324.796	5143	2	1
324.796	5144	3	1
324.796	5145	4	1
324.896	5146	2	1
324.896	5147	3	1
324.896	5148	4	1
324.996	5149	1	1
324.996	5150	4	1
325.096	5151	2	1
325.196	5152	1	1
325.196	5153	3	1
325.196	5154	4	1
325.296	5155	3	1
325.396	5156	1	1
325.396	5157	2	1
325.396	5158	4	1
325.496	5159	2	1
325.596	5160	1	1
325.596	5161	3	1
325.596	5162	4	1
325.696	5163	3	1
325.796	5164	1	1
325.796	5165	2	1
325.796	5166	4	1
325.896	5167	1	1
325.996	5168	3	1
325.996	5169	4	1
326.096	5170	2	1
326.096	5171	3	1
326.196	5172	1	1
326.196	5173	2	1
326.296	5174	4	1
326.396	5175	1	1
326.396	5176	2	1
326.396	5177	3	1
326.496	5178	1	1
326.496	5179	2	1
326.496	5180	3	1
326.596	5181	1	1
326.596	5182	4	1
326.696	5183	3	1
326.796	5184	1	1
326.796	5185	2	1
326.796	5186	4	1
326.896	5187	2	1
326.996	5188	1	1
326.996	5189	3	1
326.996	5190	4	1
327.096	5191	4	1
327.196	5192	1	1
327.196	5193	2	1
327.196	5194	3	1
327.296	5195	2	1
327.396	5196	1	1
327.396	5197	3	1
327.396	5198	4	1
327.496	5199	3	1
327.596	5200	1	1
327.596	5201	2	1
327.596	5202	4	1
327.696	5203	1	1
327.796	5204	2	1
327.796	5205	3	1
327.796	5206	4	1
327.896	5207	2	1
327.996	5208	1	1
327.996	5209	3	1
327.996	5210	4	1
328.096	5211	2	1
328.096	5212	3	1
328.196	5213	1	1
328.196	5214	2	1
328.196	5215	4	1
328.296	5216	4	1
328.396	5217	2	1
328.396	5218	3	1
328.496	5219	2	1
328.496	5220	3	1
328.596	5221	1	1
328.596	5222	4	1
328.696	5223	1	1
328.696	5224	4	1
328.796	5225	2	1
328.796	5226	3	1
328.896	5227	1	1
328.896	5228	2	1
328.946	5229	4	1
328.996	5230	1	1
328.996	5231	2	1
329.096	5232	3	1
329.096	5233	4	1
329.196	5234	3	1
329.196	5235	4	1
329.296	5236	1	1
329.296	5237	2	1
329.396	5238	3	1
329.446	5239	4	1
329.496	5240	2	1
329.546	5241	1	1
329.596	5242	3	1
329.629	5243	4	1
329.662	5244	1	1
329.696	5245	2	1
329.729	5246	3	1
329.762	5247	4	1
329.796	5248	1	1
329.796	5249	2	1
329.889	5250	1	1
329.889	5251	4	1
329.983	5252	2	1
329.983	5253	4	1
330.077	5254	2	1
330.077	5255	3	1
330.171	5256	1	1
330.171	5257	4	1
330.264	5258	3	1
330.264	5259	4	1
330.358	5260	1	1
330.358	5261	2	1
330.452	5262	1	1
330.452	5263	3	1
330.546	5264	2	1
330.546	5265	4	1
330.639	5266	3	1
330.639	5267	4	1
330.733	5268	1	1
330.733	5269	2	1
330.827	5270	1	1
330.827	5271	3	1
330.827	5272	4	1
330.921	5273	3	1
330.921	5274	4	1
331.014	5275	1	1
331.014	5276	2	1
331.108	5277	1	1
331.108	5278	3	1
331.108	5279	4	1
331.202	5280	3	1
331.249	5281	2	1
331.296	5282	1	1
331.296	5283	4	1
331.389	5284	2	1
331.389	5285	3	1
331.483	5286	2	1
331.483	5287	4	1
331.577	5288	1	1
331.577	5289	3	1
331.671	5290	3	1
331.671	5291	4	1
331.764	5292	1	1
331.764	5293	2	1
331.858	5294	1	1
331.858	5295	3	1
331.952	5296	2	1
331.952	5297	4	1
332.046	5298	3	1
332.046	5299	4	1
332.139	5300	1	1
332.139	5301	2	1
332.233	5302	1	1
332.233	5303	3	1
332.327	5304	2	1
332.327	5305	3	1
332.327	5306	4	1
332.421	5307	1	1
332.467	5308	2	1
332.514	5309	3	1
332.561	5310	4	1
332.608	5311	1	1
332.608	5312	2	1
332.702	5313	1	1
332.702	5314	2	1
332.796	5315	3	1
332.796	5316	4	1
332.889	5317	2	1
332.889	5318	4	1
332.983	5319	1	1
332.983	5320	3	1
333.077	5321	1	1
333.077	5322	4	1
333.171	5323	2	1
333.171	5324	3	1
333.264	5325	3	1
333.264	5326	4	1
333.358	5327	1	1
333.358	5328	2	1
333.452	5329	1	1
333.452	5330	3	1
333.546	5331	2	1
333.546	5332	4	1
333.639	5333	3	1
333.639	5334	4	1
333.733	5335	1	1
333.733	5336	3	1
333.827	5337	1	1
333.827	5338	2	1
333.827	5339	4	1
333.921	5340	2	1
333.921	5341	3	1
334.014	5342	1	1
334.014	5343	4	1
334.108	5344	2	1
334.108	5345	3	1
334.108	5346	4	1
334.202	5347	1	1
334.249	5348	2	1
334.296	5349	3	1
334.296	5350	4	1
334.389	5351	2	1
334.436	5352	3	1
334.483	5353	1	1
334.483	5354	4	1
334.577	5355	1	1
334.577	5356	2	1
334.671	5357	3	1
334.717	5358	1	1
334.764	5359	4	1
334.811	5360	3	1
334.858	5361	1	1
334.858	5362	2	1
334.952	5363	3	1
334.952	5364	4	1
335.046	5365	1	1
335.092	5366	2	1
335.139	5367	3	1
335.186	5368	4	1
335.233	5369	1	1
335.233	5370	2	1
335.327	5371	3	1
335.327	5372	4	1
335.421	5373	1	1
335.452	5374	2	1
335.483	5375	3	1
335.514	5376	4	1
335.546	5377	1	1
335.577	5378	2	1
335.608	5379	4	1
335.655	5380	3	1
335.702	5381	2	1
335.749	5382	1	1
335.796	5383	3	1
335.796	5384	4	1
335.889	5385	3	1
335.889	5386	4	1
335.983	5387	1	1
335.983	5388	2	1
336.077	5389	1	1
336.077	5390	3	1
336.171	5391	2	1
336.171	5392	4	1
336.264	5393	3	1
336.264	5394	4	1
336.358	5395	1	1
336.358	5396	2	1
336.452	5397	1	1
336.452	5398	2	1
336.546	5399	3	1
336.546	5400	4	1
336.639	5401	1	1
336.639	5402	4	1
336.733	5403	1	1
336.733	5404	2	1
336.827	5405	2	1
336.827	5406	3	1
336.827	5407	4	1
336.921	5408	3	1
336.921	5409	4	1
337.014	5410	1	1
337.014	5411	2	1
337.108	5412	1	1
337.108	5413	3	1
337.108	5414	4	1
337.202	5415	4	1
337.249	5416	3	1
337.296	5417	1	1
337.296	5418	2	1
337.389	5419	1	1
337.389	5420	3	1
337.483	5421	3	1
337.483	5422	4	1
337.577	5423	2	1
337.577	5424	4	1
337.671	5425	1	1
337.671	5426	3	1
337.764	5427	1	1
337.764	5428	2	1
337.858	5429	2	1
337.858	5430	4	1
337.952	5431	3	1
337.952	5432	4	1
338.046	5433	1	1
338.046	5434	2	1
338.139	5435	1	1
338.139	5436	2	1
338.233	5437	3	1
338.233	5438	4	1
338.327	5439	1	1
338.327	5440	3	1
338.327	5441	4	1
338.421	5442	2	1
338.467	5443	1	1
338.514	5444	4	1
338.561	5445	3	1
338.608	5446	1	1
338.608	5447	2	1
338.702	5448	2	1
338.702	5449	3	1
338.796	5450	3	1
338.796	5451	4	1
338.889	5452	1	1
338.889	5453	2	1
338.983	5454	1	1
338.983	5455	3	1
338.983	5456	4	1
339.077	5457	3	1
339.077	5458	4	1
339.171	5459	1	1
339.171	5460	2	1
339.264	5461	1	1
339.264	5462	2	1
339.358	5463	1	1
339.358	5464	3	1
339.358	5465	4	1
339.452	5466	2	1
339.452	5467	4	1
339.546	5468	1	1
339.546	5469	3	1
339.639	5470	2	1
339.639	5471	4	1
339.733	5472	1	1
339.733	5473	3	1
339.733	5474	4	1
339.827	5475	2	1
339.827	5476	3	1
339.921	5477	1	1
339.921	5478	2	1
339.921	5479	4	1
340.014	5480	1	1
340.014	5481	2	1
340.108	5482	1	1
340.108	5483	3	1
340.108	5484	4	1
340.202	5485	2	1
340.249	5486	3	1
340.296	5487	1	1
340.296	5488	4	1
340.389	5489	3	1
340.436	5490	2	1
340.483	5491	1	1
340.483	5492	4	1
340.577	5493	2	1
340.577	5494	3	1
340.671	5495	1	1
340.671	5496	3	1
340.717	5497	2	1
340.764	5498	4	1
340.811	5499	3	1
340.858	5500	2	1
340.905	5501	1	1
340.952	5502	3	1
340.999	5503	4	1
341.046	5504	1	1
341.092	5505	2	1
341.139	5506	3	1
341.186	5507	1	1
341.233	5508	4	1
341.280	5509	2	1
341.327	5510	3	1
341.374	5511	4	1
341.421	5512	1	1
341.452	5513	2	1
341.483	5514	3	1
341.514	5515	4	1
341.546	5516	2	1
341.577	5517	1	1
341.608	5518	4	1
341.639	5519	3	1
341.671	5520	2	1
341.702	5521	1	1
341.733	5522	3	1
341.764	5523	4	1
341.796	5524	1	1
341.796	5525	2	1
341.889	5526	2	1
341.889	5527	4	1
341.983	5528	1	1
341.983	5529	3	1
342.077	5530	2	1
342.077	5531	3	1
342.171	5532	1	1
342.171	5533	4	1
342.264	5534	1	1
342.264	5535	2	1
342.358	5536	3	1
342.358	5537	4	1
342.452	5538	2	1
342.452	5539	4	1
342.546	5540	1	1
342.546	5541	3	1
342.639	5542	1	1
342.639	5543	2	1
342.733	5544	3	1
342.733	5545	4	1
342.827	5546	1	1
342.827	5547	2	1
342.827	5548	4	1
342.921	5549	1	1
342.921	5550	2	1
343.014	5551	3	1
343.014	5552	4	1
343.108	5553	1	1
343.108	5554	2	1
343.108	5555	4	1
343.202	5556	2	1
343.249	5557	3	1
343.296	5558	1	1
343.296	5559	4	1
343.389	5560	2	1
343.389	5561	3	1
343.483	5562	1	1
343.483	5563	3	1
343.577	5564	2	1
343.577	5565	4	1
343.671	5566	1	1
343.671	5567	2	1
343.764	5568	3	1
343.764	5569	4	1
343.858	5570	2	1
343.858	5571	4	1
343.952	5572	1	1
343.952	5573	3	1
344.046	5574	1	1
344.046	5575	2	1
344.139	5576	3	1
344.139	5577	4	1
344.233	5578	2	1
344.233	5579	4	1
344.327	5580	1	1
344.327	5581	2	1
344.327	5582	3	1
344.421	5583	4	1
344.467	5584	3	1
344.514	5585	2	1
344.561	5586	1	1
344.608	5587	3	1
344.608	5588	4	1
344.702	5589	3	1
344.702	5590	4	1
344.796	5591	1	1
344.796	5592	2	1
344.889	5593	1	1
344.889	5594	3	1
344.983	5595	2	1
344.983	5596	4	1
345.077	5597	1	1
345.077	5598	4	1
345.171	5599	2	1
345.171	5600	3	1
345.264	5601	1	1
345.264	5602	2	1
345.358	5603	3	1
345.358	5604	4	1
345.452	5605	2	1
345.452	5606	4	1
345.546	5607	1	1
345.546	5608	3	1
345.639	5609	1	1
345.639	5610	2	1
345.733	5611	2	1
345.733	5612	4	1
345.827	5613	1	1
345.827	5614	3	1
345.827	5615	4	1
345.921	5616	2	1
345.921	5617	3	1
346.014	5618	1	1
346.014	5619	2	1
346.108	5620	3	1
346.108	5621	4	1
346.202	5622	4	1
346.249	5623	3	1
346.296	5624	1	1
346.296	5625	2	1
346.389	5626	3	1
346.436	5627	2	1
346.483	5628	1	1
346.483	5629	4	1
346.577	5630	3	1
346.577	5631	4	1
346.671	5632	1	1
346.671	5633	2	1
346.717	5634	3	1
346.764	5635	4	1
346.811	5636	1	1
346.858	5637	3	1
346.858	5638	4	1
346.952	5639	1	1
346.952	5640	2	1
347.046	5641	3	1
347.046	5642	4	1
347.092	5643	2	1
347.139	5644	1	1
347.186	5645	4	1
347.233	5646	1	1
347.233	5647	2	1
347.327	5648	3	1
347.327	5649	4	1
347.421	5650	1	1
347.421	5651	3	1
347.514	5652	2	1
347.608	5653	1	1
347.608	5654	4	1
347.702	5655	3	1
347.702	5656	4	1
347.796	5657	1	1
347.796	5658	2	1
347.889	5659	1	1
347.889	5660	2	1
347.983	5661	3	1
347.983	5662	4	1
348.077	5663	2	1
348.077	5664	4	1
348.171	5665	1	1
348.171	5666	3	1
348.264	5667	1	1
348.264	5668	2	1
348.358	5669	3	1
348.358	5670	4	1
348.452	5671	3	1
348.452	5672	4	1
348.546	5673	1	1
348.546	5674	2	1
348.639	5675	1	1
348.639	5676	4	1
348.733	5677	3	1
348.733	5678	4	1
348.827	5679	1	1
348.827	5680	2	1
348.827	5681	3	1
348.921	5682	1	1
348.921	5683	2	1
349.014	5684	3	1
349.014	5685	4	1
349.108	5686	2	1
349.108	5687	3	1
349.108	5688	4	1
349.202	5689	1	1
349.249	5690	2	1
349.296	5691	3	1
349.296	5692	4	1
349.389	5693	2	1
349.389	5694	4	1
349.483	5695	1	1
349.483	5696	2	1
349.577	5697	1	1
349.577	5698	3	1
349.671	5699	2	1
349.671	5700	4	1
349.764	5701	3	1
349.764	5702	4	1
349.858	5703	1	1
349.858	5704	3	1
349.952	5705	1	1
349.952	5706	2	1
350.046	5707	3	1
350.046	5708	4	1
350.139	5709	3	1
350.139	5710	4	1
350.233	5711	1	1
350.233	5712	2	1
350.327	5713	1	1
350.327	5714	2	1
350.327	5715	4	1
350.421	5716	3	1
350.467	5717	4	1
350.514	5718	1	1
350.561	5719	2	1
350.608	5720	3	1
350.608	5721	4	1
350.702	5722	1	1
350.702	5723	2	1
350.796	5724	4	1
350.842	5725	3	1
350.889	5726	1	1
350.936	5727	2	1
350.983	5728	3	1
351.030	5729	4	1
351.077	5730	2	1
351.124	5731	1	1
351.171	5732	4	1
351.217	5733	3	1
351.264	5734	2	1
351.311	5735	1	1
351.358	5736	3	1
351.405	5737	4	1
351.452	5738	1	1
351.499	5739	2	1
351.546	5740	3	1
351.592	5741	4	1
351.639	5742	1	1
351.686	5743	2	1
351.733	5744	4	1
351.780	5745	3	1
351.827	5746	2	1
351.874	5747	1	1
351.921	5748	3	1
351.967	5749	4	1
352.014	5750	1	1
352.061	5751	2	1
352.108	5752	3	1
352.155	5753	4	1
352.202	5754	1	1
352.249	5755	3	1
352.296	5756	2	1
352.333	5757	1	1
352.371	5758	4	1
352.408	5759	3	1
352.446	5760	2	1
352.483	5761	1	1
352.521	5762	4	1
352.558	5763	2	1
352.596	5764	3	1
352.633	5765	1	1
352.671	5766	4	1
352.708	5767	2	1
352.746	5768	3	1
352.783	5769	1	1
352.821	5770	4	1
352.858	5771	3	1
352.896	5772	2	1
352.933	5773	1	1
352.971	5774	4	1
353.008	5775	3	1
353.046	5776	1	1
353.077	5777	2	1
353.108	5778	3	1
353.139	5779	4	1
353.171	5780	1	1
353.202	5781	2	1
353.233	5782	3	1
353.264	5783	4	1
353.296	5784	1	1
353.327	5785	2	1
353.358	5786	3	1
353.389	5787	4	1
353.421	5788	1	1
353.452	5789	2	1
353.483	5790	3	1
353.514	5791	4	1
353.546	5792	1	1
353.577	5793	2	1
353.608	5794	3	1
353.639	5795	4	1
353.671	5796	1	1
353.702	5797	2	1
353.733	5798	3	1
353.764	5799	4	1
353.796	5800	1	2
353.796	5801	2	1
353.889	5802	3	1
353.983	5803	4	1
354.077	5804	3	1
354.171	5805	2	1
354.264	5806	4	1
354.358	5807	3	1
354.452	5808	2	1
354.546	5809	3	1
354.546	5810	4	1
354.546	5811	1	3
354.639	5812	2	1
354.733	5813	4	1
354.827	5814	1	1
354.827	5815	2	1
354.921	5816	3	1
355.014	5817	1	1
355.108	5818	3	1
355.108	5819	4	1
355.202	5820	2	1
355.296	5821	3	1
355.296	5822	4	2
355.389	5823	1	1
355.483	5824	3	1
355.577	5825	1	1
355.671	5826	2	1
355.764	5827	3	1
355.858	5828	1	1
355.952	5829	3	1
356.046	5830	1	1
356.046	5831	2	1
356.046	5832	4	3
356.139	5833	3	1
356.233	5834	1	1
356.327	5835	3	1
356.327	5836	4	1
356.421	5837	2	1
356.514	5838	4	1
356.608	5839	1	1
356.608	5840	2	1
356.702	5841	3	1
356.796	5842	1	1
356.796	5843	2	2
356.889	5844	4	1
356.983	5845	1	1
357.077	5846	3	1
357.171	5847	4	1
357.264	5848	1	1
357.358	5849	4	1
357.452	5850	3	1
357.546	5851	1	1
357.546	5852	4	1
357.546	5853	2	3
357.639	5854	3	1
357.733	5855	1	1
357.827	5856	2	1
357.827	5857	4	1
357.921	5858	3	1
358.014	5859	2	1
358.108	5860	1	1
358.108	5861	3	1
358.202	5862	4	1
358.296	5863	1	1
358.296	5864	2	1
358.389	5865	3	1
358.483	5866	2	1
358.577	5867	1	1
358.577	5868	4	1
358.671	5869	3	1
358.764	5870	2	1
358.858	5871	1	1
358.858	5872	3	1
358.952	5873	4	1
359.046	5874	1	1
359.046	5875	2	1
359.139	5876	3	1
359.233	5877	1	1
359.233	5878	4	1
359.327	5879	2	1
359.421	5880	3	1
359.421	5881	4	1
359.514	5882	2	1
359.608	5883	1	1
359.608	5884	4	1
359.702	5885	3	1
359.796	5886	1	2
359.796	5887	2	1
359.889	5888	3	1
359.983	5889	4	1
360.077	5890	3	1
360.171	5891	2	1
360.264	5892	4	1
360.358	5893	3	1
360.452	5894	2	1
360.546	5895	3	1
360.546	5896	4	1
360.546	5897	1	3
360.639	5898	2	1
360.733	5899	4	1
360.827	5900	1	1
360.827	5901	2	1
360.921	5902	3	1
361.014	5903	1	1
361.108	5904	3	1
361.108	5905	4	1
361.202	5906	2	1
361.296	5907	3	1
361.296	5908	4	2
361.389	5909	1	1
361.483	5910	3	1
361.577	5911	1	1
361.671	5912	2	1
361.764	5913	3	1
361.858	5914	1	1
361.952	5915	3	1
362.046	5916	1	1
362.046	5917	2	1
362.046	5918	4	3
362.139	5919	3	1
362.233	5920	1	1
362.327	5921	3	1
362.327	5922	4	1
362.421	5923	2	1
362.514	5924	4	1
362.608	5925	1	1
362.608	5926	2	1
362.702	5927	3	1
362.796	5928	1	1
362.796	5929	4	1
362.889	5930	2	1
362.983	5931	3	1
362.983	5932	4	1
363.077	5933	2	1
363.171	5934	3	1
363.264	5935	1	1
363.358	5936	2	1
363.358	5937	4	1
363.452	5938	3	1
363.546	5939	1	1
363.639	5940	4	1
363.733	5941	1	1
363.733	5942	3	1
363.827	5943	2	1
363.827	5944	4	1
363.921	5945	1	1
363.921	5946	3	1
364.014	5947	2	1
364.108	5948	4	1
364.202	5949	3	1
364.296	5950	1	1
364.296	5951	2	2
364.389	5952	4	1
364.483	5953	3	1
364.577	5954	1	1
364.671	5955	3	1
364.764	5956	4	1
364.858	5957	3	1
364.952	5958	1	1
365.046	5959	3	1
365.046	5960	4	2
365.046	5961	2	3
365.139	5962	1	1
365.233	5963	2	1
365.327	5964	3	1
365.421	5965	2	1
365.514	5966	1	1
365.608	5967	3	1
365.702	5968	2	1
365.796	5969	1	2
365.796	5970	3	1
365.796	5971	4	3
365.889	5972	2	1
365.983	5973	4	1
366.077	5974	3	1
366.171	5975	2	1
366.264	5976	4	1
366.358	5977	3	1
366.452	5978	2	1
366.546	5979	3	1
366.546	5980	4	1
366.546	5981	1	3
366.639	5982	2	1
366.733	5983	4	1
366.827	5984	1	1
366.827	5985	2	1
366.921	5986	3	1
367.014	5987	1	1
367.108	5988	3	1
367.108	5989	4	1
367.202	5990	2	1
367.296	5991	3	1
367.296	5992	4	2
367.389	5993	1	1
367.483	5994	3	1
367.577	5995	1	1
367.671	5996	2	1
367.764	5997	3	1
367.858	5998	1	1
367.952	5999	3	1
368.046	6000	1	1
368.046	6001	2	1
368.046	6002	4	3
368.139	6003	3	1
368.233	6004	1	1
368.327	6005	3	1
368.327	6006	4	1
368.421	6007	2	1
368.514	6008	4	1
368.608	6009	1	1
368.608	6010	2	1
368.702	6011	3	1
368.796	6012	1	1
368.796	6013	2	2
368.889	6014	4	1
368.983	6015	1	1
369.077	6016	3	1
369.171	6017	4	1
369.264	6018	1	1
369.358	6019	4	1
369.452	6020	3	1
369.546	6021	1	1
369.546	6022	4	1
369.546	6023	2	3
369.639	6024	3	1
369.733	6025	1	1
369.827	6026	2	1
369.827	6027	4	1
369.921	6028	3	1
370.014	6029	2	1
370.108	6030	1	1
370.108	6031	3	1
370.202	6032	4	1
370.296	6033	1	1
370.296	6034	2	1
370.389	6035	3	1
370.483	6036	2	1
370.577	6037	1	1
370.577	6038	4	1
370.671	6039	3	1
370.764	6040	2	1
370.858	6041	1	1
370.858	6042	3	1
370.952	6043	4	1
371.046	6044	1	1
371.046	6045	2	1
371.139	6046	3	1
371.233	6047	1	1
371.233	6048	4	1
371.327	6049	2	1
371.421	6050	3	1
371.421	6051	4	1
371.514	6052	2	1
371.608	6053	1	1
371.608	6054	4	1
371.702	6055	3	1
371.796	6056	1	2
371.796	6057	2	1
371.889	6058	3	1
371.983	6059	4	1
372.077	6060	3	1
372.171	6061	2	1
372.264	6062	4	1
372.358	6063	3	1
372.452	6064	2	1
372.546	6065	3	1
372.546	6066	4	1
372.546	6067	1	3
372.639	6068	2	1
372.733	6069	4	1
372.827	6070	1	1
372.827	6071	2	1
372.921	6072	3	1
373.014	6073	1	1
373.108	6074	3	1
373.108	6075	4	1
373.202	6076	2	1
373.296	6077	3	1
373.296	6078	4	2
373.389	6079	1	1
373.483	6080	3	1
373.577	6081	1	1
373.671	6082	2	1
373.764	6083	3	1
373.858	6084	1	1
373.952	6085	3	1
374.046	6086	1	1
374.046	6087	2	1
374.046	6088	4	3
374.139	6089	3	1
374.233	6090	1	1
374.327	6091	3	1
374.327	6092	4	1
374.421	6093	2	1
374.514	6094	4	1
374.608	6095	1	1
374.608	6096	2	1
374.702	6097	3	1
374.796	6098	1	2
374.796	6099	4	1
374.889	6100	2	1
374.983	6101	4	1
375.077	6102	3	1
375.171	6103	2	1
375.264	6104	3	1
375.358	6105	4	1
375.452	6106	2	1
375.546	6107	3	1
375.639	6108	4	1
375.733	6109	3	1
375.827	6110	2	1
375.921	6111	4	1
376.014	6112	2	1
376.108	6113	3	1
376.108	6114	4	1
376.108	6115	1	3
376.202	6116	2	1
376.296	6117	3	1
376.389	6118	4	1
376.483	6119	1	1
376.483	6120	2	1
376.577	6121	4	1
376.671	6122	2	1
376.671	6123	3	1
376.764	6124	1	1
376.858	6125	3	1
376.858	6126	4	1
376.952	6127	2	1
377.046	6128	1	1
377.046	6129	4	1
377.139	6130	2	1
377.233	6131	1	1
377.233	6132	3	1
377.327	6133	4	1
377.421	6134	2	1
377.421	6135	3	1
377.514	6136	1	1
377.608	6137	3	1
377.608	6138	4	1
377.702	6139	2	1
377.796	6140	1	2
377.796	6141	3	1
377.796	6142	4	1
378.546	6143	3	2
378.546	6144	4	1
378.546	6145	1	3
378.827	6146	2	2
378.827	6147	3	3
379.108	6148	4	2
379.108	6149	2	3
379.296	6150	1	2
379.296	6151	2	1
379.296	6152	4	3
380.046	6153	3	2
380.046	6154	4	1
380.046	6155	1	3
380.327	6156	2	2
380.327	6157	3	3
380.608	6158	4	2
380.608	6159	2	3
380.796	6160	1	2
380.796	6161	2	1
380.796	6162	4	3
381.546	6163	3	2
381.546	6164	4	1
381.546	6165	1	3
381.827	6166	2	2
381.827	6167	3	3
382.108	6168	4	2
382.108	6169	2	3
382.296	6170	2	1
382.296	6171	3	2
382.296	6172	4	3
382.577	6173	1	2
382.577	6174	3	3
382.858	6175	4	2
382.858	6176	1	3
383.046	6177	2	1
383.046	6178	3	2
383.046	6179	4	3
383.233	6180	1	2
383.233	6181	3	3
383.421	6182	4	2
383.421	6183	1	3
383.608	6184	2	2
383.608	6185	4	3
383.796	6186	1	2
383.796	6187	3	1
383.796	6188	2	3
384.546	6189	3	2
384.546	6190	4	1
384.546	6191	1	3
384.827	6192	2	2
384.827	6193	3	3
385.108	6194	4	2
385.108	6195	2	3
385.296	6196	1	2
385.296	6197	2	1
385.296	6198	4	3
386.046	6199	3	2
386.046	6200	4	1
386.046	6201	1	3
386.327	6202	2	2
386.327	6203	3	3
386.608	6204	4	2
386.608	6205	2	3
386.796	6206	1	2
386.796	6207	3	1
386.796	6208	4	3
386.983	6209	2	2
386.983	6210	1	3
387.171	6211	2	3
387.358	6212	4	2
387.546	6213	1	1
387.546	6214	2	1
387.733	6215	3	2
387.733	6216	4	3
387.827	6217	2	2
387.827	6218	3	3
387.921	6219	1	2
387.921	6220	2	3
388.108	6221	3	2
388.108	6222	1	3
388.296	6223	2	2
388.296	6224	4	1
388.296	6225	3	3
389.046	6226	1	1
389.046	6227	4	2
389.046	6228	2	3
389.796	6229	1	2
389.796	6230	2	1
389.796	6231	3	1
389.796	6232	4	3
390.546	6233	3	2
390.546	6234	4	1
390.546	6235	1	3
390.827	6236	2	2
390.827	6237	3	3
391.108	6238	4	2
391.108	6239	2	3
391.296	6240	1	2
391.296	6241	2	1
391.296	6242	4	3
392.046	6243	3	2
392.046	6244	4	1
392.046	6245	1	3
392.327	6246	2	2
392.327	6247	3	3
392.608	6248	4	2
392.608	6249	2	3
392.796	6250	1	2
392.796	6251	2	1
392.796	6252	4	3
393.546	6253	3	2
393.546	6254	4	1
393.546	6255	1	3
393.827	6256	2	2
393.827	6257	3	3
394.108	6258	4	2
394.108	6259	2	3
394.296	6260	2	1
394.296	6261	3	2
394.296	6262	4	3
394.577	6263	1	2
394.577	6264	3	3
394.858	6265	4	2
394.858	6266	1	3
395.046	6267	2	1
395.046	6268	3	2
395.046	6269	4	3
395.233	6270	1	2
395.233	6271	3	3
395.421	6272	4	2
395.421	6273	1	3
395.608	6274	2	2
395.608	6275	4	3
395.796	6276	1	2
395.796	6277	3	1
395.796	6278	2	3
396.546	6279	3	1
396.546	6280	4	1
396.546	6281	1	3
396.827	6282	2	1
397.108	6283	4	1
397.296	6284	1	2
397.296	6285	2	1
398.046	6286	3	1
398.046	6287	4	1
398.046	6288	1	3
398.327	6289	2	1
398.608	6290	4	1
398.796	6291	1	2
398.796	6292	3	1
399.546	6293	3	1
399.546	6294	4	1
400.108	6295	4	2
400.108	6296	1	3
400.296	6297	2	1
400.296	6298	3	1
400.483	6299	1	1
400.483	6300	4	3
400.671	6301	2	1
400.858	6302	3	1
401.046	6303	1	1
401.046	6304	4	1
401.233	6305	3	1
401.421	6306	2	1
401.608	6307	1	1