Song Name	M1LLI0N PP (Full Version) [EXTENDED CUT] (Hard) by Camellia
Difficulty	37
Primary Color	Beat
Secondary Color	Rush
Last Note Time	407.631
Total Notes	7027
Fever Fill	2038
Fever Time	61.144650
Long Notes	909
BPM	198
Song Length	411.273424036

Timing Points
0.677	256.4103
159.651	279.0698
160.767	303.0303
161.979	329.6703
163.297	359.2814
164.734	389.6104
166.292	425.5319
167.994	461.5385
169.840	480.0000
169.840	480.0000
192.880	461.5385
192.880	461.5385
200.264	444.4444
200.264	444.4444
207.375	434.7826
207.375	434.7826
214.331	422.5352
214.331	422.5352
221.091	405.4054
221.091	405.4054
227.577	394.7368
227.577	394.7368
233.892	384.6154
233.892	384.6154
240.045	375.0000
240.045	375.0000
246.045	361.4458
246.045	361.4458
251.828	348.8372
251.828	348.8372
257.409	342.8571
257.409	342.8571
262.894	333.3333
264.227	324.3243
265.524	312.5000
266.774	300.0000
267.974	283.0189
269.106	272.7273
270.196	256.4103


Song Data
0.164	1	4	1
0.420	2	1	1
0.548	3	2	1
0.677	4	3	1
0.677	5	4	1
0.933	6	3	1
1.061	7	2	1
1.061	8	3	1
1.189	9	4	1
1.318	10	1	1
1.446	11	1	1
1.446	12	3	1
1.702	13	4	1
1.830	14	1	1
1.830	15	4	1
2.087	16	4	1
2.215	17	1	2
2.215	18	2	2
2.471	19	3	1
2.600	20	4	1
2.856	21	4	1
2.984	22	4	1
3.241	23	3	2
3.241	24	2	3
3.753	25	4	2
3.753	26	3	3
4.138	27	2	1
4.138	28	1	3
4.138	29	4	3
4.202	30	3	1
4.266	31	1	1
4.266	32	4	1
4.352	33	3	1
4.437	34	2	1
4.523	35	1	1
4.608	36	3	1
4.694	37	2	1
4.779	38	1	2
4.779	39	3	2
4.779	40	4	2
4.907	41	1	3
4.907	42	3	3
4.907	43	4	3
5.164	44	1	2
5.164	45	2	2
5.164	46	3	2
5.292	47	1	3
5.292	48	2	3
5.292	49	3	3
5.548	50	2	2
5.548	51	3	2
5.548	52	4	2
5.676	53	2	3
5.676	54	3	3
5.676	55	4	3
5.933	56	1	2
5.933	57	2	2
5.933	58	3	2
6.061	59	1	3
6.061	60	2	3
6.061	61	3	3
6.318	62	1	2
6.318	63	2	2
6.318	64	4	2
7.087	65	3	1
7.087	66	1	3
7.087	67	2	3
7.172	68	1	1
7.258	69	3	1
7.343	70	1	1
7.429	71	3	1
7.514	72	1	1
7.600	73	3	1
7.685	74	1	1
7.771	75	3	1
7.856	76	1	1
7.941	77	3	1
8.027	78	2	1
8.112	79	1	2
8.112	80	4	3
8.198	81	3	1
8.369	82	4	1
8.497	83	3	1
8.625	84	2	1
8.625	85	4	1
8.625	86	1	3
8.689	87	3	1
8.753	88	1	1
8.818	89	2	1
8.882	90	1	2
8.882	91	3	2
8.882	92	4	2
9.010	93	1	3
9.010	94	3	3
9.010	95	4	3
9.266	96	1	2
9.266	97	2	2
9.266	98	4	2
9.394	99	1	3
9.394	100	2	3
9.394	101	4	3
9.651	102	1	2
9.651	103	2	2
9.651	104	3	2
9.779	105	1	3
9.779	106	2	3
9.779	107	3	3
10.035	108	2	2
10.035	109	3	2
10.035	110	4	2
10.164	111	2	3
10.164	112	3	3
10.164	113	4	3
10.420	114	1	2
10.420	115	2	2
10.420	116	4	2
10.591	117	3	1
10.591	118	1	3
10.591	119	2	3
10.676	120	1	1
10.762	121	3	1
10.847	122	1	1
10.933	123	3	1
11.018	124	1	1
11.104	125	3	1
11.189	126	2	1
11.275	127	1	1
11.360	128	3	1
11.446	129	1	2
11.446	130	4	3
11.510	131	2	1
11.574	132	4	1
11.638	133	3	1
11.702	134	2	1
11.766	135	4	1
11.830	136	3	1
11.894	137	2	1
11.959	138	4	1
12.215	139	3	1
12.343	140	4	2
12.728	141	1	3
12.728	142	4	3
12.984	143	2	2
12.984	144	3	2
12.984	145	4	2
13.112	146	2	3
13.112	147	3	3
13.112	148	4	3
13.369	149	1	2
13.369	150	2	2
13.369	151	4	2
13.497	152	1	3
13.497	153	2	3
13.497	154	4	3
13.753	155	2	2
13.753	156	3	2
13.753	157	4	2
13.882	158	2	3
13.882	159	3	3
13.882	160	4	3
14.138	161	1	2
14.138	162	2	2
14.138	163	3	2
14.266	164	1	3
14.266	165	2	3
14.266	166	3	3
14.523	167	1	2
14.523	168	2	2
14.523	169	4	2
14.779	170	3	1
14.779	171	1	3
14.779	172	2	3
14.843	173	2	1
14.907	174	1	1
14.971	175	3	1
15.035	176	2	1
15.100	177	1	1
15.164	178	3	1
15.228	179	1	1
15.292	180	2	1
15.356	181	3	1
15.420	182	1	1
15.484	183	2	1
15.548	184	1	1
15.612	185	3	1
15.676	186	2	1
15.741	187	1	1
15.805	188	3	1
15.869	189	2	1
15.933	190	3	1
16.061	191	1	2
16.061	192	4	3
16.189	193	4	1
16.318	194	3	1
16.382	195	4	1
16.446	196	3	1
16.574	197	2	1
16.702	198	3	1
16.830	199	4	1
16.830	200	1	3
16.894	201	3	1
16.959	202	1	1
17.023	203	2	1
17.087	204	1	2
17.087	205	3	2
17.087	206	4	2
17.215	207	1	3
17.215	208	3	3
17.215	209	4	3
17.471	210	1	2
17.471	211	2	2
17.471	212	3	2
17.600	213	1	3
17.600	214	2	3
17.600	215	3	3
17.856	216	1	2
17.856	217	3	2
17.856	218	4	2
17.984	219	1	3
17.984	220	3	3
17.984	221	4	3
18.241	222	2	2
18.241	223	3	2
18.241	224	4	2
18.369	225	2	3
18.369	226	3	3
18.369	227	4	3
18.625	228	1	2
18.625	229	2	2
18.625	230	4	2
18.753	231	3	1
18.753	232	2	3
18.818	233	2	1
18.882	234	3	1
18.882	235	1	3
18.946	236	1	1
19.010	237	2	1
19.074	238	3	1
19.138	239	1	1
19.266	240	3	1
19.330	241	2	1
19.394	242	1	1
19.523	243	3	1
19.565	244	2	1
19.608	245	1	1
19.651	246	3	1
19.736	247	2	1
19.822	248	3	1
19.907	249	1	1
19.993	250	2	1
20.078	251	1	1
20.164	252	3	1
20.249	253	2	1
20.335	254	3	1
20.420	255	1	1
20.506	256	3	1
20.591	257	1	1
20.676	258	2	2
20.676	259	4	3
20.933	260	1	2
20.933	261	3	2
20.933	262	4	2
20.933	263	2	3
21.574	264	2	1
21.574	265	3	3
21.574	266	4	3
21.638	267	3	1
21.702	268	4	1
21.830	269	3	1
21.959	270	2	1
22.087	271	4	1
22.215	272	3	1
22.279	273	2	1
22.343	274	4	1
22.471	275	3	1
22.535	276	2	1
22.600	277	3	1
22.728	278	4	2
22.728	279	1	3
22.856	280	4	3
22.984	281	4	2
23.112	282	4	3
23.241	283	1	1
23.241	284	2	1
23.241	285	3	1
23.497	286	1	1
23.497	287	2	1
23.497	288	3	1
23.882	289	1	1
23.882	290	2	1
23.882	291	4	1
24.138	292	1	1
24.138	293	2	1
24.138	294	4	1
24.266	295	3	1
24.394	296	2	1
24.523	297	4	1
24.651	298	4	1
24.715	299	2	1
24.779	300	1	1
24.907	301	3	1
24.971	302	1	1
25.035	303	3	1
25.100	304	1	1
25.164	305	3	1
25.228	306	1	1
25.292	307	2	1
25.292	308	3	1
25.292	309	4	1
25.548	310	2	1
25.548	311	3	1
25.548	312	4	1
25.933	313	1	1
25.933	314	3	1
25.933	315	4	1
26.189	316	1	1
26.189	317	3	1
26.189	318	4	1
26.446	319	1	1
26.446	320	3	1
26.446	321	4	1
26.574	322	2	1
26.638	323	4	1
26.702	324	3	1
26.766	325	2	1
26.830	326	1	1
26.894	327	4	1
26.959	328	1	1
27.023	329	2	1
27.087	330	3	1
27.151	331	1	1
27.215	332	4	1
27.343	333	1	1
27.343	334	2	1
27.343	335	3	1
27.600	336	1	1
27.600	337	2	1
27.600	338	3	1
27.984	339	1	1
27.984	340	2	1
27.984	341	4	1
28.241	342	1	1
28.241	343	2	1
28.241	344	4	1
28.369	345	3	1
28.497	346	1	1
28.625	347	3	1
28.689	348	2	1
28.753	349	3	1
28.818	350	2	1
28.882	351	3	1
28.946	352	1	1
29.010	353	2	1
29.074	354	3	1
29.138	355	1	1
29.202	356	3	1
29.266	357	1	1
29.330	358	2	1
29.394	359	3	1
29.651	360	2	1
29.651	361	3	1
29.651	362	4	1
30.035	363	1	1
30.035	364	3	1
30.035	365	4	1
30.420	366	1	1
30.420	367	2	1
30.420	368	3	1
30.420	369	4	1
30.676	370	3	1
30.805	371	1	2
30.805	372	2	2
30.805	373	3	2
30.805	374	4	2
31.061	375	1	3
31.061	376	4	3
31.189	377	2	3
31.189	378	3	3
31.318	379	3	1
31.446	380	1	1
31.446	381	2	1
31.446	382	4	1
31.510	383	3	1
31.574	384	2	1
31.638	385	3	1
31.702	386	1	1
31.702	387	2	1
31.702	388	4	1
31.766	389	3	1
31.830	390	1	1
31.894	391	2	1
32.087	392	1	1
32.087	393	3	1
32.087	394	4	1
32.151	395	2	1
32.215	396	3	1
32.279	397	2	1
32.343	398	1	1
32.343	399	3	1
32.343	400	4	1
32.407	401	2	1
32.471	402	4	1
32.535	403	3	1
32.600	404	2	1
32.664	405	1	1
32.728	406	3	1
32.728	407	4	1
32.792	408	2	1
32.856	409	4	1
32.920	410	1	1
32.984	411	3	1
33.048	412	2	1
33.112	413	3	1
33.112	414	4	1
33.176	415	2	1
33.241	416	1	1
33.241	417	4	1
33.305	418	3	1
33.369	419	2	1
33.369	420	4	1
33.433	421	3	1
33.497	422	1	1
33.497	423	2	1
33.497	424	4	1
33.561	425	3	1
33.625	426	1	1
33.689	427	2	1
33.753	428	1	1
33.753	429	3	1
33.753	430	4	1
33.818	431	2	1
33.882	432	4	1
33.946	433	1	1
34.010	434	2	1
34.074	435	3	1
34.138	436	1	1
34.138	437	2	1
34.138	438	4	1
34.202	439	3	1
34.266	440	2	1
34.330	441	1	1
34.394	442	2	1
34.394	443	3	1
34.394	444	4	1
34.459	445	1	1
34.523	446	4	1
34.587	447	3	1
34.651	448	1	1
34.651	449	2	1
34.651	450	4	1
34.715	451	3	1
34.779	452	1	1
34.843	453	2	1
34.907	454	3	1
34.971	455	4	1
35.035	456	2	1
35.100	457	1	1
35.164	458	3	1
35.228	459	1	1
35.292	460	4	1
35.356	461	2	1
35.420	462	3	1
35.484	463	4	1
35.548	464	1	1
35.548	465	2	1
35.612	466	3	1
35.676	467	1	1
35.741	468	3	1
35.805	469	1	2
35.805	470	4	2
35.933	471	2	1
35.933	472	3	1
35.933	473	1	3
35.933	474	4	3
35.997	475	4	1
36.061	476	3	1
36.125	477	2	1
36.189	478	1	2
36.189	479	3	2
36.318	480	4	1
36.318	481	1	3
36.318	482	3	3
36.382	483	2	1
36.446	484	3	1
36.510	485	1	1
36.574	486	3	2
36.574	487	4	2
36.702	488	2	1
36.702	489	3	3
36.702	490	4	3
36.766	491	4	1
36.830	492	3	1
36.894	493	4	1
36.959	494	1	2
36.959	495	2	2
37.087	496	3	1
37.087	497	1	3
37.087	498	2	3
37.151	499	2	1
37.215	500	1	1
37.279	501	2	1
37.343	502	1	2
37.343	503	4	2
37.471	504	3	1
37.471	505	1	3
37.471	506	4	3
37.535	507	2	1
37.600	508	3	1
37.664	509	1	1
37.728	510	2	2
37.728	511	4	2
37.856	512	3	1
37.856	513	2	3
37.856	514	4	3
37.920	515	1	1
37.984	516	3	1
38.048	517	2	1
38.112	518	1	2
38.112	519	4	2
38.241	520	3	1
38.241	521	1	3
38.241	522	4	3
38.305	523	2	1
38.369	524	1	1
38.433	525	2	1
38.497	526	3	2
38.497	527	4	2
38.625	528	1	2
38.625	529	3	3
38.625	530	4	3
38.753	531	4	1
38.818	532	2	1
38.818	533	3	2
39.010	534	2	1
39.010	535	1	3
39.010	536	3	3
39.266	537	1	2
39.266	538	3	2
39.394	539	2	1
39.394	540	4	1
39.394	541	1	3
39.394	542	3	3
39.651	543	1	2
39.651	544	2	2
39.651	545	3	2
39.651	546	4	2
39.843	547	1	3
39.843	548	2	3
39.843	549	3	3
39.843	550	4	3
39.907	551	1	2
39.907	552	2	2
39.907	553	3	1
39.907	554	4	2
40.035	555	3	1
40.035	556	1	3
40.035	557	2	3
40.035	558	4	3
40.164	559	1	1
40.164	560	2	1
40.228	561	3	1
40.292	562	1	1
40.356	563	3	1
40.420	564	1	2
40.420	565	2	2
40.548	566	3	1
40.548	567	4	1
40.548	568	1	3
40.548	569	2	3
40.676	570	1	2
40.676	571	2	2
40.805	572	3	1
40.805	573	4	1
40.805	574	1	3
40.805	575	2	3
40.933	576	1	2
40.933	577	2	2
41.061	578	3	1
41.061	579	4	1
41.061	580	1	3
41.061	581	2	3
41.189	582	1	2
41.189	583	4	2
41.318	584	2	1
41.318	585	3	1
41.318	586	1	3
41.318	587	4	3
41.382	588	1	1
41.446	589	3	2
41.446	590	4	2
41.574	591	2	1
41.574	592	3	3
41.574	593	4	3
41.638	594	2	1
41.702	595	1	2
41.702	596	4	2
41.830	597	1	3
41.830	598	4	3
41.959	599	2	1
41.959	600	4	1
42.023	601	3	1
42.087	602	4	1
42.151	603	3	1
42.215	604	1	2
42.215	605	2	2
42.343	606	3	1
42.343	607	4	1
42.343	608	1	3
42.343	609	2	3
42.471	610	3	2
42.471	611	4	2
42.600	612	1	1
42.600	613	2	1
42.600	614	3	3
42.600	615	4	3
42.728	616	1	1
42.728	617	3	1
42.856	618	4	2
42.984	619	1	1
42.984	620	2	1
42.984	621	3	1
42.984	622	4	3
43.112	623	1	2
43.241	624	2	1
43.241	625	3	1
43.241	626	4	1
43.241	627	1	3
43.369	628	1	1
43.433	629	2	1
43.497	630	1	1
43.497	631	4	1
43.561	632	3	1
43.625	633	2	1
43.689	634	1	1
43.753	635	2	1
43.753	636	3	1
43.753	637	4	1
44.010	638	1	1
44.010	639	2	1
44.010	640	3	1
44.010	641	4	1
44.138	642	1	1
44.138	643	2	1
44.266	644	1	1
44.266	645	2	1
44.266	646	3	1
44.266	647	4	2
44.459	648	4	3
44.523	649	1	1
44.523	650	2	1
44.523	651	3	2
44.523	652	4	1
44.715	653	3	3
44.779	654	1	1
44.779	655	2	2
44.779	656	3	1
44.779	657	4	1
44.907	658	4	1
44.907	659	2	3
44.971	660	3	1
45.035	661	1	2
45.035	662	2	1
45.035	663	4	1
45.164	664	3	1
45.164	665	1	3
45.292	666	1	1
45.292	667	2	2
45.292	668	3	1
45.292	669	4	1
45.484	670	2	3
45.548	671	1	1
45.548	672	2	1
45.548	673	3	2
45.548	674	4	1
45.741	675	3	3
45.805	676	1	1
45.805	677	2	1
45.805	678	3	1
45.805	679	4	1
45.933	680	1	1
45.933	681	2	1
45.933	682	3	1
45.933	683	4	1
46.061	684	1	1
46.061	685	2	1
46.061	686	3	1
46.061	687	4	1
46.189	688	3	1
46.189	689	4	1
46.318	690	1	1
46.318	691	2	1
46.318	692	3	1
46.318	693	4	2
46.510	694	4	3
46.574	695	1	1
46.574	696	2	1
46.574	697	3	1
46.574	698	4	1
46.702	699	1	1
46.702	700	2	1
46.830	701	1	1
46.830	702	3	1
46.830	703	4	1
46.959	704	2	1
47.023	705	2	1
47.087	706	1	1
47.087	707	3	1
47.087	708	4	1
47.215	709	3	1
47.343	710	1	1
47.343	711	2	1
47.343	712	4	1
47.471	713	1	1
47.471	714	2	1
47.471	715	3	1
47.471	716	4	1
47.728	717	3	1
47.728	718	4	1
47.771	719	1	1
47.771	720	2	1
47.813	721	3	1
47.813	722	4	1
47.856	723	1	1
47.856	724	2	1
47.984	725	3	1
48.112	726	1	1
48.112	727	4	1
48.241	728	3	1
48.305	729	2	1
48.369	730	3	1
48.369	731	4	1
48.497	732	3	1
48.497	733	4	1
48.625	734	3	1
48.625	735	4	1
48.753	736	1	1
48.818	737	1	1
48.882	738	3	1
48.882	739	4	1
49.010	740	3	1
49.010	741	4	1
49.138	742	3	1
49.138	743	4	1
49.266	744	1	1
49.330	745	1	1
49.394	746	3	1
49.394	747	4	1
49.523	748	3	1
49.523	749	4	1
49.651	750	1	2
49.651	751	2	2
49.651	752	3	1
49.651	753	4	1
49.779	754	1	3
49.779	755	2	3
49.907	756	2	2
49.907	757	3	1
49.907	758	4	2
50.035	759	3	1
50.035	760	2	3
50.035	761	4	3
50.164	762	1	2
50.164	763	2	1
50.164	764	4	2
50.292	765	2	1
50.292	766	1	3
50.292	767	4	3
50.356	768	1	1
50.420	769	3	1
50.420	770	4	1
50.548	771	3	1
50.548	772	4	1
50.676	773	3	1
50.676	774	4	1
50.805	775	1	1
50.869	776	1	1
50.933	777	3	1
50.933	778	4	1
51.061	779	3	1
51.061	780	4	1
51.189	781	3	1
51.189	782	4	1
51.318	783	2	1
51.318	784	4	1
51.382	785	3	1
51.446	786	1	1
51.510	787	4	1
51.574	788	3	1
51.638	789	2	1
51.702	790	1	1
51.702	791	4	1
51.745	792	3	1
51.788	793	2	1
51.830	794	1	1
51.873	795	4	1
51.959	796	1	1
51.959	797	2	1
51.959	798	3	1
52.087	799	3	1
52.215	800	1	1
52.215	801	2	1
52.215	802	4	1
52.343	803	3	1
52.600	804	3	1
52.600	805	4	1
52.728	806	1	1
52.728	807	3	1
52.728	808	4	1
52.856	809	2	1
52.984	810	1	1
52.984	811	3	1
53.112	812	3	1
53.241	813	1	1
53.241	814	2	1
53.241	815	4	1
53.369	816	3	1
53.433	817	2	1
53.497	818	1	1
53.497	819	4	1
53.625	820	2	1
53.625	821	3	1
53.753	822	1	1
53.753	823	2	1
53.753	824	3	1
53.882	825	1	1
53.882	826	4	1
54.010	827	2	1
54.010	828	3	1
54.138	829	3	1
54.266	830	1	1
54.266	831	2	1
54.266	832	4	1
54.330	833	3	1
54.394	834	2	1
54.651	835	1	1
54.651	836	3	1
54.779	837	1	1
54.779	838	3	1
54.779	839	4	1
54.907	840	2	1
54.971	841	3	1
55.035	842	2	1
55.035	843	4	1
55.164	844	3	1
55.292	845	1	1
55.292	846	2	1
55.292	847	4	1
55.420	848	3	1
55.420	849	4	1
55.484	850	1	1
55.484	851	2	1
55.548	852	3	1
55.548	853	4	1
55.612	854	1	1
55.676	855	2	1
55.741	856	4	1
55.805	857	1	1
55.805	858	2	1
55.869	859	3	1
55.869	860	4	1
55.933	861	1	1
55.933	862	2	1
55.997	863	3	1
55.997	864	4	1
56.061	865	1	1
56.061	866	2	1
56.189	867	3	1
56.189	868	4	1
56.318	869	1	2
56.318	870	2	2
56.318	871	3	2
56.318	872	4	2
56.446	873	1	3
56.446	874	2	3
56.446	875	3	3
56.446	876	4	3
56.574	877	2	1
56.574	878	4	1
56.702	879	1	1
56.702	880	3	1
56.766	881	2	1
56.830	882	1	1
56.830	883	3	1
56.959	884	2	1
56.959	885	4	1
57.087	886	1	1
57.087	887	4	1
57.215	888	3	1
57.215	889	4	1
57.343	890	1	1
57.343	891	2	1
57.407	892	3	1
57.471	893	1	1
57.471	894	4	1
57.600	895	2	1
57.600	896	3	1
57.728	897	3	1
57.728	898	4	1
57.856	899	1	1
57.856	900	2	1
57.984	901	1	1
57.984	902	4	1
58.048	903	2	1
58.048	904	3	1
58.112	905	1	1
58.112	906	4	1
58.176	907	3	1
58.241	908	2	2
58.369	909	1	1
58.369	910	4	1
58.369	911	2	3
58.433	912	3	1
58.497	913	4	1
58.561	914	3	1
58.625	915	1	1
58.625	916	2	1
58.753	917	3	2
58.753	918	4	2
58.818	919	3	3
58.818	920	4	3
58.882	921	1	1
58.882	922	2	1
59.010	923	3	2
59.010	924	4	2
59.074	925	3	3
59.074	926	4	3
59.138	927	1	1
59.138	928	2	1
59.266	929	3	2
59.266	930	4	2
59.330	931	3	3
59.330	932	4	3
59.394	933	1	1
59.394	934	2	1
59.523	935	3	1
59.523	936	4	1
59.651	937	1	2
59.651	938	4	2
59.779	939	2	1
59.843	940	3	1
59.907	941	2	1
59.907	942	1	3
59.907	943	4	3
59.971	944	4	1
60.035	945	3	1
60.100	946	2	1
60.164	947	1	1
60.164	948	3	1
60.164	949	4	1
60.420	950	1	1
60.420	951	2	1
60.420	952	3	1
60.420	953	4	1
60.548	954	1	1
60.548	955	2	1
60.676	956	1	1
60.676	957	2	1
60.676	958	3	1
60.676	959	4	2
60.869	960	4	3
60.933	961	1	1
60.933	962	2	1
60.933	963	3	2
60.933	964	4	1
61.125	965	3	3
61.189	966	1	1
61.189	967	2	2
61.189	968	3	1
61.189	969	4	1
61.318	970	4	1
61.318	971	2	3
61.382	972	3	1
61.446	973	1	2
61.446	974	2	1
61.446	975	4	1
61.574	976	3	1
61.574	977	1	3
61.702	978	1	1
61.702	979	2	1
61.702	980	4	1
61.830	981	1	1
61.830	982	2	1
61.830	983	3	1
61.959	984	1	1
61.959	985	3	1
61.959	986	4	1
62.215	987	1	1
62.215	988	2	1
62.215	989	3	1
62.215	990	4	1
62.279	991	1	1
62.279	992	2	1
62.279	993	3	1
62.279	994	4	1
62.407	995	1	1
62.407	996	2	1
62.407	997	3	1
62.407	998	4	1
62.471	999	1	1
62.471	1000	2	1
62.471	1001	3	1
62.471	1002	4	1
62.600	1003	3	1
62.600	1004	4	1
62.728	1005	1	1
62.728	1006	2	1
62.728	1007	3	1
62.728	1008	4	2
62.920	1009	4	3
62.984	1010	1	1
62.984	1011	2	1
62.984	1012	3	1
62.984	1013	4	1
63.112	1014	2	1
63.112	1015	3	1
63.241	1016	1	1
63.241	1017	3	1
63.241	1018	4	1
63.369	1019	2	1
63.369	1020	4	1
63.433	1021	4	1
63.497	1022	1	1
63.497	1023	2	1
63.497	1024	3	1
63.625	1025	3	1
63.753	1026	1	1
63.753	1027	2	1
63.753	1028	4	1
63.882	1029	1	1
63.882	1030	2	1
63.882	1031	3	1
63.882	1032	4	1
64.138	1033	3	1
64.138	1034	4	1
64.181	1035	1	1
64.181	1036	2	1
64.224	1037	3	1
64.224	1038	4	1
64.266	1039	1	1
64.266	1040	2	1
64.394	1041	3	1
64.523	1042	1	1
64.523	1043	4	1
64.651	1044	3	1
64.715	1045	2	1
64.779	1046	3	1
64.779	1047	4	1
64.907	1048	3	1
64.907	1049	4	1
65.035	1050	3	1
65.035	1051	4	1
65.164	1052	1	1
65.228	1053	1	1
65.292	1054	3	1
65.292	1055	4	1
65.420	1056	3	1
65.420	1057	4	1
65.548	1058	3	1
65.548	1059	4	1
65.676	1060	1	1
65.741	1061	1	1
65.805	1062	3	1
65.805	1063	4	1
65.933	1064	3	1
65.933	1065	4	1
66.061	1066	1	2
66.061	1067	2	2
66.061	1068	3	1
66.061	1069	4	1
66.189	1070	1	3
66.189	1071	2	3
66.318	1072	2	2
66.318	1073	3	1
66.318	1074	4	2
66.446	1075	3	1
66.446	1076	2	3
66.446	1077	4	3
66.574	1078	1	2
66.574	1079	2	1
66.574	1080	4	2
66.702	1081	2	1
66.702	1082	1	3
66.702	1083	4	3
66.766	1084	1	1
66.830	1085	3	1
66.830	1086	4	1
66.959	1087	3	1
66.959	1088	4	1
67.087	1089	3	1
67.087	1090	4	1
67.215	1091	1	1
67.279	1092	1	1
67.343	1093	3	1
67.343	1094	4	1
67.407	1095	1	1
67.471	1096	3	1
67.471	1097	4	1
67.600	1098	3	1
67.600	1099	4	1
67.728	1100	1	1
67.728	1101	2	1
67.792	1102	3	1
67.856	1103	1	1
67.856	1104	4	1
67.984	1105	2	1
68.112	1106	1	1
68.155	1107	2	1
68.198	1108	3	1
68.241	1109	1	1
68.283	1110	2	1
68.326	1111	4	1
68.369	1112	1	1
68.369	1113	2	1
68.369	1114	3	1
68.497	1115	3	1
68.625	1116	1	1
68.625	1117	2	1
68.625	1118	4	1
68.753	1119	3	1
68.882	1120	1	1
69.010	1121	3	1
69.010	1122	4	1
69.138	1123	1	1
69.138	1124	3	1
69.138	1125	4	1
69.266	1126	2	1
69.394	1127	1	1
69.394	1128	3	1
69.523	1129	3	1
69.651	1130	1	1
69.651	1131	2	1
69.651	1132	4	1
69.779	1133	3	1
69.843	1134	2	1
69.907	1135	1	1
69.907	1136	4	1
70.035	1137	2	1
70.035	1138	3	1
70.164	1139	1	1
70.164	1140	2	1
70.164	1141	3	1
70.292	1142	1	1
70.292	1143	4	1
70.420	1144	3	1
70.420	1145	4	1
70.484	1146	2	1
70.548	1147	1	1
70.612	1148	3	1
70.676	1149	2	1
70.676	1150	4	1
70.741	1151	3	1
70.805	1152	4	1
70.869	1153	1	1
70.933	1154	2	1
70.997	1155	3	1
71.061	1156	1	1
71.061	1157	4	1
71.125	1158	3	1
71.189	1159	2	1
71.253	1160	1	1
71.318	1161	3	1
71.318	1162	4	1
71.382	1163	2	1
71.446	1164	1	1
71.446	1165	4	1
71.574	1166	3	1
71.638	1167	2	1
71.702	1168	4	1
71.830	1169	1	1
71.894	1170	2	1
71.959	1171	3	2
72.087	1172	1	1
72.087	1173	3	3
72.151	1174	2	1
72.215	1175	3	1
72.215	1176	4	1
72.258	1177	1	1
72.300	1178	2	1
72.343	1179	3	1
72.386	1180	4	1
72.429	1181	2	1
72.471	1182	1	2
72.471	1183	3	2
72.471	1184	4	2
72.600	1185	2	1
72.600	1186	1	3
72.600	1187	3	3
72.600	1188	4	3
72.728	1189	1	2
72.728	1190	3	2
72.728	1191	4	2
72.856	1192	1	3
72.856	1193	3	3
72.856	1194	4	3
72.984	1195	1	2
72.984	1196	2	2
72.984	1197	4	1
73.112	1198	4	2
73.112	1199	1	3
73.112	1200	2	3
73.241	1201	1	1
73.241	1202	2	2
73.241	1203	3	1
73.241	1204	4	3
73.369	1205	3	2
73.369	1206	2	3
73.497	1207	1	2
73.497	1208	2	1
73.497	1209	4	1
73.497	1210	3	3
73.625	1211	3	2
73.625	1212	4	2
73.625	1213	1	3
73.753	1214	1	1
73.753	1215	2	1
73.753	1216	3	3
73.753	1217	4	3
73.882	1218	2	1
73.882	1219	3	1
74.010	1220	1	2
74.010	1221	4	2
74.138	1222	2	1
74.138	1223	1	3
74.138	1224	4	3
74.266	1225	1	1
74.266	1226	3	1
74.266	1227	4	1
74.309	1228	2	1
74.352	1229	3	1
74.394	1230	4	1
74.437	1231	2	1
74.480	1232	1	1
74.523	1233	3	1
74.523	1234	4	1
74.651	1235	2	1
74.779	1236	1	1
74.779	1237	2	1
74.779	1238	4	1
74.907	1239	3	2
74.907	1240	4	2
74.971	1241	3	3
74.971	1242	4	3
75.035	1243	1	1
75.035	1244	2	1
75.164	1245	3	1
75.292	1246	1	2
75.292	1247	2	1
75.292	1248	4	2
75.356	1249	1	3
75.356	1250	4	3
75.548	1251	1	1
75.548	1252	3	1
75.548	1253	4	1
75.676	1254	2	1
75.741	1255	3	1
75.741	1256	4	1
75.805	1257	1	1
75.805	1258	2	1
75.933	1259	1	1
75.933	1260	4	1
75.997	1261	3	1
76.061	1262	2	1
76.061	1263	4	1
76.189	1264	3	1
76.318	1265	1	2
76.318	1266	2	2
76.318	1267	3	2
76.318	1268	4	2
76.446	1269	1	3
76.446	1270	2	3
76.446	1271	3	3
76.446	1272	4	3
76.574	1273	1	2
76.574	1274	3	2
76.574	1275	4	2
76.702	1276	2	1
76.702	1277	1	3
76.702	1278	3	3
76.702	1279	4	3
76.830	1280	1	2
76.830	1281	3	2
76.830	1282	4	2
76.959	1283	1	3
76.959	1284	3	3
76.959	1285	4	3
77.087	1286	1	2
77.087	1287	2	2
77.087	1288	4	1
77.215	1289	3	2
77.215	1290	1	3
77.215	1291	2	3
77.343	1292	1	1
77.343	1293	2	1
77.343	1294	4	1
77.343	1295	3	3
77.471	1296	4	2
77.600	1297	1	1
77.600	1298	2	1
77.600	1299	3	1
77.600	1300	4	3
77.728	1301	2	2
77.856	1302	1	1
77.856	1303	3	1
77.856	1304	4	1
77.856	1305	2	3
77.984	1306	2	1
77.984	1307	4	1
78.048	1308	3	1
78.112	1309	1	1
78.112	1310	2	1
78.112	1311	4	1
78.241	1312	3	1
78.369	1313	1	1
78.369	1314	2	1
78.369	1315	4	1
78.433	1316	3	1
78.497	1317	2	1
78.561	1318	3	1
78.625	1319	1	1
78.625	1320	4	1
78.753	1321	1	1
78.753	1322	3	1
78.882	1323	2	1
78.882	1324	3	1
79.010	1325	1	1
79.010	1326	4	1
79.074	1327	3	1
79.138	1328	2	1
79.138	1329	4	1
79.266	1330	2	1
79.266	1331	3	1
79.394	1332	1	1
79.394	1333	3	1
79.523	1334	2	1
79.587	1335	3	1
79.587	1336	4	1
79.651	1337	1	1
79.651	1338	2	1
79.779	1339	3	1
79.779	1340	4	1
79.907	1341	2	1
79.907	1342	3	1
80.035	1343	2	1
80.100	1344	3	1
80.100	1345	4	1
80.164	1346	1	1
80.164	1347	2	1
80.228	1348	4	1
80.292	1349	3	1
80.356	1350	4	1
80.420	1351	1	1
80.484	1352	2	1
80.548	1353	1	1
80.612	1354	2	1
80.676	1355	1	2
80.676	1356	3	2
80.676	1357	4	2
80.805	1358	2	1
80.805	1359	1	3
80.805	1360	3	3
80.805	1361	4	3
80.933	1362	1	2
80.933	1363	3	2
80.933	1364	4	2
81.061	1365	2	1
81.061	1366	1	3
81.061	1367	3	3
81.061	1368	4	3
81.189	1369	1	2
81.189	1370	2	2
81.189	1371	4	1
81.318	1372	4	2
81.318	1373	1	3
81.318	1374	2	3
81.446	1375	1	1
81.446	1376	2	2
81.446	1377	3	1
81.446	1378	4	3
81.574	1379	3	2
81.574	1380	2	3
81.702	1381	1	2
81.702	1382	2	1
81.702	1383	4	1
81.702	1384	3	3
81.830	1385	3	2
81.830	1386	4	2
81.830	1387	1	3
81.959	1388	1	1
81.959	1389	2	1
81.959	1390	3	3
81.959	1391	4	3
82.087	1392	2	1
82.087	1393	3	1
82.215	1394	1	2
82.215	1395	4	2
82.343	1396	2	1
82.343	1397	1	3
82.343	1398	4	3
82.471	1399	1	1
82.471	1400	3	1
82.471	1401	4	1
82.514	1402	2	1
82.557	1403	3	1
82.600	1404	4	1
82.642	1405	2	1
82.685	1406	1	1
82.728	1407	3	1
82.728	1408	4	1
82.856	1409	2	1
82.984	1410	1	1
82.984	1411	2	1
82.984	1412	4	1
83.112	1413	3	2
83.112	1414	4	2
83.176	1415	3	3
83.176	1416	4	3
83.241	1417	1	1
83.241	1418	2	1
83.369	1419	3	1
83.497	1420	1	2
83.497	1421	2	1
83.497	1422	4	2
83.561	1423	1	3
83.561	1424	4	3
83.625	1425	2	1
83.753	1426	1	1
83.753	1427	3	1
83.753	1428	4	1
83.882	1429	2	1
83.946	1430	3	1
83.946	1431	4	1
84.010	1432	1	1
84.010	1433	2	1
84.138	1434	1	1
84.138	1435	4	1
84.202	1436	3	1
84.266	1437	2	1
84.266	1438	4	1
84.394	1439	2	1
84.394	1440	3	1
84.523	1441	1	1
84.523	1442	4	1
84.587	1443	2	1
84.651	1444	3	1
84.715	1445	2	1
84.779	1446	1	2
84.779	1447	3	2
84.779	1448	4	2
84.907	1449	2	1
84.907	1450	1	3
84.907	1451	3	3
84.907	1452	4	3
85.035	1453	1	2
85.035	1454	3	2
85.035	1455	4	2
85.164	1456	2	1
85.164	1457	1	3
85.164	1458	3	3
85.164	1459	4	3
85.292	1460	1	2
85.292	1461	2	2
85.292	1462	4	1
85.420	1463	3	2
85.420	1464	1	3
85.420	1465	2	3
85.548	1466	1	1
85.548	1467	2	1
85.548	1468	4	1
85.548	1469	3	3
85.676	1470	4	2
85.805	1471	1	1
85.805	1472	2	1
85.805	1473	3	1
85.805	1474	4	3
85.933	1475	2	2
86.061	1476	1	1
86.061	1477	3	1
86.061	1478	4	1
86.061	1479	2	3
86.189	1480	2	1
86.189	1481	4	1
86.253	1482	3	1
86.318	1483	1	1
86.318	1484	2	1
86.318	1485	4	1
86.446	1486	1	1
86.446	1487	3	1
86.574	1488	2	1
86.574	1489	3	1
86.638	1490	4	1
86.702	1491	1	1
86.702	1492	2	1
86.766	1493	3	1
86.959	1494	1	1
86.959	1495	4	1
87.023	1496	2	1
87.023	1497	3	1
87.087	1498	1	1
87.087	1499	4	1
87.343	1500	1	1
87.343	1501	4	1
87.407	1502	2	1
87.407	1503	3	1
87.471	1504	1	1
87.471	1505	4	1
87.728	1506	1	1
87.728	1507	4	1
87.792	1508	2	1
87.792	1509	3	1
87.856	1510	1	1
87.856	1511	4	1
88.112	1512	1	1
88.112	1513	4	1
88.176	1514	2	1
88.176	1515	3	1
88.241	1516	1	1
88.241	1517	4	1
88.369	1518	1	1
88.369	1519	4	1
88.497	1520	2	2
88.497	1521	3	2
88.625	1522	1	1
88.625	1523	2	3
88.753	1524	4	1
88.753	1525	3	3
88.882	1526	1	2
88.882	1527	2	2
88.882	1528	3	2
88.882	1529	4	2
89.266	1530	1	3
89.266	1531	2	3
89.266	1532	3	3
89.266	1533	4	3
89.394	1534	2	1
89.394	1535	3	1
89.394	1536	4	1
89.523	1537	2	1
89.523	1538	3	1
89.523	1539	4	1
89.651	1540	1	2
89.651	1541	2	2
89.651	1542	3	2
89.651	1543	4	2
90.035	1544	1	3
90.035	1545	2	3
90.035	1546	3	3
90.035	1547	4	3
90.164	1548	1	1
90.164	1549	2	1
90.292	1550	4	1
90.356	1551	3	1
90.420	1552	2	1
90.420	1553	4	1
90.548	1554	2	1
90.676	1555	3	2
90.676	1556	4	2
90.741	1557	3	3
90.741	1558	4	3
90.805	1559	1	2
90.805	1560	2	2
90.869	1561	1	3
90.869	1562	2	3
90.933	1563	1	2
90.933	1564	2	2
90.933	1565	3	2
90.933	1566	4	2
91.318	1567	1	3
91.318	1568	2	3
91.318	1569	3	3
91.318	1570	4	3
91.446	1571	3	1
91.446	1572	4	1
91.531	1573	3	1
91.531	1574	4	1
91.617	1575	3	1
91.617	1576	4	1
91.702	1577	1	2
91.702	1578	2	2
91.702	1579	3	2
91.702	1580	4	2
92.087	1581	1	3
92.087	1582	2	3
92.087	1583	3	3
92.087	1584	4	3
92.215	1585	1	1
92.215	1586	2	2
92.215	1587	3	2
92.343	1588	4	1
92.343	1589	2	3
92.343	1590	3	3
92.471	1591	1	1
92.471	1592	3	1
92.471	1593	4	1
92.600	1594	1	2
92.664	1595	1	3
92.728	1596	1	2
92.728	1597	4	2
92.920	1598	1	3
92.920	1599	4	3
92.984	1600	2	1
92.984	1601	3	1
93.112	1602	1	1
93.112	1603	4	1
93.241	1604	1	1
93.241	1605	2	1
93.241	1606	4	1
93.369	1607	3	1
93.369	1608	4	2
93.497	1609	1	1
93.625	1610	1	1
93.625	1611	2	1
93.753	1612	3	1
93.753	1613	4	3
93.882	1614	2	1
94.010	1615	1	2
94.010	1616	3	1
94.138	1617	3	1
94.266	1618	3	1
94.266	1619	4	1
94.266	1620	1	3
94.394	1621	1	2
94.394	1622	2	1
94.523	1623	3	1
94.651	1624	3	1
94.651	1625	4	1
94.651	1626	1	3
94.779	1627	1	2
94.779	1628	2	1
94.907	1629	3	1
94.907	1630	1	3
95.035	1631	1	1
95.035	1632	4	2
95.164	1633	3	1
95.292	1634	1	1
95.292	1635	2	1
95.292	1636	4	3
95.420	1637	3	2
95.420	1638	4	1
95.548	1639	2	1
95.676	1640	1	1
95.676	1641	2	1
95.676	1642	3	3
95.805	1643	3	1
95.933	1644	2	1
96.061	1645	1	2
96.061	1646	3	1
96.189	1647	3	1
96.318	1648	3	1
96.318	1649	4	1
96.318	1650	1	3
96.446	1651	1	2
96.446	1652	2	1
96.574	1653	3	1
96.702	1654	3	1
96.702	1655	4	1
96.702	1656	1	3
96.830	1657	2	1
96.894	1658	3	1
96.894	1659	4	1
96.959	1660	1	1
96.959	1661	2	2
97.023	1662	2	3
97.087	1663	1	2
97.087	1664	2	2
97.087	1665	3	2
97.087	1666	4	2
97.471	1667	1	3
97.471	1668	2	3
97.471	1669	3	3
97.471	1670	4	3
97.600	1671	2	1
97.600	1672	3	1
97.600	1673	4	1
97.728	1674	2	1
97.728	1675	3	1
97.728	1676	4	1
97.856	1677	1	2
97.856	1678	2	2
97.856	1679	3	2
97.856	1680	4	2
98.241	1681	1	3
98.241	1682	2	3
98.241	1683	3	3
98.241	1684	4	3
98.369	1685	1	1
98.369	1686	2	1
98.497	1687	4	1
98.561	1688	3	1
98.625	1689	2	1
98.625	1690	4	1
98.753	1691	2	1
98.882	1692	3	2
98.882	1693	4	2
98.946	1694	3	3
98.946	1695	4	3
99.010	1696	1	2
99.010	1697	2	2
99.074	1698	1	3
99.074	1699	2	3
99.138	1700	1	2
99.138	1701	2	2
99.138	1702	3	2
99.138	1703	4	2
99.523	1704	1	3
99.523	1705	2	3
99.523	1706	3	3
99.523	1707	4	3
99.651	1708	3	1
99.651	1709	4	1
99.736	1710	3	1
99.736	1711	4	1
99.822	1712	3	1
99.822	1713	4	1
99.907	1714	1	2
99.907	1715	2	2
99.907	1716	3	2
99.907	1717	4	2
100.035	1718	1	3
100.035	1719	2	3
100.164	1720	1	1
100.164	1721	2	1
100.292	1722	2	1
100.292	1723	3	3
100.292	1724	4	3
100.420	1725	3	1
100.420	1726	4	1
100.548	1727	1	1
100.612	1728	2	1
100.676	1729	3	1
100.676	1730	4	1
100.741	1731	2	1
100.805	1732	4	2
100.869	1733	4	3
100.933	1734	1	2
100.933	1735	3	2
101.061	1736	4	1
101.061	1737	1	3
101.061	1738	3	3
101.189	1739	1	2
101.189	1740	2	1
101.189	1741	3	1
101.318	1742	2	1
101.446	1743	3	1
101.446	1744	4	1
101.446	1745	1	3
101.574	1746	1	1
101.574	1747	4	2
101.702	1748	3	1
101.830	1749	1	1
101.830	1750	2	1
101.830	1751	4	3
101.959	1752	3	1
102.087	1753	3	1
102.215	1754	1	1
102.215	1755	2	2
102.215	1756	4	1
102.343	1757	3	1
102.471	1758	3	1
102.471	1759	4	1
102.471	1760	2	3
102.600	1761	1	1
102.600	1762	2	2
102.728	1763	3	1
102.856	1764	3	1
102.856	1765	4	1
102.856	1766	2	3
102.984	1767	1	1
102.984	1768	2	2
103.112	1769	3	1
103.112	1770	2	3
103.241	1771	1	1
103.241	1772	4	2
103.369	1773	3	1
103.497	1774	1	1
103.497	1775	2	1
103.497	1776	4	3
103.625	1777	3	2
103.625	1778	4	1
103.753	1779	2	1
103.882	1780	1	1
103.882	1781	2	1
103.882	1782	3	3
104.010	1783	3	1
104.138	1784	4	1
104.266	1785	1	2
104.266	1786	2	1
104.394	1787	3	1
104.523	1788	3	1
104.523	1789	4	1
104.523	1790	1	3
104.651	1791	1	1
104.651	1792	2	1
104.779	1793	3	1
104.779	1794	4	1
104.907	1795	1	1
104.907	1796	2	1
105.035	1797	2	1
105.035	1798	3	1
105.164	1799	3	1
105.164	1800	4	1
105.292	1801	1	1
105.292	1802	2	1
105.292	1803	4	1
105.356	1804	3	1
105.420	1805	2	1
105.484	1806	1	1
105.548	1807	3	1
105.548	1808	4	1
105.676	1809	1	1
105.741	1810	2	1
105.805	1811	1	1
105.869	1812	2	1
105.933	1813	3	1
105.933	1814	4	1
106.061	1815	2	1
106.125	1816	4	1
106.189	1817	3	1
106.253	1818	2	1
106.318	1819	1	1
106.382	1820	3	1
106.446	1821	2	1
106.510	1822	3	1
106.574	1823	1	1
106.574	1824	2	1
106.702	1825	4	1
106.830	1826	4	1
106.959	1827	1	1
106.959	1828	4	1
107.087	1829	2	1
107.215	1830	3	1
107.215	1831	4	1
107.343	1832	1	1
107.343	1833	2	1
107.471	1834	3	1
107.600	1835	2	1
107.600	1836	3	1
107.728	1837	1	1
107.856	1838	1	1
107.856	1839	2	1
107.856	1840	4	1
107.984	1841	4	1
108.112	1842	2	1
108.112	1843	3	1
108.241	1844	4	1
108.369	1845	1	1
108.433	1846	2	1
108.497	1847	4	1
108.561	1848	3	1
108.625	1849	1	1
108.689	1850	2	1
108.753	1851	4	1
108.818	1852	3	1
108.882	1853	1	2
108.882	1854	2	2
109.010	1855	1	3
109.010	1856	2	3
109.138	1857	3	1
109.138	1858	4	1
109.202	1859	1	1
109.202	1860	2	1
109.266	1861	3	1
109.266	1862	4	1
109.330	1863	1	1
109.330	1864	2	1
109.394	1865	3	1
109.394	1866	4	1
109.459	1867	1	1
109.523	1868	2	1
109.587	1869	3	1
109.651	1870	1	2
109.651	1871	4	2
109.779	1872	2	1
109.779	1873	3	1
109.779	1874	1	3
109.779	1875	4	3
109.843	1876	4	1
109.907	1877	2	1
109.971	1878	3	1
110.035	1879	1	2
110.035	1880	2	2
110.164	1881	3	1
110.164	1882	4	1
110.164	1883	1	3
110.164	1884	2	3
110.228	1885	2	1
110.292	1886	1	1
110.356	1887	3	1
110.420	1888	2	2
110.420	1889	4	2
110.548	1890	3	1
110.548	1891	2	3
110.548	1892	4	3
110.612	1893	2	1
110.676	1894	4	1
110.741	1895	3	1
110.805	1896	1	2
110.805	1897	2	2
110.933	1898	3	1
110.933	1899	1	3
110.933	1900	2	3
110.997	1901	4	1
111.061	1902	3	1
111.125	1903	4	1
111.189	1904	1	2
111.189	1905	2	2
111.318	1906	3	1
111.318	1907	1	3
111.318	1908	2	3
111.382	1909	4	1
111.446	1910	3	1
111.510	1911	1	1
111.574	1912	3	2
111.574	1913	4	2
111.702	1914	1	1
111.702	1915	2	1
111.702	1916	3	3
111.702	1917	4	3
111.766	1918	3	1
111.766	1919	4	1
111.830	1920	1	1
111.830	1921	2	1
111.894	1922	3	1
111.894	1923	4	1
111.959	1924	1	2
111.959	1925	2	2
112.087	1926	3	1
112.087	1927	4	1
112.087	1928	1	3
112.087	1929	2	3
112.151	1930	1	1
112.151	1931	2	1
112.215	1932	3	1
112.215	1933	4	1
112.279	1934	1	1
112.279	1935	2	1
112.343	1936	3	1
112.343	1937	4	1
112.471	1938	1	2
112.600	1939	4	1
112.664	1940	2	1
112.664	1941	3	2
112.856	1942	2	1
112.856	1943	1	3
112.856	1944	3	3
113.112	1945	1	2
113.112	1946	3	2
113.241	1947	2	1
113.241	1948	4	1
113.241	1949	1	3
113.241	1950	3	3
113.497	1951	1	1
113.497	1952	3	2
113.497	1953	4	2
113.625	1954	1	1
113.625	1955	3	3
113.625	1956	4	3
113.657	1957	2	1
113.689	1958	3	1
113.721	1959	4	1
113.753	1960	1	1
113.882	1961	3	1
114.010	1962	1	1
114.010	1963	2	1
114.010	1964	4	1
114.138	1965	1	1
114.138	1966	2	1
114.138	1967	4	1
114.266	1968	1	1
114.266	1969	2	1
114.266	1970	4	1
114.394	1971	3	1
114.523	1972	1	1
114.523	1973	2	1
114.523	1974	4	1
114.651	1975	1	1
114.651	1976	2	1
114.651	1977	4	1
114.779	1978	1	1
114.779	1979	2	1
114.779	1980	4	1
114.907	1981	3	1
115.035	1982	1	1
115.035	1983	3	1
115.035	1984	4	1
115.164	1985	1	2
115.228	1986	1	3
115.292	1987	2	2
115.356	1988	2	3
115.420	1989	4	2
115.484	1990	4	3
115.548	1991	1	2
115.548	1992	2	2
115.548	1993	3	2
115.676	1994	1	3
115.676	1995	2	3
115.676	1996	3	3
115.805	1997	1	2
115.805	1998	2	2
115.805	1999	3	2
115.933	2000	1	3
115.933	2001	2	3
115.933	2002	3	3
116.061	2003	1	1
116.061	2004	2	1
116.061	2005	4	1
116.189	2006	1	1
116.189	2007	2	1
116.189	2008	4	1
116.318	2009	1	1
116.318	2010	2	1
116.318	2011	4	1
116.446	2012	3	1
116.574	2013	1	1
116.574	2014	2	1
116.574	2015	4	1
116.702	2016	1	1
116.702	2017	2	1
116.702	2018	4	1
116.830	2019	1	1
116.830	2020	2	1
116.830	2021	4	1
116.959	2022	3	1
117.087	2023	1	2
117.087	2024	3	2
117.087	2025	4	2
117.215	2026	2	1
117.215	2027	1	3
117.215	2028	3	3
117.215	2029	4	3
117.279	2030	3	1
117.343	2031	1	2
117.343	2032	4	2
117.471	2033	2	1
117.471	2034	1	3
117.471	2035	4	3
117.600	2036	1	1
117.600	2037	2	1
117.600	2038	3	1
117.600	2039	4	2
117.984	2040	3	1
117.984	2041	4	3
118.112	2042	1	1
118.112	2043	3	1
118.112	2044	4	2
118.283	2045	1	2
118.283	2046	4	3
118.454	2047	2	1
118.454	2048	3	2
118.454	2049	1	3
118.625	2050	1	2
118.625	2051	4	1
118.625	2052	3	3
118.796	2053	2	2
118.796	2054	1	3
118.882	2055	3	1
118.882	2056	4	2
118.882	2057	2	3
118.967	2058	2	2
118.967	2059	4	3
119.138	2060	1	2
119.138	2061	3	1
119.138	2062	4	1
119.138	2063	2	3
119.309	2064	2	1
119.309	2065	3	2
119.309	2066	1	3
119.394	2067	4	1
119.480	2068	1	1
119.480	2069	3	3
119.565	2070	3	1
119.651	2071	1	2
119.651	2072	2	2
119.651	2073	4	1
119.822	2074	1	3
119.822	2075	2	3
119.907	2076	1	2
119.907	2077	2	2
120.078	2078	1	3
120.078	2079	2	3
120.164	2080	1	1
120.164	2081	3	1
120.164	2082	4	2
120.335	2083	1	2
120.335	2084	4	3
120.506	2085	2	1
120.506	2086	3	2
120.506	2087	1	3
120.676	2088	1	2
120.676	2089	4	1
120.676	2090	3	3
120.847	2091	2	2
120.847	2092	1	3
120.933	2093	3	1
120.933	2094	4	2
120.933	2095	2	3
121.018	2096	2	2
121.018	2097	4	3
121.189	2098	1	2
121.189	2099	3	1
121.189	2100	4	1
121.189	2101	2	3
121.360	2102	2	1
121.360	2103	1	3
121.446	2104	3	1
121.531	2105	2	1
121.617	2106	3	1
121.702	2107	1	2
121.702	2108	2	2
121.702	2109	3	2
121.702	2110	4	2
121.873	2111	1	3
121.873	2112	2	3
121.873	2113	3	3
121.873	2114	4	3
121.959	2115	1	1
121.959	2116	4	1
122.129	2117	2	1
122.215	2118	1	1
122.215	2119	3	1
122.215	2120	4	1
122.386	2121	2	1
122.386	2122	3	1
122.471	2123	1	1
122.471	2124	2	1
122.728	2125	4	1
122.749	2126	3	1
122.771	2127	2	1
122.984	2128	3	1
122.984	2129	4	1
123.006	2130	2	1
123.027	2131	1	1
123.241	2132	2	1
123.241	2133	3	1
123.241	2134	4	1
123.412	2135	3	1
123.412	2136	4	1
123.497	2137	2	1
123.497	2138	3	1
123.625	2139	3	1
123.668	2140	1	1
123.668	2141	2	1
123.753	2142	1	1
123.753	2143	3	1
123.753	2144	4	2
123.882	2145	2	2
123.882	2146	4	3
124.181	2147	3	1
124.181	2148	2	3
124.266	2149	1	1
124.266	2150	2	1
124.266	2151	4	1
124.437	2152	2	1
124.437	2153	3	1
124.523	2154	1	1
124.523	2155	2	1
124.694	2156	1	2
124.694	2157	2	2
124.779	2158	3	2
124.779	2159	4	2
124.779	2160	1	3
124.779	2161	2	3
124.950	2162	1	2
124.950	2163	2	2
124.950	2164	3	3
124.950	2165	4	3
125.035	2166	3	2
125.035	2167	4	2
125.035	2168	1	3
125.035	2169	2	3
125.164	2170	1	1
125.206	2171	3	3
125.206	2172	4	3
125.292	2173	1	1
125.292	2174	3	1
125.292	2175	4	1
125.420	2176	2	1
125.484	2177	3	1
125.548	2178	4	1
125.612	2179	3	1
125.676	2180	1	1
125.741	2181	2	1
125.805	2182	1	2
125.805	2183	3	1
125.805	2184	4	1
125.869	2185	2	1
125.933	2186	4	1
126.061	2187	3	1
126.189	2188	4	1
126.253	2189	3	1
126.318	2190	4	1
126.446	2191	2	1
126.574	2192	2	1
126.638	2193	4	1
126.702	2194	2	1
126.830	2195	3	1
126.830	2196	4	1
126.830	2197	1	3
126.959	2198	1	2
126.959	2199	2	2
127.023	2200	1	3
127.023	2201	2	3
127.087	2202	3	2
127.087	2203	4	2
127.151	2204	3	3
127.151	2205	4	3
127.215	2206	2	2
127.215	2207	3	2
127.279	2208	4	1
127.279	2209	2	3
127.279	2210	3	3
127.343	2211	1	2
127.343	2212	2	2
127.407	2213	1	3
127.407	2214	2	3
127.471	2215	3	2
127.471	2216	4	2
127.535	2217	3	3
127.535	2218	4	3
127.600	2219	1	2
127.600	2220	2	2
127.728	2221	1	3
127.728	2222	2	3
127.856	2223	1	1
127.856	2224	4	2
127.920	2225	2	1
127.984	2226	3	1
128.112	2227	3	1
128.241	2228	1	1
128.305	2229	2	1
128.369	2230	3	1
128.497	2231	3	1
128.625	2232	2	1
128.689	2233	3	1
128.753	2234	1	1
128.753	2235	4	3
128.882	2236	2	1
128.882	2237	3	1
128.882	2238	4	1
129.010	2239	3	1
129.010	2240	4	1
129.138	2241	3	1
129.138	2242	4	1
129.266	2243	1	1
129.266	2244	2	1
129.266	2245	4	1
129.394	2246	1	1
129.394	2247	2	1
129.523	2248	1	1
129.523	2249	2	1
129.651	2250	1	1
129.651	2251	3	2
129.651	2252	4	1
129.779	2253	2	1
129.779	2254	3	3
129.907	2255	1	1
129.907	2256	3	2
129.907	2257	4	2
130.035	2258	1	1
130.035	2259	3	3
130.035	2260	4	3
130.068	2261	2	1
130.100	2262	3	1
130.132	2263	4	1
130.164	2264	1	1
130.292	2265	3	1
130.420	2266	1	1
130.420	2267	2	1
130.420	2268	4	1
130.548	2269	1	1
130.548	2270	2	1
130.548	2271	4	1
130.676	2272	1	1
130.676	2273	2	1
130.676	2274	4	1
130.805	2275	3	1
130.933	2276	1	1
130.933	2277	2	1
130.933	2278	4	1
131.061	2279	1	1
131.061	2280	2	1
131.061	2281	4	1
131.189	2282	1	1
131.189	2283	2	1
131.189	2284	4	1
131.318	2285	3	1
131.446	2286	1	1
131.446	2287	3	1
131.446	2288	4	1
131.574	2289	4	2
131.638	2290	4	3
131.702	2291	1	2
131.702	2292	2	1
131.766	2293	1	3
131.830	2294	4	2
131.894	2295	4	3
131.959	2296	1	2
131.959	2297	2	2
131.959	2298	3	2
132.087	2299	1	3
132.087	2300	2	3
132.087	2301	3	3
132.215	2302	1	2
132.215	2303	2	2
132.215	2304	3	2
132.343	2305	1	3
132.343	2306	2	3
132.343	2307	3	3
132.471	2308	1	1
132.471	2309	2	1
132.471	2310	4	1
132.600	2311	1	1
132.600	2312	2	1
132.600	2313	4	1
132.728	2314	1	1
132.728	2315	2	1
132.728	2316	4	1
132.856	2317	3	1
132.984	2318	1	1
132.984	2319	2	1
132.984	2320	4	1
133.112	2321	1	1
133.112	2322	2	1
133.112	2323	4	1
133.241	2324	1	1
133.241	2325	2	1
133.241	2326	4	1
133.369	2327	3	1
133.497	2328	1	1
133.497	2329	3	1
133.497	2330	4	1
133.561	2331	2	1
133.625	2332	3	1
133.689	2333	1	1
133.753	2334	4	2
133.818	2335	3	2
133.882	2336	2	1
133.882	2337	3	3
133.882	2338	4	3
134.010	2339	1	1
134.010	2340	2	1
134.010	2341	3	1
134.010	2342	4	2
134.394	2343	3	2
134.394	2344	4	3
134.523	2345	1	1
134.523	2346	2	2
134.523	2347	4	1
134.523	2348	3	3
134.694	2349	1	2
134.694	2350	2	3
134.865	2351	3	1
134.865	2352	4	2
134.865	2353	1	3
135.035	2354	2	2
135.035	2355	4	3
135.206	2356	3	2
135.206	2357	2	3
135.292	2358	1	1
135.292	2359	2	1
135.292	2360	3	3
135.377	2361	4	2
135.548	2362	1	2
135.548	2363	3	1
135.548	2364	4	3
135.719	2365	2	1
135.719	2366	4	2
135.719	2367	1	3
135.890	2368	1	1
135.890	2369	3	2
135.890	2370	4	3
136.061	2371	1	2
136.061	2372	2	1
136.061	2373	4	1
136.061	2374	3	3
136.318	2375	3	2
136.318	2376	1	3
136.574	2377	1	2
136.574	2378	2	1
136.574	2379	4	1
136.574	2380	3	3
136.745	2381	2	2
136.745	2382	3	1
136.745	2383	1	3
136.916	2384	4	2
136.916	2385	2	3
137.087	2386	1	1
137.087	2387	3	2
137.087	2388	4	3
137.258	2389	4	2
137.258	2390	3	3
137.343	2391	1	1
137.343	2392	2	1
137.343	2393	4	3
137.471	2394	3	1
137.600	2395	3	2
137.600	2396	4	2
137.728	2397	1	1
137.728	2398	3	3
137.728	2399	4	3
137.792	2400	2	1
137.856	2401	1	1
137.920	2402	2	1
137.984	2403	3	1
138.112	2404	1	2
138.112	2405	2	2
138.112	2406	3	2
138.112	2407	4	2
138.283	2408	1	3
138.283	2409	2	3
138.283	2410	3	3
138.283	2411	4	3
138.369	2412	1	1
138.369	2413	4	1
138.540	2414	2	1
138.625	2415	1	1
138.625	2416	3	1
138.625	2417	4	1
138.796	2418	2	1
138.796	2419	3	1
138.882	2420	1	1
138.882	2421	2	1
139.138	2422	4	1
139.159	2423	3	1
139.181	2424	2	1
139.394	2425	3	1
139.394	2426	4	1
139.416	2427	2	1
139.437	2428	1	1
139.651	2429	2	1
139.651	2430	3	1
139.651	2431	4	1
139.822	2432	3	1
139.822	2433	4	1
139.907	2434	2	1
139.907	2435	3	1
140.035	2436	3	1
140.078	2437	1	1
140.078	2438	2	1
140.164	2439	1	1
140.164	2440	3	1
140.164	2441	4	2
140.292	2442	2	2
140.292	2443	4	3
140.591	2444	3	1
140.591	2445	2	3
140.676	2446	1	1
140.676	2447	2	1
140.676	2448	4	1
140.847	2449	2	1
140.847	2450	3	1
140.933	2451	1	1
140.933	2452	2	1
141.104	2453	1	2
141.104	2454	2	2
141.189	2455	3	2
141.189	2456	4	2
141.189	2457	1	3
141.189	2458	2	3
141.360	2459	1	2
141.360	2460	2	2
141.360	2461	3	3
141.360	2462	4	3
141.446	2463	3	2
141.446	2464	4	2
141.446	2465	1	3
141.446	2466	2	3
141.574	2467	1	1
141.617	2468	3	3
141.617	2469	4	3
141.702	2470	1	1
141.702	2471	3	1
141.702	2472	4	1
141.830	2473	2	1
141.959	2474	1	2
141.959	2475	4	2
142.087	2476	3	1
142.087	2477	1	3
142.087	2478	4	3
142.215	2479	1	1
142.215	2480	3	2
142.215	2481	4	2
142.343	2482	2	1
142.343	2483	3	3
142.343	2484	4	3
142.471	2485	3	2
142.471	2486	4	2
142.600	2487	1	1
142.600	2488	3	3
142.600	2489	4	3
142.664	2490	2	1
142.728	2491	3	1
142.856	2492	1	2
142.856	2493	3	2
142.984	2494	4	1
142.984	2495	1	3
142.984	2496	3	3
143.048	2497	3	1
143.112	2498	2	2
143.241	2499	1	1
143.241	2500	3	1
143.241	2501	4	1
143.241	2502	2	3
143.369	2503	4	2
143.433	2504	3	1
143.497	2505	1	1
143.497	2506	2	1
143.497	2507	4	3
143.625	2508	2	2
143.753	2509	3	2
143.753	2510	4	1
143.753	2511	2	3
143.882	2512	2	1
143.882	2513	3	3
144.010	2514	1	1
144.010	2515	4	1
144.074	2516	2	1
144.138	2517	1	1
144.138	2518	3	1
144.202	2519	4	1
144.266	2520	1	1
144.266	2521	2	1
144.330	2522	3	1
144.394	2523	4	1
144.523	2524	3	1
144.651	2525	1	1
144.651	2526	2	1
144.715	2527	4	1
144.779	2528	3	1
144.907	2529	2	1
145.035	2530	3	1
145.035	2531	4	1
145.100	2532	1	1
145.164	2533	2	1
145.292	2534	1	1
145.292	2535	3	1
145.292	2536	4	1
145.420	2537	2	1
145.420	2538	3	1
145.548	2539	3	1
145.548	2540	4	1
145.676	2541	1	1
145.676	2542	2	1
145.741	2543	3	1
145.805	2544	1	1
145.805	2545	4	1
145.933	2546	2	1
145.933	2547	3	1
146.061	2548	1	1
146.061	2549	4	1
146.189	2550	1	1
146.189	2551	2	1
146.318	2552	3	2
146.318	2553	4	2
146.382	2554	2	1
146.446	2555	1	1
146.446	2556	3	3
146.446	2557	4	3
146.574	2558	3	2
146.574	2559	4	2
146.702	2560	2	1
146.702	2561	3	3
146.766	2562	3	1
146.830	2563	1	1
146.830	2564	4	3
146.959	2565	3	2
147.087	2566	1	1
147.087	2567	3	3
147.151	2568	3	1
147.215	2569	4	2
147.343	2570	1	1
147.343	2571	2	1
147.343	2572	3	1
147.343	2573	4	3
147.471	2574	1	2
147.535	2575	4	1
147.600	2576	2	1
147.600	2577	1	3
147.728	2578	3	1
147.728	2579	4	1
147.792	2580	2	1
147.856	2581	1	1
147.856	2582	3	1
147.984	2583	2	1
147.984	2584	4	1
148.112	2585	1	1
148.112	2586	4	1
148.176	2587	3	1
148.241	2588	2	1
148.305	2589	3	1
148.369	2590	1	1
148.369	2591	4	1
148.433	2592	3	1
148.497	2593	2	1
148.625	2594	1	1
148.625	2595	3	1
148.753	2596	3	1
148.753	2597	4	1
148.818	2598	1	1
148.818	2599	2	1
148.882	2600	3	1
148.882	2601	4	1
149.010	2602	1	1
149.010	2603	2	1
149.074	2604	3	1
149.138	2605	1	1
149.138	2606	4	1
149.202	2607	2	1
149.266	2608	3	1
149.266	2609	4	1
149.394	2610	1	1
149.394	2611	2	1
149.394	2612	4	1
149.523	2613	2	1
149.523	2614	3	1
149.651	2615	1	1
149.651	2616	4	1
149.736	2617	3	1
149.822	2618	2	1
149.907	2619	1	1
149.907	2620	4	1
149.993	2621	2	1
150.078	2622	3	1
150.164	2623	2	1
150.164	2624	4	1
150.249	2625	3	1
150.335	2626	1	1
150.420	2627	3	1
150.420	2628	4	1
150.484	2629	2	1
150.548	2630	1	1
150.676	2631	3	1
150.805	2632	4	1
150.869	2633	3	1
150.933	2634	2	1
150.933	2635	4	1
151.061	2636	1	1
151.189	2637	3	1
151.253	2638	2	1
151.318	2639	3	1
151.446	2640	1	1
151.446	2641	2	1
151.446	2642	4	1
151.574	2643	3	1
151.638	2644	1	1
151.702	2645	4	1
151.830	2646	2	1
151.959	2647	3	1
151.959	2648	4	1
152.023	2649	1	1
152.087	2650	3	1
152.087	2651	4	1
152.215	2652	2	1
152.215	2653	3	1
152.279	2654	4	1
152.343	2655	1	1
152.343	2656	2	1
152.407	2657	3	1
152.471	2658	1	1
152.471	2659	4	1
152.535	2660	2	1
152.600	2661	3	1
152.728	2662	3	1
152.856	2663	1	1
152.856	2664	4	1
152.920	2665	3	1
152.984	2666	2	1
152.984	2667	4	1
153.112	2668	3	1
153.241	2669	1	1
153.241	2670	4	1
153.305	2671	2	1
153.369	2672	3	1
153.497	2673	1	1
153.497	2674	2	1
153.497	2675	4	1
153.561	2676	3	1
153.625	2677	1	1
153.625	2678	4	1
153.753	2679	2	1
153.753	2680	3	1
153.882	2681	1	1
153.882	2682	2	1
153.946	2683	3	1
154.010	2684	1	1
154.010	2685	4	1
154.138	2686	3	1
154.138	2687	4	1
154.266	2688	1	1
154.266	2689	2	1
154.394	2690	2	1
154.394	2691	3	1
154.523	2692	1	1
154.523	2693	3	1
154.523	2694	4	1
154.651	2695	3	1
154.779	2696	2	1
154.907	2697	3	1
155.035	2698	1	1
155.035	2699	2	1
155.035	2700	4	1
155.164	2701	2	1
155.292	2702	3	1
155.420	2703	1	1
155.484	2704	2	1
155.548	2705	1	1
155.548	2706	3	1
155.548	2707	4	1
155.676	2708	4	1
155.805	2709	2	1
155.933	2710	3	1
156.061	2711	1	1
156.061	2712	3	1
156.061	2713	4	1
156.189	2714	1	1
156.318	2715	4	1
156.446	2716	1	1
156.446	2717	2	1
156.510	2718	3	1
156.574	2719	1	1
156.574	2720	4	1
156.702	2721	2	1
156.702	2722	4	1
156.830	2723	1	1
156.830	2724	3	1
156.959	2725	2	1
157.087	2726	3	1
157.087	2727	4	1
157.215	2728	2	1
157.215	2729	3	1
157.343	2730	1	1
157.343	2731	2	1
157.471	2732	3	1
157.471	2733	4	1
157.600	2734	1	1
157.600	2735	2	1
157.664	2736	3	1
157.728	2737	1	1
157.728	2738	4	1
157.792	2739	2	1
157.856	2740	1	1
157.856	2741	3	1
157.920	2742	2	1
157.984	2743	3	1
157.984	2744	4	1
158.048	2745	2	1
158.112	2746	1	1
158.112	2747	4	1
158.176	2748	3	1
158.241	2749	2	1
158.241	2750	4	1
158.305	2751	3	1
158.369	2752	1	1
158.433	2753	2	1
158.497	2754	4	1
158.561	2755	3	1
158.625	2756	1	2
158.625	2757	2	1
158.625	2758	4	2
163.297	2759	4	3
166.292	2760	1	3
169.378	2761	1	1
169.378	2762	2	1
169.378	2763	3	1
169.378	2764	4	1
169.494	2765	1	1
169.494	2766	2	1
169.494	2767	3	1
169.494	2768	4	1
169.609	2769	1	1
169.609	2770	2	1
169.609	2771	3	1
169.609	2772	4	1
169.724	2773	1	1
169.724	2774	2	1
169.724	2775	3	1
169.724	2776	4	1
169.840	2777	1	1
169.840	2778	2	1
169.840	2779	3	1
169.840	2780	4	1
170.080	2781	4	1
170.200	2782	4	1
170.320	2783	1	1
170.320	2784	3	1
170.440	2785	2	1
170.560	2786	3	1
170.680	2787	2	1
170.800	2788	1	1
170.800	2789	4	1
170.920	2790	2	1
171.040	2791	3	1
171.160	2792	2	1
171.280	2793	3	1
171.280	2794	4	1
171.520	2795	2	2
171.760	2796	1	1
171.760	2797	4	1
171.760	2798	2	3
171.880	2799	3	1
172.000	2800	4	1
172.120	2801	3	1
172.240	2802	1	1
172.240	2803	2	1
172.360	2804	4	2
172.600	2805	3	1
172.600	2806	4	3
172.720	2807	1	2
172.720	2808	4	1
172.960	2809	3	1
172.960	2810	1	3
173.200	2811	2	1
173.200	2812	3	2
173.320	2813	1	1
173.440	2814	4	1
173.440	2815	3	3
173.560	2816	1	1
173.680	2817	3	1
173.680	2818	4	1
173.920	2819	2	2
174.160	2820	1	1
174.160	2821	4	2
174.160	2822	2	3
174.400	2823	3	1
174.520	2824	3	1
174.640	2825	1	1
174.640	2826	2	1
174.880	2827	3	2
175.120	2828	1	1
175.120	2829	3	3
175.360	2830	3	1
175.480	2831	2	1
175.600	2832	1	2
175.600	2833	3	1
175.600	2834	4	3
175.720	2835	2	1
175.840	2836	4	1
175.960	2837	3	1
176.080	2838	4	1
176.200	2839	2	1
176.320	2840	3	1
176.440	2841	2	1
176.560	2842	4	1
176.680	2843	3	1
176.800	2844	4	1
176.920	2845	2	1
177.040	2846	3	1
177.040	2847	4	1
177.040	2848	1	3
177.160	2849	2	1
177.280	2850	3	1
177.400	2851	1	1
177.520	2852	2	1
177.520	2853	4	1
177.580	2854	3	1
177.640	2855	2	1
177.700	2856	1	1
177.760	2857	4	1
177.820	2858	3	1
177.880	2859	2	1
177.940	2860	1	1
178.000	2861	4	1
178.060	2862	2	1
178.120	2863	3	1
178.180	2864	1	1
178.240	2865	2	1
178.300	2866	3	1
178.360	2867	1	1
178.420	2868	4	1
178.480	2869	3	1
178.540	2870	2	1
178.600	2871	4	1
178.660	2872	1	1
178.720	2873	3	1
178.780	2874	4	1
178.840	2875	2	1
178.900	2876	3	1
178.960	2877	1	1
179.020	2878	2	1
179.080	2879	3	1
179.140	2880	4	1
179.200	2881	1	1
179.260	2882	2	1
179.320	2883	3	1
179.380	2884	4	1
179.440	2885	1	1
179.440	2886	2	1
179.500	2887	3	1
179.560	2888	4	1
179.620	2889	3	1
179.680	2890	1	1
179.680	2891	2	1
179.740	2892	3	1
179.800	2893	4	1
179.860	2894	3	1
179.920	2895	1	1
179.920	2896	2	1
179.980	2897	4	1
180.040	2898	3	1
180.100	2899	2	1
180.160	2900	1	1
180.160	2901	4	1
180.220	2902	3	1
180.280	2903	2	1
180.340	2904	1	1
180.400	2905	3	1
180.400	2906	4	1
180.460	2907	2	1
180.520	2908	4	1
180.580	2909	3	1
180.640	2910	1	1
180.640	2911	2	1
180.700	2912	4	1
180.760	2913	3	1
180.820	2914	2	1
180.880	2915	1	1
180.880	2916	3	1
180.940	2917	4	1
181.000	2918	2	1
181.060	2919	3	1
181.120	2920	1	1
181.120	2921	4	1
181.180	2922	2	1
181.240	2923	3	1
181.300	2924	4	1
181.360	2925	1	1
181.360	2926	2	1
181.480	2927	1	1
181.480	2928	2	1
181.600	2929	1	1
181.600	2930	2	1
181.720	2931	1	1
181.720	2932	2	1
181.840	2933	3	1
181.840	2934	4	1
181.960	2935	3	1
181.960	2936	4	1
182.080	2937	3	1
182.080	2938	4	1
182.200	2939	3	1
182.200	2940	4	1
182.320	2941	1	1
182.320	2942	2	1
182.380	2943	3	1
182.380	2944	4	1
182.440	2945	1	1
182.440	2946	2	1
182.500	2947	3	1
182.500	2948	4	1
182.560	2949	1	1
182.560	2950	2	1
182.620	2951	3	1
182.620	2952	4	1
182.680	2953	1	1
182.680	2954	2	1
182.740	2955	3	1
182.740	2956	4	1
182.800	2957	1	1
182.800	2958	2	1
182.860	2959	3	1
182.860	2960	4	1
182.920	2961	1	1
182.920	2962	2	1
182.980	2963	3	1
182.980	2964	4	1
183.040	2965	1	1
183.040	2966	2	1
183.100	2967	3	1
183.100	2968	4	1
183.160	2969	1	1
183.160	2970	2	1
183.220	2971	3	1
183.220	2972	4	1
183.280	2973	1	1
183.280	2974	2	1
183.520	2975	1	2
183.520	2976	3	2
183.760	2977	2	1
183.760	2978	4	1
183.760	2979	1	3
183.760	2980	3	3
183.880	2981	2	2
183.880	2982	3	2
184.000	2983	3	3
184.120	2984	4	1
184.120	2985	2	3
184.180	2986	3	1
184.240	2987	2	1
184.300	2988	1	1
184.360	2989	3	1
184.360	2990	4	1
184.480	2991	2	1
184.480	2992	3	1
184.600	2993	1	1
184.600	2994	2	1
184.720	2995	1	1
184.720	2996	3	1
184.720	2997	4	1
184.840	2998	2	1
184.840	2999	4	1
184.960	3000	1	1
184.960	3001	3	1
185.200	3002	1	1
185.200	3003	2	1
185.200	3004	4	1
185.260	3005	3	1
185.320	3006	2	1
185.380	3007	1	1
185.440	3008	4	1
185.500	3009	3	1
185.560	3010	2	1
185.620	3011	1	1
185.680	3012	2	1
185.680	3013	3	2
185.680	3014	4	1
185.800	3015	1	1
185.800	3016	3	3
185.920	3017	3	1
185.920	3018	4	1
186.160	3019	1	1
186.160	3020	2	1
186.280	3021	1	2
186.280	3022	2	2
186.280	3023	3	2
186.400	3024	1	3
186.400	3025	2	3
186.400	3026	3	3
186.520	3027	1	1
186.520	3028	2	1
186.640	3029	1	2
186.640	3030	2	2
186.640	3031	3	2
186.640	3032	4	2
186.760	3033	1	3
186.760	3034	2	3
186.760	3035	3	3
186.760	3036	4	3
186.880	3037	1	1
186.880	3038	4	1
186.910	3039	3	1
186.940	3040	2	1
187.120	3041	1	2
187.120	3042	3	2
187.120	3043	4	2
187.240	3044	2	1
187.240	3045	1	3
187.360	3046	1	2
187.360	3047	3	3
187.480	3048	3	1
187.480	3049	1	3
187.480	3050	4	3
187.600	3051	1	1
187.600	3052	2	1
187.600	3053	4	1
187.720	3054	2	1
187.720	3055	3	1
187.840	3056	1	2
187.840	3057	3	2
187.840	3058	4	2
187.960	3059	1	3
187.960	3060	3	3
187.960	3061	4	3
188.080	3062	2	1
188.080	3063	3	1
188.200	3064	2	1
188.260	3065	2	1
188.320	3066	3	2
188.320	3067	4	2
188.440	3068	3	3
188.440	3069	4	3
188.560	3070	1	1
188.560	3071	2	2
188.560	3072	4	2
188.680	3073	2	3
188.680	3074	4	3
188.800	3075	1	2
188.800	3076	2	2
188.920	3077	4	2
188.920	3078	1	3
188.920	3079	2	3
189.040	3080	1	2
189.040	3081	2	2
189.040	3082	3	2
189.040	3083	4	3
189.160	3084	4	1
189.160	3085	3	3
189.280	3086	3	1
189.280	3087	2	3
189.400	3088	2	1
189.400	3089	1	3
189.520	3090	1	1
189.520	3091	3	2
189.520	3092	4	1
189.640	3093	2	1
189.640	3094	3	3
189.760	3095	3	1
189.760	3096	4	1
190.000	3097	1	1
190.000	3098	2	1
190.120	3099	1	2
190.120	3100	2	2
190.120	3101	3	2
190.240	3102	1	3
190.240	3103	2	3
190.240	3104	3	3
190.360	3105	1	1
190.360	3106	2	1
190.480	3107	1	2
190.480	3108	2	2
190.480	3109	3	2
190.480	3110	4	2
190.600	3111	1	3
190.600	3112	2	3
190.600	3113	3	3
190.600	3114	4	3
190.720	3115	1	1
190.720	3116	4	1
190.750	3117	3	1
190.780	3118	2	1
190.960	3119	1	2
190.960	3120	3	2
190.960	3121	4	2
191.080	3122	2	2
191.080	3123	1	3
191.200	3124	1	2
191.200	3125	2	3
191.200	3126	3	3
191.320	3127	2	1
191.320	3128	4	3
191.440	3129	3	1
191.440	3130	4	1
191.440	3131	1	3
191.560	3132	2	1
191.560	3133	3	1
191.680	3134	1	2
191.680	3135	2	2
191.680	3136	3	2
191.680	3137	4	2
191.800	3138	1	3
191.800	3139	2	3
191.800	3140	3	3
191.800	3141	4	3
191.920	3142	1	1
191.920	3143	4	1
191.980	3144	2	1
192.040	3145	4	1
192.100	3146	2	1
192.160	3147	4	1
192.240	3148	2	1
192.400	3149	1	1
192.400	3150	3	1
192.560	3151	1	2
192.560	3152	3	2
192.640	3153	2	1
192.640	3154	1	3
192.640	3155	3	3
192.760	3156	3	1
192.760	3157	4	1
192.880	3158	1	1
192.880	3159	2	1
193.110	3160	4	2
193.226	3161	4	3
193.341	3162	2	1
193.341	3163	3	2
193.341	3164	4	1
193.456	3165	3	3
193.572	3166	2	2
193.687	3167	2	3
193.803	3168	1	2
193.803	3169	3	1
193.803	3170	4	1
193.918	3171	1	3
194.033	3172	2	1
194.149	3173	2	1
194.264	3174	1	1
194.264	3175	3	1
194.264	3176	4	1
194.380	3177	2	1
194.495	3178	2	1
194.726	3179	1	1
194.726	3180	3	2
194.726	3181	4	1
194.841	3182	3	3
194.956	3183	2	1
195.072	3184	2	1
195.187	3185	1	1
195.187	3186	3	1
195.187	3187	4	1
195.303	3188	2	1
195.418	3189	2	1
195.649	3190	1	2
195.649	3191	2	1
195.649	3192	3	1
195.764	3193	1	3
195.880	3194	3	2
195.995	3195	3	3
196.110	3196	2	1
196.110	3197	3	1
196.110	3198	4	2
196.226	3199	4	3
196.341	3200	2	2
196.456	3201	2	3
196.572	3202	1	1
196.572	3203	2	1
196.572	3204	3	1
196.803	3205	4	2
196.918	3206	4	3
197.033	3207	1	1
197.033	3208	3	2
197.033	3209	4	1
197.149	3210	3	3
197.264	3211	2	2
197.380	3212	2	3
197.495	3213	1	2
197.495	3214	3	1
197.495	3215	4	1
197.610	3216	1	3
197.726	3217	2	1
197.841	3218	2	1
197.956	3219	1	1
197.956	3220	3	1
197.956	3221	4	1
198.072	3222	2	1
198.187	3223	2	1
198.418	3224	1	1
198.418	3225	3	2
198.418	3226	4	1
198.533	3227	3	3
198.649	3228	2	1
198.764	3229	2	1
198.880	3230	1	1
198.880	3231	3	1
198.880	3232	4	1
198.995	3233	2	1
199.110	3234	2	1
199.226	3235	3	1
199.341	3236	1	1
199.341	3237	2	1
199.341	3238	4	2
199.456	3239	1	1
199.572	3240	2	1
199.572	3241	3	2
199.572	3242	4	3
199.687	3243	4	1
199.803	3244	1	2
199.803	3245	2	1
199.803	3246	4	1
199.803	3247	3	3
199.918	3248	3	1
200.033	3249	2	2
200.033	3250	1	3
200.264	3251	1	2
200.264	3252	3	2
200.264	3253	4	2
200.264	3254	2	3
200.375	3255	2	1
200.375	3256	3	3
200.486	3257	3	1
200.486	3258	1	3
200.486	3259	4	3
200.708	3260	1	1
200.708	3261	2	1
200.708	3262	3	1
200.930	3263	4	2
201.152	3264	1	1
201.152	3265	2	1
201.152	3266	3	2
201.152	3267	4	3
201.375	3268	1	1
201.375	3269	3	3
201.486	3270	3	1
201.597	3271	1	1
201.597	3272	2	1
201.597	3273	3	1
201.708	3274	3	1
201.819	3275	2	1
202.041	3276	1	1
202.041	3277	3	1
202.041	3278	4	1
202.152	3279	3	1
202.264	3280	2	1
202.375	3281	2	1
202.486	3282	1	1
202.486	3283	3	1
202.486	3284	4	1
202.597	3285	3	1
202.708	3286	2	2
202.930	3287	1	1
202.930	3288	3	2
202.930	3289	4	2
202.930	3290	2	3
203.041	3291	2	1
203.041	3292	3	3
203.041	3293	4	3
203.264	3294	2	2
203.264	3295	4	2
203.375	3296	1	1
203.375	3297	3	1
203.375	3298	2	3
203.375	3299	4	3
203.597	3300	1	2
203.597	3301	2	2
203.652	3302	1	3
203.652	3303	2	3
203.708	3304	3	2
203.708	3305	4	2
203.764	3306	3	3
203.764	3307	4	3
203.819	3308	1	2
203.819	3309	2	2
203.930	3310	3	1
203.930	3311	2	3
204.041	3312	4	1
204.041	3313	1	3
204.264	3314	1	1
204.264	3315	2	1
204.264	3316	3	1
204.486	3317	4	2
204.708	3318	1	1
204.708	3319	2	1
204.708	3320	3	2
204.708	3321	4	3
204.930	3322	1	1
204.930	3323	3	3
205.041	3324	3	1
205.152	3325	1	1
205.152	3326	2	1
205.152	3327	3	1
205.264	3328	3	1
205.375	3329	2	1
205.597	3330	1	1
205.597	3331	3	1
205.597	3332	4	1
205.708	3333	3	1
205.819	3334	2	1
205.930	3335	2	1
206.041	3336	1	1
206.041	3337	3	1
206.041	3338	4	1
206.152	3339	3	1
206.264	3340	2	2
206.486	3341	1	1
206.486	3342	4	1
206.486	3343	2	3
206.597	3344	2	1
206.597	3345	3	1
206.708	3346	1	1
206.708	3347	2	1
206.819	3348	3	1
206.819	3349	4	1
206.930	3350	1	1
206.958	3351	2	1
206.986	3352	3	1
207.014	3353	4	1
207.152	3354	1	1
207.180	3355	4	1
207.208	3356	3	1
207.236	3357	2	1
207.375	3358	1	1
207.375	3359	3	1
207.592	3360	3	1
207.701	3361	2	1
207.701	3362	3	1
207.809	3363	1	1
207.809	3364	2	1
207.809	3365	4	1
207.918	3366	3	1
208.027	3367	1	1
208.027	3368	4	1
208.135	3369	3	1
208.244	3370	1	1
208.461	3371	3	1
208.461	3372	4	1
208.570	3373	1	1
208.679	3374	1	1
208.679	3375	3	1
208.679	3376	4	1
208.788	3377	2	1
208.896	3378	3	1
209.114	3379	1	1
209.114	3380	2	1
209.114	3381	4	1
209.331	3382	3	1
209.440	3383	2	1
209.440	3384	3	1
209.548	3385	1	1
209.548	3386	2	1
209.548	3387	4	1
209.657	3388	3	1
209.766	3389	1	1
209.766	3390	4	1
209.875	3391	3	1
209.983	3392	1	1
210.201	3393	3	1
210.201	3394	4	1
210.309	3395	1	1
210.418	3396	1	1
210.418	3397	3	1
210.418	3398	4	1
210.527	3399	2	1
210.635	3400	3	1
210.853	3401	1	1
210.853	3402	3	1
210.853	3403	4	1
211.070	3404	3	1
211.179	3405	2	1
211.179	3406	3	1
211.288	3407	1	1
211.288	3408	2	1
211.288	3409	4	1
211.396	3410	3	1
211.505	3411	1	1
211.505	3412	4	1
211.614	3413	3	1
211.722	3414	1	1
211.940	3415	3	1
211.940	3416	4	1
212.048	3417	1	1
212.157	3418	1	1
212.157	3419	3	1
212.157	3420	4	1
212.266	3421	2	1
212.375	3422	3	1
212.592	3423	1	1
212.592	3424	2	1
212.592	3425	4	1
212.809	3426	3	1
212.918	3427	2	1
212.918	3428	3	1
213.027	3429	1	1
213.027	3430	2	1
213.027	3431	4	1
213.135	3432	3	1
213.244	3433	1	1
213.244	3434	4	1
213.353	3435	3	1
213.353	3436	4	1
213.461	3437	1	1
213.461	3438	2	1
213.570	3439	3	1
213.570	3440	4	1
213.679	3441	1	1
213.679	3442	2	1
213.733	3443	4	1
213.788	3444	3	1
213.842	3445	2	1
213.896	3446	1	1
213.896	3447	3	1
213.896	3448	4	1
214.005	3449	2	1
214.114	3450	3	1
214.222	3451	3	1
214.331	3452	1	1
214.331	3453	2	1
214.331	3454	4	1
214.436	3455	3	1
214.542	3456	4	2
214.595	3457	4	3
214.647	3458	2	1
214.753	3459	1	1
214.753	3460	3	1
214.753	3461	4	2
214.806	3462	4	3
214.964	3463	2	1
214.964	3464	4	2
215.017	3465	4	3
215.176	3466	1	1
215.176	3467	2	1
215.176	3468	4	2
215.281	3469	3	1
215.387	3470	1	1
215.387	3471	4	3
215.492	3472	4	2
215.598	3473	1	1
215.598	3474	2	1
215.704	3475	2	1
215.704	3476	4	3
215.809	3477	3	1
215.809	3478	4	2
215.915	3479	2	1
216.021	3480	1	1
216.021	3481	3	1
216.021	3482	4	3
216.126	3483	2	1
216.232	3484	4	2
216.285	3485	4	3
216.338	3486	2	1
216.443	3487	1	1
216.443	3488	3	1
216.443	3489	4	2
216.496	3490	4	3
216.654	3491	4	2
216.707	3492	4	3
216.760	3493	1	1
216.866	3494	2	1
216.866	3495	3	1
216.866	3496	4	2
216.971	3497	1	2
217.077	3498	2	1
217.077	3499	4	3
217.183	3500	3	2
217.183	3501	4	2
217.183	3502	1	3
217.235	3503	3	3
217.235	3504	4	3
217.288	3505	1	2
217.288	3506	2	1
217.394	3507	3	1
217.500	3508	4	2
217.500	3509	1	3
217.605	3510	3	1
217.605	3511	4	3
217.711	3512	1	1
217.711	3513	2	1
217.711	3514	4	1
217.816	3515	3	1
217.922	3516	4	2
217.975	3517	4	3
218.028	3518	2	1
218.133	3519	1	1
218.133	3520	3	1
218.133	3521	4	2
218.186	3522	4	3
218.345	3523	2	1
218.345	3524	4	2
218.397	3525	4	3
218.556	3526	1	1
218.556	3527	2	1
218.556	3528	4	2
218.661	3529	3	1
218.767	3530	1	1
218.767	3531	4	3
218.873	3532	4	2
218.978	3533	1	1
218.978	3534	2	1
219.084	3535	2	1
219.084	3536	4	3
219.190	3537	3	1
219.190	3538	4	2
219.295	3539	2	1
219.401	3540	1	1
219.401	3541	3	1
219.401	3542	4	3
219.507	3543	2	1
219.612	3544	4	2
219.665	3545	4	3
219.718	3546	2	1
219.823	3547	1	1
219.823	3548	3	1
219.823	3549	4	2
219.876	3550	4	3
220.035	3551	4	2
220.088	3552	4	3
220.140	3553	1	1
220.246	3554	2	1
220.246	3555	3	1
220.246	3556	4	2
220.352	3557	1	2
220.457	3558	2	1
220.457	3559	4	3
220.563	3560	3	1
220.563	3561	4	1
220.563	3562	1	3
220.669	3563	1	1
220.669	3564	2	1
220.774	3565	2	1
220.774	3566	3	1
220.880	3567	4	1
220.985	3568	3	1
221.091	3569	4	1
221.158	3570	3	1
221.226	3571	2	1
221.293	3572	4	1
221.361	3573	3	1
221.428	3574	2	1
221.496	3575	1	1
221.496	3576	3	1
221.496	3577	4	1
221.597	3578	2	1
221.699	3579	3	1
221.800	3580	3	1
221.901	3581	1	1
221.901	3582	2	1
221.952	3583	3	1
222.003	3584	4	1
222.104	3585	2	1
222.205	3586	3	1
222.307	3587	1	1
222.307	3588	2	1
222.307	3589	4	1
222.408	3590	3	1
222.509	3591	3	2
222.509	3592	4	2
222.611	3593	2	1
222.611	3594	3	3
222.611	3595	4	3
222.712	3596	1	1
222.712	3597	3	1
222.712	3598	4	1
222.813	3599	2	1
222.915	3600	4	1
222.966	3601	3	1
223.016	3602	2	1
223.067	3603	1	1
223.118	3604	2	1
223.118	3605	3	1
223.118	3606	4	1
223.219	3607	1	1
223.320	3608	2	2
223.320	3609	4	2
223.422	3610	3	1
223.422	3611	2	3
223.422	3612	4	3
223.523	3613	1	1
223.523	3614	2	1
223.523	3615	3	1
223.624	3616	4	1
223.726	3617	2	1
223.827	3618	4	1
223.928	3619	1	1
223.928	3620	2	1
223.928	3621	3	1
224.131	3622	1	1
224.131	3623	3	1
224.131	3624	4	1
224.334	3625	3	1
224.334	3626	4	1
224.384	3627	2	1
224.435	3628	1	1
224.486	3629	2	1
224.536	3630	4	1
224.562	3631	3	1
224.587	3632	2	1
224.612	3633	1	1
224.638	3634	4	1
224.739	3635	1	1
224.739	3636	2	1
224.739	3637	3	1
224.841	3638	4	1
224.942	3639	2	1
225.043	3640	2	1
225.145	3641	1	1
225.145	3642	3	1
225.145	3643	4	1
225.246	3644	2	2
225.347	3645	3	1
225.347	3646	2	3
225.449	3647	1	1
225.499	3648	2	1
225.550	3649	3	1
225.651	3650	2	1
225.651	3651	3	1
225.753	3652	1	1
225.753	3653	4	1
225.854	3654	2	1
225.905	3655	3	1
225.955	3656	1	1
225.955	3657	4	1
226.057	3658	2	2
226.158	3659	3	1
226.158	3660	4	1
226.158	3661	2	3
226.259	3662	2	2
226.259	3663	4	2
226.361	3664	1	1
226.361	3665	3	1
226.361	3666	2	3
226.361	3667	4	3
226.462	3668	2	1
226.563	3669	4	1
226.614	3670	3	1
226.665	3671	2	1
226.716	3672	4	1
226.766	3673	1	1
226.766	3674	2	1
226.868	3675	3	2
226.969	3676	4	2
227.070	3677	2	2
227.070	3678	3	3
227.070	3679	4	3
227.172	3680	1	2
227.273	3681	3	1
227.273	3682	4	1
227.273	3683	1	3
227.273	3684	2	3
227.374	3685	1	1
227.374	3686	2	1
227.476	3687	3	1
227.476	3688	4	1
227.577	3689	1	1
227.577	3690	2	1
227.577	3691	3	1
227.577	3692	4	1
227.774	3693	2	1
227.774	3694	4	1
227.971	3695	1	1
227.971	3696	2	1
227.971	3697	3	1
228.070	3698	3	1
228.070	3699	4	1
228.169	3700	1	1
228.169	3701	2	1
228.366	3702	2	1
228.366	3703	3	1
228.366	3704	4	1
228.563	3705	1	1
228.563	3706	2	1
228.662	3707	1	1
228.662	3708	2	1
228.761	3709	1	1
228.761	3710	2	1
228.761	3711	4	2
228.859	3712	3	1
228.859	3713	4	3
228.958	3714	2	1
228.958	3715	4	2
229.155	3716	1	2
229.155	3717	2	1
229.155	3718	3	1
229.155	3719	4	3
229.353	3720	3	1
229.353	3721	4	1
229.353	3722	1	3
229.550	3723	1	1
229.550	3724	2	1
229.550	3725	3	1
229.649	3726	1	1
229.649	3727	2	1
229.748	3728	1	1
229.748	3729	2	1
229.945	3730	1	1
229.945	3731	3	1
229.945	3732	4	1
230.142	3733	3	1
230.142	3734	4	1
230.241	3735	1	1
230.241	3736	3	1
230.241	3737	4	1
230.340	3738	1	1
230.340	3739	2	1
230.340	3740	4	1
230.537	3741	1	1
230.537	3742	2	1
230.537	3743	3	1
230.734	3744	1	2
230.734	3745	3	1
230.734	3746	4	1
230.932	3747	3	2
230.932	3748	4	2
230.932	3749	1	3
231.030	3750	3	3
231.030	3751	4	3
231.129	3752	1	2
231.129	3753	2	1
231.129	3754	3	1
231.228	3755	3	1
231.327	3756	4	1
231.327	3757	1	3
231.524	3758	1	2
231.524	3759	2	1
231.524	3760	4	1
231.721	3761	3	1
231.721	3762	1	3
231.820	3763	3	1
231.919	3764	1	2
231.919	3765	2	1
231.919	3766	4	1
232.017	3767	4	2
232.116	3768	3	1
232.116	3769	1	3
232.215	3770	1	1
232.215	3771	2	1
232.215	3772	4	3
232.313	3773	1	2
232.313	3774	3	1
232.313	3775	4	1
232.412	3776	1	3
232.511	3777	1	2
232.511	3778	3	1
232.511	3779	4	1
232.609	3780	1	3
232.708	3781	1	1
232.708	3782	2	1
232.708	3783	4	2
232.807	3784	2	1
232.807	3785	4	3
232.905	3786	3	1
232.905	3787	4	1
233.103	3788	1	1
233.103	3789	2	1
233.103	3790	3	1
233.202	3791	1	1
233.202	3792	2	1
233.202	3793	3	1
233.399	3794	2	1
233.399	3795	3	1
233.399	3796	4	1
233.498	3797	1	1
233.547	3798	2	1
233.596	3799	3	1
233.646	3800	4	1
233.695	3801	3	1
233.744	3802	2	1
233.794	3803	1	1
233.843	3804	2	1
233.892	3805	3	1
233.892	3806	4	1
233.988	3807	2	1
234.084	3808	3	1
234.084	3809	4	1
234.180	3810	2	1
234.276	3811	1	1
234.276	3812	3	1
234.372	3813	4	1
234.468	3814	1	1
234.468	3815	3	1
234.565	3816	4	1
234.661	3817	1	1
234.661	3818	2	1
234.757	3819	3	1
234.853	3820	1	1
234.853	3821	4	1
234.949	3822	2	1
235.045	3823	3	1
235.045	3824	4	1
235.142	3825	2	1
235.238	3826	3	1
235.238	3827	4	1
235.334	3828	1	1
235.430	3829	2	1
235.430	3830	4	1
235.526	3831	3	1
235.622	3832	1	1
235.622	3833	4	1
235.718	3834	3	1
235.815	3835	1	1
235.815	3836	2	1
235.911	3837	3	1
236.007	3838	1	1
236.007	3839	2	1
236.103	3840	4	1
236.199	3841	1	1
236.199	3842	2	1
236.295	3843	3	1
236.392	3844	1	1
236.392	3845	4	1
236.488	3846	2	1
236.584	3847	3	1
236.584	3848	4	1
236.680	3849	2	1
236.776	3850	1	1
236.776	3851	3	1
236.872	3852	2	1
236.968	3853	3	1
236.968	3854	4	1
237.065	3855	1	1
237.065	3856	2	1
237.161	3857	3	1
237.161	3858	4	1
237.257	3859	1	1
237.257	3860	2	1
237.353	3861	3	1
237.353	3862	4	1
237.449	3863	1	1
237.449	3864	2	1
237.545	3865	3	1
237.545	3866	4	1
237.642	3867	1	1
237.642	3868	2	1
237.738	3869	4	1
237.786	3870	3	1
237.834	3871	2	1
237.882	3872	1	1
237.930	3873	4	1
237.978	3874	3	1
238.026	3875	2	1
238.074	3876	1	1
238.122	3877	4	1
238.170	3878	3	1
238.218	3879	2	1
238.267	3880	1	1
238.315	3881	4	1
238.363	3882	3	1
238.411	3883	2	1
238.459	3884	1	1
238.507	3885	4	1
238.699	3886	1	1
238.723	3887	2	1
238.747	3888	3	1
238.892	3889	2	1
238.892	3890	4	1
238.988	3891	4	1
239.012	3892	3	1
239.036	3893	2	1
239.132	3894	1	1
239.180	3895	4	1
239.228	3896	1	1
239.276	3897	4	1
239.372	3898	2	1
239.372	3899	4	1
239.468	3900	2	1
239.468	3901	3	1
239.565	3902	1	1
239.661	3903	3	1
239.661	3904	4	1
239.757	3905	2	1
239.853	3906	3	2
239.853	3907	4	2
239.949	3908	3	3
239.949	3909	4	3
240.045	3910	1	2
240.045	3911	2	2
240.045	3912	3	2
240.045	3913	4	2
240.232	3914	3	3
240.232	3915	4	3
240.420	3916	3	2
240.420	3917	1	3
240.420	3918	2	3
240.607	3919	2	2
240.607	3920	4	2
240.607	3921	3	3
240.795	3922	1	1
240.795	3923	3	1
240.795	3924	2	3
240.795	3925	4	3
240.935	3926	2	1
240.982	3927	1	1
240.982	3928	3	1
241.076	3929	3	1
241.170	3930	1	2
241.170	3931	2	2
241.170	3932	4	2
241.263	3933	1	3
241.263	3934	2	3
241.263	3935	4	3
241.357	3936	2	1
241.357	3937	3	1
241.545	3938	1	1
241.545	3939	3	1
241.545	3940	4	1
241.732	3941	2	1
241.826	3942	2	1
241.920	3943	1	2
241.920	3944	3	2
241.920	3945	4	2
242.013	3946	2	1
242.013	3947	1	3
242.013	3948	3	3
242.013	3949	4	3
242.107	3950	3	1
242.201	3951	2	1
242.295	3952	1	1
242.295	3953	3	1
242.295	3954	4	1
242.388	3955	2	1
242.482	3956	4	1
242.576	3957	3	1
242.670	3958	4	1
242.763	3959	3	1
242.857	3960	2	2
242.857	3961	4	2
242.951	3962	3	1
242.951	3963	2	3
242.951	3964	4	3
243.045	3965	1	1
243.045	3966	2	1
243.045	3967	4	1
243.138	3968	3	1
243.185	3969	2	1
243.232	3970	1	1
243.326	3971	3	1
243.420	3972	1	2
243.420	3973	4	2
243.513	3974	2	2
243.560	3975	2	3
243.607	3976	3	1
243.607	3977	1	3
243.607	3978	4	3
243.701	3979	1	1
243.748	3980	2	1
243.795	3981	1	1
243.795	3982	3	1
243.795	3983	4	1
243.888	3984	2	1
243.982	3985	3	1
243.982	3986	4	1
244.076	3987	2	1
244.170	3988	3	1
244.170	3989	4	1
244.263	3990	1	1
244.357	3991	4	1
244.545	3992	1	1
244.545	3993	4	1
244.638	3994	3	1
244.732	3995	1	1
244.732	3996	2	1
244.826	3997	3	1
244.920	3998	1	1
244.920	3999	2	1
244.966	4000	4	1
245.013	4001	3	1
245.060	4002	2	1
245.107	4003	1	1
245.107	4004	4	1
245.201	4005	3	1
245.295	4006	1	1
245.295	4007	2	1
245.295	4008	4	1
245.482	4009	2	1
245.482	4010	3	1
245.576	4011	2	1
245.576	4012	3	1
245.670	4013	1	1
245.670	4014	4	1
245.763	4015	1	1
245.763	4016	4	1
245.857	4017	2	1
245.857	4018	3	1
246.045	4019	1	2
246.090	4020	2	1
246.135	4021	3	1
246.180	4022	4	1
246.225	4023	2	1
246.270	4024	3	1
246.316	4025	4	1
246.316	4026	1	3
246.361	4027	3	1
246.406	4028	1	1
246.406	4029	2	1
246.587	4030	4	1
246.632	4031	2	1
246.677	4032	4	1
246.722	4033	2	1
246.767	4034	1	1
246.767	4035	3	1
246.767	4036	4	1
246.948	4037	2	1
247.038	4038	2	1
247.038	4039	3	1
247.219	4040	3	1
247.310	4041	1	1
247.355	4042	3	1
247.400	4043	1	1
247.445	4044	3	1
247.490	4045	1	1
247.671	4046	2	1
247.671	4047	4	1
247.852	4048	1	1
247.852	4049	2	1
247.942	4050	3	1
247.942	4051	4	1
248.032	4052	3	1
248.032	4053	4	1
248.213	4054	1	1
248.213	4055	3	1
248.213	4056	4	1
248.394	4057	3	1
248.394	4058	4	1
248.484	4059	1	1
248.484	4060	2	1
248.665	4061	3	1
248.755	4062	1	1
248.801	4063	3	1
248.846	4064	1	1
248.891	4065	3	1
248.936	4066	1	1
248.936	4067	2	1
248.936	4068	4	1
248.981	4069	3	1
249.026	4070	2	1
249.072	4071	1	1
249.117	4072	4	1
249.162	4073	3	1
249.207	4074	2	1
249.252	4075	1	1
249.298	4076	3	1
249.298	4077	4	1
249.478	4078	4	1
249.523	4079	2	1
249.569	4080	4	1
249.614	4081	2	1
249.659	4082	1	1
249.659	4083	3	1
249.659	4084	4	1
249.840	4085	2	1
249.930	4086	2	1
249.930	4087	3	1
250.111	4088	3	1
250.201	4089	1	1
250.246	4090	3	1
250.291	4091	1	1
250.337	4092	3	1
250.382	4093	1	1
250.563	4094	2	1
250.563	4095	4	1
250.743	4096	1	1
250.743	4097	2	1
250.834	4098	3	1
250.834	4099	4	1
250.924	4100	3	1
250.924	4101	4	1
251.105	4102	1	1
251.105	4103	3	1
251.105	4104	4	1
251.285	4105	3	1
251.285	4106	4	1
251.376	4107	1	2
251.376	4108	2	1
251.557	4109	3	1
251.647	4110	2	1
251.647	4111	4	1
251.647	4112	1	3
251.737	4113	3	1
251.828	4114	1	1
251.828	4115	2	1
251.828	4116	4	1
251.915	4117	3	1
252.002	4118	2	1
252.089	4119	3	1
252.176	4120	1	1
252.176	4121	3	1
252.176	4122	4	1
252.264	4123	2	1
252.351	4124	3	1
252.351	4125	4	1
252.438	4126	2	1
252.525	4127	1	1
252.612	4128	3	1
252.612	4129	4	1
252.700	4130	2	1
252.787	4131	4	1
252.874	4132	1	1
252.874	4133	2	1
252.874	4134	3	1
252.961	4135	4	1
253.048	4136	2	1
253.136	4137	3	1
253.223	4138	1	2
253.223	4139	4	1
253.310	4140	2	1
253.397	4141	3	1
253.397	4142	1	3
253.484	4143	2	1
253.572	4144	1	1
253.572	4145	3	1
253.572	4146	4	1
253.659	4147	2	1
253.746	4148	3	1
253.746	4149	4	1
253.833	4150	1	1
253.921	4151	4	1
254.008	4152	1	1
254.008	4153	3	1
254.095	4154	4	2
254.182	4155	2	2
254.269	4156	1	2
254.269	4157	3	1
254.269	4158	2	3
254.269	4159	4	3
254.357	4160	4	1
254.444	4161	3	1
254.444	4162	1	3
254.531	4163	2	1
254.618	4164	1	2
254.618	4165	4	2
254.705	4166	3	1
254.793	4167	2	1
254.793	4168	1	3
254.793	4169	4	3
254.880	4170	3	1
254.967	4171	1	1
254.967	4172	2	1
254.967	4173	4	1
255.054	4174	3	1
255.141	4175	1	2
255.141	4176	2	2
255.229	4177	4	1
255.229	4178	1	3
255.229	4179	2	3
255.316	4180	3	1
255.403	4181	1	2
255.403	4182	2	2
255.490	4183	3	1
255.490	4184	1	3
255.490	4185	2	3
255.578	4186	2	1
255.665	4187	1	1
255.665	4188	3	1
255.665	4189	4	1
255.752	4190	2	1
255.839	4191	3	1
255.839	4192	4	1
255.926	4193	2	1
256.014	4194	1	1
256.014	4195	2	1
256.014	4196	4	1
256.101	4197	3	1
256.188	4198	2	1
256.275	4199	1	1
256.362	4200	2	1
256.362	4201	3	1
256.362	4202	4	1
256.450	4203	3	1
256.537	4204	1	1
256.537	4205	2	1
256.624	4206	4	1
256.711	4207	1	1
256.711	4208	3	1
256.798	4209	2	1
256.798	4210	3	1
256.886	4211	1	1
256.886	4212	4	1
256.973	4213	2	1
256.973	4214	3	1
257.060	4215	1	1
257.060	4216	3	1
257.060	4217	4	1
257.147	4218	2	1
257.234	4219	4	1
257.322	4220	3	1
257.409	4221	1	1
257.409	4222	2	1
257.409	4223	4	1
257.580	4224	4	2
257.666	4225	4	3
257.751	4226	1	1
257.751	4227	3	2
257.751	4228	4	1
257.837	4229	3	3
257.923	4230	2	2
258.009	4231	2	3
258.094	4232	1	2
258.094	4233	3	1
258.094	4234	4	1
258.180	4235	1	3
258.266	4236	2	1
258.351	4237	2	1
258.437	4238	1	1
258.437	4239	3	1
258.437	4240	4	1
258.523	4241	2	1
258.609	4242	2	1
258.780	4243	1	1
258.780	4244	3	2
258.780	4245	4	1
258.866	4246	3	3
258.951	4247	2	1
259.037	4248	2	1
259.123	4249	1	1
259.123	4250	3	1
259.123	4251	4	1
259.209	4252	2	1
259.294	4253	2	1
259.466	4254	1	2
259.466	4255	2	1
259.466	4256	3	1
259.551	4257	1	3
259.637	4258	3	2
259.723	4259	3	3
259.809	4260	1	1
259.809	4261	2	1
259.809	4262	4	2
259.894	4263	4	3
259.980	4264	2	2
260.066	4265	2	3
260.151	4266	1	1
260.151	4267	2	1
260.151	4268	3	1
260.151	4269	4	1
260.323	4270	4	2
260.409	4271	4	3
260.494	4272	1	1
260.494	4273	3	2
260.494	4274	4	1
260.580	4275	3	3
260.666	4276	2	2
260.751	4277	2	3
260.837	4278	1	2
260.837	4279	3	1
260.837	4280	4	1
260.923	4281	1	3
261.009	4282	2	1
261.094	4283	2	1
261.180	4284	1	1
261.180	4285	3	1
261.180	4286	4	1
261.266	4287	2	1
261.351	4288	2	1
261.523	4289	1	1
261.523	4290	3	2
261.523	4291	4	1
261.609	4292	3	3
261.694	4293	2	1
261.780	4294	2	1
261.866	4295	1	2
261.866	4296	3	2
261.951	4297	2	1
261.951	4298	1	3
261.951	4299	3	3
262.037	4300	1	1
262.037	4301	3	1
262.209	4302	3	1
262.209	4303	4	2
262.380	4304	2	1
262.380	4305	4	3
262.551	4306	1	1
262.551	4307	2	1
262.551	4308	3	1
262.723	4309	3	1
262.894	4310	1	1
262.894	4311	2	1
262.894	4312	3	1
263.227	4313	1	1
263.227	4314	2	1
263.227	4315	3	1
263.727	4316	1	1
263.727	4317	2	1
263.727	4318	4	1
264.060	4319	1	1
264.060	4320	2	1
264.060	4321	4	1
265.524	4322	2	1
265.524	4323	3	1
265.524	4324	4	1
265.836	4325	2	1
265.836	4326	3	1
265.836	4327	4	1
266.305	4328	1	1
266.305	4329	3	1
266.305	4330	4	1
266.617	4331	1	1
266.617	4332	3	1
266.617	4333	4	1
266.924	4334	1	1
266.924	4335	3	1
266.924	4336	4	1
267.974	4337	1	1
267.974	4338	2	1
267.974	4339	3	1
268.257	4340	1	1
268.257	4341	2	1
268.257	4342	3	1
268.681	4343	1	1
268.681	4344	2	1
268.681	4345	4	1
268.964	4346	1	1
268.964	4347	2	1
268.964	4348	4	1
270.196	4349	1	1
270.196	4350	2	1
270.196	4351	4	1
270.260	4352	3	1
270.324	4353	1	1
270.388	4354	2	1
270.452	4355	3	2
270.452	4356	4	2
270.580	4357	2	1
270.580	4358	3	3
270.580	4359	4	3
270.644	4360	4	1
270.708	4361	3	1
270.772	4362	2	1
270.837	4363	1	2
270.837	4364	4	2
270.965	4365	3	1
270.965	4366	1	3
270.965	4367	4	3
271.029	4368	2	1
271.093	4369	4	1
271.157	4370	1	1
271.221	4371	3	2
271.221	4372	4	2
271.349	4373	2	1
271.349	4374	3	3
271.349	4375	4	3
271.413	4376	4	1
271.478	4377	3	1
271.542	4378	2	1
271.606	4379	1	1
271.606	4380	3	1
271.670	4381	2	1
271.734	4382	4	1
271.798	4383	1	1
271.862	4384	3	1
271.926	4385	2	1
271.990	4386	3	1
271.990	4387	4	1
272.054	4388	1	1
272.119	4389	2	1
272.183	4390	3	1
272.247	4391	2	1
272.311	4392	3	1
272.375	4393	1	1
272.375	4394	4	1
272.439	4395	2	1
272.503	4396	3	1
272.567	4397	2	1
272.631	4398	4	1
272.696	4399	3	1
272.760	4400	1	1
272.760	4401	2	1
272.824	4402	4	1
272.888	4403	1	1
272.952	4404	3	1
273.016	4405	4	1
273.080	4406	2	1
273.144	4407	1	1
273.144	4408	3	1
273.208	4409	2	1
273.272	4410	1	2
273.401	4411	4	1
273.465	4412	2	1
273.465	4413	3	2
273.657	4414	2	1
273.657	4415	1	3
273.657	4416	3	3
273.913	4417	1	2
273.913	4418	3	2
274.042	4419	2	1
274.042	4420	4	1
274.042	4421	1	3
274.042	4422	3	3
274.298	4423	1	1
274.298	4424	2	1
274.298	4425	3	1
274.298	4426	4	1
274.426	4427	3	1
274.490	4428	1	1
274.554	4429	2	1
274.619	4430	4	1
274.683	4431	3	1
274.811	4432	1	1
274.939	4433	4	1
275.003	4434	3	1
275.067	4435	2	1
275.196	4436	1	1
275.260	4437	3	1
275.324	4438	4	1
275.452	4439	2	1
275.580	4440	4	1
275.708	4441	1	1
275.837	4442	3	1
275.965	4443	2	1
276.029	4444	4	1
276.221	4445	1	1
276.349	4446	4	1
276.478	4447	3	1
276.542	4448	4	1
276.606	4449	2	1
276.670	4450	3	1
276.734	4451	1	1
276.862	4452	2	1
276.926	4453	3	1
276.990	4454	4	1
277.054	4455	3	1
277.119	4456	1	1
277.247	4457	2	1
277.311	4458	1	1
277.375	4459	3	1
277.503	4460	2	1
277.631	4461	4	1
277.760	4462	1	1
277.888	4463	4	1
278.016	4464	2	1
278.080	4465	4	1
278.208	4466	1	1
278.272	4467	3	1
278.401	4468	2	1
278.529	4469	1	1
278.593	4470	2	1
278.657	4471	3	1
278.785	4472	1	1
278.849	4473	2	1
278.913	4474	3	1
279.042	4475	2	1
279.170	4476	4	1
279.234	4477	3	1
279.298	4478	2	1
279.554	4479	3	1
279.619	4480	1	1
279.683	4481	3	1
279.747	4482	2	1
279.811	4483	4	1
279.875	4484	3	1
279.939	4485	1	1
280.067	4486	4	1
280.131	4487	2	1
280.196	4488	1	1
280.324	4489	3	1
280.452	4490	4	1
280.580	4491	1	1
280.644	4492	3	1
280.772	4493	1	1
280.837	4494	2	1
280.901	4495	3	1
280.965	4496	2	1
281.093	4497	4	1
281.221	4498	3	1
281.285	4499	2	1
281.349	4500	3	1
281.542	4501	2	1
281.606	4502	3	1
281.670	4503	1	1
281.734	4504	4	1
281.798	4505	3	1
281.862	4506	2	1
281.926	4507	4	1
281.990	4508	1	1
282.054	4509	2	1
282.119	4510	3	1
282.247	4511	4	1
282.311	4512	2	1
282.375	4513	3	1
282.439	4514	1	1
282.503	4515	2	1
282.631	4516	3	1
282.696	4517	1	1
282.760	4518	2	1
282.824	4519	4	1
282.888	4520	3	1
283.016	4521	1	1
283.080	4522	2	1
283.144	4523	4	1
283.208	4524	3	1
283.272	4525	2	1
283.401	4526	1	1
283.465	4527	3	1
283.529	4528	4	1
283.657	4529	2	1
283.785	4530	4	1
283.913	4531	1	1
284.042	4532	3	1
284.170	4533	2	1
284.234	4534	4	1
284.426	4535	1	1
284.554	4536	4	1
284.683	4537	3	1
284.747	4538	4	1
284.811	4539	2	1
284.875	4540	3	1
284.939	4541	1	1
285.067	4542	2	1
285.131	4543	1	1
285.196	4544	3	1
285.260	4545	2	1
285.324	4546	4	1
285.452	4547	2	1
285.516	4548	1	1
285.580	4549	3	1
285.708	4550	2	1
285.837	4551	4	1
285.965	4552	1	1
286.093	4553	4	1
286.221	4554	2	1
286.285	4555	4	1
286.413	4556	1	1
286.478	4557	3	1
286.606	4558	2	1
286.734	4559	1	1
286.798	4560	2	1
286.862	4561	3	1
286.990	4562	1	1
287.054	4563	2	1
287.119	4564	3	1
287.183	4565	1	1
287.247	4566	3	1
287.311	4567	2	1
287.375	4568	4	1
287.439	4569	2	1
287.503	4570	4	1
287.567	4571	3	1
287.631	4572	2	1
287.760	4573	1	1
287.824	4574	2	1
287.888	4575	3	1
288.016	4576	1	1
288.080	4577	2	1
288.144	4578	3	1
288.208	4579	1	1
288.272	4580	3	1
288.337	4581	2	1
288.401	4582	4	1
288.465	4583	3	1
288.529	4584	4	1
288.593	4585	2	1
288.657	4586	4	1
288.785	4587	3	1
288.849	4588	4	1
288.913	4589	2	1
288.978	4590	3	1
289.042	4591	2	1
289.106	4592	3	1
289.170	4593	1	1
289.234	4594	2	1
289.298	4595	4	1
289.362	4596	3	1
289.426	4597	1	1
289.490	4598	4	1
289.554	4599	2	1
289.619	4600	1	1
289.683	4601	3	2
289.683	4602	4	2
289.747	4603	3	3
289.747	4604	4	3
289.811	4605	1	1
289.875	4606	2	1
289.939	4607	3	1
290.003	4608	1	1
290.067	4609	2	1
290.131	4610	3	1
290.195	4611	4	1
290.324	4612	2	1
290.388	4613	3	1
290.516	4614	3	1
290.580	4615	1	1
290.708	4616	1	2
290.708	4617	2	1
290.708	4618	3	1
290.708	4619	4	1
290.965	4620	2	1
290.965	4621	3	1
290.965	4622	4	1
291.349	4623	2	1
291.349	4624	3	1
291.349	4625	4	1
291.606	4626	2	1
291.606	4627	3	1
291.606	4628	4	1
291.734	4629	3	1
291.990	4630	3	1
292.119	4631	2	1
292.247	4632	4	1
292.375	4633	3	1
292.503	4634	2	1
292.503	4635	1	3
292.567	4636	1	1
292.631	4637	2	1
292.695	4638	3	1
292.760	4639	1	1
292.760	4640	2	1
292.760	4641	4	2
293.016	4642	1	1
293.016	4643	2	1
293.016	4644	3	1
293.401	4645	1	1
293.401	4646	2	1
293.401	4647	3	1
293.657	4648	1	1
293.657	4649	2	1
293.657	4650	3	1
293.785	4651	3	2
293.785	4652	4	3
293.913	4653	1	1
293.913	4654	2	1
293.913	4655	4	1
294.042	4656	2	1
294.170	4657	1	1
294.298	4658	2	2
294.298	4659	3	3
294.426	4660	1	1
294.554	4661	3	2
294.554	4662	2	3
294.683	4663	4	2
294.683	4664	3	3
294.811	4665	1	2
294.811	4666	2	1
294.811	4667	3	1
294.811	4668	4	3
295.067	4669	2	1
295.067	4670	3	1
295.067	4671	4	1
295.452	4672	2	1
295.452	4673	3	1
295.452	4674	4	1
295.708	4675	2	1
295.708	4676	3	1
295.708	4677	4	1
295.837	4678	3	1
296.093	4679	4	1
296.221	4680	2	1
296.349	4681	4	1
296.478	4682	2	1
296.606	4683	3	1
296.606	4684	1	3
296.670	4685	4	1
296.734	4686	2	1
296.798	4687	3	1
296.862	4688	4	2
297.119	4689	1	1
297.119	4690	2	1
297.119	4691	3	1
297.503	4692	1	1
297.503	4693	2	1
297.503	4694	3	1
297.888	4695	1	1
297.888	4696	2	1
297.888	4697	3	2
297.888	4698	4	3
298.272	4699	1	1
298.272	4700	2	2
298.272	4701	4	1
298.272	4702	3	3
298.401	4703	3	1
298.465	4704	4	1
298.529	4705	3	1
298.593	4706	4	1
298.657	4707	1	1
298.657	4708	2	3
298.721	4709	3	1
298.785	4710	2	1
298.849	4711	3	1
298.913	4712	1	1
298.913	4713	4	1
298.978	4714	2	1
299.042	4715	3	1
299.106	4716	4	1
299.170	4717	1	1
299.170	4718	2	1
299.234	4719	3	1
299.298	4720	4	1
299.362	4721	2	1
299.426	4722	1	1
299.490	4723	3	1
299.554	4724	2	1
299.554	4725	4	1
299.619	4726	3	1
299.683	4727	4	1
299.747	4728	1	1
299.811	4729	2	1
299.811	4730	3	1
299.875	4731	4	1
299.939	4732	1	1
300.003	4733	2	1
300.067	4734	3	1
300.131	4735	4	1
300.195	4736	1	1
300.260	4737	4	1
300.324	4738	2	1
300.388	4739	3	1
300.452	4740	1	1
300.516	4741	4	1
300.580	4742	3	1
300.644	4743	2	1
300.708	4744	4	1
300.772	4745	3	1
300.837	4746	2	1
300.901	4747	4	1
300.965	4748	1	1
300.965	4749	2	1
301.029	4750	3	1
301.093	4751	4	1
301.157	4752	1	1
301.221	4753	2	1
301.221	4754	4	1
301.285	4755	3	1
301.349	4756	1	1
301.413	4757	2	1
301.478	4758	3	1
301.542	4759	4	1
301.606	4760	1	1
301.606	4761	2	1
301.670	4762	3	1
301.734	4763	2	1
301.798	4764	1	1
301.862	4765	3	1
301.862	4766	4	1
301.926	4767	2	1
301.990	4768	3	1
302.054	4769	4	1
302.119	4770	1	1
302.119	4771	3	1
302.183	4772	2	1
302.247	4773	4	1
302.311	4774	3	1
302.375	4775	1	1
302.439	4776	2	1
302.503	4777	3	1
302.567	4778	4	1
302.631	4779	2	1
302.695	4780	3	1
302.760	4781	1	1
302.824	4782	2	1
302.888	4783	4	1
302.952	4784	3	1
303.016	4785	1	1
303.016	4786	2	1
303.080	4787	3	1
303.080	4788	4	1
303.144	4789	1	1
303.144	4790	2	1
303.208	4791	3	1
303.208	4792	4	1
303.272	4793	1	1
303.272	4794	2	1
303.337	4795	3	1
303.337	4796	4	1
303.401	4797	1	1
303.401	4798	2	1
303.465	4799	3	1
303.465	4800	4	1
303.529	4801	1	1
303.529	4802	2	1
303.593	4803	3	1
303.593	4804	4	1
303.657	4805	1	1
303.657	4806	2	1
303.721	4807	3	1
303.721	4808	4	1
303.785	4809	1	1
303.785	4810	2	1
303.849	4811	3	1
303.849	4812	4	1
303.913	4813	1	1
303.913	4814	2	1
303.978	4815	3	1
303.978	4816	4	1
304.042	4817	1	1
304.042	4818	2	1
304.106	4819	3	1
304.106	4820	4	1
304.170	4821	1	1
304.170	4822	2	1
304.234	4823	3	1
304.234	4824	4	1
304.298	4825	1	1
304.298	4826	2	1
304.362	4827	3	1
304.362	4828	4	1
304.426	4829	1	1
304.426	4830	2	1
304.490	4831	3	1
304.490	4832	4	1
304.554	4833	1	1
304.554	4834	2	1
304.619	4835	3	1
304.619	4836	4	1
304.683	4837	1	1
304.683	4838	2	1
304.747	4839	3	1
304.747	4840	4	1
304.811	4841	1	1
304.811	4842	2	1
304.875	4843	3	1
304.875	4844	4	1
304.939	4845	1	1
304.939	4846	2	1
305.003	4847	3	1
305.003	4848	4	1
305.067	4849	1	1
305.067	4850	2	1
305.131	4851	3	1
305.131	4852	4	1
305.195	4853	1	1
305.195	4854	2	1
305.260	4855	3	1
305.260	4856	4	1
305.324	4857	1	1
305.324	4858	2	1
305.388	4859	3	1
305.388	4860	4	1
305.452	4861	1	1
305.452	4862	2	1
305.516	4863	3	1
305.516	4864	4	1
305.580	4865	1	1
305.580	4866	2	1
305.644	4867	3	1
305.644	4868	4	1
305.708	4869	1	1
305.708	4870	2	1
305.772	4871	3	1
305.772	4872	4	1
305.837	4873	1	1
305.837	4874	2	1
305.901	4875	3	1
305.901	4876	4	1
305.965	4877	1	1
305.965	4878	2	1
306.029	4879	3	1
306.029	4880	4	1
306.093	4881	1	1
306.093	4882	2	1
306.157	4883	3	1
306.157	4884	4	1
306.221	4885	1	1
306.221	4886	2	1
306.285	4887	3	1
306.285	4888	4	1
306.349	4889	1	1
306.349	4890	2	1
306.413	4891	3	1
306.413	4892	4	1
306.478	4893	1	1
306.478	4894	2	1
306.542	4895	3	1
306.542	4896	4	1
306.606	4897	1	1
306.606	4898	2	1
306.691	4899	3	1
306.691	4900	4	1
306.777	4901	1	1
306.777	4902	2	1
306.862	4903	3	1
306.862	4904	4	1
306.948	4905	1	1
306.948	4906	2	1
307.033	4907	3	1
307.033	4908	4	1
307.119	4909	1	1
307.119	4910	2	1
307.247	4911	3	1
307.760	4912	2	1
307.760	4913	3	1
308.144	4914	1	1
308.144	4915	3	1
308.401	4916	1	1
308.593	4917	3	1
308.593	4918	4	1
308.913	4919	2	1
309.042	4920	3	1
309.170	4921	1	1
309.234	4922	2	1
309.298	4923	4	1
309.362	4924	3	1
309.426	4925	1	1
309.490	4926	2	1
309.554	4927	4	1
309.619	4928	3	1
309.683	4929	1	1
309.747	4930	2	1
309.811	4931	4	1
309.875	4932	3	1
309.939	4933	1	1
310.003	4934	2	1
310.067	4935	4	1
310.131	4936	3	1
310.195	4937	1	2
310.388	4938	2	1
310.388	4939	3	2
310.580	4940	2	1
310.580	4941	1	3
310.580	4942	3	3
310.644	4943	3	1
310.708	4944	2	2
310.708	4945	4	2
310.772	4946	2	3
310.772	4947	4	3
310.901	4948	2	2
310.901	4949	3	2
310.965	4950	2	3
310.965	4951	3	3
311.093	4952	1	2
311.093	4953	4	2
311.157	4954	1	3
311.157	4955	4	3
311.221	4956	1	1
311.221	4957	2	1
311.221	4958	4	2
311.349	4959	3	1
311.349	4960	4	3
311.413	4961	2	1
311.478	4962	1	1
311.478	4963	3	1
311.478	4964	4	1
311.542	4965	2	1
311.606	4966	3	2
311.734	4967	1	2
311.734	4968	4	1
311.734	4969	3	3
311.862	4970	3	1
311.862	4971	1	3
311.926	4972	1	1
311.990	4973	2	1
311.990	4974	3	1
311.990	4975	4	1
312.054	4976	1	1
312.119	4977	4	1
312.183	4978	2	1
312.247	4979	1	2
312.247	4980	3	1
312.375	4981	2	1
312.375	4982	1	3
312.503	4983	1	1
312.503	4984	3	1
312.503	4985	4	2
312.631	4986	2	1
312.631	4987	4	3
312.760	4988	1	2
312.760	4989	3	1
312.888	4990	2	1
312.888	4991	1	3
312.952	4992	3	1
313.016	4993	1	1
313.016	4994	2	1
313.016	4995	4	1
313.144	4996	2	2
313.272	4997	1	1
313.272	4998	4	1
313.272	4999	2	3
313.401	5000	3	1
313.465	5001	2	1
313.529	5002	1	1
313.529	5003	3	1
313.529	5004	4	1
313.593	5005	2	1
313.657	5006	1	2
313.785	5007	2	1
313.785	5008	4	1
313.785	5009	1	3
313.849	5010	3	1
313.913	5011	1	1
313.978	5012	4	1
314.042	5013	1	1
314.042	5014	2	1
314.042	5015	3	2
314.170	5016	2	1
314.170	5017	3	3
314.234	5018	3	1
314.298	5019	1	1
314.298	5020	4	1
314.362	5021	3	1
314.426	5022	2	1
314.490	5023	3	1
314.554	5024	1	1
314.554	5025	2	1
314.554	5026	4	1
314.619	5027	3	1
314.683	5028	1	1
314.747	5029	4	1
314.811	5030	2	2
314.811	5031	3	1
314.939	5032	1	1
314.939	5033	2	3
315.003	5034	3	1
315.003	5035	4	2
315.067	5036	1	1
315.067	5037	2	1
315.131	5038	3	1
315.131	5039	4	3
315.195	5040	1	2
315.324	5041	2	2
315.324	5042	3	1
315.324	5043	1	3
315.452	5044	1	1
315.452	5045	2	3
315.580	5046	1	1
315.580	5047	2	2
315.580	5048	3	1
315.708	5049	4	1
315.708	5050	2	3
315.837	5051	1	1
315.837	5052	3	1
315.965	5053	2	1
315.965	5054	3	1
316.093	5055	1	1
316.093	5056	2	1
316.093	5057	4	1
316.157	5058	3	1
316.221	5059	1	2
316.349	5060	3	1
316.349	5061	4	1
316.478	5062	2	1
316.478	5063	1	3
316.606	5064	1	1
316.606	5065	3	1
316.606	5066	4	1
316.734	5067	2	2
316.798	5068	3	1
316.798	5069	2	3
316.862	5070	1	1
316.862	5071	4	2
316.926	5072	3	1
316.926	5073	4	3
316.990	5074	2	2
317.054	5075	4	1
317.054	5076	2	3
317.119	5077	1	2
317.119	5078	2	1
317.119	5079	3	1
317.183	5080	4	1
317.183	5081	1	3
317.247	5082	3	2
317.311	5083	3	3
317.375	5084	1	2
317.375	5085	2	2
317.375	5086	4	1
317.503	5087	3	1
317.503	5088	1	3
317.503	5089	2	3
317.567	5090	2	1
317.631	5091	1	1
317.631	5092	3	2
317.631	5093	4	2
317.760	5094	2	2
317.760	5095	3	3
317.760	5096	4	3
317.888	5097	1	1
317.888	5098	3	1
317.888	5099	2	3
318.016	5100	2	1
318.016	5101	3	1
318.144	5102	1	1
318.144	5103	4	1
318.208	5104	3	1
318.272	5105	2	2
318.272	5106	4	1
318.401	5107	1	1
318.401	5108	3	1
318.401	5109	2	3
318.465	5110	2	1
318.529	5111	1	2
318.657	5112	2	1
318.657	5113	3	1
318.657	5114	4	1
318.657	5115	1	3
318.785	5116	3	2
318.849	5117	2	1
318.849	5118	3	3
318.913	5119	1	1
318.913	5120	4	2
318.978	5121	3	1
318.978	5122	4	3
319.042	5123	1	2
319.106	5124	2	1
319.106	5125	1	3
319.170	5126	1	1
319.170	5127	3	1
319.170	5128	4	2
319.298	5129	2	1
319.298	5130	4	3
319.362	5131	1	1
319.426	5132	2	1
319.426	5133	3	1
319.426	5134	4	2
319.554	5135	3	1
319.554	5136	4	3
319.619	5137	2	1
319.683	5138	1	1
319.683	5139	3	1
319.683	5140	4	1
319.747	5141	2	1
319.811	5142	3	2
319.939	5143	1	1
319.939	5144	4	1
319.939	5145	3	3
320.003	5146	2	1
320.067	5147	3	1
320.131	5148	4	1
320.195	5149	1	1
320.195	5150	2	2
320.195	5151	3	1
320.324	5152	4	1
320.324	5153	2	3
320.388	5154	2	1
320.452	5155	1	1
320.452	5156	3	1
320.516	5157	4	1
320.580	5158	2	1
320.644	5159	3	1
320.708	5160	1	1
320.708	5161	2	1
320.708	5162	4	2
320.837	5163	3	1
320.837	5164	4	3
320.901	5165	2	1
320.965	5166	1	2
320.965	5167	4	1
321.093	5168	2	1
321.093	5169	1	3
321.157	5170	4	2
321.221	5171	1	1
321.221	5172	2	1
321.221	5173	3	1
321.221	5174	4	3
321.285	5175	4	1
321.349	5176	2	2
321.478	5177	1	1
321.478	5178	4	1
321.478	5179	2	3
321.606	5180	3	1
321.670	5181	2	1
321.734	5182	1	1
321.734	5183	3	1
321.734	5184	4	1
321.862	5185	1	2
321.990	5186	3	1
321.990	5187	4	1
321.990	5188	1	3
322.054	5189	1	1
322.119	5190	2	1
322.183	5191	3	1
322.247	5192	1	1
322.247	5193	2	1
322.247	5194	4	1
322.311	5195	3	1
322.375	5196	1	1
322.439	5197	4	1
322.503	5198	2	1
322.503	5199	3	2
322.631	5200	4	1
322.631	5201	3	3
322.695	5202	1	1
322.760	5203	2	2
322.760	5204	3	1
322.760	5205	4	1
322.888	5206	1	1
322.888	5207	2	3
323.016	5208	1	2
323.016	5209	3	1
323.080	5210	4	2
323.080	5211	1	3
323.144	5212	2	1
323.144	5213	4	3
323.208	5214	3	2
323.272	5215	1	1
323.272	5216	2	1
323.272	5217	4	1
323.272	5218	3	3
323.337	5219	3	1
323.401	5220	1	2
323.529	5221	2	1
323.529	5222	3	2
323.529	5223	4	2
323.529	5224	1	3
323.657	5225	1	1
323.657	5226	3	3
323.657	5227	4	3
323.721	5228	2	1
323.785	5229	1	2
323.785	5230	3	2
323.785	5231	4	2
323.913	5232	2	1
323.913	5233	1	3
323.913	5234	3	3
323.913	5235	4	3
323.978	5236	3	1
324.042	5237	1	1
324.042	5238	4	1
324.106	5239	2	1
324.170	5240	3	1
324.234	5241	2	1
324.298	5242	1	1
324.298	5243	3	1
324.298	5244	4	1
324.362	5245	2	1
324.426	5246	4	1
324.490	5247	1	1
324.554	5248	2	2
324.554	5249	4	2
324.683	5250	3	1
324.683	5251	2	3
324.683	5252	4	3
324.747	5253	1	2
324.811	5254	2	1
324.811	5255	3	1
324.811	5256	4	1
324.811	5257	1	3
324.875	5258	1	1
324.939	5259	2	1
325.003	5260	1	1
325.067	5261	3	1
325.067	5262	4	1
325.131	5263	1	1
325.195	5264	2	1
325.260	5265	3	1
325.324	5266	1	1
325.324	5267	2	1
325.324	5268	4	1
325.388	5269	3	1
325.452	5270	1	1
325.516	5271	2	1
325.580	5272	1	1
325.580	5273	4	2
325.708	5274	3	1
325.708	5275	4	3
325.772	5276	1	1
325.837	5277	3	1
325.901	5278	2	1
325.965	5279	1	1
325.965	5280	3	1
325.965	5281	4	1
326.029	5282	2	1
326.093	5283	1	1
326.093	5284	3	1
326.157	5285	4	1
326.221	5286	3	1
326.285	5287	2	1
326.349	5288	1	1
326.349	5289	4	1
326.413	5290	2	1
326.478	5291	3	1
326.478	5292	4	1
326.542	5293	1	1
326.542	5294	2	1
326.606	5295	3	1
326.606	5296	4	2
326.798	5297	4	3
326.862	5298	4	1
326.926	5299	3	1
326.990	5300	1	1
327.054	5301	2	1
327.119	5302	3	1
327.119	5303	4	1
327.183	5304	1	1
327.247	5305	2	1
327.311	5306	3	1
327.311	5307	4	1
327.375	5308	1	1
327.439	5309	2	1
327.503	5310	3	1
327.503	5311	4	1
327.567	5312	1	1
327.567	5313	2	1
327.631	5314	3	1
327.631	5315	4	2
327.760	5316	1	1
327.760	5317	2	1
327.824	5318	3	1
327.824	5319	4	3
327.888	5320	4	1
327.952	5321	1	1
328.016	5322	2	1
328.016	5323	4	1
328.080	5324	3	1
328.144	5325	2	1
328.208	5326	4	1
328.272	5327	1	1
328.272	5328	3	1
328.337	5329	2	1
328.401	5330	3	1
328.401	5331	4	1
328.465	5332	1	1
328.529	5333	2	1
328.529	5334	4	1
328.593	5335	1	1
328.593	5336	3	1
328.657	5337	2	1
328.657	5338	4	1
328.721	5339	1	1
328.785	5340	3	1
328.785	5341	4	1
328.849	5342	2	1
328.913	5343	1	1
328.978	5344	3	1
329.042	5345	1	1
329.042	5346	4	2
329.106	5347	2	1
329.170	5348	3	2
329.170	5349	4	3
329.234	5350	1	1
329.298	5351	2	1
329.298	5352	4	1
329.298	5353	3	3
329.362	5354	1	2
329.426	5355	3	1
329.490	5356	2	1
329.554	5357	3	2
329.554	5358	4	1
329.554	5359	1	3
329.619	5360	2	1
329.683	5361	1	1
329.683	5362	4	2
329.683	5363	3	3
329.747	5364	4	3
329.811	5365	4	1
329.875	5366	3	1
329.939	5367	1	1
329.939	5368	2	1
330.003	5369	4	1
330.067	5370	1	2
330.195	5371	2	1
330.195	5372	1	3
330.260	5373	4	1
330.324	5374	1	1
330.388	5375	3	1
330.452	5376	2	2
330.452	5377	4	1
330.580	5378	1	1
330.580	5379	2	3
330.644	5380	3	1
330.708	5381	1	1
330.708	5382	4	2
330.837	5383	1	1
330.837	5384	4	3
330.965	5385	2	1
330.965	5386	3	2
331.093	5387	2	1
331.093	5388	3	3
331.221	5389	1	2
331.221	5390	4	1
331.349	5391	4	1
331.413	5392	3	1
331.413	5393	1	3
331.478	5394	1	1
331.606	5395	3	2
331.670	5396	3	3
331.734	5397	1	1
331.734	5398	4	2
331.798	5399	3	1
331.862	5400	1	1
331.862	5401	2	1
331.862	5402	4	3
331.926	5403	3	1
331.990	5404	4	2
332.054	5405	2	1
332.119	5406	1	1
332.119	5407	3	1
332.119	5408	4	3
332.183	5409	2	1
332.247	5410	1	2
332.311	5411	4	1
332.375	5412	2	1
332.375	5413	3	2
332.375	5414	1	3
332.439	5415	1	1
332.503	5416	2	1
332.503	5417	4	1
332.503	5418	3	3
332.567	5419	1	1
332.567	5420	3	1
332.631	5421	2	1
332.631	5422	4	1
332.695	5423	3	1
332.760	5424	1	1
332.792	5425	2	1
332.824	5426	3	1
332.888	5427	1	2
332.888	5428	2	1
332.952	5429	4	1
332.952	5430	1	3
333.016	5431	3	2
333.080	5432	1	1
333.080	5433	3	3
333.144	5434	2	2
333.144	5435	4	1
333.208	5436	3	1
333.208	5437	2	3
333.272	5438	1	2
333.337	5439	2	1
333.337	5440	1	3
333.401	5441	3	1
333.401	5442	4	1
333.465	5443	2	1
333.529	5444	1	2
333.593	5445	3	1
333.593	5446	1	3
333.657	5447	1	1
333.657	5448	4	1
333.721	5449	3	1
333.785	5450	1	1
333.785	5451	4	1
333.913	5452	1	1
333.978	5453	2	1
334.042	5454	3	1
334.042	5455	4	1
334.170	5456	1	1
334.234	5457	2	1
334.298	5458	3	1
334.298	5459	4	1
334.426	5460	2	1
334.426	5461	4	1
334.554	5462	1	1
334.554	5463	4	1
334.619	5464	3	1
334.683	5465	1	2
334.683	5466	2	1
334.811	5467	3	2
334.939	5468	2	1
334.939	5469	4	1
334.939	5470	1	3
334.939	5471	3	3
335.067	5472	2	1
335.067	5473	3	1
335.195	5474	1	1
335.195	5475	4	1
335.260	5476	2	1
335.324	5477	1	1
335.324	5478	3	1
335.388	5479	2	1
335.452	5480	3	1
335.452	5481	4	1
335.516	5482	1	1
335.580	5483	4	1
335.644	5484	3	1
335.708	5485	1	1
335.772	5486	2	1
335.837	5487	3	1
335.837	5488	4	1
335.901	5489	1	1
335.901	5490	2	1
335.965	5491	3	1
335.965	5492	4	1
336.029	5493	1	1
336.029	5494	2	1
336.093	5495	3	1
336.093	5496	4	1
336.157	5497	2	1
336.221	5498	1	1
336.349	5499	1	1
336.349	5500	4	1
336.413	5501	2	1
336.478	5502	3	1
336.542	5503	2	1
336.606	5504	1	1
336.606	5505	3	2
336.606	5506	4	2
336.734	5507	2	1
336.734	5508	3	3
336.734	5509	4	3
336.798	5510	4	1
336.862	5511	1	1
336.862	5512	2	1
336.926	5513	3	1
336.990	5514	4	1
337.054	5515	2	1
337.119	5516	1	1
337.119	5517	3	1
337.119	5518	4	1
337.247	5519	2	1
337.375	5520	1	2
337.375	5521	3	1
337.503	5522	2	1
337.503	5523	1	3
337.567	5524	4	2
337.631	5525	1	1
337.631	5526	3	1
337.631	5527	4	3
337.695	5528	2	2
337.760	5529	3	2
337.760	5530	2	3
337.888	5531	1	1
337.888	5532	4	2
337.888	5533	3	3
338.016	5534	3	1
338.016	5535	4	3
338.144	5536	1	1
338.144	5537	2	1
338.144	5538	4	1
338.208	5539	3	1
338.272	5540	4	2
338.401	5541	1	1
338.401	5542	3	1
338.401	5543	4	3
338.465	5544	2	1
338.529	5545	1	1
338.593	5546	2	1
338.657	5547	1	1
338.657	5548	3	1
338.657	5549	4	2
338.785	5550	2	1
338.785	5551	4	3
338.849	5552	3	1
338.913	5553	1	1
338.913	5554	2	1
338.913	5555	4	1
338.978	5556	3	1
339.042	5557	2	1
339.106	5558	1	1
339.170	5559	3	2
339.170	5560	4	1
339.298	5561	2	1
339.298	5562	3	3
339.426	5563	1	1
339.426	5564	2	2
339.426	5565	3	1
339.426	5566	4	1
339.619	5567	1	1
339.619	5568	3	1
339.619	5569	4	2
339.619	5570	2	3
339.811	5571	1	2
339.811	5572	2	1
339.811	5573	3	1
339.811	5574	4	3
339.939	5575	2	1
339.939	5576	3	1
339.939	5577	4	2
339.939	5578	1	3
340.067	5579	1	1
340.067	5580	4	3
340.131	5581	3	1
340.195	5582	1	2
340.195	5583	2	1
340.260	5584	4	1
340.324	5585	3	1
340.324	5586	1	3
340.388	5587	2	1
340.452	5588	1	1
340.452	5589	4	1
340.516	5590	3	1
340.580	5591	2	1
340.580	5592	4	1
340.644	5593	3	1
340.708	5594	1	1
340.708	5595	4	1
340.772	5596	3	1
340.837	5597	2	1
340.837	5598	4	1
340.901	5599	3	1
340.965	5600	1	1
340.965	5601	2	1
340.965	5602	4	1
341.093	5603	1	1
341.093	5604	2	1
341.221	5605	3	2
341.221	5606	4	2
341.349	5607	2	1
341.349	5608	3	3
341.349	5609	4	3
341.478	5610	1	1
341.478	5611	4	1
341.542	5612	2	1
341.606	5613	1	1
341.606	5614	3	1
341.670	5615	2	1
341.734	5616	1	1
341.734	5617	4	1
341.798	5618	2	1
341.862	5619	3	1
341.862	5620	4	1
341.926	5621	1	1
341.926	5622	2	1
341.990	5623	3	1
341.990	5624	4	1
342.119	5625	1	1
342.119	5626	2	1
342.183	5627	3	1
342.183	5628	4	1
342.247	5629	1	1
342.247	5630	2	1
342.311	5631	3	1
342.311	5632	4	1
342.375	5633	1	1
342.439	5634	2	1
342.503	5635	3	1
342.503	5636	4	1
342.631	5637	3	1
342.631	5638	4	1
342.695	5639	1	1
342.695	5640	2	1
342.760	5641	3	1
342.760	5642	4	1
342.824	5643	1	1
342.824	5644	2	1
342.888	5645	3	1
342.888	5646	4	1
342.952	5647	1	1
342.952	5648	2	1
343.016	5649	3	1
343.016	5650	4	1
343.144	5651	1	1
343.208	5652	3	1
343.272	5653	1	1
343.337	5654	3	1
343.401	5655	1	1
343.465	5656	3	1
343.529	5657	2	1
343.529	5658	4	1
343.593	5659	3	1
343.721	5660	1	1
343.721	5661	3	1
343.913	5662	1	1
343.913	5663	2	1
344.042	5664	1	2
344.042	5665	2	2
344.042	5666	3	2
344.042	5667	4	2
344.106	5668	1	3
344.106	5669	2	3
344.106	5670	3	3
344.106	5671	4	3
344.170	5672	3	1
344.234	5673	2	1
344.426	5674	1	2
344.426	5675	2	2
344.426	5676	3	2
344.426	5677	4	2
344.490	5678	1	3
344.490	5679	2	3
344.490	5680	3	3
344.490	5681	4	3
344.554	5682	3	1
344.619	5683	1	1
344.811	5684	1	2
344.811	5685	2	2
344.811	5686	3	2
344.811	5687	4	2
344.875	5688	1	3
344.875	5689	2	3
344.875	5690	3	3
344.875	5691	4	3
344.939	5692	4	1
345.003	5693	2	1
345.067	5694	4	1
345.131	5695	2	1
345.195	5696	1	2
345.195	5697	3	2
345.195	5698	4	2
345.324	5699	2	1
345.324	5700	1	3
345.324	5701	3	3
345.324	5702	4	3
345.452	5703	2	1
345.452	5704	3	1
345.580	5705	1	1
345.580	5706	2	1
345.580	5707	3	1
345.580	5708	4	2
345.837	5709	1	1
345.837	5710	4	3
345.901	5711	3	1
345.965	5712	2	1
346.029	5713	3	1
346.093	5714	1	1
346.093	5715	4	1
346.178	5716	1	1
346.264	5717	1	1
346.349	5718	3	1
346.349	5719	4	1
346.478	5720	2	1
346.606	5721	1	1
346.606	5722	2	1
346.606	5723	4	1
346.670	5724	3	1
346.734	5725	1	1
346.798	5726	2	1
346.862	5727	3	1
346.926	5728	1	1
346.990	5729	4	1
347.054	5730	2	1
347.119	5731	1	1
347.119	5732	4	1
347.247	5733	1	1
347.247	5734	4	1
347.375	5735	1	1
347.375	5736	4	2
347.503	5737	4	3
347.631	5738	1	2
347.631	5739	3	1
347.631	5740	4	1
347.760	5741	2	1
347.760	5742	1	3
347.824	5743	3	1
347.888	5744	1	1
347.952	5745	2	1
348.016	5746	3	2
348.080	5747	3	3
348.144	5748	1	2
348.144	5749	2	2
348.144	5750	3	2
348.144	5751	4	2
348.208	5752	1	3
348.208	5753	2	3
348.208	5754	3	3
348.208	5755	4	3
348.272	5756	4	1
348.337	5757	3	1
348.529	5758	1	2
348.529	5759	2	2
348.529	5760	3	2
348.529	5761	4	2
348.593	5762	1	3
348.593	5763	2	3
348.593	5764	3	3
348.593	5765	4	3
348.657	5766	1	1
348.657	5767	2	1
348.657	5768	4	1
348.785	5769	3	1
348.849	5770	2	1
348.913	5771	1	2
348.913	5772	3	2
348.913	5773	4	2
349.042	5774	1	3
349.042	5775	3	3
349.042	5776	4	3
349.170	5777	3	1
349.234	5778	3	1
349.298	5779	1	2
349.298	5780	2	2
349.298	5781	4	2
349.426	5782	1	3
349.426	5783	2	3
349.426	5784	4	3
349.554	5785	2	1
349.554	5786	3	1
349.683	5787	1	1
349.683	5788	2	1
349.683	5789	3	1
349.683	5790	4	2
349.939	5791	1	1
349.939	5792	4	3
350.003	5793	3	1
350.067	5794	4	1
350.131	5795	3	1
350.195	5796	1	1
350.260	5797	2	1
350.324	5798	4	1
350.388	5799	2	1
350.452	5800	3	1
350.452	5801	4	1
350.516	5802	1	1
350.580	5803	2	1
350.644	5804	4	1
350.676	5805	3	1
350.708	5806	1	1
350.708	5807	2	1
350.751	5808	4	1
350.794	5809	3	1
350.837	5810	1	1
350.922	5811	2	1
350.965	5812	3	2
351.093	5813	2	1
351.093	5814	3	3
351.221	5815	1	1
351.221	5816	3	1
351.349	5817	1	1
351.349	5818	3	1
351.478	5819	1	2
351.478	5820	3	2
351.542	5821	1	3
351.542	5822	3	3
351.606	5823	2	1
351.670	5824	3	1
351.734	5825	1	1
351.734	5826	2	1
351.734	5827	4	1
351.798	5828	3	1
351.862	5829	1	1
351.926	5830	2	1
351.990	5831	3	1
351.990	5832	4	1
352.054	5833	1	1
352.054	5834	2	1
352.119	5835	3	1
352.119	5836	4	1
352.183	5837	1	1
352.183	5838	2	1
352.247	5839	3	2
352.247	5840	4	2
352.375	5841	3	3
352.375	5842	4	3
352.503	5843	1	1
352.503	5844	2	1
352.503	5845	4	1
352.631	5846	2	2
352.631	5847	3	2
352.760	5848	1	1
352.760	5849	4	1
352.760	5850	2	3
352.760	5851	3	3
353.016	5852	1	2
353.016	5853	3	1
353.016	5854	4	2
353.144	5855	1	3
353.144	5856	4	3
353.272	5857	1	1
353.272	5858	3	1
353.401	5859	1	2
353.401	5860	2	2
353.401	5861	4	1
353.529	5862	3	1
353.529	5863	1	3
353.529	5864	2	3
353.657	5865	2	1
353.785	5866	1	1
353.785	5867	2	1
353.785	5868	4	2
353.978	5869	4	3
354.042	5870	1	1
354.042	5871	2	1
354.042	5872	4	2
354.127	5873	3	1
354.213	5874	2	1
354.234	5875	4	3
354.298	5876	1	1
354.298	5877	3	1
354.298	5878	4	2
354.490	5879	4	3
354.554	5880	1	1
354.554	5881	2	1
354.554	5882	4	2
354.683	5883	2	1
354.747	5884	4	3
354.811	5885	1	1
354.811	5886	3	1
354.811	5887	4	2
354.939	5888	2	1
355.003	5889	3	1
355.003	5890	4	3
355.067	5891	1	1
355.067	5892	4	2
355.131	5893	2	1
355.195	5894	1	1
355.260	5895	2	1
355.260	5896	4	3
355.324	5897	3	1
355.324	5898	4	2
355.388	5899	1	1
355.452	5900	2	1
355.516	5901	1	1
355.516	5902	4	3
355.580	5903	3	1
355.580	5904	4	2
355.644	5905	1	1
355.708	5906	2	1
355.772	5907	3	1
355.772	5908	4	3
355.837	5909	1	2
355.837	5910	2	1
355.837	5911	4	1
355.965	5912	3	1
355.965	5913	1	3
356.029	5914	2	1
356.093	5915	1	1
356.093	5916	3	1
356.093	5917	4	1
356.157	5918	2	1
356.221	5919	4	1
356.285	5920	3	1
356.349	5921	1	1
356.349	5922	2	1
356.349	5923	4	1
356.478	5924	2	1
356.606	5925	1	1
356.606	5926	3	1
356.606	5927	4	1
356.734	5928	2	1
356.734	5929	3	1
356.862	5930	3	1
356.990	5931	1	1
356.990	5932	2	1
356.990	5933	4	1
357.119	5934	1	1
357.119	5935	2	1
357.247	5936	3	1
357.375	5937	2	1
357.375	5938	3	1
357.375	5939	4	1
357.503	5940	1	1
357.503	5941	2	1
357.631	5942	4	1
357.760	5943	3	1
357.760	5944	4	1
357.824	5945	1	1
357.824	5946	2	1
357.888	5947	3	1
357.888	5948	4	2
358.080	5949	4	3
358.144	5950	1	1
358.144	5951	2	1
358.144	5952	4	2
358.337	5953	4	3
358.401	5954	1	1
358.401	5955	2	1
358.401	5956	4	2
358.593	5957	4	3
358.657	5958	1	1
358.657	5959	2	1
358.657	5960	4	2
358.849	5961	4	3
358.913	5962	1	1
358.913	5963	2	1
358.913	5964	4	2
359.106	5965	4	3
359.170	5966	1	1
359.170	5967	3	1
359.170	5968	4	1
359.234	5969	2	1
359.298	5970	3	1
359.362	5971	4	1
359.426	5972	1	1
359.426	5973	2	1
359.490	5974	4	1
359.554	5975	1	1
359.619	5976	3	1
359.683	5977	2	1
359.683	5978	4	1
359.747	5979	3	1
359.811	5980	1	1
359.875	5981	2	1
359.939	5982	1	1
359.939	5983	3	1
359.939	5984	4	1
360.067	5985	2	1
360.067	5986	4	1
360.195	5987	2	1
360.195	5988	3	1
360.324	5989	1	1
360.324	5990	4	1
360.452	5991	1	2
360.452	5992	3	1
360.452	5993	4	1
360.644	5994	1	3
360.708	5995	1	2
360.708	5996	3	1
360.708	5997	4	1
360.901	5998	1	3
360.965	5999	1	2
360.965	6000	3	1
360.965	6001	4	1
361.157	6002	1	3
361.221	6003	1	1
361.221	6004	3	1
361.285	6005	2	1
361.349	6006	4	1
361.413	6007	3	1
361.478	6008	1	1
361.478	6009	2	1
361.478	6010	4	2
361.606	6011	1	2
361.606	6012	4	3
361.734	6013	3	1
361.734	6014	4	1
361.734	6015	1	3
361.862	6016	2	1
361.862	6017	3	1
361.990	6018	1	1
361.990	6019	4	1
362.119	6020	1	1
362.119	6021	3	1
362.247	6022	2	2
362.247	6023	3	2
362.247	6024	4	2
362.375	6025	2	3
362.375	6026	3	3
362.375	6027	4	3
362.503	6028	1	2
362.503	6029	3	1
362.503	6030	4	1
362.631	6031	1	3
362.760	6032	1	2
362.760	6033	3	1
362.760	6034	4	1
362.888	6035	3	1
362.888	6036	1	3
363.016	6037	1	2
363.016	6038	3	1
363.016	6039	4	1
363.144	6040	2	1
363.144	6041	1	3
363.208	6042	3	1
363.272	6043	1	1
363.272	6044	4	1
363.337	6045	2	1
363.401	6046	3	1
363.465	6047	1	1
363.529	6048	2	1
363.529	6049	4	1
363.593	6050	3	1
363.657	6051	2	1
363.721	6052	1	1
363.785	6053	3	1
363.785	6054	4	1
363.913	6055	2	1
364.042	6056	1	1
364.042	6057	3	1
364.106	6058	2	1
364.170	6059	4	2
364.298	6060	1	1
364.298	6061	2	2
364.298	6062	3	1
364.298	6063	4	3
364.426	6064	2	3
364.554	6065	1	1
364.554	6066	3	1
364.554	6067	4	2
364.683	6068	2	1
364.683	6069	4	3
364.811	6070	1	1
364.811	6071	2	2
364.811	6072	4	1
364.939	6073	2	3
365.067	6074	1	1
365.067	6075	2	2
365.067	6076	4	1
365.195	6077	2	3
365.324	6078	1	2
365.324	6079	3	1
365.324	6080	4	1
365.452	6081	4	2
365.452	6082	1	3
365.580	6083	1	1
365.580	6084	2	1
365.580	6085	3	1
365.580	6086	4	3
365.644	6087	4	1
365.708	6088	3	1
365.837	6089	1	1
365.837	6090	2	2
365.837	6091	4	1
365.965	6092	3	1
365.965	6093	2	3
366.029	6094	4	1
366.093	6095	1	1
366.093	6096	3	1
366.157	6097	2	1
366.221	6098	1	1
366.285	6099	3	1
366.349	6100	2	1
366.349	6101	4	1
366.413	6102	1	1
366.478	6103	3	1
366.542	6104	2	1
366.606	6105	1	1
366.606	6106	3	1
366.606	6107	4	2
366.734	6108	2	1
366.734	6109	4	3
366.862	6110	1	1
366.862	6111	3	1
366.862	6112	4	2
366.990	6113	2	1
366.990	6114	4	3
367.119	6115	1	1
367.119	6116	3	1
367.119	6117	4	2
367.247	6118	2	1
367.247	6119	4	3
367.375	6120	1	1
367.375	6121	3	1
367.375	6122	4	1
367.439	6123	2	1
367.503	6124	3	1
367.567	6125	4	1
367.631	6126	1	1
367.631	6127	2	1
367.695	6128	3	1
367.760	6129	1	1
367.888	6130	2	1
367.888	6131	3	1
368.016	6132	1	1
368.016	6133	3	1
368.144	6134	1	1
368.144	6135	4	1
368.272	6136	2	1
368.272	6137	3	1
368.401	6138	3	1
368.401	6139	4	2
368.529	6140	2	2
368.529	6141	4	3
368.657	6142	1	2
368.657	6143	3	1
368.657	6144	4	1
368.657	6145	2	3
368.785	6146	2	1
368.785	6147	1	3
368.849	6148	3	1
368.913	6149	1	1
368.913	6150	2	1
368.913	6151	4	2
369.042	6152	3	2
369.042	6153	4	3
369.170	6154	1	1
369.170	6155	2	1
369.170	6156	3	3
369.234	6157	3	1
369.234	6158	4	1
369.298	6159	1	1
369.298	6160	2	1
369.426	6161	3	1
369.426	6162	4	1
369.490	6163	1	1
369.554	6164	2	1
369.619	6165	3	1
369.683	6166	1	1
369.683	6167	4	1
369.768	6168	2	1
369.854	6169	3	1
369.939	6170	4	1
370.025	6171	1	1
370.110	6172	4	1
370.195	6173	2	1
370.281	6174	4	1
370.366	6175	3	1
370.452	6176	1	1
370.537	6177	2	1
370.623	6178	3	1
370.708	6179	4	2
370.837	6180	1	1
370.837	6181	2	1
370.837	6182	4	3
370.901	6183	3	1
370.901	6184	4	1
370.965	6185	1	1
370.965	6186	2	1
371.221	6187	3	1
371.221	6188	4	1
371.285	6189	1	1
371.285	6190	2	1
371.349	6191	3	1
371.349	6192	4	1
371.606	6193	1	1
371.606	6194	4	1
371.670	6195	2	1
371.670	6196	3	1
371.734	6197	1	1
371.734	6198	4	1
371.990	6199	1	1
371.990	6200	3	1
372.054	6201	2	1
372.054	6202	4	1
372.119	6203	1	1
372.119	6204	3	1
372.247	6205	2	1
372.247	6206	3	1
372.375	6207	1	1
372.375	6208	4	1
372.439	6209	2	1
372.503	6210	3	1
372.589	6211	2	1
372.674	6212	3	1
372.760	6213	1	1
372.888	6214	3	1
372.888	6215	4	1
372.952	6216	1	1
372.952	6217	2	1
373.016	6218	3	1
373.016	6219	4	1
373.272	6220	3	1
373.272	6221	4	1
373.337	6222	1	1
373.337	6223	2	1
373.401	6224	3	1
373.401	6225	4	1
373.657	6226	1	1
373.657	6227	2	1
373.721	6228	3	1
373.721	6229	4	1
373.785	6230	1	1
373.785	6231	2	1
374.042	6232	1	1
374.042	6233	2	1
374.106	6234	3	1
374.106	6235	4	1
374.170	6236	1	1
374.170	6237	2	1
374.298	6238	2	1
374.298	6239	3	1
374.426	6240	3	1
374.426	6241	4	1
374.554	6242	1	1
374.619	6243	2	1
374.683	6244	3	1
374.747	6245	4	1
374.811	6246	1	1
374.811	6247	2	1
374.875	6248	3	1
374.875	6249	4	1
374.939	6250	1	1
374.939	6251	2	1
375.003	6252	3	1
375.003	6253	4	1
375.067	6254	1	1
375.067	6255	2	1
375.131	6256	3	1
375.131	6257	4	1
375.195	6258	1	1
375.195	6259	2	1
375.260	6260	3	1
375.260	6261	4	1
375.324	6262	1	1
375.324	6263	2	1
375.388	6264	3	1
375.388	6265	4	1
375.452	6266	1	1
375.452	6267	2	1
375.516	6268	3	1
375.516	6269	4	1
375.580	6270	1	1
375.580	6271	2	1
375.644	6272	3	1
375.644	6273	4	1
375.708	6274	1	1
375.708	6275	2	1
375.772	6276	3	1
375.772	6277	4	1
375.837	6278	1	1
375.837	6279	2	1
375.901	6280	3	1
375.901	6281	4	1
375.965	6282	1	1
375.965	6283	2	1
376.029	6284	3	1
376.029	6285	4	1
376.093	6286	1	1
376.093	6287	2	1
376.157	6288	3	1
376.157	6289	4	1
376.221	6290	1	1
376.221	6291	2	1
376.285	6292	3	1
376.285	6293	4	1
376.349	6294	1	1
376.381	6295	2	1
376.413	6296	3	1
376.445	6297	4	1
376.478	6298	1	1
376.510	6299	2	1
376.542	6300	3	1
376.574	6301	4	1
376.606	6302	1	1
376.638	6303	2	1
376.670	6304	3	1
376.702	6305	4	1
376.734	6306	1	1
376.766	6307	2	1
376.798	6308	3	1
376.830	6309	4	1
376.862	6310	1	2
376.990	6311	4	1
377.054	6312	2	1
377.054	6313	3	2
377.247	6314	2	1
377.247	6315	1	3
377.247	6316	3	3
377.503	6317	1	2
377.503	6318	3	2
377.631	6319	2	1
377.631	6320	4	1
377.631	6321	1	3
377.631	6322	3	3
377.888	6323	1	1
377.888	6324	3	1
377.888	6325	4	1
377.973	6326	3	1
378.059	6327	1	1
378.059	6328	2	1
378.144	6329	3	1
378.144	6330	4	1
378.230	6331	1	1
378.230	6332	2	1
378.315	6333	3	1
378.315	6334	4	1
378.401	6335	2	1
378.401	6336	3	1
378.486	6337	1	1
378.486	6338	2	1
378.572	6339	3	1
378.572	6340	4	1
378.657	6341	1	1
378.657	6342	2	1
378.743	6343	2	1
378.743	6344	3	1
378.828	6345	3	1
378.828	6346	4	1
378.913	6347	1	1
378.913	6348	2	1
379.042	6349	1	1
379.042	6350	2	1
379.170	6351	1	2
379.170	6352	2	2
379.170	6353	4	2
379.234	6354	1	3
379.234	6355	2	3
379.234	6356	4	3
379.298	6357	3	1
379.298	6358	4	1
379.426	6359	1	1
379.426	6360	2	1
379.490	6361	4	1
379.554	6362	1	1
379.554	6363	3	1
379.619	6364	4	1
379.683	6365	1	1
379.683	6366	2	1
379.811	6367	3	1
379.811	6368	4	1
379.875	6369	1	1
379.875	6370	2	1
379.939	6371	3	2
379.939	6372	4	2
380.003	6373	3	3
380.003	6374	4	3
380.067	6375	2	2
380.067	6376	4	2
380.131	6377	3	1
380.131	6378	2	3
380.131	6379	4	3
380.195	6380	1	1
380.195	6381	2	1
380.324	6382	3	1
380.324	6383	4	1
380.452	6384	1	1
380.452	6385	2	1
380.516	6386	3	1
380.516	6387	4	1
380.580	6388	1	1
380.580	6389	2	1
380.708	6390	3	1
380.708	6391	4	1
380.772	6392	1	1
380.772	6393	2	1
380.837	6394	3	1
380.837	6395	4	1
380.901	6396	1	1
380.901	6397	2	1
380.965	6398	3	1
380.965	6399	4	2
381.029	6400	4	3
381.093	6401	4	2
381.157	6402	4	3
381.221	6403	2	2
381.221	6404	3	1
381.285	6405	2	3
381.349	6406	3	1
381.349	6407	4	2
381.413	6408	4	3
381.478	6409	1	1
381.478	6410	2	2
381.542	6411	2	3
381.606	6412	3	2
381.606	6413	4	1
381.670	6414	3	3
381.734	6415	2	1
381.734	6416	3	2
381.798	6417	3	3
381.862	6418	1	2
381.862	6419	2	1
381.926	6420	4	1
381.926	6421	1	3
381.990	6422	1	1
381.990	6423	2	1
382.054	6424	3	1
382.054	6425	4	1
382.119	6426	1	2
382.119	6427	2	2
382.183	6428	1	3
382.183	6429	2	3
382.247	6430	3	1
382.247	6431	4	1
382.311	6432	1	1
382.311	6433	2	1
382.375	6434	3	1
382.375	6435	4	1
382.439	6436	1	1
382.439	6437	2	1
382.503	6438	3	1
382.503	6439	4	1
382.760	6440	2	1
382.760	6441	3	1
382.760	6442	4	1
383.016	6443	1	1
383.016	6444	3	1
383.080	6445	2	1
383.144	6446	1	1
383.144	6447	3	1
383.208	6448	2	1
383.272	6449	1	2
383.272	6450	3	2
383.272	6451	4	2
383.337	6452	1	3
383.337	6453	3	3
383.337	6454	4	3
383.401	6455	4	2
383.465	6456	4	3
383.529	6457	1	1
383.529	6458	2	1
383.593	6459	3	1
383.657	6460	1	1
383.657	6461	2	1
383.721	6462	3	1
383.785	6463	1	1
383.785	6464	4	1
383.913	6465	3	1
383.913	6466	4	1
383.978	6467	1	1
383.978	6468	2	1
384.042	6469	3	2
384.042	6470	4	1
384.106	6471	1	1
384.106	6472	3	3
384.170	6473	2	2
384.170	6474	3	1
384.234	6475	2	3
384.298	6476	1	2
384.298	6477	4	1
384.362	6478	1	3
384.426	6479	1	2
384.426	6480	2	1
384.490	6481	1	3
384.554	6482	3	1
384.554	6483	4	1
384.619	6484	1	1
384.619	6485	2	1
384.683	6486	3	2
384.683	6487	4	2
384.747	6488	3	3
384.747	6489	4	3
384.811	6490	1	1
384.811	6491	2	1
384.875	6492	3	1
384.875	6493	4	1
384.939	6494	1	1
384.939	6495	2	1
385.003	6496	3	1
385.003	6497	4	1
385.067	6498	1	2
385.067	6499	2	1
385.195	6500	3	1
385.195	6501	1	3
385.260	6502	2	1
385.324	6503	1	1
385.324	6504	4	1
385.388	6505	3	1
385.452	6506	2	2
385.452	6507	4	1
385.580	6508	1	1
385.580	6509	3	1
385.580	6510	2	3
385.644	6511	2	1
385.708	6512	3	1
385.708	6513	4	1
385.772	6514	2	1
385.837	6515	1	1
385.837	6516	4	2
385.965	6517	1	1
385.965	6518	2	1
385.965	6519	4	3
386.029	6520	3	1
386.029	6521	4	1
386.093	6522	1	1
386.093	6523	2	1
386.221	6524	3	1
386.221	6525	4	1
386.349	6526	1	1
386.349	6527	4	1
386.478	6528	1	1
386.478	6529	2	1
386.606	6530	3	1
386.606	6531	4	1
386.734	6532	2	2
386.734	6533	4	2
386.798	6534	2	3
386.798	6535	4	3
386.862	6536	1	1
386.862	6537	2	1
386.926	6538	3	1
386.926	6539	4	1
386.990	6540	1	1
386.990	6541	2	1
387.054	6542	3	1
387.054	6543	4	1
387.119	6544	1	1
387.119	6545	2	1
387.151	6546	3	1
387.183	6547	4	1
387.247	6548	1	1
387.311	6549	2	2
387.375	6550	3	1
387.375	6551	2	3
387.439	6552	4	1
387.471	6553	1	1
387.503	6554	2	2
387.631	6555	4	1
387.631	6556	2	3
387.663	6557	3	1
387.695	6558	1	1
387.760	6559	2	1
387.792	6560	4	1
387.824	6561	1	1
387.888	6562	3	1
387.888	6563	4	1
387.952	6564	1	1
387.952	6565	2	1
388.016	6566	3	2
388.016	6567	4	2
388.080	6568	3	3
388.080	6569	4	3
388.144	6570	1	1
388.144	6571	2	1
388.208	6572	3	1
388.272	6573	1	1
388.337	6574	3	1
388.401	6575	2	2
388.401	6576	4	2
388.465	6577	2	3
388.465	6578	4	3
388.529	6579	2	2
388.529	6580	4	2
388.593	6581	2	3
388.593	6582	4	3
388.657	6583	4	1
388.689	6584	3	1
388.721	6585	1	1
388.785	6586	4	1
388.817	6587	3	1
388.849	6588	1	1
388.913	6589	4	1
388.945	6590	3	1
388.978	6591	2	2
389.042	6592	1	2
389.042	6593	2	3
389.170	6594	3	1
389.170	6595	4	1
389.170	6596	1	3
389.298	6597	1	1
389.298	6598	2	1
389.362	6599	3	1
389.426	6600	1	1
389.490	6601	4	1
389.554	6602	2	1
389.619	6603	1	1
389.683	6604	3	1
389.747	6605	2	1
389.811	6606	4	1
389.843	6607	3	1
389.875	6608	1	1
389.907	6609	2	1
389.939	6610	3	1
389.939	6611	4	1
390.067	6612	4	1
390.099	6613	3	1
390.131	6614	1	1
390.163	6615	2	1
390.195	6616	3	1
390.195	6617	4	1
390.260	6618	1	1
390.324	6619	2	1
390.388	6620	3	1
390.452	6621	4	1
390.516	6622	1	1
390.580	6623	4	1
390.644	6624	2	1
390.708	6625	3	1
390.772	6626	4	1
390.794	6627	1	1
390.837	6628	3	1
390.879	6629	1	1
390.901	6630	2	1
390.965	6631	3	2
390.965	6632	4	2
391.093	6633	2	1
391.093	6634	3	3
391.093	6635	4	3
391.221	6636	1	1
391.221	6637	3	1
391.221	6638	4	1
391.349	6639	2	1
391.349	6640	3	1
391.478	6641	1	1
391.478	6642	2	1
391.478	6643	4	2
391.606	6644	1	1
391.606	6645	3	1
391.606	6646	4	3
391.734	6647	2	1
391.734	6648	3	1
391.862	6649	1	2
391.862	6650	3	1
391.862	6651	4	1
391.990	6652	2	1
391.990	6653	1	3
392.119	6654	1	1
392.119	6655	3	1
392.119	6656	4	1
392.247	6657	1	1
392.247	6658	4	1
392.375	6659	2	1
392.375	6660	3	1
392.503	6661	1	1
392.503	6662	2	1
392.503	6663	4	1
392.631	6664	3	1
392.695	6665	2	1
392.760	6666	1	1
392.760	6667	3	1
392.760	6668	4	1
392.824	6669	2	1
392.888	6670	3	1
393.016	6671	1	1
393.016	6672	2	1
393.080	6673	3	1
393.080	6674	4	1
393.144	6675	1	1
393.144	6676	2	1
393.272	6677	1	1
393.272	6678	3	1
393.272	6679	4	1
393.401	6680	2	1
393.401	6681	3	1
393.529	6682	1	1
393.529	6683	2	1
393.529	6684	4	1
393.593	6685	3	1
393.657	6686	2	2
393.785	6687	3	1
393.785	6688	4	1
393.785	6689	2	3
393.849	6690	2	1
393.913	6691	1	1
393.913	6692	3	1
393.913	6693	4	1
394.042	6694	1	1
394.042	6695	2	1
394.170	6696	3	1
394.170	6697	4	1
394.234	6698	2	1
394.298	6699	1	1
394.298	6700	4	1
394.362	6701	3	1
394.426	6702	1	1
394.426	6703	2	1
394.554	6704	3	1
394.554	6705	4	1
394.683	6706	1	1
394.747	6707	2	1
394.811	6708	1	1
394.811	6709	3	1
394.811	6710	4	1
394.875	6711	2	1
394.939	6712	3	1
395.003	6713	1	1
395.067	6714	4	1
395.131	6715	1	1
395.131	6716	2	1
395.195	6717	3	1
395.195	6718	4	1
395.260	6719	1	1
395.260	6720	2	1
395.324	6721	3	1
395.324	6722	4	1
395.388	6723	1	1
395.388	6724	2	1
395.452	6725	3	1
395.452	6726	4	1
395.516	6727	1	1
395.516	6728	2	1
395.580	6729	3	1
395.580	6730	4	1
395.644	6731	1	1
395.644	6732	2	1
395.708	6733	3	1
395.708	6734	4	1
395.772	6735	1	1
395.772	6736	2	1
395.837	6737	3	1
395.837	6738	4	1
395.901	6739	1	1
395.901	6740	2	1
395.965	6741	3	1
395.965	6742	4	1
396.029	6743	1	1
396.029	6744	2	1
396.093	6745	3	1
396.093	6746	4	1
396.157	6747	1	1
396.157	6748	2	1
396.221	6749	3	1
396.221	6750	4	1
396.285	6751	1	1
396.285	6752	2	1
396.349	6753	3	1
396.349	6754	4	1
396.413	6755	1	1
396.413	6756	2	1
396.478	6757	4	1
396.510	6758	3	1
396.542	6759	2	1
396.574	6760	1	1
396.606	6761	3	1
396.606	6762	4	1
396.734	6763	1	1
396.734	6764	2	1
396.798	6765	3	1
396.798	6766	4	1
396.862	6767	1	1
396.862	6768	2	1
396.926	6769	3	1
396.926	6770	4	1
396.990	6771	1	1
397.022	6772	2	1
397.054	6773	3	1
397.087	6774	4	1
397.119	6775	1	1
397.119	6776	2	1
397.183	6777	3	1
397.183	6778	4	1
397.247	6779	1	1
397.247	6780	2	1
397.311	6781	3	1
397.311	6782	4	1
397.375	6783	1	1
397.375	6784	2	1
397.439	6785	3	1
397.439	6786	4	1
397.503	6787	1	1
397.503	6788	2	1
397.567	6789	3	1
397.567	6790	4	1
397.631	6791	1	1
397.631	6792	2	1
397.695	6793	3	1
397.695	6794	4	1
397.760	6795	1	1
397.760	6796	2	1
397.824	6797	3	1
397.824	6798	4	1
397.888	6799	1	1
397.888	6800	2	1
397.952	6801	3	1
397.952	6802	4	1
398.016	6803	1	1
398.016	6804	2	1
398.080	6805	3	1
398.080	6806	4	1
398.144	6807	1	1
398.144	6808	2	1
398.208	6809	3	1
398.208	6810	4	1
398.272	6811	1	1
398.272	6812	2	1
398.337	6813	3	1
398.337	6814	4	1
398.401	6815	1	1
398.401	6816	2	1
398.465	6817	3	1
398.465	6818	4	1
398.529	6819	1	1
398.529	6820	2	1
398.593	6821	3	1
398.593	6822	4	1
398.657	6823	1	1
398.657	6824	2	1
398.721	6825	3	1
398.721	6826	4	1
398.785	6827	1	1
398.785	6828	2	1
398.849	6829	3	1
398.849	6830	4	1
398.913	6831	1	1
398.913	6832	2	1
398.999	6833	4	1
399.084	6834	4	1
399.170	6835	2	1
399.255	6836	2	1
399.341	6837	3	1
399.426	6838	1	1
399.426	6839	4	1
399.490	6840	2	1
399.554	6841	3	1
399.619	6842	2	1
399.683	6843	3	1
399.683	6844	4	1
399.747	6845	1	1
399.811	6846	2	1
399.875	6847	3	1
399.939	6848	4	1
400.003	6849	2	1
400.067	6850	1	1
400.067	6851	3	1
400.131	6852	2	1
400.195	6853	3	1
400.260	6854	4	1
400.324	6855	1	1
400.324	6856	2	1
400.388	6857	3	1
400.452	6858	4	1
400.516	6859	3	1
400.580	6860	2	1
400.644	6861	1	1
400.708	6862	4	1
400.772	6863	2	1
400.837	6864	4	1
400.901	6865	2	1
400.965	6866	1	1
401.029	6867	3	1
401.093	6868	2	1
401.093	6869	4	1
401.157	6870	3	1
401.221	6871	1	1
401.221	6872	2	1
401.349	6873	3	1
401.349	6874	4	1
401.478	6875	1	1
401.478	6876	4	1
401.542	6877	2	1
401.606	6878	3	1
401.670	6879	2	1
401.734	6880	1	1
401.734	6881	4	1
401.862	6882	3	1
401.926	6883	2	1
401.990	6884	3	1
402.054	6885	2	1
402.119	6886	3	1
402.119	6887	4	1
402.247	6888	1	1
402.247	6889	2	1
402.375	6890	2	1
402.375	6891	3	1
402.503	6892	1	1
402.503	6893	4	1
402.631	6894	1	1
402.631	6895	4	1
402.760	6896	2	1
402.760	6897	4	1
402.824	6898	3	1
402.888	6899	1	1
402.888	6900	2	1
402.952	6901	3	1
402.952	6902	4	1
403.016	6903	1	1
403.016	6904	2	1
403.080	6905	3	1
403.080	6906	4	1
403.144	6907	1	1
403.144	6908	2	1
403.272	6909	3	1
403.272	6910	4	1
403.337	6911	2	1
403.401	6912	1	1
403.465	6913	3	1
403.529	6914	1	1
403.561	6915	2	1
403.593	6916	3	1
403.625	6917	4	1
403.657	6918	1	1
403.689	6919	2	1
403.721	6920	3	1
403.753	6921	4	1
403.785	6922	1	1
403.817	6923	2	1
403.849	6924	3	1
403.881	6925	4	1
403.913	6926	1	1
403.945	6927	2	1
403.978	6928	3	1
404.010	6929	4	1
404.042	6930	1	1
404.074	6931	2	1
404.106	6932	3	1
404.138	6933	4	1
404.170	6934	1	1
404.202	6935	2	1
404.234	6936	3	1
404.266	6937	4	1
404.298	6938	1	1
404.330	6939	2	1
404.362	6940	3	1
404.394	6941	4	1
404.426	6942	1	1
404.458	6943	2	1
404.490	6944	3	1
404.522	6945	4	1
404.554	6946	1	1
404.587	6947	2	1
404.619	6948	3	1
404.651	6949	4	1
404.683	6950	1	1
404.715	6951	2	1
404.747	6952	3	1
404.779	6953	4	1
404.811	6954	1	1
404.843	6955	2	1
404.875	6956	3	1
404.907	6957	4	1
404.939	6958	1	1
404.971	6959	2	1
405.003	6960	3	1
405.035	6961	4	1
405.067	6962	1	1
405.099	6963	2	1
405.131	6964	3	1
405.163	6965	4	1
405.195	6966	1	1
405.228	6967	2	1
405.260	6968	3	1
405.292	6969	4	1
405.324	6970	1	1
405.356	6971	2	1
405.388	6972	3	1
405.420	6973	4	1
405.452	6974	1	1
405.484	6975	2	1
405.516	6976	3	1
405.548	6977	4	1
405.580	6978	1	1
405.612	6979	2	1
405.644	6980	4	1
405.676	6981	3	1
405.708	6982	1	1
405.740	6983	2	1
405.772	6984	4	1
405.804	6985	3	1
405.837	6986	1	1
405.869	6987	2	1
405.901	6988	4	1
405.933	6989	3	1
405.965	6990	1	1
405.997	6991	2	1
406.029	6992	4	1
406.061	6993	3	1
406.093	6994	1	1
406.125	6995	2	1
406.157	6996	4	1
406.189	6997	3	1
406.221	6998	1	1
406.253	6999	2	1
406.285	7000	4	1
406.317	7001	3	1
406.349	7002	1	1
406.381	7003	2	1
406.413	7004	4	1
406.445	7005	3	1
406.478	7006	1	1
406.510	7007	2	1
406.542	7008	4	1
406.574	7009	3	1
406.606	7010	1	2
406.734	7011	4	1
406.798	7012	2	1
406.798	7013	3	2
406.990	7014	2	1
406.990	7015	1	3
406.990	7016	3	3
407.119	7017	1	2
407.247	7018	2	1
407.247	7019	3	2
407.375	7020	2	1
407.375	7021	4	1
407.375	7022	1	3
407.375	7023	3	3
407.631	7024	1	1
407.631	7025	2	1
407.631	7026	3	1
407.631	7027	4	1