Song Name	Omega(x2)PARTS [EXTENDED CUT] (Hard) by Camellia
Title	Omega(x2)PARTS [EXTENDED CUT] (Hard)
Artist	Camellia
Description	Hi, it's Camellia. I made a brand new song 'OOPARTS' (yeah it's OOPARTS, pronounced as 'ooparts' too, but 'fancier' one) for OWC2020 Standard, tiebreaker match of the grand final match. Map by Himitsu.
Difficulty	35
Primary Color	Flow
Secondary Color	Flow
Cover Image ID	7098348577
Audio Asset ID	rbxassetid://9060593877
Audio File	9060593877.ogg
Last Note Time	402.980
Total Notes	6029
Fever Fill	1752
Fever Time	60.447000
Long Notes	770
BPM	172
Song Length	403.980000000

Timing Points
0.526	500.000000
0.526	500.000000
36.526	500.000000
36.526	600.000000
37.726	666.666667
37.726	666.666667
38.392	750.000000
38.392	750.000000
38.767	857.142857
38.767	857.142857
39.155	524.017467
39.155	524.017467
41.245	500.000000
41.245	500.000000
53.245	500.000000
53.245	480.000000
60.925	461.538462
60.925	461.538462
68.309	444.444444
68.309	444.444444
75.420	444.444444
75.420	428.571429
89.134	428.571429
95.991	422.535211
95.991	422.535211
102.751	413.793103
102.751	413.793103
109.371	408.163265
109.371	408.163265
115.901	400.000000
115.901	400.000000
122.301	400.000000
128.701	400.000000
128.701	394.736842
135.016	387.096774
135.016	387.096774
141.209	382.165605
141.209	382.165605
147.323	382.165605
147.323	375.000000
159.323	352.941176
159.323	352.941176
164.970	352.941176
164.970	342.857143
170.455	342.857143
170.455	333.333333
178.455	333.333333
183.788	329.670330
183.788	329.670330
189.062	324.324324
189.062	324.324324
194.251	324.324324
194.251	320.855615
199.384	315.789474
199.384	315.789474
204.436	310.880829
204.436	310.880829
209.410	304.568528
209.410	304.568528
214.283	298.507463
214.283	298.507463
219.059	292.682927
219.059	292.682927
237.205	300.000000
237.205	300.000000
237.805	292.682927
237.805	292.682927
265.902	292.682927
340.829	285.714286
340.829	285.714286
345.400	272.727273
345.400	272.727273
349.763	260.869565
349.763	260.869565
358.110	260.869565
395.676	260.869565


Song Data
0.526	1	1	1
0.526	2	4	2
6.776	3	4	3
0.526	4	2	1
0.526	5	3	1
4.526	6	2	1
4.526	7	3	1
6.776	8	1	1
6.859	9	2	1
6.942	10	3	1
7.026	11	4	1
7.109	12	1	1
7.192	13	2	1
7.276	14	3	1
7.359	15	4	1
7.442	16	3	1
7.526	17	1	1
7.609	18	2	1
7.692	19	3	1
7.776	20	4	1
7.859	21	1	1
7.942	22	2	1
8.026	23	3	1
8.109	24	4	1
8.192	25	1	1
8.276	26	2	1
8.359	27	3	1
8.442	28	4	1
8.526	29	1	2
8.692	30	1	3
8.817	31	4	1
8.859	32	1	1
9.026	33	3	2
9.192	34	3	3
9.192	35	2	1
9.359	36	3	1
9.526	37	2	2
9.692	38	2	3
9.817	39	1	1
9.859	40	3	1
10.026	41	4	2
10.192	42	4	3
10.192	43	2	1
10.359	44	3	1
10.526	45	1	2
10.692	46	1	3
10.817	47	3	1
10.859	48	2	1
11.026	49	4	2
11.192	50	4	3
11.192	51	1	1
11.359	52	3	1
11.526	53	2	2
11.692	54	2	3
11.817	55	4	1
11.859	56	3	1
12.026	57	2	1
12.192	58	1	1
12.359	59	2	1
12.526	60	4	2
12.692	61	4	3
12.817	62	3	1
12.859	63	2	1
13.026	64	1	1
13.192	65	4	1
13.276	66	3	2
13.401	67	3	3
13.401	68	2	2
13.526	69	2	3
13.526	70	1	2
13.692	71	1	3
13.817	72	4	1
13.859	73	3	1
14.026	74	2	1
14.192	75	1	1
14.276	76	4	2
14.401	77	4	3
14.401	78	3	2
14.526	79	3	3
14.526	80	2	2
14.692	81	2	3
14.817	82	3	1
14.859	83	4	1
15.026	84	1	2
15.192	85	1	3
15.192	86	2	1
15.359	87	3	1
15.526	88	4	2
15.692	89	4	3
15.817	90	3	1
15.859	91	2	1
16.026	92	1	1
16.192	93	2	1
16.359	94	4	1
16.526	95	1	2
16.692	96	1	3
16.817	97	4	1
16.859	98	1	1
17.026	99	3	2
17.192	100	3	3
17.192	101	2	1
17.359	102	3	1
17.526	103	2	2
17.692	104	2	3
17.817	105	1	1
17.859	106	3	1
18.026	107	4	2
18.192	108	4	3
18.192	109	2	1
18.359	110	3	1
18.526	111	1	2
18.692	112	1	3
18.817	113	3	1
18.859	114	2	1
19.026	115	4	2
19.192	116	4	3
19.192	117	1	1
19.359	118	3	1
19.526	119	2	2
19.692	120	2	3
19.817	121	4	1
19.859	122	3	1
20.026	123	2	1
20.192	124	1	1
20.359	125	2	1
20.526	126	4	2
20.692	127	4	3
20.817	128	3	1
20.859	129	2	1
21.026	130	1	1
21.192	131	4	1
21.276	132	3	2
21.401	133	3	3
21.401	134	2	2
21.526	135	2	3
21.526	136	1	2
21.692	137	1	3
21.817	138	4	1
21.859	139	3	1
22.026	140	2	1
22.192	141	1	1
22.276	142	4	2
22.401	143	4	3
22.401	144	3	2
22.526	145	3	3
22.526	146	1	2
22.776	147	1	3
22.776	148	2	2
23.026	149	2	3
22.817	150	4	1
22.859	151	3	1
23.026	152	3	2
23.276	153	3	3
23.192	154	1	1
23.276	155	4	2
23.526	156	4	3
23.359	157	2	1
23.526	158	3	2
23.776	159	3	3
23.776	160	2	2
24.026	161	2	3
23.817	162	4	1
23.859	163	1	1
24.026	164	1	2
24.276	165	1	3
24.192	166	3	1
24.276	167	2	2
24.526	168	2	3
24.359	169	4	1
24.526	170	1	2
25.026	171	1	3
24.526	172	3	1
24.776	173	3	1
24.817	174	4	1
24.859	175	2	1
25.026	176	3	2
25.526	177	3	3
25.192	178	2	1
25.359	179	4	1
25.526	180	1	1
25.526	181	2	2
26.026	182	2	3
25.817	183	1	1
25.859	184	3	1
26.026	185	4	2
26.526	186	4	3
26.192	187	2	1
26.276	188	1	1
26.276	189	3	1
26.359	190	2	1
26.526	191	1	2
27.026	192	1	3
26.526	193	3	1
26.776	194	4	1
26.817	195	3	1
26.859	196	2	1
26.942	197	3	1
27.026	198	4	2
27.526	199	4	3
27.192	200	2	1
27.359	201	3	1
27.526	202	2	2
28.526	203	2	3
27.817	204	4	1
27.859	205	3	1
28.026	206	1	1
28.192	207	3	1
28.276	208	4	1
28.276	209	1	1
28.359	210	3	1
28.526	211	1	1
28.526	212	4	2
29.276	213	4	3
28.776	214	1	1
28.817	215	3	1
28.859	216	2	1
29.026	217	1	1
29.192	218	2	1
29.276	219	1	1
29.276	220	3	2
29.401	221	3	3
29.401	222	4	1
29.401	223	2	2
29.526	224	2	3
29.526	225	1	2
30.276	226	1	3
29.817	227	4	1
29.859	228	3	1
30.026	229	2	1
30.192	230	3	1
30.276	231	2	1
30.276	232	4	2
30.401	233	4	3
30.401	234	1	1
30.401	235	3	2
30.526	236	3	3
30.526	237	4	1
30.526	238	2	2
31.026	239	2	3
30.776	240	1	1
30.817	241	3	1
30.859	242	4	1
31.026	243	1	2
31.526	244	1	3
31.192	245	2	1
31.359	246	3	1
31.526	247	4	2
32.526	248	4	3
31.775	249	1	1
31.817	250	3	1
31.859	251	2	1
32.025	252	3	1
32.026	253	1	1
32.192	254	1	1
32.192	255	2	1
32.359	256	3	1
32.526	257	2	1
32.526	258	1	1
32.776	259	3	1
32.776	260	1	2
33.026	261	1	3
32.817	262	4	1
32.859	263	2	1
33.026	264	2	2
33.276	265	2	3
33.192	266	4	1
33.276	267	3	2
33.526	268	3	3
33.359	269	1	1
33.526	270	4	2
33.776	271	4	3
33.526	272	1	1
33.776	273	1	2
34.026	274	1	3
33.817	275	2	1
33.859	276	3	1
34.026	277	2	2
34.276	278	2	3
34.192	279	1	1
34.276	280	3	1
34.276	281	4	2
34.526	282	4	3
34.526	283	1	1
34.526	284	3	2
34.776	285	3	3
34.776	286	4	1
34.776	287	2	2
35.026	288	2	3
34.817	289	1	1
34.859	290	3	1
34.942	291	4	1
35.026	292	1	2
35.276	293	1	3
35.192	294	4	1
35.276	295	2	2
35.526	296	2	3
35.359	297	3	1
35.526	298	1	1
35.526	299	4	2
36.276	300	4	3
35.817	301	3	1
35.859	302	2	1
36.026	303	1	1
36.192	304	2	1
36.276	305	1	1
36.276	306	3	2
36.401	307	3	3
36.401	308	2	2
36.526	309	2	3
36.401	310	4	1
36.526	311	1	2
39.155	312	1	3
36.526	313	3	1
36.676	314	2	1
36.826	315	3	1
36.826	316	4	1
37.126	317	2	1
37.276	318	3	1
37.426	319	4	1
37.576	320	2	1
37.726	321	4	1
37.726	322	3	1
38.392	323	4	1
38.579	324	2	1
38.767	325	3	1
38.981	326	4	1
39.155	327	2	2
41.245	328	2	3
39.155	329	3	1
41.245	330	1	1
41.245	331	4	2
43.245	332	4	3
42.995	333	1	1
43.057	334	2	1
43.120	335	3	1
43.245	336	2	1
43.328	337	1	1
43.411	338	4	1
43.495	339	2	1
43.578	340	3	1
43.661	341	2	1
43.745	342	4	1
43.828	343	1	1
43.911	344	3	1
43.995	345	2	1
44.078	346	4	1
44.161	347	3	1
44.245	348	1	1
44.328	349	2	1
44.411	350	4	1
44.495	351	3	1
44.578	352	2	1
44.661	353	1	1
44.745	354	4	1
44.828	355	3	1
44.911	356	2	1
44.995	357	4	1
45.078	358	3	1
45.161	359	1	1
45.245	360	3	1
45.245	361	4	1
45.245	362	2	1
45.495	363	1	1
45.495	364	3	1
45.620	365	2	1
45.745	366	4	1
45.870	367	3	1
45.995	368	1	1
46.120	369	4	1
46.245	370	3	1
46.245	371	2	1
46.495	372	1	1
46.620	373	3	1
46.745	374	2	1
46.870	375	1	1
46.995	376	4	1
46.995	377	3	1
47.120	378	1	1
47.245	379	4	1
47.245	380	2	1
47.495	381	3	1
47.495	382	1	1
47.620	383	2	1
47.620	384	4	1
47.745	385	1	1
47.870	386	3	1
47.995	387	4	1
48.120	388	2	1
48.245	389	3	1
48.495	390	1	1
48.620	391	2	1
48.745	392	3	1
48.870	393	4	1
48.995	394	1	1
48.995	395	2	1
49.120	396	3	1
49.245	397	4	1
49.245	398	1	1
49.370	399	2	1
49.495	400	3	1
49.620	401	4	1
49.745	402	1	1
49.745	403	2	1
49.870	404	3	1
49.995	405	2	1
50.120	406	1	1
50.120	407	4	1
50.495	408	2	1
50.620	409	1	1
50.745	410	3	1
50.870	411	2	1
50.995	412	4	1
51.120	413	1	1
51.120	414	3	1
51.245	415	4	1
51.245	416	2	1
51.495	417	1	1
51.620	418	2	1
51.745	419	3	1
51.745	420	4	1
51.870	421	2	1
51.995	422	3	1
51.995	423	1	1
52.120	424	2	1
52.120	425	4	1
52.245	426	1	1
52.245	427	3	1
52.495	428	2	1
52.495	429	1	1
52.620	430	3	1
52.745	431	2	1
52.745	432	4	1
52.870	433	3	1
52.870	434	1	1
52.995	435	4	1
53.120	436	1	1
53.245	437	3	1
53.245	438	2	1
53.365	439	4	1
53.485	440	1	1
53.485	441	3	1
53.605	442	2	1
53.725	443	1	1
53.725	444	4	1
53.965	445	3	1
54.205	446	1	1
54.205	447	2	1
54.445	448	4	1
54.805	449	2	1
54.925	450	4	1
54.925	451	3	1
55.165	452	1	1
55.165	453	2	1
55.405	454	3	1
55.405	455	4	1
55.525	456	1	1
55.525	457	2	1
55.645	458	4	1
55.885	459	1	1
56.005	460	2	1
56.005	461	3	1
56.365	462	2	1
56.725	463	1	1
56.845	464	4	1
56.845	465	3	1
56.965	466	2	1
57.085	467	1	1
57.085	468	4	1
57.325	469	2	1
57.445	470	3	1
57.565	471	1	1
57.565	472	4	1
57.805	473	2	1
57.805	474	1	1
57.925	475	3	1
58.405	476	2	1
58.525	477	1	1
58.645	478	3	1
58.765	479	2	1
59.005	480	4	1
59.245	481	1	1
59.365	482	2	1
59.485	483	4	1
59.605	484	3	1
59.725	485	2	1
59.965	486	1	1
59.965	487	4	1
60.005	488	3	1
60.045	489	2	1
60.085	490	1	1
60.125	491	4	1
60.165	492	3	1
60.205	493	2	1
60.245	494	1	1
60.285	495	4	1
60.325	496	3	1
60.365	497	2	1
60.405	498	1	1
60.445	499	4	1
60.505	500	3	1
60.565	501	2	1
60.655	502	1	1
60.745	503	4	1
60.835	504	2	1
60.925	505	1	2
61.040	506	1	3
60.925	507	4	2
61.040	508	4	3
60.925	509	3	2
61.040	510	3	3
61.155	511	4	2
61.271	512	4	3
61.155	513	1	2
61.271	514	1	3
61.155	515	2	2
61.271	516	2	3
62.771	517	2	2
62.886	518	2	3
62.771	519	4	2
62.886	520	4	3
62.771	521	3	2
62.886	522	3	3
63.001	523	3	2
63.117	524	3	3
63.001	525	2	2
63.117	526	2	3
63.001	527	1	2
63.117	528	1	3
64.271	529	3	2
64.386	530	3	3
64.271	531	1	2
64.386	532	1	3
64.271	533	4	2
64.386	534	4	3
64.617	535	3	2
64.732	536	3	3
64.617	537	2	2
64.732	538	2	3
64.617	539	1	2
64.732	540	1	3
64.848	541	4	2
64.963	542	4	3
64.848	543	3	2
64.963	544	3	3
64.848	545	2	2
64.963	546	2	3
66.463	547	3	2
66.578	548	3	3
66.463	549	1	2
66.578	550	1	3
66.463	551	4	2
66.578	552	4	3
66.694	553	1	2
66.809	554	1	3
66.694	555	4	2
66.809	556	4	3
66.694	557	2	2
66.809	558	2	3
66.925	559	3	2
67.040	560	3	3
66.925	561	2	2
67.040	562	2	3
66.925	563	4	2
67.040	564	4	3
67.271	565	1	2
67.386	566	1	3
67.271	567	2	2
67.386	568	2	3
67.271	569	3	2
67.386	570	3	3
67.617	571	2	2
67.732	572	2	3
67.617	573	4	2
67.732	574	4	3
67.617	575	1	2
67.732	576	1	3
67.963	577	4	2
68.078	578	4	3
67.963	579	2	2
68.078	580	2	3
67.963	581	3	2
68.078	582	3	3
68.309	583	1	2
68.420	584	1	3
68.309	585	3	2
68.420	586	3	3
68.309	587	4	2
68.420	588	4	3
68.531	589	1	2
68.642	590	1	3
68.531	591	2	2
68.642	592	2	3
68.531	593	4	2
68.642	594	4	3
70.086	595	3	2
70.197	596	3	3
70.086	597	4	2
70.197	598	4	3
70.086	599	2	2
70.197	600	2	3
70.309	601	3	2
70.420	602	3	3
70.309	603	1	2
70.420	604	1	3
70.309	605	2	2
70.420	606	2	3
71.531	607	1	2
71.642	608	1	3
71.531	609	4	2
71.642	610	4	3
71.531	611	3	2
71.642	612	3	3
71.864	613	4	2
72.086	614	4	3
72.086	615	2	2
72.197	616	2	3
72.086	617	1	2
72.197	618	1	3
72.086	619	3	2
72.197	620	3	3
72.531	621	1	2
72.642	622	1	3
72.531	623	2	2
72.642	624	2	3
72.531	625	3	2
72.642	626	3	3
73.642	627	1	2
73.753	628	1	3
73.642	629	4	2
73.753	630	4	3
73.642	631	3	2
73.753	632	3	3
73.864	633	2	2
73.975	634	2	3
73.864	635	1	2
73.975	636	1	3
73.864	637	4	2
73.975	638	4	3
74.086	639	4	2
74.197	640	4	3
74.086	641	3	2
74.197	642	3	3
74.086	643	2	2
74.197	644	2	3
74.420	645	3	2
74.531	646	3	3
74.420	647	2	2
74.531	648	2	3
74.420	649	1	2
74.531	650	1	3
74.753	651	2	2
74.864	652	2	3
74.753	653	4	2
74.864	654	4	3
74.753	655	1	2
74.864	656	1	3
75.086	657	2	2
75.197	658	2	3
75.086	659	3	2
75.197	660	3	3
75.086	661	4	2
75.197	662	4	3
75.420	663	1	2
75.527	664	1	3
75.420	665	2	2
75.527	666	2	3
75.420	667	4	2
75.527	668	4	3
75.634	669	1	1
75.741	670	4	1
75.848	671	1	1
75.848	672	2	1
76.062	673	3	1
76.170	674	2	1
76.277	675	1	1
76.277	676	4	1
76.384	677	3	1
76.491	678	2	1
76.598	679	1	1
76.705	680	4	1
76.705	681	3	1
76.920	682	2	1
77.027	683	1	1
77.134	684	3	1
77.134	685	4	1
77.348	686	3	1
77.455	687	1	1
77.562	688	2	1
77.562	689	4	1
77.777	690	3	1
77.884	691	1	1
77.991	692	4	1
77.991	693	2	1
78.098	694	3	1
78.312	695	1	1
78.420	696	2	1
78.420	697	3	1
78.634	698	4	1
78.741	699	1	1
78.848	700	2	1
78.848	701	3	1
78.955	702	4	1
79.170	703	1	1
79.277	704	3	1
79.277	705	2	1
79.491	706	4	1
79.705	707	1	1
79.705	708	2	1
79.812	709	4	1
80.134	710	4	1
80.134	711	2	1
80.348	712	1	1
80.455	713	2	1
80.562	714	4	1
80.562	715	3	1
80.777	716	1	1
80.848	717	2	1
80.920	718	3	1
80.991	719	4	1
81.062	720	3	1
81.134	721	2	1
81.205	722	1	1
81.277	723	2	1
81.348	724	4	1
81.420	725	1	1
81.491	726	4	1
81.562	727	3	1
81.634	728	2	1
81.741	729	1	1
81.848	730	3	1
81.848	731	4	1
81.955	732	2	1
82.062	733	4	1
82.062	734	1	1
82.170	735	2	1
82.170	736	3	1
82.277	737	4	1
82.277	738	2	1
82.277	739	1	1
82.384	740	3	1
82.384	741	4	1
82.491	742	1	1
82.491	743	3	1
82.598	744	2	1
82.598	745	1	1
82.705	746	4	1
82.705	747	2	1
82.812	748	4	1
82.812	749	3	1
82.920	750	1	1
82.920	751	3	1
83.027	752	2	1
83.027	753	1	1
83.134	754	2	1
83.134	755	4	1
83.241	756	3	1
83.241	757	4	1
83.348	758	3	1
83.348	759	1	1
83.455	760	1	1
83.455	761	2	1
83.562	762	2	1
83.562	763	4	1
83.670	764	3	1
83.670	765	4	1
83.777	766	3	1
83.777	767	1	1
83.884	768	2	1
83.884	769	1	1
83.991	770	2	1
83.991	771	4	1
84.098	772	3	1
84.098	773	4	1
84.205	774	1	1
84.205	775	3	1
84.312	776	2	1
84.312	777	1	1
84.420	778	4	1
84.420	779	2	1
84.527	780	4	1
84.527	781	3	1
84.634	782	1	1
84.634	783	3	1
84.741	784	1	1
84.741	785	2	1
84.848	786	4	1
84.848	787	2	1
84.955	788	4	1
84.955	789	3	1
85.062	790	1	1
85.062	791	3	1
85.170	792	2	1
85.170	793	1	1
85.277	794	4	1
85.277	795	2	1
85.384	796	4	1
85.384	797	3	1
85.491	798	3	1
85.491	799	1	1
85.598	800	2	1
85.598	801	1	1
85.705	802	4	1
85.705	803	3	1
85.812	804	1	1
85.866	805	2	1
85.920	806	3	1
85.973	807	2	1
86.027	808	4	1
86.080	809	1	1
86.134	810	2	1
86.187	811	3	1
86.241	812	1	1
86.295	813	4	1
86.348	814	2	1
86.402	815	3	1
86.455	816	1	1
86.509	817	4	1
86.562	818	3	1
86.616	819	2	1
86.670	820	1	1
86.723	821	2	1
86.777	822	3	1
86.830	823	4	1
86.884	824	1	1
86.937	825	3	1
86.991	826	2	1
87.045	827	1	1
87.098	828	4	1
87.152	829	2	1
87.205	830	3	1
87.259	831	4	1
87.312	832	1	1
87.366	833	2	1
88.705	834	1	2
88.812	835	1	3
88.705	836	4	2
88.812	837	4	3
88.920	838	2	2
89.027	839	2	3
88.920	840	3	2
89.027	841	3	3
89.134	842	4	1
89.134	843	3	1
89.134	844	2	1
89.134	845	1	1
89.241	846	3	1
89.348	847	1	1
89.455	848	2	1
89.562	849	1	1
89.562	850	4	1
89.562	851	3	1
89.670	852	4	1
89.777	853	4	1
89.884	854	2	1
89.884	855	1	2
90.098	856	1	3
89.991	857	3	1
90.098	858	4	1
90.205	859	2	1
90.205	860	1	2
90.420	861	1	3
90.420	862	3	1
90.420	863	2	1
90.527	864	4	1
90.634	865	1	1
90.687	866	2	1
90.741	867	3	1
90.795	868	4	1
90.848	869	1	2
91.062	870	1	3
90.848	871	3	1
90.955	872	2	1
91.062	873	4	2
91.116	874	4	3
91.170	875	4	2
91.223	876	4	3
91.277	877	2	2
91.491	878	2	3
91.277	879	1	1
91.277	880	3	1
91.384	881	4	1
91.491	882	1	1
91.598	883	3	1
91.598	884	4	1
91.705	885	2	1
91.812	886	1	1
91.920	887	2	1
91.920	888	3	1
92.027	889	4	1
92.134	890	3	1
92.134	891	2	1
92.134	892	1	1
92.241	893	1	1
92.241	894	4	1
92.348	895	2	1
92.455	896	3	1
92.562	897	4	2
92.670	898	4	3
92.562	899	1	2
92.670	900	1	3
92.777	901	2	1
92.830	902	3	1
92.884	903	2	1
92.937	904	3	1
92.991	905	1	1
92.991	906	2	1
92.991	907	4	1
93.098	908	3	1
93.205	909	4	1
93.312	910	3	1
93.312	911	1	2
93.527	912	1	3
93.420	913	4	1
93.527	914	2	1
93.580	915	3	1
93.634	916	2	1
93.634	917	4	1
93.741	918	2	1
93.848	919	1	1
93.848	920	4	1
93.848	921	3	1
93.955	922	2	1
94.062	923	3	1
94.170	924	3	1
94.277	925	4	1
94.277	926	2	2
94.491	927	2	3
94.384	928	3	1
94.491	929	1	2
94.705	930	1	3
94.598	931	4	1
94.705	932	2	1
94.705	933	3	1
94.759	934	4	1
94.812	935	3	1
94.866	936	2	1
94.920	937	1	1
95.027	938	3	1
95.027	939	4	2
95.241	940	4	3
95.134	941	2	1
95.241	942	1	1
95.348	943	2	1
95.348	944	3	2
95.562	945	3	3
95.455	946	4	1
95.562	947	2	1
95.562	948	1	1
95.670	949	4	1
95.670	950	3	1
95.777	951	2	1
95.884	952	1	1
95.991	953	2	1
95.991	954	4	1
96.096	955	3	1
96.202	956	1	1
96.307	957	2	1
96.413	958	4	1
96.413	959	3	1
96.413	960	1	1
96.519	961	4	1
96.624	962	4	1
96.730	963	2	1
96.730	964	1	2
96.941	965	1	3
96.836	966	3	1
96.941	967	4	1
97.047	968	1	2
97.258	969	1	3
97.047	970	2	1
97.258	971	3	1
97.258	972	2	1
97.364	973	4	1
97.469	974	1	1
97.522	975	2	1
97.575	976	3	1
97.628	977	4	1
97.681	978	1	1
97.681	979	3	1
97.786	980	2	1
97.892	981	4	2
97.945	982	4	3
97.998	983	4	2
98.050	984	4	3
98.103	985	3	1
98.103	986	1	1
98.103	987	2	2
98.314	988	2	3
98.209	989	4	1
98.314	990	3	1
98.420	991	2	1
98.420	992	1	1
98.526	993	3	1
98.631	994	4	2
98.737	995	4	3
98.737	996	3	1
98.737	997	2	1
98.843	998	1	1
98.948	999	4	1
98.948	1000	2	1
98.948	1001	3	1
99.054	1002	1	1
99.054	1003	4	1
99.160	1004	2	1
99.212	1005	4	1
99.265	1006	3	1
99.318	1007	1	1
99.371	1008	4	1
99.371	1009	2	2
99.582	1010	2	3
99.582	1011	1	1
99.688	1012	1	1
99.793	1013	1	1
99.793	1014	3	1
99.793	1015	4	1
99.846	1016	2	1
99.899	1017	3	1
99.952	1018	1	1
100.005	1019	2	1
100.057	1020	4	1
100.110	1021	1	1
100.110	1022	3	2
100.321	1023	3	3
100.216	1024	2	1
100.321	1025	1	1
100.427	1026	4	1
100.427	1027	3	1
100.533	1028	1	1
100.638	1029	2	1
100.638	1030	4	1
100.638	1031	3	1
100.744	1032	1	1
100.797	1033	3	1
100.850	1034	4	1
100.902	1035	1	1
100.955	1036	2	1
101.008	1037	3	1
101.061	1038	2	1
101.061	1039	4	1
101.167	1040	1	1
101.272	1041	2	1
101.378	1042	4	1
101.483	1043	2	1
101.483	1044	1	1
101.483	1045	3	1
101.589	1046	1	1
101.695	1047	4	1
101.800	1048	1	1
101.800	1049	3	1
101.906	1050	2	1
102.012	1051	3	1
102.117	1052	4	1
102.117	1053	2	1
102.223	1054	1	1
102.329	1055	3	1
102.329	1056	4	1
102.329	1057	2	1
102.434	1058	1	1
102.434	1059	3	1
102.540	1060	4	1
102.645	1061	1	1
102.751	1062	2	1
102.751	1063	4	1
102.751	1064	3	1
102.751	1065	1	1
102.854	1066	3	1
102.957	1067	1	1
103.061	1068	2	1
103.164	1069	1	1
103.164	1070	4	1
103.164	1071	3	1
103.268	1072	4	1
103.371	1073	4	1
103.475	1074	2	1
103.475	1075	1	2
103.682	1076	1	3
103.578	1077	3	1
103.682	1078	4	1
103.785	1079	1	2
103.992	1080	1	3
103.785	1081	2	1
103.992	1082	3	1
103.992	1083	2	1
104.095	1084	4	1
104.199	1085	1	1
104.251	1086	2	1
104.302	1087	3	1
104.354	1088	4	1
104.406	1089	3	1
104.406	1090	1	2
104.613	1091	1	3
104.509	1092	2	1
104.613	1093	4	2
104.664	1094	4	3
104.716	1095	4	2
104.768	1096	4	3
104.819	1097	1	1
104.819	1098	3	1
104.819	1099	2	2
105.026	1100	2	3
104.923	1101	4	1
105.026	1102	1	1
105.130	1103	3	1
105.130	1104	4	1
105.233	1105	2	1
105.337	1106	1	1
105.440	1107	2	1
105.440	1108	3	1
105.544	1109	4	1
105.647	1110	3	1
105.647	1111	1	1
105.647	1112	2	1
105.751	1113	1	1
105.751	1114	4	1
105.854	1115	2	1
105.957	1116	3	1
106.061	1117	4	2
106.164	1118	4	3
106.061	1119	1	2
106.164	1120	1	3
106.268	1121	2	1
106.319	1122	3	1
106.371	1123	2	1
106.423	1124	3	1
106.475	1125	2	1
106.475	1126	1	1
106.475	1127	4	1
106.578	1128	3	1
106.682	1129	4	1
106.785	1130	1	2
106.992	1131	1	3
106.785	1132	3	1
106.888	1133	4	1
106.992	1134	2	1
107.044	1135	3	1
107.095	1136	4	1
107.095	1137	2	1
107.199	1138	2	1
107.302	1139	4	1
107.302	1140	3	1
107.302	1141	1	1
107.406	1142	2	1
107.509	1143	3	1
107.613	1144	3	1
107.716	1145	2	2
107.923	1146	2	3
107.716	1147	4	1
107.819	1148	3	1
107.923	1149	1	2
108.130	1150	1	3
108.026	1151	4	1
108.130	1152	2	1
108.130	1153	3	1
108.182	1154	4	1
108.233	1155	3	1
108.285	1156	2	1
108.337	1157	1	1
108.440	1158	4	2
108.647	1159	4	3
108.440	1160	3	1
108.544	1161	2	1
108.647	1162	1	1
108.751	1163	2	1
108.751	1164	3	2
108.957	1165	3	3
108.854	1166	4	1
108.957	1167	1	1
108.957	1168	2	1
109.061	1169	4	1
109.061	1170	3	1
109.164	1171	2	1
109.268	1172	1	1
109.371	1173	2	1
109.371	1174	4	1
109.473	1175	3	1
109.575	1176	1	1
109.677	1177	2	1
109.677	1178	3	1
109.677	1179	4	1
109.779	1180	1	1
109.881	1181	4	1
109.983	1182	2	1
109.983	1183	4	1
110.085	1184	1	1
110.187	1185	3	1
110.289	1186	4	1
110.289	1187	2	1
110.391	1188	1	1
110.493	1189	4	1
110.595	1190	2	1
110.595	1191	3	1
110.595	1192	1	1
110.697	1193	4	1
110.799	1194	1	1
110.850	1195	2	1
110.901	1196	3	1
110.952	1197	4	1
111.003	1198	3	1
111.003	1199	1	1
111.105	1200	2	1
111.207	1201	4	2
111.258	1202	4	3
111.309	1203	4	2
111.360	1204	4	3
111.309	1205	2	1
111.309	1206	1	1
111.411	1207	3	1
111.513	1208	1	1
111.615	1209	2	1
111.615	1210	3	1
111.717	1211	4	1
111.819	1212	1	1
111.922	1213	2	1
111.922	1214	4	1
112.024	1215	3	1
112.126	1216	4	1
112.228	1217	3	1
112.228	1218	1	1
112.228	1219	2	1
112.330	1220	1	1
112.330	1221	4	1
112.432	1222	2	1
112.534	1223	3	1
112.636	1224	1	1
112.636	1225	2	1
112.738	1226	4	1
112.840	1227	3	1
112.942	1228	1	1
112.942	1229	4	1
112.942	1230	2	1
113.044	1231	3	1
113.146	1232	2	1
113.248	1233	4	1
113.248	1234	1	1
113.350	1235	2	1
113.452	1236	3	1
113.554	1237	1	1
113.554	1238	2	1
113.656	1239	3	1
113.656	1240	4	1
113.758	1241	4	1
113.758	1242	3	1
113.860	1243	4	1
113.860	1244	3	1
113.962	1245	2	1
114.064	1246	1	1
114.064	1247	3	1
114.064	1248	4	1
114.166	1249	1	1
114.166	1250	2	1
114.217	1251	4	1
114.217	1252	3	1
114.268	1253	1	1
114.268	1254	2	1
114.371	1255	3	1
114.473	1256	2	1
114.473	1257	1	1
114.575	1258	3	1
114.575	1259	4	1
114.575	1260	1	1
114.677	1261	4	1
114.779	1262	2	1
114.779	1263	3	1
114.881	1264	1	1
114.881	1265	4	1
114.881	1266	2	1
114.983	1267	1	1
115.085	1268	3	1
115.085	1269	4	1
115.187	1270	1	1
115.187	1271	2	1
115.187	1272	4	1
115.289	1273	2	1
115.391	1274	1	1
115.391	1275	4	1
115.493	1276	3	1
115.493	1277	1	1
115.493	1278	2	1
115.595	1279	3	1
115.697	1280	1	1
115.697	1281	2	1
115.799	1282	2	1
115.799	1283	1	1
115.901	1284	1	2
116.001	1285	1	3
115.901	1286	3	2
116.001	1287	3	3
115.901	1288	4	2
116.001	1289	4	3
116.101	1290	4	2
116.201	1291	4	3
116.101	1292	1	2
116.201	1293	1	3
116.101	1294	2	2
116.201	1295	2	3
116.701	1296	2	1
116.701	1297	1	1
117.301	1298	4	1
117.301	1299	3	1
117.501	1300	4	2
117.601	1301	4	3
117.501	1302	2	2
117.601	1303	2	3
117.501	1304	3	2
117.601	1305	3	3
117.701	1306	2	2
117.801	1307	2	3
117.701	1308	1	2
117.801	1309	1	3
117.701	1310	3	2
117.801	1311	3	3
118.501	1312	2	1
118.601	1313	1	1
118.701	1314	2	1
118.801	1315	1	2
118.901	1316	1	3
118.801	1317	4	2
118.901	1318	4	3
118.801	1319	3	2
118.901	1320	3	3
118.901	1321	2	1
119.001	1322	4	1
119.101	1323	2	2
119.201	1324	2	3
119.101	1325	1	2
119.201	1326	1	3
119.101	1327	3	2
119.201	1328	3	3
119.301	1329	4	2
119.401	1330	4	3
119.301	1331	2	2
119.401	1332	2	3
119.301	1333	3	2
119.401	1334	3	3
119.501	1335	1	1
119.601	1336	2	1
119.701	1337	3	1
119.801	1338	4	1
119.901	1339	1	1
120.001	1340	2	1
120.101	1341	3	1
120.201	1342	4	1
120.301	1343	1	1
120.401	1344	2	1
120.501	1345	3	1
120.601	1346	2	1
120.701	1347	3	2
120.801	1348	3	3
120.701	1349	4	2
120.801	1350	4	3
120.701	1351	1	2
120.801	1352	1	3
120.901	1353	2	2
121.001	1354	2	3
120.901	1355	1	2
121.001	1356	1	3
120.901	1357	4	2
121.001	1358	4	3
121.101	1359	2	2
121.201	1360	2	3
121.101	1361	3	2
121.201	1362	3	3
121.101	1363	4	2
121.201	1364	4	3
121.201	1365	1	1
121.301	1366	4	1
121.401	1367	3	2
121.501	1368	3	3
121.401	1369	2	2
121.501	1370	2	3
121.401	1371	1	2
121.501	1372	1	3
121.501	1373	4	1
121.601	1374	3	1
121.701	1375	2	2
121.801	1376	2	3
121.701	1377	1	2
121.801	1378	1	3
121.701	1379	4	2
121.801	1380	4	3
121.901	1381	2	1
121.901	1382	3	1
122.301	1383	3	1
122.301	1384	2	1
122.301	1385	1	1
122.301	1386	4	1
122.501	1387	2	1
122.701	1388	3	1
122.701	1389	1	1
122.701	1390	4	1
123.101	1391	3	2
123.401	1392	3	3
123.101	1393	1	1
123.201	1394	4	2
123.401	1395	4	3
123.401	1396	1	1
123.501	1397	2	1
123.501	1398	3	1
123.501	1399	4	1
123.901	1400	1	1
124.001	1401	3	2
124.101	1402	3	3
124.001	1403	4	2
124.101	1404	4	3
124.201	1405	1	1
124.251	1406	2	1
124.301	1407	4	1
124.301	1408	1	1
124.301	1409	3	1
124.401	1410	1	1
124.401	1411	4	1
124.501	1412	1	2
124.701	1413	1	3
124.501	1414	4	2
124.701	1415	4	3
124.701	1416	2	1
124.701	1417	3	1
124.801	1418	1	1
124.901	1419	3	1
125.101	1420	4	1
125.101	1421	2	1
125.101	1422	1	1
125.301	1423	4	1
125.501	1424	1	1
125.501	1425	2	1
125.701	1426	4	2
125.901	1427	4	3
125.701	1428	2	2
125.901	1429	2	3
125.901	1430	3	1
125.901	1431	1	1
126.101	1432	1	2
126.301	1433	1	3
126.101	1434	2	2
126.301	1435	2	3
126.301	1436	3	2
126.601	1437	3	3
126.301	1438	4	2
126.601	1439	4	3
126.701	1440	3	1
126.701	1441	4	1
126.701	1442	1	1
126.751	1443	2	1
126.801	1444	4	1
126.901	1445	2	2
127.034	1446	2	3
126.901	1447	3	2
127.034	1448	3	3
127.034	1449	1	1
127.034	1450	4	1
127.101	1451	3	1
127.101	1452	2	2
127.301	1453	2	3
127.301	1454	1	1
127.501	1455	2	1
127.501	1456	4	1
127.501	1457	3	1
127.601	1458	1	1
127.801	1459	1	1
127.901	1460	2	1
127.901	1461	4	1
128.001	1462	3	1
128.101	1463	1	1
128.301	1464	1	1
128.301	1465	3	1
128.401	1466	2	2
128.701	1467	2	3
128.401	1468	4	2
128.701	1469	4	3
128.701	1470	1	1
128.701	1471	3	1
128.898	1472	2	1
129.095	1473	2	1
129.095	1474	4	1
129.194	1475	3	1
129.243	1476	1	1
129.293	1477	2	1
129.342	1478	4	1
129.391	1479	3	1
129.490	1480	2	1
129.490	1481	1	1
129.589	1482	4	1
129.687	1483	3	1
129.786	1484	2	1
129.885	1485	1	1
129.885	1486	3	1
129.885	1487	4	2
130.082	1488	4	3
130.082	1489	2	2
130.279	1490	2	3
130.082	1491	1	2
130.279	1492	1	3
130.279	1493	3	1
130.279	1494	4	1
130.378	1495	4	1
130.378	1496	3	1
130.477	1497	4	1
130.477	1498	3	1
130.576	1499	4	1
130.576	1500	3	1
130.674	1501	3	1
130.674	1502	1	1
130.674	1503	4	1
130.773	1504	4	1
130.773	1505	3	1
130.872	1506	4	2
131.069	1507	4	3
130.872	1508	1	2
131.069	1509	1	3
131.069	1510	2	1
131.069	1511	3	1
131.168	1512	1	1
131.217	1513	2	1
131.266	1514	3	1
131.316	1515	4	1
131.464	1516	4	1
131.464	1517	2	1
131.464	1518	1	1
131.562	1519	3	1
131.661	1520	4	1
131.710	1521	3	1
131.760	1522	2	1
131.809	1523	1	1
131.858	1524	3	1
131.858	1525	4	1
131.908	1526	2	1
131.957	1527	1	1
132.006	1528	3	1
132.056	1529	1	2
132.253	1530	1	3
132.056	1531	2	2
132.253	1532	2	3
132.253	1533	4	1
132.302	1534	3	1
132.352	1535	1	1
132.401	1536	2	1
132.451	1537	3	2
132.648	1538	3	3
132.451	1539	4	2
132.648	1540	4	3
132.648	1541	2	1
132.648	1542	1	1
132.747	1543	3	1
132.944	1544	1	1
133.043	1545	4	1
133.043	1546	3	1
133.043	1547	2	1
133.240	1548	4	1
133.437	1549	3	1
133.536	1550	2	1
133.635	1551	1	1
133.733	1552	4	1
133.832	1553	3	1
133.931	1554	2	1
134.029	1555	1	1
134.128	1556	4	1
134.227	1557	3	1
134.326	1558	2	1
134.424	1559	1	1
134.523	1560	4	1
134.622	1561	3	1
134.720	1562	4	2
135.016	1563	4	3
134.720	1564	1	2
135.016	1565	1	3
135.016	1566	3	1
135.016	1567	2	1
135.209	1568	1	1
135.403	1569	4	1
135.403	1570	3	1
135.403	1571	2	1
135.790	1572	3	2
136.080	1573	3	3
135.790	1574	1	1
135.886	1575	4	2
136.080	1576	4	3
136.080	1577	1	1
136.177	1578	2	1
136.177	1579	4	1
136.177	1580	3	1
136.564	1581	1	1
136.661	1582	3	2
136.757	1583	3	3
136.661	1584	4	2
136.757	1585	4	3
136.854	1586	1	1
136.903	1587	2	1
136.951	1588	4	1
136.951	1589	3	1
136.951	1590	1	1
137.048	1591	1	1
137.048	1592	4	1
137.145	1593	4	2
137.338	1594	4	3
137.145	1595	1	2
137.338	1596	1	3
137.338	1597	2	1
137.338	1598	3	1
137.435	1599	1	1
137.532	1600	3	1
137.725	1601	2	1
137.725	1602	1	1
137.725	1603	4	1
137.919	1604	4	1
138.112	1605	2	1
138.112	1606	1	1
138.306	1607	2	2
138.499	1608	2	3
138.306	1609	4	2
138.499	1610	4	3
138.499	1611	3	1
138.499	1612	1	1
138.693	1613	1	2
138.886	1614	1	3
138.693	1615	2	2
138.886	1616	2	3
138.886	1617	4	2
139.177	1618	4	3
138.886	1619	3	2
139.177	1620	3	3
139.274	1621	4	1
139.274	1622	1	1
139.274	1623	3	1
139.322	1624	2	1
139.370	1625	4	1
139.467	1626	3	2
139.596	1627	3	3
139.467	1628	2	2
139.596	1629	2	3
139.596	1630	4	1
139.596	1631	1	1
139.661	1632	2	2
139.854	1633	2	3
139.661	1634	3	1
139.854	1635	1	1
139.951	1636	3	1
139.951	1637	2	1
139.951	1638	4	1
140.145	1639	1	1
140.145	1640	2	1
140.145	1641	4	1
140.338	1642	1	1
140.338	1643	4	1
140.338	1644	2	1
140.435	1645	3	1
140.532	1646	2	1
140.725	1647	1	1
140.919	1648	4	2
141.209	1649	4	3
140.919	1650	2	2
141.209	1651	2	3
141.209	1652	3	1
141.209	1653	1	1
141.400	1654	2	1
141.591	1655	4	1
141.591	1656	2	1
141.686	1657	3	1
141.734	1658	1	1
141.782	1659	2	1
141.830	1660	4	1
141.877	1661	3	1
141.973	1662	2	1
141.973	1663	1	1
142.068	1664	4	1
142.164	1665	3	1
142.259	1666	2	1
142.355	1667	3	1
142.355	1668	1	1
142.355	1669	4	2
142.546	1670	4	3
142.546	1671	1	2
142.737	1672	1	3
142.546	1673	2	2
142.737	1674	2	3
142.737	1675	3	1
142.737	1676	4	1
142.833	1677	3	1
142.833	1678	4	1
142.928	1679	3	1
142.928	1680	4	1
143.024	1681	4	1
143.024	1682	3	1
143.119	1683	1	1
143.119	1684	4	1
143.119	1685	3	1
143.215	1686	3	1
143.215	1687	4	1
143.310	1688	4	2
143.501	1689	4	3
143.310	1690	1	2
143.501	1691	1	3
143.501	1692	2	1
143.501	1693	3	1
143.597	1694	1	1
143.645	1695	2	1
143.693	1696	3	1
143.740	1697	4	1
143.884	1698	4	1
143.884	1699	1	1
143.884	1700	2	1
143.979	1701	3	1
144.075	1702	4	1
144.123	1703	3	1
144.170	1704	2	1
144.218	1705	1	1
144.266	1706	4	1
144.266	1707	2	1
144.266	1708	3	1
144.552	1709	2	1
144.552	1710	1	1
144.552	1711	4	1
144.839	1712	3	1
144.839	1713	4	1
144.839	1714	2	1
145.030	1715	1	1
145.030	1716	3	1
145.030	1717	4	1
145.317	1718	1	1
145.317	1719	2	1
145.317	1720	4	1
145.603	1721	3	1
145.603	1722	2	1
145.603	1723	4	1
145.794	1724	1	1
145.794	1725	4	1
145.871	1726	3	1
145.947	1727	2	1
145.986	1728	1	1
146.049	1729	4	1
146.122	1730	3	1
146.201	1731	2	1
146.304	1732	1	1
146.368	1733	4	1
146.431	1734	3	1
146.495	1735	2	1
146.559	1736	1	1
146.654	1737	4	1
146.750	1738	3	1
146.845	1739	2	1
146.941	1740	1	2
147.228	1741	1	3
146.941	1742	4	2
147.228	1743	4	3
147.323	1744	3	2
147.416	1745	3	3
147.323	1746	1	1
147.323	1747	4	2
147.416	1748	4	3
147.323	1749	2	2
147.416	1750	2	3
147.510	1751	3	2
147.604	1752	3	3
147.510	1753	1	2
147.604	1754	1	3
147.510	1755	2	2
147.604	1756	2	3
150.135	1757	4	1
150.323	1758	4	1
150.885	1759	1	1
150.979	1760	2	1
151.073	1761	3	1
151.166	1762	4	1
151.448	1763	1	1
151.541	1764	2	1
151.635	1765	3	1
151.729	1766	4	1
151.823	1767	1	1
152.010	1768	2	1
152.198	1769	4	1
152.291	1770	3	1
152.385	1771	2	1
152.479	1772	1	1
152.573	1773	4	1
152.760	1774	1	1
152.854	1775	2	1
152.948	1776	3	1
152.948	1777	4	1
153.041	1778	1	1
153.135	1779	3	1
153.229	1780	2	1
153.323	1781	1	2
153.416	1782	1	3
153.323	1783	4	2
153.416	1784	4	3
153.323	1785	3	2
153.416	1786	3	3
153.510	1787	2	2
153.604	1788	2	3
153.510	1789	4	2
153.604	1790	4	3
153.510	1791	1	2
153.604	1792	1	3
154.823	1793	3	2
154.916	1794	3	3
154.823	1795	4	2
154.916	1796	4	3
154.823	1797	2	2
154.916	1798	2	3
155.010	1799	1	2
155.104	1800	1	3
155.010	1801	2	2
155.104	1802	2	3
155.010	1803	3	2
155.104	1804	3	3
156.041	1805	1	2
156.135	1806	1	3
156.041	1807	3	2
156.135	1808	3	3
156.041	1809	4	2
156.135	1810	4	3
156.323	1811	1	2
156.416	1812	1	3
156.323	1813	2	2
156.416	1814	2	3
156.323	1815	3	2
156.416	1816	3	3
156.510	1817	2	2
156.604	1818	2	3
156.510	1819	4	2
156.604	1820	4	3
156.510	1821	3	2
156.604	1822	3	3
157.823	1823	1	2
157.916	1824	1	3
157.823	1825	3	2
157.916	1826	3	3
157.823	1827	4	2
157.916	1828	4	3
158.010	1829	1	2
158.104	1830	1	3
158.010	1831	2	2
158.104	1832	2	3
158.010	1833	4	2
158.104	1834	4	3
158.198	1835	2	2
158.291	1836	2	3
158.198	1837	3	2
158.291	1838	3	3
158.198	1839	4	2
158.291	1840	4	3
158.479	1841	3	2
158.573	1842	3	3
158.479	1843	1	2
158.573	1844	1	3
158.479	1845	2	2
158.573	1846	2	3
158.760	1847	4	2
158.854	1848	4	3
158.760	1849	2	2
158.854	1850	2	3
158.760	1851	1	2
158.854	1852	1	3
159.041	1853	2	2
159.135	1854	2	3
159.041	1855	4	2
159.135	1856	4	3
159.041	1857	3	2
159.135	1858	3	3
159.323	1859	4	2
159.411	1860	4	3
159.323	1861	3	2
159.411	1862	3	3
159.323	1863	1	2
159.411	1864	1	3
159.499	1865	2	2
159.587	1866	2	3
159.499	1867	1	2
159.587	1868	1	3
159.499	1869	4	2
159.587	1870	4	3
160.734	1871	3	2
160.823	1872	3	3
160.734	1873	4	2
160.823	1874	4	3
160.734	1875	2	2
160.823	1876	2	3
160.911	1877	2	2
160.999	1878	2	3
160.911	1879	1	2
160.999	1880	1	3
160.911	1881	3	2
160.999	1882	3	3
161.881	1883	1	2
161.970	1884	1	3
161.881	1885	4	2
161.970	1886	4	3
161.881	1887	3	2
161.970	1888	3	3
162.146	1889	4	2
162.323	1890	4	3
162.323	1891	3	2
162.411	1892	3	3
162.323	1893	1	2
162.411	1894	1	3
162.323	1895	2	2
162.411	1896	2	3
162.675	1897	1	2
162.764	1898	1	3
162.675	1899	2	2
162.764	1900	2	3
162.675	1901	3	2
162.764	1902	3	3
163.558	1903	1	2
163.646	1904	1	3
163.558	1905	4	2
163.646	1906	4	3
163.558	1907	3	2
163.646	1908	3	3
163.734	1909	4	2
163.823	1910	4	3
163.734	1911	2	2
163.823	1912	2	3
163.734	1913	1	2
163.823	1914	1	3
163.911	1915	4	2
163.999	1916	4	3
163.911	1917	3	2
163.999	1918	3	3
163.911	1919	2	2
163.999	1920	2	3
164.175	1921	2	2
164.264	1922	2	3
164.175	1923	3	2
164.264	1924	3	3
164.175	1925	1	2
164.264	1926	1	3
164.440	1927	2	2
164.528	1928	2	3
164.440	1929	1	2
164.528	1930	1	3
164.440	1931	4	2
164.528	1932	4	3
164.705	1933	2	2
164.793	1934	2	3
164.705	1935	4	2
164.793	1936	4	3
164.705	1937	3	2
164.793	1938	3	3
164.970	1939	4	1
164.970	1940	1	1
164.970	1941	3	1
164.970	1942	2	1
165.227	1943	4	1
165.227	1944	3	1
165.484	1945	4	1
165.484	1946	3	1
165.655	1947	1	1
165.655	1948	2	1
165.741	1949	4	1
165.741	1950	3	1
165.998	1951	3	1
165.998	1952	4	1
166.170	1953	3	1
166.170	1954	4	1
166.341	1955	2	1
166.341	1956	1	1
166.598	1957	4	1
166.598	1958	3	1
166.855	1959	4	1
166.855	1960	3	1
167.027	1961	2	1
167.027	1962	1	1
167.112	1963	4	1
167.112	1964	3	1
167.370	1965	3	1
167.370	1966	4	1
167.541	1967	3	1
167.541	1968	4	1
167.627	1969	4	1
167.627	1970	3	1
167.712	1971	2	1
167.712	1972	1	1
167.970	1973	4	1
167.970	1974	3	1
168.227	1975	3	1
168.227	1976	4	1
168.398	1977	2	1
168.398	1978	1	1
168.484	1979	3	1
168.484	1980	4	1
168.741	1981	4	1
168.741	1982	3	1
168.912	1983	4	1
168.912	1984	3	1
169.084	1985	1	1
169.084	1986	2	1
169.341	1987	3	1
169.598	1988	2	1
169.770	1989	4	1
169.770	1990	1	1
169.855	1991	3	1
169.941	1992	2	1
170.027	1993	3	1
170.112	1994	4	1
170.112	1995	1	1
170.284	1996	3	1
170.284	1997	2	1
170.455	1998	1	1
170.455	1999	2	1
170.538	2000	4	1
170.621	2001	3	1
170.705	2002	2	1
170.788	2003	4	1
170.788	2004	3	1
170.871	2005	1	1
170.955	2006	2	1
171.038	2007	3	1
171.121	2008	2	1
171.121	2009	1	1
171.205	2010	4	1
171.288	2011	3	1
171.371	2012	2	1
171.455	2013	4	1
171.455	2014	3	1
171.538	2015	1	1
171.621	2016	2	1
171.705	2017	3	1
171.788	2018	1	1
171.788	2019	4	1
171.871	2020	2	1
171.955	2021	3	1
172.038	2022	4	1
172.121	2023	3	1
172.121	2024	2	1
172.205	2025	1	1
172.288	2026	4	1
172.371	2027	3	1
172.455	2028	4	1
172.455	2029	2	1
172.538	2030	1	1
172.621	2031	2	1
172.705	2032	4	1
172.788	2033	3	1
172.788	2034	1	1
172.871	2035	2	1
172.955	2036	4	1
173.038	2037	1	1
173.121	2038	4	1
173.121	2039	3	1
173.121	2040	2	1
173.205	2041	1	1
173.288	2042	4	1
173.288	2043	2	1
173.371	2044	3	1
173.455	2045	1	1
173.455	2046	2	1
173.455	2047	4	1
173.538	2048	3	1
173.621	2049	2	1
173.621	2050	1	1
173.705	2051	4	1
173.788	2052	1	1
173.788	2053	2	1
173.788	2054	3	1
173.871	2055	4	1
173.955	2056	3	1
173.955	2057	1	1
174.038	2058	2	1
174.121	2059	3	1
174.121	2060	1	1
174.121	2061	4	1
174.205	2062	2	1
174.288	2063	4	1
174.288	2064	3	1
174.371	2065	1	1
175.455	2066	1	2
175.538	2067	1	3
175.455	2068	4	2
175.538	2069	4	3
175.621	2070	2	2
175.705	2071	2	3
175.621	2072	3	2
175.705	2073	3	3
175.788	2074	1	1
175.788	2075	4	1
175.830	2076	3	1
175.871	2077	2	1
175.913	2078	1	1
175.955	2079	4	1
175.996	2080	3	1
176.038	2081	2	1
176.080	2082	1	1
176.288	2083	1	1
176.371	2084	2	1
176.455	2085	3	1
176.538	2086	4	1
176.621	2087	1	1
176.788	2088	2	1
176.871	2089	1	1
176.955	2090	4	1
177.121	2091	3	1
177.455	2092	3	1
177.621	2093	1	1
177.705	2094	2	1
177.788	2095	3	1
177.871	2096	4	1
177.955	2097	2	1
178.121	2098	4	1
178.121	2099	1	1
178.163	2100	2	1
178.205	2101	3	1
178.246	2102	4	1
178.288	2103	1	1
178.330	2104	2	1
178.371	2105	3	1
178.413	2106	4	1
178.455	2107	2	2
178.788	2108	2	3
178.455	2109	1	2
178.788	2110	1	3
178.621	2111	4	2
178.788	2112	4	3
178.955	2113	3	1
179.038	2114	3	1
179.121	2115	1	1
179.121	2116	4	2
179.205	2117	4	3
179.121	2118	2	1
179.288	2119	1	1
179.455	2120	2	1
179.496	2121	3	1
179.538	2122	4	1
179.621	2123	3	1
179.663	2124	2	1
179.705	2125	1	1
179.788	2126	4	1
179.830	2127	3	1
179.871	2128	2	1
179.913	2129	1	1
179.955	2130	4	1
179.996	2131	3	1
180.038	2132	2	1
180.080	2133	1	1
180.288	2134	3	1
180.371	2135	3	1
180.455	2136	1	1
180.455	2137	4	2
180.538	2138	4	3
180.455	2139	2	1
180.621	2140	1	1
180.788	2141	1	1
180.830	2142	2	1
180.871	2143	3	1
180.913	2144	4	1
180.955	2145	1	1
180.996	2146	2	1
181.038	2147	3	1
181.080	2148	4	1
181.121	2149	1	1
181.163	2150	3	1
181.205	2151	2	1
181.246	2152	1	1
181.288	2153	4	1
181.330	2154	3	1
181.371	2155	2	1
181.413	2156	1	1
181.455	2157	4	1
181.510	2158	2	1
181.566	2159	3	1
181.621	2160	1	1
181.677	2161	2	1
181.732	2162	4	1
181.788	2163	1	1
181.788	2164	2	1
181.788	2165	3	2
181.871	2166	3	3
181.843	2167	4	1
181.899	2168	1	1
181.955	2169	3	1
182.010	2170	2	1
182.066	2171	4	1
182.121	2172	3	1
182.163	2173	1	1
182.205	2174	2	1
182.288	2175	4	1
182.330	2176	3	1
182.371	2177	2	1
182.455	2178	4	1
182.455	2179	1	1
182.496	2180	3	1
182.538	2181	2	1
182.580	2182	1	1
182.621	2183	4	1
182.663	2184	3	1
182.705	2185	2	1
182.746	2186	1	1
182.788	2187	4	1
182.843	2188	2	1
182.899	2189	3	1
182.955	2190	1	1
183.010	2191	2	1
183.066	2192	4	1
183.121	2193	2	2
183.205	2194	2	3
183.121	2195	1	1
183.163	2196	3	1
183.205	2197	4	1
183.246	2198	1	1
183.288	2199	2	1
183.330	2200	3	1
183.371	2201	4	1
183.413	2202	1	1
183.455	2203	2	1
183.538	2204	3	2
183.788	2205	3	3
183.538	2206	4	2
183.788	2207	4	3
183.788	2208	1	2
184.117	2209	1	3
183.788	2210	2	2
184.117	2211	2	3
183.952	2212	4	2
184.117	2213	4	3
184.282	2214	3	1
184.364	2215	3	1
184.447	2216	4	2
184.529	2217	4	3
184.447	2218	1	1
184.447	2219	2	1
184.612	2220	1	1
184.777	2221	2	1
184.818	2222	3	1
184.859	2223	4	1
184.941	2224	3	1
184.983	2225	2	1
185.024	2226	1	1
185.106	2227	4	1
185.147	2228	3	1
185.189	2229	2	1
185.230	2230	1	1
185.271	2231	4	1
185.312	2232	3	1
185.353	2233	2	1
185.395	2234	1	1
185.601	2235	3	1
185.683	2236	3	1
185.766	2237	4	2
185.848	2238	4	3
185.766	2239	2	1
185.766	2240	1	1
185.930	2241	1	1
186.095	2242	1	1
186.136	2243	2	1
186.178	2244	3	1
186.219	2245	4	1
186.260	2246	1	1
186.301	2247	2	1
186.342	2248	3	1
186.384	2249	4	1
186.425	2250	1	1
186.466	2251	3	1
186.507	2252	2	1
186.548	2253	1	1
186.590	2254	4	1
186.631	2255	3	1
186.672	2256	2	1
186.713	2257	1	1
186.755	2258	4	1
186.809	2259	2	1
186.864	2260	3	1
186.919	2261	1	1
186.974	2262	2	1
187.029	2263	4	1
187.084	2264	2	1
187.084	2265	1	1
187.084	2266	3	2
187.167	2267	3	3
187.139	2268	4	1
187.194	2269	1	1
187.249	2270	3	1
187.304	2271	2	1
187.359	2272	4	1
187.414	2273	3	1
187.455	2274	1	1
187.496	2275	2	1
187.579	2276	4	1
187.620	2277	3	1
187.661	2278	2	1
187.744	2279	4	1
187.744	2280	1	1
187.785	2281	3	1
187.826	2282	2	1
187.867	2283	1	1
187.908	2284	4	1
187.950	2285	3	1
187.991	2286	2	1
188.032	2287	1	1
188.073	2288	3	1
188.156	2289	2	1
188.238	2290	3	1
188.320	2291	4	1
188.403	2292	2	1
188.403	2293	1	1
188.485	2294	4	1
188.568	2295	2	1
188.609	2296	3	1
188.650	2297	2	1
188.691	2298	3	1
188.733	2299	1	1
188.733	2300	4	1
188.897	2301	4	1
188.897	2302	3	1
189.062	2303	1	2
189.386	2304	1	3
189.062	2305	4	1
189.062	2306	2	2
189.386	2307	2	3
189.062	2308	3	1
189.224	2309	4	2
189.386	2310	4	3
189.386	2311	3	2
189.467	2312	3	3
189.548	2313	3	1
189.629	2314	3	1
189.710	2315	4	1
189.710	2316	1	1
189.710	2317	2	1
189.872	2318	1	1
190.034	2319	3	2
190.116	2320	3	3
190.034	2321	2	1
190.075	2322	4	1
190.116	2323	1	1
190.156	2324	2	1
190.197	2325	3	1
190.237	2326	4	1
190.278	2327	1	1
190.318	2328	2	1
190.359	2329	4	2
190.440	2330	4	3
190.359	2331	3	2
190.440	2332	3	3
190.521	2333	4	2
190.602	2334	4	3
190.521	2335	3	2
190.602	2336	3	3
190.683	2337	4	2
190.845	2338	4	3
190.683	2339	3	2
190.845	2340	3	3
190.845	2341	1	2
191.007	2342	1	3
191.007	2343	2	2
191.332	2344	2	3
191.007	2345	4	2
191.332	2346	4	3
191.007	2347	3	1
191.332	2348	3	2
191.413	2349	3	3
191.332	2350	1	1
191.413	2351	1	1
191.494	2352	1	1
191.575	2353	1	1
191.656	2354	3	2
191.980	2355	3	3
191.656	2356	4	2
191.980	2357	4	3
191.656	2358	2	1
191.980	2359	1	2
192.062	2360	1	3
192.034	2361	2	1
192.089	2362	3	1
192.143	2363	4	1
192.197	2364	1	1
192.251	2365	3	1
192.305	2366	2	1
192.305	2367	1	1
192.386	2368	3	1
192.467	2369	2	1
192.548	2370	4	1
192.589	2371	1	1
192.629	2372	2	1
192.629	2373	3	2
192.710	2374	3	3
192.791	2375	4	1
192.953	2376	3	2
193.278	2377	3	3
192.953	2378	4	2
193.278	2379	4	3
193.278	2380	1	2
193.359	2381	1	3
193.332	2382	2	1
193.386	2383	3	1
193.440	2384	1	1
193.494	2385	4	1
193.548	2386	2	1
193.602	2387	3	1
193.602	2388	1	1
193.643	2389	4	1
193.683	2390	2	1
193.724	2391	1	1
193.764	2392	3	1
193.805	2393	2	1
193.845	2394	4	1
193.886	2395	3	1
193.926	2396	1	2
194.089	2397	1	3
194.007	2398	4	2
194.251	2399	4	3
194.007	2400	3	2
194.251	2401	3	3
194.251	2402	2	2
194.571	2403	2	3
194.251	2404	1	2
194.571	2405	1	3
194.571	2406	4	2
194.652	2407	4	3
194.892	2408	4	1
194.892	2409	1	1
194.892	2410	2	1
195.213	2411	2	2
195.293	2412	2	3
195.293	2413	4	1
195.373	2414	3	1
195.454	2415	2	1
195.534	2416	1	1
195.534	2417	4	1
195.614	2418	3	1
195.694	2419	2	1
195.775	2420	1	1
195.855	2421	3	2
195.935	2422	3	3
195.935	2423	4	1
196.015	2424	2	1
196.095	2425	3	1
196.176	2426	2	1
196.176	2427	1	1
196.176	2428	4	1
196.256	2429	3	1
196.336	2430	1	1
196.416	2431	2	1
196.496	2432	4	2
196.577	2433	4	3
196.577	2434	3	1
196.657	2435	1	1
196.657	2436	2	1
196.737	2437	4	1
196.737	2438	3	1
196.817	2439	2	1
196.817	2440	1	1
196.978	2441	4	1
196.978	2442	3	1
197.138	2443	3	1
197.138	2444	4	1
197.299	2445	4	1
197.299	2446	1	1
197.299	2447	2	1
197.379	2448	3	1
197.459	2449	2	1
197.459	2450	1	1
197.619	2451	1	1
197.619	2452	2	1
197.780	2453	3	1
197.780	2454	1	1
197.780	2455	4	1
197.940	2456	1	1
197.940	2457	2	1
198.021	2458	3	1
198.101	2459	2	1
198.101	2460	1	1
198.101	2461	4	2
199.384	2462	4	3
198.742	2463	3	1
198.823	2464	2	1
198.903	2465	1	1
198.983	2466	3	1
199.063	2467	2	1
199.224	2468	1	1
199.384	2469	3	2
199.857	2470	3	3
199.384	2471	2	2
199.857	2472	2	3
199.857	2473	1	1
199.936	2474	2	1
200.015	2475	3	1
200.094	2476	4	1
200.173	2477	3	1
200.252	2478	2	1
200.331	2479	1	1
200.410	2480	2	1
200.489	2481	3	1
200.568	2482	4	1
200.647	2483	1	1
200.647	2484	3	1
200.726	2485	2	1
200.805	2486	1	1
200.884	2487	2	1
200.962	2488	3	1
200.962	2489	4	1
201.041	2490	1	1
201.120	2491	2	1
201.199	2492	3	1
201.278	2493	4	1
201.278	2494	1	1
201.318	2495	2	1
201.357	2496	3	1
201.397	2497	4	1
201.436	2498	1	1
201.476	2499	2	1
201.515	2500	3	1
201.555	2501	4	1
201.594	2502	1	1
201.634	2503	2	1
201.673	2504	3	1
201.712	2505	4	1
201.752	2506	1	1
201.791	2507	2	1
201.831	2508	3	1
201.870	2509	4	1
201.910	2510	1	2
202.226	2511	1	3
201.910	2512	2	2
202.226	2513	2	3
202.226	2514	4	2
202.305	2515	4	3
202.226	2516	3	2
202.305	2517	3	3
202.384	2518	3	2
202.462	2519	3	3
202.384	2520	4	2
202.462	2521	4	3
202.541	2522	3	2
202.620	2523	3	3
202.541	2524	4	2
202.620	2525	4	3
202.857	2526	3	2
202.936	2527	3	3
202.857	2528	4	2
202.936	2529	4	3
203.015	2530	3	2
203.094	2531	3	3
203.015	2532	4	2
203.094	2533	4	3
203.173	2534	4	2
203.252	2535	4	3
203.173	2536	3	2
203.252	2537	3	3
203.489	2538	1	1
203.528	2539	2	1
203.568	2540	3	1
203.607	2541	4	1
203.647	2542	1	1
203.686	2543	2	1
203.726	2544	3	1
203.805	2545	1	1
203.805	2546	4	1
203.857	2547	3	1
203.910	2548	2	1
203.962	2549	1	1
204.015	2550	4	1
204.068	2551	3	1
204.120	2552	2	1
204.173	2553	1	1
204.226	2554	4	1
204.278	2555	3	1
204.331	2556	2	1
204.384	2557	1	1
204.436	2558	2	2
204.902	2559	2	3
204.436	2560	3	2
204.902	2561	3	3
204.902	2562	1	1
204.980	2563	2	1
205.057	2564	3	1
205.135	2565	4	1
205.213	2566	3	1
205.290	2567	2	1
205.368	2568	1	1
205.446	2569	2	1
205.524	2570	3	1
205.601	2571	4	1
205.679	2572	1	1
205.679	2573	3	1
205.757	2574	2	1
205.834	2575	1	1
205.912	2576	2	1
205.990	2577	4	1
205.990	2578	3	1
206.068	2579	1	1
206.145	2580	2	1
206.223	2581	3	1
206.301	2582	1	1
206.301	2583	4	1
206.340	2584	2	1
206.379	2585	3	1
206.417	2586	4	1
206.456	2587	1	1
206.495	2588	2	1
206.534	2589	3	1
206.573	2590	4	1
206.612	2591	1	1
206.651	2592	2	1
206.689	2593	3	1
206.728	2594	4	1
206.767	2595	1	1
206.806	2596	2	1
206.845	2597	3	1
206.884	2598	4	1
206.923	2599	2	2
207.233	2600	2	3
206.923	2601	1	2
207.233	2602	1	3
207.233	2603	3	2
207.544	2604	3	3
207.233	2605	4	2
207.544	2606	4	3
207.544	2607	2	1
207.544	2608	1	1
207.700	2609	3	1
207.855	2610	3	1
208.011	2611	1	2
208.166	2612	1	3
208.011	2613	4	2
208.166	2614	4	3
208.166	2615	2	1
208.166	2616	3	1
208.322	2617	3	1
208.477	2618	3	1
208.632	2619	1	2
208.788	2620	1	3
208.632	2621	4	2
208.788	2622	4	3
208.788	2623	3	1
208.788	2624	2	1
208.866	2625	1	1
208.943	2626	2	1
209.021	2627	3	1
209.099	2628	4	1
209.176	2629	1	1
209.254	2630	2	1
209.332	2631	4	1
209.410	2632	3	2
209.866	2633	3	3
209.410	2634	2	2
209.866	2635	2	3
209.410	2636	1	1
209.866	2637	1	1
209.942	2638	2	1
210.019	2639	3	1
210.019	2640	4	1
210.095	2641	2	1
210.171	2642	3	1
210.171	2643	1	1
210.247	2644	4	1
210.323	2645	2	1
210.323	2646	1	1
210.399	2647	3	1
210.475	2648	2	1
210.552	2649	4	1
210.628	2650	1	1
210.704	2651	2	1
210.780	2652	3	1
210.780	2653	1	1
210.856	2654	2	1
210.932	2655	4	1
210.932	2656	3	1
211.008	2657	1	1
211.085	2658	2	1
211.161	2659	3	1
211.237	2660	4	1
211.237	2661	1	1
211.275	2662	2	1
211.313	2663	3	1
211.351	2664	4	1
211.389	2665	1	1
211.427	2666	2	1
211.465	2667	3	1
211.503	2668	4	1
211.541	2669	1	1
211.580	2670	2	1
211.618	2671	3	1
211.656	2672	4	1
211.694	2673	1	1
211.732	2674	2	1
211.770	2675	3	1
211.808	2676	4	1
211.846	2677	1	2
211.922	2678	1	3
211.846	2679	2	2
211.922	2680	2	3
211.998	2681	1	2
212.074	2682	1	3
211.998	2683	2	2
212.074	2684	2	3
212.151	2685	4	2
212.227	2686	4	3
212.151	2687	3	2
212.227	2688	3	3
212.303	2689	3	2
212.379	2690	3	3
212.303	2691	4	2
212.379	2692	4	3
212.455	2693	2	1
212.455	2694	3	2
212.531	2695	3	3
212.455	2696	4	2
212.531	2697	4	3
212.607	2698	4	1
212.607	2699	1	1
212.646	2700	3	1
212.684	2701	2	1
212.760	2702	4	2
212.836	2703	4	3
212.760	2704	3	2
212.836	2705	3	3
212.912	2706	3	2
212.988	2707	3	3
212.912	2708	4	2
212.988	2709	4	3
213.064	2710	4	2
213.140	2711	4	3
213.064	2712	3	2
213.140	2713	3	3
213.217	2714	1	1
213.217	2715	4	1
213.255	2716	3	1
213.293	2717	2	1
213.369	2718	3	2
213.445	2719	3	3
213.369	2720	4	2
213.445	2721	4	3
213.445	2722	1	2
213.521	2723	1	3
213.445	2724	2	2
213.521	2725	2	3
213.521	2726	3	2
213.673	2727	3	3
213.521	2728	4	2
213.673	2729	4	3
213.673	2730	2	1
213.673	2731	1	1
213.724	2732	4	1
213.724	2733	3	1
213.775	2734	1	1
213.775	2735	2	1
213.826	2736	3	1
213.826	2737	4	1
213.978	2738	3	1
213.978	2739	4	1
214.029	2740	2	1
214.029	2741	1	1
214.080	2742	4	1
214.080	2743	3	1
214.130	2744	1	1
214.130	2745	2	1
214.283	2746	2	2
214.581	2747	2	3
214.283	2748	3	2
214.581	2749	3	3
214.581	2750	4	1
214.656	2751	1	1
214.730	2752	2	1
214.805	2753	3	1
214.880	2754	4	1
214.880	2755	1	1
214.954	2756	2	1
215.029	2757	4	1
215.029	2758	3	1
215.103	2759	1	1
215.178	2760	3	1
215.178	2761	2	1
215.253	2762	4	1
215.327	2763	1	1
215.402	2764	2	1
215.477	2765	3	1
215.551	2766	4	1
215.626	2767	1	1
215.626	2768	2	1
215.700	2769	3	1
215.775	2770	1	1
215.775	2771	4	1
215.850	2772	2	1
215.924	2773	3	1
215.999	2774	4	1
216.074	2775	1	1
216.074	2776	2	1
216.148	2777	3	1
216.223	2778	4	1
216.297	2779	2	1
216.372	2780	3	1
216.372	2781	1	1
216.447	2782	4	1
216.521	2783	2	1
216.596	2784	3	1
216.671	2785	4	1
216.671	2786	1	1
216.745	2787	2	1
216.820	2788	3	1
216.894	2789	4	1
216.969	2790	1	1
216.969	2791	2	1
217.044	2792	3	1
217.118	2793	4	1
217.193	2794	1	1
217.268	2795	3	1
217.268	2796	2	1
217.342	2797	4	1
217.417	2798	1	1
217.491	2799	2	1
217.566	2800	3	1
217.566	2801	4	1
217.641	2802	1	1
217.715	2803	2	1
217.790	2804	4	1
217.865	2805	1	1
217.865	2806	3	1
217.964	2807	1	1
217.964	2808	2	1
218.064	2809	4	1
218.064	2810	3	1
218.163	2811	2	1
218.163	2812	4	1
218.263	2813	3	1
218.263	2814	1	1
218.362	2815	2	1
218.362	2816	1	1
218.462	2817	4	1
218.462	2818	1	1
218.511	2819	3	1
218.561	2820	2	1
218.611	2821	1	1
218.661	2822	4	1
218.710	2823	3	1
218.760	2824	2	1
218.803	2825	1	1
218.860	2826	4	1
218.939	2827	3	1
219.059	2828	2	1
219.059	2829	4	1
219.059	2830	3	1
219.059	2831	1	1
219.571	2832	4	1
219.937	2833	4	1
220.229	2834	3	1
220.229	2835	1	1
221.107	2836	3	1
221.107	2837	4	1
221.400	2838	3	1
221.400	2839	2	1
221.693	2840	4	1
221.693	2841	1	1
221.839	2842	3	1
221.839	2843	2	1
221.937	2844	1	1
222.034	2845	2	1
222.132	2846	3	1
222.229	2847	4	1
222.424	2848	4	1
223.229	2849	2	1
223.302	2850	3	1
223.449	2851	1	1
223.449	2852	2	1
223.522	2853	3	1
223.741	2854	4	1
223.741	2855	1	1
224.473	2856	4	1
224.473	2857	3	1
224.619	2858	1	1
224.619	2859	2	1
225.644	2860	2	1
225.644	2861	4	1
225.937	2862	2	1
225.937	2863	4	1
226.083	2864	3	1
226.083	2865	1	1
227.546	2866	1	1
227.644	2867	2	1
227.741	2868	3	1
227.839	2869	4	1
227.937	2870	1	1
228.034	2871	2	1
228.132	2872	3	1
228.229	2873	4	1
228.327	2874	2	1
228.424	2875	1	2
228.571	2876	1	3
228.571	2877	4	1
228.644	2878	2	1
228.717	2879	3	2
228.863	2880	3	3
228.790	2881	1	1
228.863	2882	2	1
228.937	2883	4	1
229.010	2884	2	2
229.156	2885	2	3
229.156	2886	1	1
229.229	2887	3	1
229.302	2888	4	2
229.449	2889	4	3
229.376	2890	1	1
229.449	2891	2	1
229.522	2892	3	1
229.595	2893	1	2
229.741	2894	1	3
229.741	2895	3	1
229.815	2896	2	1
229.888	2897	4	2
230.034	2898	4	3
229.961	2899	1	1
230.034	2900	2	1
230.107	2901	3	1
230.180	2902	2	2
230.327	2903	2	3
230.400	2904	4	1
230.473	2905	3	1
230.546	2906	1	1
230.619	2907	2	1
230.693	2908	3	1
230.766	2909	4	2
230.912	2910	4	3
230.912	2911	3	1
230.985	2912	2	1
231.059	2913	1	1
231.132	2914	4	1
231.205	2915	3	2
231.278	2916	3	3
231.278	2917	2	2
231.351	2918	2	3
231.351	2919	1	2
231.498	2920	1	3
231.498	2921	4	1
231.571	2922	3	1
231.644	2923	2	1
231.717	2924	1	1
231.790	2925	4	2
231.863	2926	4	3
231.863	2927	3	2
231.937	2928	3	3
231.937	2929	2	2
232.083	2930	2	3
232.083	2931	4	1
232.156	2932	3	1
232.229	2933	1	2
232.376	2934	1	3
232.302	2935	2	1
232.376	2936	3	1
232.449	2937	2	1
232.522	2938	4	2
232.668	2939	4	3
232.668	2940	1	1
232.741	2941	2	1
232.815	2942	3	1
232.888	2943	4	1
232.961	2944	2	1
233.034	2945	3	1
233.107	2946	1	2
233.254	2947	1	3
233.254	2948	4	1
233.327	2949	2	1
233.400	2950	3	2
233.546	2951	3	3
233.473	2952	1	1
233.546	2953	2	1
233.619	2954	4	1
233.693	2955	2	2
233.839	2956	2	3
233.839	2957	1	1
233.912	2958	3	1
233.985	2959	4	2
234.132	2960	4	3
234.059	2961	1	1
234.132	2962	2	1
234.205	2963	3	1
234.278	2964	1	2
234.424	2965	1	3
234.424	2966	3	1
234.498	2967	2	1
234.571	2968	4	2
234.717	2969	4	3
234.644	2970	1	1
234.717	2971	2	1
234.790	2972	3	1
234.863	2973	2	2
235.010	2974	2	3
235.083	2975	4	1
235.156	2976	3	1
235.229	2977	1	1
235.302	2978	2	1
235.376	2979	3	1
235.449	2980	4	2
235.595	2981	4	3
235.595	2982	1	1
235.668	2983	2	1
235.741	2984	3	1
235.815	2985	4	1
235.888	2986	3	2
235.961	2987	3	3
235.961	2988	2	2
236.034	2989	2	3
236.034	2990	1	2
236.180	2991	1	3
236.180	2992	4	1
236.254	2993	3	1
236.327	2994	2	1
236.400	2995	1	1
236.473	2996	4	2
236.546	2997	4	3
236.546	2998	3	2
236.619	2999	3	3
236.619	3000	1	2
236.766	3001	1	3
236.766	3002	2	2
236.912	3003	2	3
236.839	3004	4	1
236.912	3005	3	2
237.058	3006	3	3
236.985	3007	1	1
237.058	3008	4	2
237.205	3009	4	3
237.132	3010	2	1
237.205	3011	3	2
237.355	3012	3	3
237.355	3013	2	2
237.505	3014	2	3
237.430	3015	4	1
237.505	3016	1	2
237.655	3017	1	3
237.580	3018	3	1
237.655	3019	2	2
237.805	3020	2	3
237.730	3021	4	1
237.805	3022	1	2
238.097	3023	1	3
237.805	3024	3	1
237.951	3025	4	1
237.951	3026	2	1
237.951	3027	3	1
238.097	3028	3	2
238.390	3029	3	3
238.097	3030	4	1
238.390	3031	2	2
238.683	3032	2	3
238.536	3033	1	1
238.536	3034	3	1
238.683	3035	4	2
238.975	3036	4	3
238.683	3037	3	1
238.975	3038	2	1
238.975	3039	3	1
238.975	3040	1	2
239.268	3041	1	3
239.122	3042	2	1
239.122	3043	3	1
239.122	3044	4	1
239.268	3045	3	1
239.268	3046	4	2
239.561	3047	4	3
239.561	3048	2	2
240.146	3049	2	3
239.707	3050	1	1
239.707	3051	4	1
239.707	3052	3	1
239.853	3053	4	1
239.853	3054	1	1
240.146	3055	1	1
240.146	3056	3	1
240.146	3057	4	2
240.585	3058	4	3
240.292	3059	1	1
240.292	3060	3	1
240.292	3061	2	1
240.439	3062	1	1
240.439	3063	2	1
240.585	3064	3	2
240.658	3065	3	3
240.658	3066	2	2
240.731	3067	2	3
240.731	3068	1	2
241.170	3069	1	3
240.878	3070	4	1
240.878	3071	3	1
241.024	3072	2	1
241.024	3073	3	1
241.170	3074	4	2
241.244	3075	4	3
241.244	3076	3	2
241.317	3077	3	3
241.317	3078	1	1
241.317	3079	4	1
241.317	3080	2	2
241.609	3081	2	3
241.463	3082	1	1
241.463	3083	4	1
241.463	3084	3	1
241.609	3085	1	2
241.902	3086	1	3
241.609	3087	4	1
241.756	3088	3	1
241.756	3089	4	1
241.756	3090	2	1
241.902	3091	4	2
242.487	3092	4	3
241.975	3093	1	1
241.975	3094	2	1
241.975	3095	3	1
242.195	3096	3	1
242.195	3097	2	1
242.195	3098	1	1
242.487	3099	2	1
242.487	3100	3	1
242.487	3101	1	1
242.634	3102	4	1
242.634	3103	2	1
242.634	3104	1	2
242.780	3105	1	3
242.780	3106	2	2
242.926	3107	2	3
242.780	3108	3	1
242.926	3109	3	2
243.073	3110	3	3
243.073	3111	4	2
243.219	3112	4	3
243.219	3113	1	2
243.365	3114	1	3
243.219	3115	2	1
243.365	3116	2	2
243.512	3117	2	3
243.365	3118	3	1
243.512	3119	4	2
243.658	3120	4	3
243.658	3121	2	1
243.658	3122	1	1
243.658	3123	3	2
243.805	3124	3	3
243.805	3125	1	1
243.805	3126	2	2
243.951	3127	2	3
243.805	3128	4	1
243.951	3129	1	2
244.097	3130	1	3
243.951	3131	3	1
244.097	3132	2	2
244.244	3133	2	3
244.244	3134	4	2
244.683	3135	4	3
244.390	3136	3	1
244.390	3137	1	1
244.390	3138	2	1
244.536	3139	1	1
244.536	3140	3	1
244.683	3141	3	2
244.756	3142	3	3
244.756	3143	2	2
244.829	3144	2	3
244.829	3145	4	1
244.829	3146	1	2
246.000	3147	1	3
244.829	3148	3	1
244.975	3149	4	1
244.975	3150	2	1
244.975	3151	3	1
245.122	3152	4	1
245.122	3153	3	1
245.122	3154	2	1
245.561	3155	4	1
245.561	3156	2	1
245.561	3157	3	1
246.000	3158	4	1
246.000	3159	2	2
246.585	3160	2	3
246.000	3161	3	1
246.439	3162	1	1
246.439	3163	3	1
246.439	3164	4	1
246.585	3165	3	2
247.170	3166	3	3
246.731	3167	2	1
246.731	3168	4	1
246.731	3169	1	1
246.951	3170	2	1
246.951	3171	4	1
246.951	3172	1	1
247.170	3173	4	2
249.512	3174	4	3
247.170	3175	1	1
247.170	3176	2	1
247.317	3177	3	1
247.463	3178	1	1
247.463	3179	2	1
247.609	3180	3	1
247.683	3181	2	1
247.756	3182	1	1
247.756	3183	3	1
247.902	3184	3	1
248.048	3185	1	1
248.048	3186	2	1
248.195	3187	2	1
248.341	3188	3	1
248.341	3189	1	1
248.487	3190	3	1
248.634	3191	1	1
248.634	3192	2	1
248.780	3193	3	1
248.926	3194	1	1
248.926	3195	2	1
249.073	3196	2	1
249.219	3197	3	1
249.219	3198	1	1
249.365	3199	1	1
249.512	3200	3	1
249.512	3201	2	1
249.658	3202	4	1
249.805	3203	3	1
249.805	3204	2	1
249.805	3205	1	1
249.951	3206	4	1
250.024	3207	3	1
250.097	3208	2	1
250.097	3209	1	1
250.244	3210	1	1
250.390	3211	2	1
250.390	3212	4	1
250.390	3213	3	1
250.536	3214	2	1
250.683	3215	4	1
250.683	3216	1	1
250.829	3217	3	1
250.975	3218	1	1
250.975	3219	2	1
250.975	3220	4	1
251.122	3221	4	1
251.268	3222	2	1
251.268	3223	3	1
251.414	3224	1	1
251.561	3225	1	1
251.561	3226	3	1
251.561	3227	4	1
251.707	3228	2	1
251.853	3229	3	1
251.853	3230	1	1
252.000	3231	2	1
252.146	3232	2	1
252.146	3233	4	1
252.146	3234	3	1
252.292	3235	1	1
252.439	3236	2	1
252.439	3237	3	1
252.585	3238	1	1
252.731	3239	4	1
252.731	3240	1	1
252.731	3241	2	1
252.878	3242	3	1
253.024	3243	2	1
253.024	3244	1	1
253.170	3245	4	1
253.317	3246	4	1
253.317	3247	2	1
253.317	3248	3	1
253.463	3249	1	1
253.609	3250	2	1
253.609	3251	3	1
253.756	3252	4	1
253.902	3253	1	1
253.902	3254	2	1
253.902	3255	3	1
254.048	3256	2	1
254.195	3257	3	1
254.195	3258	4	1
254.341	3259	1	1
254.487	3260	4	1
254.487	3261	1	1
254.487	3262	2	1
254.634	3263	3	1
254.780	3264	4	1
254.780	3265	1	1
254.926	3266	3	1
255.073	3267	4	1
255.073	3268	1	1
255.073	3269	2	1
255.219	3270	4	1
255.365	3271	2	1
255.365	3272	1	1
255.878	3273	1	1
255.878	3274	2	1
255.951	3275	4	1
255.951	3276	3	1
256.097	3277	1	1
256.134	3278	2	1
256.170	3279	3	1
256.207	3280	4	1
256.244	3281	1	1
256.244	3282	2	1
256.317	3283	4	1
256.317	3284	3	1
256.390	3285	2	1
256.390	3286	1	1
256.463	3287	3	1
256.463	3288	4	1
256.536	3289	2	1
256.536	3290	1	1
256.756	3291	3	1
256.756	3292	2	1
256.975	3293	4	1
256.975	3294	3	1
257.048	3295	2	1
257.122	3296	1	1
257.195	3297	4	1
257.195	3298	3	1
257.414	3299	2	1
257.414	3300	1	1
257.561	3301	4	1
257.561	3302	3	1
257.634	3303	1	1
257.634	3304	2	1
257.707	3305	4	1
257.707	3306	3	1
257.926	3307	3	1
257.926	3308	2	1
258.073	3309	1	1
258.146	3310	3	1
258.146	3311	4	1
258.292	3312	2	1
258.365	3313	1	1
258.365	3314	4	1
258.439	3315	3	1
258.585	3316	2	1
258.585	3317	1	1
258.731	3318	3	1
258.731	3319	4	1
258.804	3320	2	1
258.804	3321	1	1
258.878	3322	3	1
258.878	3323	4	1
259.097	3324	3	1
259.097	3325	2	1
259.317	3326	1	1
259.317	3327	4	1
259.390	3328	3	1
259.463	3329	2	1
259.536	3330	4	1
259.536	3331	1	1
259.756	3332	4	1
259.756	3333	3	1
259.902	3334	2	1
259.902	3335	1	1
259.975	3336	4	1
259.975	3337	3	1
260.048	3338	1	1
260.048	3339	2	1
260.268	3340	3	1
260.268	3341	4	1
260.341	3342	2	1
260.487	3343	1	1
260.487	3344	4	1
260.634	3345	3	1
260.707	3346	2	1
260.707	3347	1	1
260.926	3348	4	1
260.926	3349	3	1
261.073	3350	2	1
261.073	3351	1	1
261.146	3352	4	1
261.146	3353	3	1
261.219	3354	2	1
261.219	3355	1	1
261.292	3356	3	1
261.292	3357	4	1
261.365	3358	1	1
261.365	3359	2	1
261.439	3360	3	1
261.439	3361	4	1
261.512	3362	1	1
261.512	3363	2	1
261.585	3364	4	1
261.585	3365	3	1
261.658	3366	1	1
261.658	3367	2	1
261.731	3368	4	1
261.731	3369	3	1
261.804	3370	2	1
261.804	3371	1	1
261.878	3372	3	1
261.878	3373	4	1
261.951	3374	2	1
261.951	3375	1	1
262.024	3376	4	1
262.024	3377	3	1
262.097	3378	1	1
262.097	3379	2	1
262.170	3380	3	1
262.170	3381	4	1
262.244	3382	1	1
262.280	3383	2	1
262.317	3384	3	1
262.353	3385	4	1
262.390	3386	1	1
262.390	3387	2	1
262.463	3388	3	1
262.463	3389	4	1
262.536	3390	1	1
262.536	3391	2	1
262.609	3392	3	1
262.609	3393	4	1
262.683	3394	1	1
262.683	3395	2	1
262.756	3396	4	1
262.756	3397	3	1
262.829	3398	2	1
262.829	3399	1	1
262.902	3400	3	1
262.902	3401	4	1
262.975	3402	2	1
262.975	3403	1	1
263.048	3404	4	1
263.048	3405	3	1
263.122	3406	1	1
263.122	3407	2	1
263.195	3408	4	1
263.195	3409	3	1
263.268	3410	2	1
263.268	3411	1	1
263.341	3412	3	1
263.341	3413	4	1
263.414	3414	1	1
263.451	3415	2	1
263.487	3416	3	1
263.524	3417	4	1
263.561	3418	2	1
263.561	3419	1	1
263.634	3420	4	1
263.634	3421	3	1
263.707	3422	2	1
263.707	3423	1	1
263.780	3424	3	1
263.780	3425	4	1
263.853	3426	2	1
263.853	3427	1	1
263.926	3428	4	1
263.926	3429	3	1
264.000	3430	2	1
264.000	3431	1	1
264.073	3432	3	1
264.073	3433	4	1
264.146	3434	2	1
264.146	3435	1	1
264.219	3436	4	1
264.219	3437	3	1
264.292	3438	1	1
264.292	3439	2	1
264.365	3440	3	1
264.365	3441	4	1
264.439	3442	1	1
264.475	3443	2	1
264.512	3444	3	1
264.548	3445	4	1
264.585	3446	1	1
264.622	3447	2	1
264.658	3448	3	1
264.695	3449	4	1
264.731	3450	1	1
264.731	3451	2	1
265.317	3452	4	1
265.317	3453	3	1
265.609	3454	1	1
265.609	3455	2	1
265.756	3456	2	1
265.756	3457	1	1
265.902	3458	2	1
265.902	3459	4	1
265.902	3460	3	1
265.975	3461	1	1
266.048	3462	3	1
266.122	3463	2	1
266.195	3464	3	1
266.195	3465	1	1
266.195	3466	4	1
266.268	3467	2	1
266.341	3468	3	1
266.414	3469	4	1
266.487	3470	1	1
266.487	3471	2	1
266.561	3472	3	1
266.634	3473	4	1
266.707	3474	1	1
266.780	3475	2	1
266.780	3476	4	1
266.780	3477	3	1
266.853	3478	1	1
266.926	3479	3	1
267.073	3480	1	1
267.073	3481	2	1
267.146	3482	3	1
267.219	3483	4	1
267.292	3484	1	1
267.365	3485	4	1
267.365	3486	2	1
267.365	3487	3	1
267.439	3488	1	1
267.512	3489	2	1
267.585	3490	3	1
267.658	3491	1	1
267.658	3492	4	1
267.731	3493	2	1
267.805	3494	3	1
267.878	3495	4	1
267.951	3496	2	1
267.951	3497	1	1
267.951	3498	3	1
268.024	3499	4	1
268.097	3500	2	1
268.170	3501	1	1
268.244	3502	3	1
268.244	3503	2	1
268.317	3504	4	1
268.390	3505	3	1
268.463	3506	1	1
268.536	3507	3	1
268.536	3508	2	1
268.536	3509	4	1
268.609	3510	1	1
268.683	3511	2	1
268.756	3512	3	1
268.829	3513	1	1
268.829	3514	4	1
268.902	3515	2	1
268.975	3516	3	1
269.048	3517	4	1
269.122	3518	2	1
269.122	3519	1	1
269.122	3520	3	1
269.195	3521	4	1
269.268	3522	3	1
269.341	3523	2	1
269.414	3524	4	1
269.414	3525	1	1
269.487	3526	3	1
269.561	3527	2	1
269.634	3528	1	1
269.707	3529	2	1
269.707	3530	3	1
269.707	3531	4	1
269.780	3532	1	1
269.853	3533	4	1
269.926	3534	3	1
270.000	3535	1	1
270.000	3536	2	1
270.048	3537	4	1
270.097	3538	3	1
270.146	3539	2	1
270.195	3540	1	1
270.244	3541	4	1
270.292	3542	2	1
270.292	3543	3	1
270.292	3544	1	1
270.365	3545	4	1
270.439	3546	2	1
270.512	3547	1	1
270.585	3548	4	1
270.585	3549	3	1
270.658	3550	2	1
270.731	3551	1	1
270.731	3552	4	1
270.805	3553	3	1
270.878	3554	1	1
270.878	3555	4	1
270.878	3556	2	1
270.951	3557	3	1
271.024	3558	2	1
271.170	3559	4	1
271.170	3560	1	1
271.244	3561	2	1
271.317	3562	3	1
271.390	3563	4	1
271.463	3564	1	1
271.463	3565	2	1
271.463	3566	3	1
271.536	3567	4	1
271.609	3568	1	1
271.756	3569	2	1
271.756	3570	3	1
271.853	3571	4	1
271.902	3572	1	1
271.975	3573	2	1
272.048	3574	1	1
272.048	3575	3	1
272.048	3576	4	1
272.122	3577	2	1
272.195	3578	4	1
272.268	3579	3	1
272.341	3580	1	1
272.341	3581	2	1
272.414	3582	4	1
272.487	3583	3	1
272.561	3584	2	1
272.634	3585	1	1
272.634	3586	4	1
272.634	3587	3	1
272.707	3588	2	1
272.780	3589	4	1
272.853	3590	3	1
272.926	3591	1	2
273.000	3592	1	3
272.926	3593	4	2
273.000	3594	4	3
273.000	3595	2	1
273.073	3596	3	1
273.146	3597	1	2
273.219	3598	1	3
273.146	3599	2	2
273.219	3600	2	3
273.219	3601	4	1
273.219	3602	3	1
273.292	3603	2	1
273.365	3604	3	2
273.439	3605	3	3
273.365	3606	1	2
273.439	3607	1	3
273.439	3608	2	1
273.512	3609	4	2
273.585	3610	4	3
273.512	3611	3	2
273.585	3612	3	3
273.585	3613	2	1
273.658	3614	1	1
273.731	3615	3	2
273.804	3616	3	3
273.731	3617	2	2
273.804	3618	2	3
273.804	3619	1	1
273.804	3620	4	1
273.878	3621	3	1
273.951	3622	4	2
274.024	3623	4	3
273.951	3624	2	2
274.024	3625	2	3
274.024	3626	1	1
274.097	3627	4	2
274.244	3628	4	3
274.097	3629	3	2
274.244	3630	3	3
274.097	3631	2	1
274.244	3632	1	1
274.317	3633	4	1
274.317	3634	3	1
274.390	3635	1	1
274.390	3636	2	1
274.463	3637	4	1
274.536	3638	1	2
274.609	3639	1	3
274.536	3640	2	2
274.609	3641	2	3
274.609	3642	3	2
274.683	3643	3	3
274.609	3644	4	2
274.683	3645	4	3
274.683	3646	2	2
274.829	3647	2	3
274.683	3648	1	2
274.829	3649	1	3
274.829	3650	4	1
274.902	3651	2	1
274.902	3652	3	1
274.975	3653	4	1
274.975	3654	1	1
275.048	3655	2	1
275.122	3656	3	1
275.122	3657	4	1
275.195	3658	1	1
275.268	3659	2	1
275.268	3660	4	1
275.268	3661	3	1
275.341	3662	1	1
275.414	3663	3	1
275.487	3664	2	1
275.561	3665	4	1
275.561	3666	3	1
275.561	3667	1	1
275.634	3668	2	1
275.707	3669	3	1
275.780	3670	4	1
275.853	3671	2	1
275.853	3672	1	1
275.926	3673	3	1
276.000	3674	4	1
276.073	3675	1	1
276.146	3676	3	1
276.146	3677	4	1
276.146	3678	2	1
276.219	3679	1	1
276.292	3680	3	1
276.439	3681	1	1
276.439	3682	2	1
276.512	3683	3	1
276.585	3684	4	1
276.658	3685	1	1
276.731	3686	3	1
276.731	3687	2	1
276.731	3688	4	1
276.804	3689	1	1
276.878	3690	2	1
276.951	3691	3	1
277.024	3692	4	1
277.024	3693	1	1
277.097	3694	2	1
277.170	3695	3	1
277.244	3696	4	1
277.317	3697	2	1
277.317	3698	3	1
277.317	3699	1	1
277.390	3700	4	1
277.463	3701	2	1
277.536	3702	1	1
277.609	3703	3	1
277.609	3704	2	1
277.683	3705	4	1
277.756	3706	3	1
277.829	3707	1	1
277.902	3708	3	1
277.902	3709	4	1
277.902	3710	2	1
277.975	3711	1	1
278.048	3712	2	1
278.122	3713	3	1
278.195	3714	1	1
278.195	3715	4	1
278.268	3716	2	1
278.341	3717	3	1
278.414	3718	4	1
278.487	3719	2	1
278.487	3720	1	1
278.487	3721	3	1
278.561	3722	4	1
278.634	3723	3	1
278.707	3724	2	1
278.780	3725	1	1
278.780	3726	4	1
278.853	3727	3	1
278.926	3728	2	1
279.000	3729	1	1
279.073	3730	3	1
279.073	3731	4	1
279.073	3732	2	1
279.146	3733	1	1
279.219	3734	4	1
279.292	3735	3	1
279.365	3736	1	1
279.365	3737	2	1
279.414	3738	4	1
279.463	3739	3	1
279.512	3740	2	1
279.561	3741	1	1
279.609	3742	4	1
279.658	3743	2	1
279.658	3744	3	1
279.658	3745	1	1
279.731	3746	4	1
279.804	3747	2	1
279.878	3748	1	1
279.951	3749	3	1
279.951	3750	4	1
280.000	3751	2	1
280.048	3752	1	1
280.097	3753	4	1
280.146	3754	3	1
280.195	3755	2	1
280.244	3756	4	1
280.244	3757	3	1
280.244	3758	1	1
280.317	3759	2	1
280.390	3760	1	1
280.463	3761	2	1
280.536	3762	3	2
280.609	3763	3	3
280.536	3764	4	2
280.609	3765	4	3
280.609	3766	1	1
280.683	3767	3	1
280.756	3768	1	2
280.829	3769	1	3
280.756	3770	2	2
280.829	3771	2	3
280.829	3772	4	1
280.829	3773	3	1
280.902	3774	1	1
280.975	3775	3	2
281.048	3776	3	3
280.975	3777	2	2
281.048	3778	2	3
281.048	3779	4	1
281.122	3780	3	2
281.195	3781	3	3
281.122	3782	1	2
281.195	3783	1	3
281.268	3784	2	1
281.341	3785	4	2
281.414	3786	4	3
281.341	3787	3	2
281.414	3788	3	3
281.414	3789	2	1
281.414	3790	1	1
281.487	3791	4	1
281.561	3792	2	2
281.634	3793	2	3
281.561	3794	3	2
281.634	3795	3	3
281.634	3796	4	1
281.707	3797	2	2
281.780	3798	2	3
281.707	3799	1	2
281.780	3800	1	3
281.780	3801	3	1
281.853	3802	4	1
281.926	3803	3	2
282.000	3804	3	3
281.926	3805	1	2
282.000	3806	1	3
282.000	3807	4	1
282.000	3808	2	1
282.073	3809	3	1
282.146	3810	4	2
282.219	3811	4	3
282.146	3812	2	2
282.219	3813	2	3
282.219	3814	1	1
282.292	3815	2	1
282.292	3816	4	2
282.731	3817	4	3
282.292	3818	3	2
282.585	3819	3	3
282.731	3820	1	1
282.804	3821	2	1
282.878	3822	4	1
282.951	3823	3	1
283.024	3824	2	1
283.097	3825	3	1
283.170	3826	1	1
283.244	3827	2	1
283.317	3828	4	1
283.390	3829	1	1
283.463	3830	2	1
283.536	3831	4	1
283.536	3832	3	1
283.536	3833	1	1
283.609	3834	2	1
283.683	3835	3	1
283.756	3836	4	1
283.756	3837	1	1
283.756	3838	2	1
283.829	3839	3	1
283.902	3840	1	1
283.975	3841	4	1
283.975	3842	2	1
283.975	3843	3	1
284.048	3844	1	1
284.122	3845	4	1
284.195	3846	3	1
284.195	3847	1	1
284.195	3848	2	1
284.268	3849	4	1
284.341	3850	3	1
284.341	3851	1	1
284.341	3852	2	1
284.414	3853	4	1
284.487	3854	2	1
284.487	3855	3	1
284.561	3856	4	1
284.561	3857	1	1
284.634	3858	2	1
284.634	3859	3	1
284.780	3860	3	1
284.780	3861	4	1
284.926	3862	4	1
284.926	3863	3	1
284.926	3864	1	1
285.000	3865	2	1
285.073	3866	3	1
285.146	3867	4	1
285.219	3868	1	1
285.292	3869	3	1
285.365	3870	2	1
285.365	3871	4	1
285.439	3872	1	1
285.512	3873	2	1
285.512	3874	4	1
285.512	3875	3	1
285.585	3876	1	1
285.658	3877	3	1
285.804	3878	1	1
285.804	3879	2	1
285.878	3880	3	1
285.951	3881	4	1
286.024	3882	1	1
286.097	3883	3	1
286.097	3884	4	1
286.097	3885	2	1
286.170	3886	1	1
286.244	3887	2	1
286.317	3888	3	1
286.390	3889	4	1
286.463	3890	2	1
286.536	3891	1	1
286.536	3892	3	1
286.609	3893	4	1
286.683	3894	2	1
286.683	3895	1	1
286.683	3896	3	1
286.756	3897	4	1
286.829	3898	2	1
286.902	3899	1	1
286.975	3900	3	1
286.975	3901	2	1
287.048	3902	4	1
287.122	3903	3	1
287.195	3904	1	1
287.268	3905	2	1
287.268	3906	4	1
287.268	3907	3	1
287.341	3908	1	1
287.414	3909	2	1
287.487	3910	3	1
287.561	3911	4	1
287.634	3912	2	1
287.707	3913	3	1
287.707	3914	1	1
287.780	3915	4	1
287.853	3916	3	1
287.853	3917	2	1
287.853	3918	1	1
287.926	3919	4	1
288.000	3920	3	1
288.073	3921	2	1
288.146	3922	1	1
288.146	3923	4	1
288.219	3924	3	1
288.292	3925	2	1
288.365	3926	1	1
288.439	3927	3	1
288.439	3928	2	1
288.439	3929	4	1
288.512	3930	1	1
288.585	3931	4	1
288.658	3932	3	1
288.731	3933	1	1
288.780	3934	4	1
288.829	3935	3	1
288.878	3936	4	1
288.878	3937	2	1
288.926	3938	1	1
288.975	3939	4	1
289.024	3940	1	2
289.317	3941	1	3
289.024	3942	2	1
289.024	3943	3	1
289.317	3944	4	1
289.317	3945	3	1
289.390	3946	2	1
289.463	3947	1	1
289.463	3948	4	1
289.536	3949	3	1
289.609	3950	1	1
289.609	3951	2	1
289.609	3952	4	1
289.683	3953	3	1
289.756	3954	2	1
289.902	3955	1	1
289.902	3956	4	1
289.975	3957	2	1
290.048	3958	3	1
290.122	3959	4	1
290.195	3960	1	1
290.195	3961	2	1
290.195	3962	3	1
290.268	3963	4	1
290.341	3964	1	1
290.487	3965	3	1
290.487	3966	2	1
290.585	3967	4	1
290.634	3968	1	1
290.707	3969	2	1
290.780	3970	3	1
290.780	3971	4	1
290.780	3972	1	1
290.853	3973	2	1
290.926	3974	4	1
291.000	3975	3	1
291.073	3976	2	1
291.073	3977	1	1
291.146	3978	4	1
291.219	3979	3	1
291.292	3980	2	1
291.365	3981	3	1
291.365	3982	1	1
291.365	3983	4	1
291.439	3984	2	1
291.512	3985	4	1
291.585	3986	3	1
291.658	3987	1	2
291.731	3988	1	3
291.658	3989	4	2
291.731	3990	4	3
291.731	3991	2	1
291.804	3992	3	1
291.878	3993	2	2
291.951	3994	2	3
291.878	3995	1	2
291.951	3996	1	3
291.951	3997	4	1
291.951	3998	3	1
292.024	3999	2	1
292.097	4000	3	2
292.170	4001	3	3
292.097	4002	1	2
292.170	4003	1	3
292.170	4004	2	1
292.244	4005	3	2
292.317	4006	3	3
292.244	4007	4	2
292.317	4008	4	3
292.317	4009	2	1
292.390	4010	1	1
292.463	4011	3	2
292.536	4012	3	3
292.463	4013	2	2
292.536	4014	2	3
292.536	4015	4	1
292.536	4016	1	1
292.609	4017	3	1
292.683	4018	4	2
292.756	4019	4	3
292.683	4020	2	2
292.756	4021	2	3
292.756	4022	1	1
292.829	4023	3	2
292.975	4024	3	3
292.829	4025	4	2
292.975	4026	4	3
292.975	4027	1	1
292.975	4028	2	1
293.048	4029	3	1
293.122	4030	1	1
293.122	4031	2	1
293.195	4032	3	1
293.195	4033	4	1
293.268	4034	2	2
293.341	4035	2	3
293.268	4036	1	2
293.341	4037	1	3
293.341	4038	3	2
293.414	4039	3	3
293.341	4040	4	2
293.414	4041	4	3
293.414	4042	1	2
293.561	4043	1	3
293.414	4044	2	2
293.561	4045	2	3
293.561	4046	4	1
293.634	4047	3	1
293.634	4048	2	1
293.707	4049	4	1
293.707	4050	1	1
293.780	4051	2	1
293.853	4052	3	1
293.853	4053	4	1
293.926	4054	1	1
294.000	4055	3	1
294.000	4056	4	1
294.073	4057	4	1
294.073	4058	3	1
294.146	4059	1	1
294.146	4060	2	1
294.219	4061	2	1
294.219	4062	1	1
294.292	4063	3	1
294.292	4064	4	1
294.365	4065	2	1
294.439	4066	3	1
294.512	4067	4	1
294.585	4068	1	1
294.658	4069	3	1
294.731	4070	2	1
294.731	4071	4	1
294.804	4072	1	1
294.878	4073	3	1
294.878	4074	4	1
294.878	4075	2	1
294.951	4076	1	1
295.024	4077	3	1
295.170	4078	1	1
295.170	4079	2	1
295.244	4080	3	1
295.317	4081	4	1
295.390	4082	1	1
295.463	4083	4	1
295.463	4084	3	1
295.463	4085	2	1
295.536	4086	1	1
295.609	4087	2	1
295.683	4088	3	1
295.756	4089	4	1
295.829	4090	2	1
295.902	4091	3	1
295.902	4092	1	1
295.975	4093	4	1
296.048	4094	2	1
296.048	4095	1	1
296.048	4096	3	1
296.122	4097	4	1
296.195	4098	2	1
296.268	4099	1	1
296.341	4100	3	1
296.341	4101	2	1
296.414	4102	4	1
296.487	4103	3	1
296.561	4104	1	1
296.634	4105	4	1
296.634	4106	3	1
296.634	4107	2	1
296.707	4108	1	1
296.780	4109	2	1
296.853	4110	3	1
296.926	4111	4	1
297.000	4112	2	1
297.073	4113	1	1
297.073	4114	3	1
297.146	4115	4	1
297.219	4116	2	1
297.219	4117	3	1
297.219	4118	1	1
297.292	4119	4	1
297.365	4120	3	1
297.439	4121	2	1
297.512	4122	1	1
297.512	4123	4	1
297.585	4124	3	1
297.658	4125	2	1
297.731	4126	1	1
297.804	4127	2	1
297.804	4128	3	1
297.804	4129	4	1
297.878	4130	1	1
297.951	4131	4	1
298.024	4132	3	1
298.097	4133	1	1
298.146	4134	4	1
298.195	4135	3	1
298.244	4136	2	1
298.244	4137	4	1
298.292	4138	1	1
298.341	4139	4	1
298.390	4140	2	1
298.390	4141	1	2
298.683	4142	1	3
298.390	4143	3	1
298.683	4144	4	1
298.683	4145	3	1
298.731	4146	2	1
298.780	4147	1	1
298.829	4148	4	1
298.878	4149	3	1
298.926	4150	2	1
298.975	4151	3	1
298.975	4152	1	1
298.975	4153	4	1
299.048	4154	2	1
299.122	4155	1	1
299.195	4156	2	1
299.268	4157	4	2
299.341	4158	4	3
299.268	4159	3	2
299.341	4160	3	3
299.341	4161	1	1
299.414	4162	3	1
299.487	4163	1	2
299.561	4164	1	3
299.487	4165	2	2
299.561	4166	2	3
299.561	4167	3	1
299.561	4168	4	1
299.634	4169	1	1
299.707	4170	3	2
299.780	4171	3	3
299.707	4172	2	2
299.780	4173	2	3
299.780	4174	4	1
299.853	4175	3	2
299.926	4176	3	3
299.853	4177	1	2
299.926	4178	1	3
300.000	4179	2	1
300.073	4180	4	2
300.146	4181	4	3
300.073	4182	3	2
300.146	4183	3	3
300.146	4184	1	1
300.146	4185	2	1
300.219	4186	4	1
300.292	4187	2	2
300.365	4188	2	3
300.292	4189	3	2
300.365	4190	3	3
300.365	4191	4	1
300.439	4192	2	2
300.512	4193	2	3
300.439	4194	1	2
300.512	4195	1	3
300.512	4196	3	1
300.585	4197	4	1
300.658	4198	1	2
300.731	4199	1	3
300.658	4200	3	2
300.731	4201	3	3
300.731	4202	2	1
300.731	4203	4	1
300.804	4204	3	1
300.878	4205	4	2
300.951	4206	4	3
300.878	4207	2	2
300.951	4208	2	3
300.951	4209	1	1
301.024	4210	4	2
301.463	4211	4	3
301.024	4212	3	2
301.317	4213	3	3
301.024	4214	2	1
301.463	4215	1	1
301.463	4216	2	1
301.536	4217	4	1
301.536	4218	3	1
301.609	4219	2	1
301.609	4220	1	1
301.683	4221	4	1
301.683	4222	3	1
301.756	4223	1	1
301.756	4224	2	1
301.829	4225	3	1
301.829	4226	4	1
301.902	4227	1	1
301.902	4228	2	1
301.975	4229	4	1
301.975	4230	3	1
302.048	4231	2	1
302.048	4232	1	1
302.122	4233	3	1
302.122	4234	4	1
302.195	4235	1	1
302.231	4236	2	1
302.268	4237	3	1
302.304	4238	4	1
302.341	4239	2	1
302.341	4240	1	1
302.414	4241	4	1
302.414	4242	3	1
302.487	4243	2	1
302.487	4244	1	1
302.561	4245	4	1
302.561	4246	3	1
302.634	4247	2	1
302.634	4248	1	1
302.707	4249	3	1
302.707	4250	4	1
302.780	4251	1	1
302.817	4252	2	1
302.853	4253	3	1
302.890	4254	4	1
302.926	4255	2	1
302.926	4256	1	1
303.000	4257	3	1
303.000	4258	4	1
303.073	4259	2	1
303.073	4260	1	1
303.146	4261	4	1
303.146	4262	3	1
303.219	4263	1	1
303.219	4264	2	1
303.292	4265	4	1
303.292	4266	3	1
303.365	4267	2	1
303.365	4268	1	1
303.512	4269	4	1
303.658	4270	2	1
303.658	4271	4	1
303.658	4272	3	1
303.707	4273	1	1
303.756	4274	2	1
303.804	4275	3	1
303.878	4276	4	1
303.951	4277	1	1
303.951	4278	2	1
304.048	4279	3	1
304.146	4280	2	1
304.244	4281	1	1
304.244	4282	4	1
304.244	4283	3	1
304.341	4284	2	1
304.439	4285	3	1
304.536	4286	4	1
304.536	4287	1	1
304.683	4288	2	1
304.829	4289	1	1
304.829	4290	3	1
304.829	4291	2	1
304.975	4292	4	1
305.122	4293	3	1
305.122	4294	1	1
305.158	4295	2	1
305.195	4296	4	1
305.231	4297	3	1
305.268	4298	1	1
305.304	4299	4	1
305.341	4300	2	1
305.378	4301	3	1
305.414	4302	4	1
305.414	4303	1	1
305.451	4304	2	1
305.487	4305	3	1
305.561	4306	4	1
305.597	4307	1	1
305.634	4308	2	1
305.707	4309	4	1
305.707	4310	3	1
305.853	4311	1	1
306.000	4312	1	1
306.000	4313	4	1
306.000	4314	3	1
306.073	4315	2	1
306.146	4316	3	1
306.219	4317	4	1
306.292	4318	2	1
306.292	4319	1	1
306.365	4320	3	1
306.439	4321	2	1
306.512	4322	4	1
306.585	4323	3	1
306.585	4324	2	1
306.585	4325	1	1
306.658	4326	4	1
306.731	4327	1	1
306.804	4328	3	1
306.878	4329	4	1
306.878	4330	2	1
307.024	4331	1	1
307.170	4332	3	1
307.170	4333	2	1
307.170	4334	1	1
307.317	4335	4	1
307.317	4336	2	1
307.463	4337	3	1
307.463	4338	4	1
307.536	4339	2	1
307.609	4340	1	1
307.683	4341	3	1
307.756	4342	2	1
307.756	4343	1	1
307.756	4344	4	1
307.902	4345	2	1
307.975	4346	3	1
308.048	4347	4	1
308.048	4348	1	1
308.195	4349	2	1
308.341	4350	1	1
308.341	4351	4	1
308.341	4352	3	1
308.487	4353	2	1
308.561	4354	3	1
308.634	4355	1	1
308.634	4356	2	1
308.780	4357	3	1
308.853	4358	4	1
308.926	4359	2	1
308.926	4360	1	1
308.963	4361	4	1
309.000	4362	3	1
309.036	4363	2	1
309.073	4364	1	1
309.109	4365	3	1
309.146	4366	4	1
309.183	4367	2	1
309.219	4368	3	1
309.219	4369	1	1
309.365	4370	4	1
309.439	4371	2	1
309.512	4372	4	1
309.512	4373	3	1
309.512	4374	1	1
309.658	4375	1	1
309.804	4376	4	1
309.804	4377	2	1
309.951	4378	1	1
310.024	4379	3	1
310.097	4380	4	1
310.097	4381	1	1
310.134	4382	2	1
310.170	4383	3	1
310.207	4384	4	1
310.244	4385	2	1
310.390	4386	4	1
310.390	4387	3	1
310.536	4388	2	1
310.683	4389	3	1
310.683	4390	1	1
310.683	4391	4	1
310.829	4392	1	1
310.865	4393	2	1
310.902	4394	3	1
310.975	4395	2	1
310.975	4396	4	1
311.048	4397	1	1
311.122	4398	4	1
311.195	4399	3	1
311.268	4400	1	1
311.268	4401	4	1
311.304	4402	2	1
311.341	4403	3	1
311.378	4404	4	1
311.414	4405	1	1
311.451	4406	2	1
311.487	4407	3	1
311.524	4408	4	1
311.561	4409	2	1
311.561	4410	1	1
311.707	4411	2	1
311.780	4412	3	1
311.780	4413	4	1
311.853	4414	2	1
311.853	4415	1	1
312.000	4416	1	1
312.000	4417	2	1
312.146	4418	3	1
312.146	4419	4	2
312.439	4420	4	3
312.292	4421	2	1
312.439	4422	1	1
312.439	4423	3	1
312.585	4424	2	1
312.658	4425	3	1
312.731	4426	4	1
312.731	4427	1	1
312.731	4428	2	1
312.804	4429	3	1
312.878	4430	1	1
312.951	4431	2	1
313.024	4432	3	1
313.024	4433	4	1
313.170	4434	2	1
313.244	4435	3	1
313.317	4436	1	1
313.317	4437	4	1
313.463	4438	3	1
313.536	4439	1	1
313.609	4440	4	1
313.609	4441	2	1
313.683	4442	3	1
313.756	4443	2	1
313.829	4444	1	1
313.902	4445	4	1
313.902	4446	3	1
313.975	4447	2	1
314.048	4448	3	1
314.122	4449	4	1
314.195	4450	2	1
314.195	4451	1	1
314.268	4452	3	1
314.341	4453	2	1
314.414	4454	1	1
314.487	4455	4	1
314.487	4456	3	2
314.780	4457	3	3
314.780	4458	4	1
314.780	4459	1	1
314.926	4460	3	1
315.000	4461	2	1
315.073	4462	4	1
315.073	4463	1	1
315.146	4464	3	1
315.219	4465	1	1
315.292	4466	2	1
315.365	4467	3	1
315.365	4468	4	1
315.439	4469	1	1
315.512	4470	2	1
315.585	4471	3	1
315.658	4472	1	1
315.658	4473	4	1
315.731	4474	2	1
315.804	4475	3	1
315.878	4476	1	1
315.951	4477	2	1
315.951	4478	4	1
316.024	4479	3	1
316.097	4480	2	1
316.170	4481	1	1
316.244	4482	4	1
316.244	4483	3	1
316.439	4484	2	1
316.439	4485	1	1
316.536	4486	3	1
316.536	4487	4	1
316.634	4488	2	1
316.634	4489	1	1
316.829	4490	3	1
316.829	4491	4	1
317.024	4492	2	1
317.024	4493	3	1
317.122	4494	1	1
317.122	4495	4	1
317.219	4496	3	1
317.219	4497	2	1
317.414	4498	1	1
317.414	4499	4	1
317.487	4500	2	1
317.487	4501	3	1
317.561	4502	4	1
317.561	4503	1	1
317.707	4504	2	1
317.853	4505	4	1
317.853	4506	3	1
317.926	4507	1	1
317.926	4508	2	1
318.000	4509	3	1
318.000	4510	4	1
318.146	4511	2	1
318.292	4512	1	1
318.292	4513	4	1
318.439	4514	3	1
318.439	4515	1	1
318.512	4516	4	1
318.512	4517	2	1
318.585	4518	3	1
318.585	4519	1	1
318.731	4520	2	1
318.731	4521	1	1
318.951	4522	2	1
319.024	4523	4	1
319.170	4524	1	1
319.170	4525	4	1
319.390	4526	1	1
319.390	4527	2	1
319.609	4528	4	1
319.609	4529	3	1
319.756	4530	1	1
319.756	4531	2	1
319.902	4532	4	1
319.902	4533	3	1
319.975	4534	2	1
319.975	4535	1	1
320.122	4536	1	1
320.122	4537	3	1
320.195	4538	2	1
320.195	4539	4	1
320.341	4540	3	1
320.341	4541	2	1
320.487	4542	4	1
320.487	4543	1	1
320.561	4544	3	1
320.561	4545	2	1
320.707	4546	4	1
320.707	4547	3	1
320.780	4548	2	1
320.780	4549	1	1
320.926	4550	3	1
321.000	4551	2	1
321.073	4552	4	1
321.146	4553	1	1
321.219	4554	3	1
321.292	4555	2	1
321.365	4556	3	1
321.439	4557	4	1
321.512	4558	1	1
321.585	4559	2	1
321.658	4560	4	1
321.658	4561	3	1
321.731	4562	1	1
321.731	4563	2	1
321.804	4564	4	1
321.951	4565	3	1
322.097	4566	1	2
322.390	4567	1	3
322.097	4568	4	1
322.097	4569	2	2
322.390	4570	2	3
322.244	4571	3	2
322.390	4572	3	3
322.390	4573	4	1
322.463	4574	1	1
322.536	4575	4	1
322.609	4576	2	1
322.683	4577	3	1
322.683	4578	4	1
322.756	4579	1	1
322.829	4580	4	1
322.902	4581	2	1
322.975	4582	3	1
322.975	4583	1	1
322.975	4584	4	1
323.048	4585	2	1
323.122	4586	4	1
323.158	4587	3	1
323.195	4588	2	1
323.231	4589	1	1
323.268	4590	3	1
323.268	4591	4	1
323.317	4592	2	1
323.365	4593	1	1
323.414	4594	4	2
323.561	4595	4	3
323.414	4596	3	2
323.561	4597	3	3
323.561	4598	1	1
323.561	4599	2	1
323.707	4600	2	1
323.853	4601	4	1
323.853	4602	1	1
324.000	4603	3	1
324.146	4604	1	1
324.146	4605	4	1
324.146	4606	2	1
324.292	4607	2	1
324.439	4608	4	2
324.658	4609	4	3
324.439	4610	1	2
324.658	4611	1	3
324.658	4612	2	1
324.731	4613	4	1
324.731	4614	1	1
324.731	4615	3	1
324.804	4616	2	1
324.878	4617	4	1
324.951	4618	2	1
325.024	4619	4	1
325.024	4620	3	1
325.097	4621	1	1
325.170	4622	4	1
325.244	4623	2	1
325.317	4624	3	1
325.317	4625	4	1
325.317	4626	1	1
325.390	4627	2	1
325.463	4628	4	1
325.500	4629	3	1
325.536	4630	2	1
325.573	4631	1	1
325.609	4632	3	1
325.609	4633	4	1
325.756	4634	2	1
325.902	4635	4	1
325.902	4636	1	1
325.902	4637	3	1
326.048	4638	1	1
326.195	4639	4	2
326.341	4640	4	3
326.341	4641	2	1
326.341	4642	3	1
326.487	4643	4	2
326.780	4644	4	3
326.487	4645	1	1
326.487	4646	2	1
326.780	4647	2	2
327.073	4648	2	3
326.780	4649	3	1
326.780	4650	1	2
327.073	4651	1	3
326.926	4652	3	2
327.073	4653	3	3
327.073	4654	4	1
327.146	4655	1	1
327.219	4656	4	1
327.292	4657	2	1
327.365	4658	3	1
327.365	4659	4	1
327.439	4660	1	1
327.512	4661	4	1
327.585	4662	2	1
327.658	4663	4	1
327.658	4664	1	1
327.658	4665	3	1
327.731	4666	2	1
327.804	4667	4	1
327.841	4668	3	1
327.878	4669	2	1
327.914	4670	1	1
327.951	4671	3	1
327.951	4672	4	1
328.000	4673	2	1
328.048	4674	1	1
328.097	4675	3	2
328.244	4676	3	3
328.097	4677	4	2
328.244	4678	4	3
328.244	4679	2	1
328.244	4680	1	1
328.390	4681	2	1
328.536	4682	1	1
328.536	4683	4	1
328.683	4684	3	1
328.829	4685	1	1
328.829	4686	2	1
328.829	4687	4	1
328.975	4688	2	1
329.122	4689	4	2
329.268	4690	4	3
329.122	4691	1	2
329.268	4692	1	3
329.414	4693	4	1
329.414	4694	3	1
329.451	4695	1	1
329.487	4696	2	1
329.524	4697	3	1
329.561	4698	4	1
329.597	4699	1	1
329.634	4700	2	1
329.707	4701	4	1
329.707	4702	3	1
329.744	4703	1	1
329.780	4704	2	1
329.817	4705	3	1
329.853	4706	4	1
329.890	4707	1	1
329.926	4708	2	1
330.000	4709	3	1
330.000	4710	1	1
330.000	4711	4	2
330.073	4712	4	3
330.146	4713	4	2
330.219	4714	4	3
330.292	4715	1	2
330.512	4716	1	3
330.292	4717	3	1
330.292	4718	2	2
330.512	4719	2	3
330.512	4720	3	1
330.512	4721	4	1
330.585	4722	2	1
330.585	4723	1	1
330.658	4724	3	1
330.731	4725	1	1
330.731	4726	4	1
330.731	4727	2	1
330.878	4728	2	1
330.951	4729	3	1
330.951	4730	4	1
330.951	4731	1	1
331.097	4732	4	1
331.170	4733	1	1
331.170	4734	2	1
331.170	4735	3	1
331.463	4736	2	2
331.756	4737	2	3
331.463	4738	4	1
331.463	4739	1	2
331.756	4740	1	3
331.609	4741	3	2
331.756	4742	3	3
331.756	4743	4	1
331.829	4744	1	1
331.902	4745	4	1
331.975	4746	2	1
332.048	4747	3	1
332.122	4748	1	1
332.195	4749	4	1
332.268	4750	2	1
332.341	4751	3	1
332.414	4752	1	1
332.487	4753	4	1
332.487	4754	3	1
332.561	4755	1	1
332.561	4756	2	1
332.634	4757	4	1
332.634	4758	3	1
332.707	4759	2	1
332.780	4760	4	2
332.926	4761	4	3
332.780	4762	3	2
332.926	4763	3	3
332.926	4764	1	1
332.926	4765	2	1
333.073	4766	2	1
333.146	4767	3	1
333.219	4768	1	1
333.219	4769	4	1
333.365	4770	3	1
333.512	4771	4	1
333.512	4772	1	1
333.512	4773	2	1
333.658	4774	2	1
333.804	4775	1	2
334.024	4776	1	3
333.804	4777	4	2
334.024	4778	4	3
334.024	4779	2	1
334.097	4780	3	1
334.097	4781	1	1
334.097	4782	4	1
334.170	4783	2	1
334.244	4784	4	1
334.317	4785	2	1
334.390	4786	4	1
334.390	4787	3	1
334.463	4788	1	1
334.536	4789	4	1
334.609	4790	2	1
334.683	4791	4	1
334.683	4792	1	1
334.683	4793	3	1
334.756	4794	2	1
334.829	4795	4	1
334.865	4796	3	1
334.902	4797	2	1
334.939	4798	1	1
334.975	4799	3	1
334.975	4800	4	1
335.122	4801	2	1
335.268	4802	4	1
335.414	4803	1	1
335.561	4804	4	2
335.707	4805	4	3
335.561	4806	3	1
335.561	4807	2	1
335.707	4808	3	1
335.707	4809	2	1
335.853	4810	4	2
336.146	4811	4	3
335.853	4812	1	1
336.146	4813	3	2
336.292	4814	3	3
336.146	4815	1	2
336.292	4816	1	3
336.146	4817	2	2
336.292	4818	2	3
336.365	4819	2	2
336.512	4820	2	3
336.365	4821	3	2
336.512	4822	3	3
336.365	4823	1	2
336.512	4824	1	3
336.365	4825	4	1
336.585	4826	1	2
336.731	4827	1	3
336.585	4828	4	1
336.585	4829	2	2
336.731	4830	2	3
336.585	4831	3	2
336.731	4832	3	3
336.804	4833	4	1
336.804	4834	2	2
336.951	4835	2	3
336.804	4836	3	2
336.951	4837	3	3
336.804	4838	1	2
336.951	4839	1	3
337.024	4840	2	1
337.024	4841	3	1
337.097	4842	4	1
337.170	4843	1	1
337.317	4844	1	1
337.317	4845	4	2
337.463	4846	4	3
337.317	4847	2	2
337.463	4848	2	3
337.317	4849	3	2
337.463	4850	3	3
337.536	4851	1	1
337.536	4852	3	2
337.683	4853	3	3
337.536	4854	4	2
337.683	4855	4	3
337.536	4856	2	2
337.683	4857	2	3
337.756	4858	4	2
337.902	4859	4	3
337.756	4860	1	1
337.756	4861	3	2
337.902	4862	3	3
337.756	4863	2	2
337.902	4864	2	3
337.975	4865	4	2
338.122	4866	4	3
337.975	4867	2	2
338.122	4868	2	3
337.975	4869	3	2
338.122	4870	3	3
337.975	4871	1	1
338.195	4872	1	1
338.195	4873	4	1
338.268	4874	3	1
338.341	4875	2	1
338.414	4876	1	1
338.487	4877	4	1
338.487	4878	3	1
338.634	4879	2	1
338.634	4880	3	1
338.707	4881	1	1
338.780	4882	3	1
338.780	4883	4	1
338.853	4884	2	1
338.926	4885	4	1
338.926	4886	1	1
339.000	4887	3	1
339.000	4888	2	1
339.073	4889	4	1
339.146	4890	3	1
339.146	4891	1	1
339.219	4892	4	1
339.219	4893	2	1
339.292	4894	1	1
339.365	4895	3	1
339.365	4896	4	1
339.439	4897	2	1
339.512	4898	4	1
339.548	4899	3	1
339.585	4900	2	1
339.622	4901	1	1
339.658	4902	4	1
339.658	4903	3	1
340.097	4904	2	1
340.170	4905	1	1
340.244	4906	4	1
340.317	4907	3	1
340.390	4908	2	1
340.536	4909	1	1
340.609	4910	2	1
340.683	4911	3	1
340.756	4912	4	1
340.829	4913	2	2
340.971	4914	2	3
340.829	4915	1	2
340.971	4916	1	3
340.829	4917	3	2
340.971	4918	3	3
341.971	4919	3	1
341.971	4920	4	1
342.829	4921	3	1
342.829	4922	4	1
343.400	4923	3	1
343.400	4924	4	1
344.971	4925	4	2
345.114	4926	4	3
344.971	4927	1	2
345.114	4928	1	3
344.971	4929	3	2
345.114	4930	3	3
345.400	4931	3	2
345.468	4932	3	3
345.400	4933	2	2
345.468	4934	2	3
345.400	4935	4	2
345.468	4936	4	3
345.536	4937	3	2
345.672	4938	3	3
345.536	4939	2	2
345.672	4940	2	3
345.536	4941	1	2
345.672	4942	1	3
346.490	4943	2	1
346.490	4944	1	1
347.309	4945	2	1
347.309	4946	1	1
347.581	4947	1	2
347.650	4948	1	3
347.581	4949	4	2
347.650	4950	4	3
347.581	4951	3	2
347.650	4952	3	3
347.854	4953	2	2
347.990	4954	2	3
347.854	4955	3	2
347.990	4956	3	3
347.854	4957	1	2
347.990	4958	1	3
348.263	4959	2	2
348.400	4960	2	3
348.263	4961	4	2
348.400	4962	4	3
348.263	4963	1	2
348.400	4964	1	3
348.672	4965	2	2
348.809	4966	2	3
348.672	4967	3	2
348.809	4968	3	3
348.672	4969	4	2
348.809	4970	4	3
349.081	4971	1	2
349.218	4972	1	3
349.081	4973	4	2
349.218	4974	4	3
349.081	4975	3	2
349.218	4976	3	3
349.490	4977	1	1
349.490	4978	2	1
349.559	4979	4	1
349.559	4980	3	1
349.627	4981	1	1
349.627	4982	2	1
349.695	4983	3	1
349.695	4984	4	1
349.763	4985	2	1
349.763	4986	1	1
349.958	4987	3	1
349.958	4988	2	1
350.154	4989	3	1
350.154	4990	4	1
350.349	4991	1	1
350.349	4992	4	1
350.415	4993	2	1
350.480	4994	3	1
350.545	4995	4	1
350.545	4996	1	1
350.676	4997	1	1
350.676	4998	2	1
350.741	4999	3	1
350.741	5000	4	1
350.806	5001	2	1
350.806	5002	1	1
351.002	5003	3	1
351.002	5004	2	1
351.197	5005	4	1
351.197	5006	3	1
351.393	5007	4	1
351.393	5008	1	1
351.589	5009	4	1
351.589	5010	3	1
351.719	5011	1	1
351.719	5012	2	1
351.784	5013	3	1
351.784	5014	4	1
351.849	5015	2	1
351.849	5016	1	1
351.915	5017	4	1
351.980	5018	3	1
352.045	5019	4	1
352.045	5020	2	1
352.110	5021	1	1
352.176	5022	3	1
352.241	5023	2	1
352.241	5024	1	1
352.306	5025	4	1
352.371	5026	3	1
352.436	5027	2	1
352.436	5028	1	1
352.502	5029	3	1
352.567	5030	4	1
352.632	5031	2	1
352.632	5032	1	1
352.697	5033	3	1
352.763	5034	1	1
352.763	5035	4	1
352.828	5036	2	1
352.893	5037	3	1
352.958	5038	1	1
353.023	5039	4	1
353.089	5040	2	1
353.154	5041	3	1
353.219	5042	4	1
353.284	5043	1	1
353.349	5044	2	1
353.415	5045	3	1
353.480	5046	4	1
353.545	5047	1	1
353.545	5048	2	1
353.610	5049	3	1
353.676	5050	4	1
353.676	5051	1	1
353.741	5052	2	1
353.806	5053	3	1
353.871	5054	4	1
353.936	5055	2	1
353.936	5056	1	1
354.002	5057	4	1
354.002	5058	3	1
354.067	5059	1	1
354.067	5060	2	1
354.132	5061	4	1
354.132	5062	3	1
354.197	5063	2	1
354.197	5064	1	1
354.263	5065	3	1
354.263	5066	4	1
354.328	5067	1	1
354.328	5068	2	1
354.393	5069	3	1
354.393	5070	4	1
354.458	5071	1	1
354.458	5072	2	1
354.523	5073	4	1
354.523	5074	3	1
354.589	5075	2	1
354.589	5076	1	1
354.654	5077	4	1
354.654	5078	3	1
354.719	5079	1	1
354.719	5080	2	1
354.784	5081	3	1
354.784	5082	4	1
354.849	5083	2	1
354.849	5084	1	1
354.915	5085	3	1
354.915	5086	4	1
354.980	5087	2	1
354.980	5088	1	1
355.045	5089	3	1
355.045	5090	4	1
355.110	5091	2	1
355.110	5092	1	1
355.176	5093	3	1
355.176	5094	4	1
355.241	5095	2	1
355.241	5096	1	1
355.306	5097	4	1
355.306	5098	3	1
355.371	5099	2	1
355.371	5100	1	1
355.436	5101	4	1
355.436	5102	3	1
355.502	5103	2	1
355.502	5104	1	1
355.567	5105	4	1
355.567	5106	3	1
355.632	5107	2	1
355.632	5108	1	1
355.697	5109	4	1
355.697	5110	3	1
355.763	5111	1	1
355.763	5112	2	1
355.828	5113	4	1
355.828	5114	3	1
355.893	5115	2	1
355.893	5116	1	1
355.958	5117	3	1
355.958	5118	4	1
356.023	5119	2	1
356.219	5120	2	1
356.349	5121	3	1
356.415	5122	2	1
356.610	5123	2	1
356.741	5124	3	1
356.806	5125	2	1
357.002	5126	2	1
357.132	5127	3	1
357.197	5128	2	1
357.393	5129	2	1
357.589	5130	1	2
357.719	5131	1	3
357.719	5132	2	2
357.784	5133	2	3
357.784	5134	3	2
357.849	5135	3	3
357.849	5136	4	2
358.110	5137	4	3
357.849	5138	1	1
358.110	5139	1	1
358.110	5140	2	1
358.241	5141	3	1
358.241	5142	1	1
358.371	5143	1	1
358.371	5144	2	1
358.502	5145	1	1
358.502	5146	3	1
358.632	5147	1	1
358.632	5148	2	1
358.763	5149	3	1
358.763	5150	1	1
358.893	5151	2	1
358.893	5152	1	1
359.023	5153	1	1
359.023	5154	3	1
359.089	5155	4	1
359.089	5156	2	1
359.154	5157	1	1
359.154	5158	3	1
359.284	5159	3	1
359.284	5160	2	1
359.415	5161	1	1
359.415	5162	3	1
359.545	5163	3	1
359.545	5164	2	1
359.676	5165	1	1
359.676	5166	3	1
359.806	5167	2	1
359.806	5168	3	1
359.936	5169	4	1
359.936	5170	1	1
360.002	5171	2	1
360.002	5172	3	1
360.067	5173	4	1
360.067	5174	1	1
360.132	5175	3	1
360.132	5176	2	1
360.197	5177	4	1
360.197	5178	1	1
360.328	5179	2	1
360.328	5180	4	1
360.458	5181	4	1
360.458	5182	1	1
360.589	5183	4	1
360.589	5184	2	1
360.719	5185	1	1
360.719	5186	4	1
360.849	5187	4	1
360.849	5188	2	1
360.980	5189	1	1
360.980	5190	4	1
361.110	5191	2	1
361.110	5192	4	1
361.176	5193	1	1
361.176	5194	3	1
361.241	5195	4	1
361.241	5196	2	1
361.371	5197	4	1
361.404	5198	3	1
361.436	5199	2	1
361.469	5200	1	1
361.502	5201	3	1
361.502	5202	4	1
361.632	5203	1	1
361.665	5204	2	1
361.697	5205	3	1
361.730	5206	4	1
361.763	5207	1	1
361.763	5208	2	1
361.893	5209	3	1
361.893	5210	4	1
362.023	5211	1	1
362.023	5212	2	1
362.089	5213	1	1
362.089	5214	2	1
362.154	5215	3	1
362.154	5216	4	1
362.219	5217	4	1
362.219	5218	3	1
362.284	5219	1	1
362.284	5220	2	1
362.349	5221	4	1
362.349	5222	3	1
362.415	5223	1	1
362.415	5224	2	1
362.480	5225	3	1
362.480	5226	4	1
362.545	5227	2	1
362.545	5228	1	1
362.676	5229	3	1
362.676	5230	1	1
362.806	5231	2	1
362.806	5232	1	1
362.936	5233	1	1
362.936	5234	3	1
363.067	5235	1	1
363.067	5236	2	1
363.197	5237	1	1
363.197	5238	3	1
363.263	5239	4	1
363.263	5240	2	1
363.328	5241	3	1
363.328	5242	1	1
363.458	5243	1	1
363.458	5244	2	1
363.523	5245	4	1
363.523	5246	3	1
363.589	5247	1	1
363.589	5248	2	1
363.654	5249	4	1
363.654	5250	3	1
363.719	5251	2	1
363.719	5252	1	1
363.784	5253	4	1
363.784	5254	3	1
363.849	5255	2	1
363.849	5256	1	1
363.915	5257	3	1
363.915	5258	4	1
363.980	5259	2	1
363.980	5260	1	1
364.045	5261	3	1
364.045	5262	4	1
364.110	5263	2	1
364.110	5264	1	1
364.241	5265	3	1
364.371	5266	4	1
364.371	5267	1	1
364.502	5268	4	1
364.534	5269	3	1
364.567	5270	2	1
364.599	5271	1	1
364.632	5272	3	1
364.632	5273	4	1
364.697	5274	3	1
364.697	5275	4	1
364.763	5276	1	1
364.763	5277	2	1
364.828	5278	2	1
364.828	5279	1	1
364.893	5280	3	1
364.893	5281	4	1
364.958	5282	3	1
364.958	5283	4	1
365.023	5284	1	1
365.023	5285	2	1
365.089	5286	1	1
365.089	5287	2	1
365.154	5288	4	1
365.186	5289	3	1
365.219	5290	2	1
365.252	5291	1	1
365.284	5292	4	1
365.317	5293	3	1
365.349	5294	2	1
365.382	5295	1	1
365.415	5296	3	1
365.415	5297	4	1
365.545	5298	2	1
365.545	5299	4	1
365.676	5300	1	1
365.676	5301	3	1
365.806	5302	1	1
365.806	5303	2	1
365.936	5304	4	1
365.936	5305	1	1
366.067	5306	2	1
366.132	5307	3	1
366.197	5308	2	1
366.197	5309	1	1
366.263	5310	4	1
366.263	5311	3	1
366.328	5312	2	1
366.328	5313	1	1
366.393	5314	3	1
366.393	5315	4	1
366.458	5316	2	1
366.458	5317	1	1
366.589	5318	3	1
366.589	5319	1	1
366.719	5320	1	1
366.719	5321	2	1
366.849	5322	1	1
366.849	5323	3	1
366.980	5324	2	1
366.980	5325	1	1
367.110	5326	3	1
367.110	5327	1	1
367.241	5328	1	1
367.241	5329	2	1
367.371	5330	3	1
367.371	5331	1	1
367.436	5332	4	1
367.436	5333	2	1
367.502	5334	1	1
367.502	5335	3	1
367.632	5336	3	1
367.632	5337	2	1
367.763	5338	1	1
367.763	5339	3	1
367.893	5340	2	1
367.893	5341	3	1
368.023	5342	3	1
368.023	5343	1	1
368.154	5344	3	1
368.154	5345	2	1
368.284	5346	1	1
368.284	5347	4	1
368.349	5348	2	1
368.349	5349	3	1
368.415	5350	1	1
368.415	5351	4	1
368.480	5352	2	1
368.480	5353	3	1
368.545	5354	4	1
368.545	5355	1	1
368.676	5356	4	1
368.676	5357	2	1
368.806	5358	1	1
368.806	5359	4	1
368.936	5360	4	1
368.936	5361	2	1
369.067	5362	1	1
369.099	5363	2	1
369.132	5364	3	1
369.165	5365	4	1
369.197	5366	1	1
369.230	5367	2	1
369.263	5368	3	1
369.295	5369	4	1
369.328	5370	2	1
369.393	5371	3	1
369.458	5372	2	1
369.523	5373	3	1
369.589	5374	2	1
369.589	5375	1	1
369.676	5376	3	1
369.676	5377	4	1
369.763	5378	1	1
369.763	5379	2	1
369.849	5380	3	1
369.849	5381	4	1
369.936	5382	2	1
369.936	5383	1	1
370.023	5384	3	1
370.023	5385	4	1
370.110	5386	1	1
370.110	5387	2	1
370.197	5388	4	1
370.197	5389	3	1
370.284	5390	2	1
370.284	5391	1	1
370.371	5392	4	1
370.371	5393	1	1
370.404	5394	2	1
370.436	5395	3	1
370.469	5396	4	1
370.502	5397	1	1
370.534	5398	2	1
370.567	5399	3	1
370.599	5400	4	1
370.632	5401	2	1
370.632	5402	1	1
370.697	5403	4	1
370.697	5404	3	1
370.763	5405	2	1
370.763	5406	1	1
370.828	5407	4	1
370.828	5408	3	1
370.893	5409	2	2
371.154	5410	2	3
371.154	5411	4	1
371.154	5412	1	1
371.219	5413	2	1
371.219	5414	3	1
371.284	5415	1	1
371.284	5416	4	1
371.349	5417	3	1
371.349	5418	2	1
371.415	5419	1	1
371.415	5420	4	2
371.676	5421	4	3
371.545	5422	3	2
371.676	5423	3	3
371.676	5424	1	1
371.676	5425	2	1
371.741	5426	4	1
371.741	5427	3	1
371.806	5428	1	1
371.806	5429	2	1
371.871	5430	3	1
371.871	5431	4	1
371.936	5432	1	2
372.197	5433	1	3
372.197	5434	3	1
372.197	5435	4	1
372.263	5436	1	1
372.263	5437	2	1
372.328	5438	3	1
372.328	5439	4	1
372.393	5440	1	1
372.393	5441	2	1
372.458	5442	4	2
372.719	5443	4	3
372.719	5444	2	1
372.719	5445	1	1
372.849	5446	3	1
373.241	5447	1	1
373.241	5448	2	1
373.328	5449	4	1
373.328	5450	3	1
373.415	5451	1	1
373.415	5452	2	1
373.502	5453	4	1
373.502	5454	3	1
373.589	5455	2	1
373.589	5456	1	1
373.676	5457	4	1
373.676	5458	3	1
373.763	5459	1	1
373.763	5460	2	1
373.815	5461	4	1
373.867	5462	3	1
373.942	5463	2	1
373.991	5464	1	1
374.040	5465	4	1
374.121	5466	3	1
374.154	5467	2	1
374.219	5468	1	1
374.284	5469	4	1
374.349	5470	3	1
374.415	5471	2	1
374.480	5472	1	1
374.545	5473	3	2
374.806	5474	3	3
374.545	5475	4	2
374.806	5476	4	3
374.806	5477	1	1
374.806	5478	2	1
374.871	5479	4	1
374.936	5480	2	1
375.002	5481	3	1
375.067	5482	1	1
375.067	5483	4	1
375.067	5484	2	1
375.132	5485	3	1
375.197	5486	1	1
375.263	5487	4	1
375.328	5488	3	1
375.328	5489	1	1
375.328	5490	2	1
375.393	5491	4	1
375.458	5492	2	1
375.523	5493	1	1
375.589	5494	4	1
375.589	5495	3	1
375.589	5496	2	1
375.654	5497	1	1
375.719	5498	3	1
375.784	5499	4	1
375.849	5500	1	1
375.849	5501	2	1
375.849	5502	3	1
375.915	5503	4	1
375.980	5504	2	1
376.045	5505	1	1
376.110	5506	3	1
376.110	5507	4	1
376.110	5508	2	1
376.176	5509	1	1
376.241	5510	3	1
376.306	5511	2	1
376.371	5512	3	1
376.371	5513	1	1
376.371	5514	4	1
376.436	5515	2	1
376.502	5516	4	1
376.567	5517	3	1
376.632	5518	2	1
376.632	5519	1	1
376.632	5520	4	1
376.697	5521	3	1
376.763	5522	2	1
376.828	5523	1	1
376.893	5524	4	1
376.893	5525	3	1
376.958	5526	2	1
377.023	5527	1	1
377.023	5528	3	1
377.089	5529	4	1
377.154	5530	1	1
377.154	5531	2	1
377.219	5532	3	1
377.284	5533	4	1
377.284	5534	1	1
377.349	5535	2	1
377.415	5536	4	1
377.415	5537	3	1
377.480	5538	1	1
377.545	5539	3	1
377.545	5540	2	1
377.610	5541	4	1
377.676	5542	2	1
377.676	5543	1	1
377.741	5544	3	1
377.806	5545	1	1
377.806	5546	4	1
377.871	5547	2	1
377.871	5548	3	1
377.936	5549	1	1
377.936	5550	4	1
378.067	5551	3	1
378.067	5552	2	1
378.132	5553	4	1
378.197	5554	3	1
378.197	5555	1	1
378.263	5556	2	1
378.328	5557	3	1
378.328	5558	4	1
378.393	5559	1	1
378.458	5560	4	1
378.458	5561	2	1
378.523	5562	3	1
378.589	5563	2	1
378.589	5564	1	1
378.654	5565	4	1
378.719	5566	1	1
378.719	5567	2	1
378.784	5568	4	1
378.784	5569	3	1
378.849	5570	1	1
378.849	5571	2	1
378.915	5572	4	1
378.915	5573	3	1
378.980	5574	1	1
378.980	5575	2	1
379.045	5576	4	1
379.110	5577	2	1
379.176	5578	3	1
379.241	5579	2	1
379.241	5580	4	1
379.241	5581	1	1
379.306	5582	3	1
379.371	5583	1	1
379.436	5584	4	1
379.502	5585	1	1
379.502	5586	3	1
379.502	5587	2	1
379.567	5588	4	1
379.632	5589	2	1
379.697	5590	1	1
379.762	5591	4	1
379.762	5592	3	1
379.762	5593	2	1
379.828	5594	1	1
379.893	5595	3	1
379.958	5596	4	1
380.023	5597	3	1
380.023	5598	1	1
380.023	5599	2	1
380.089	5600	4	1
380.154	5601	2	1
380.219	5602	1	1
380.284	5603	3	1
380.284	5604	4	1
380.284	5605	2	1
380.349	5606	1	1
380.415	5607	3	1
380.480	5608	2	1
380.545	5609	3	1
380.545	5610	4	1
380.545	5611	1	1
380.610	5612	2	1
380.676	5613	4	1
380.741	5614	3	1
380.806	5615	2	1
380.806	5616	4	1
380.806	5617	1	1
380.871	5618	3	1
380.936	5619	2	1
381.002	5620	1	1
381.067	5621	4	1
381.067	5622	3	1
381.132	5623	2	1
381.197	5624	3	1
381.197	5625	1	1
381.262	5626	4	1
381.328	5627	1	1
381.328	5628	2	1
381.393	5629	3	1
381.458	5630	1	1
381.458	5631	4	1
381.523	5632	2	1
381.589	5633	4	1
381.589	5634	3	1
381.654	5635	1	1
381.719	5636	2	1
381.719	5637	3	1
381.784	5638	4	1
381.849	5639	2	1
381.849	5640	1	1
381.915	5641	3	1
381.980	5642	4	1
381.980	5643	1	1
382.045	5644	2	1
382.045	5645	3	1
382.110	5646	4	1
382.110	5647	1	1
382.241	5648	2	1
382.241	5649	3	1
382.306	5650	4	1
382.371	5651	3	1
382.371	5652	1	1
382.436	5653	2	1
382.502	5654	3	1
382.502	5655	4	1
382.567	5656	1	1
382.762	5657	4	1
382.762	5658	3	1
382.828	5659	4	1
382.828	5660	3	1
382.893	5661	1	1
382.958	5662	3	1
383.023	5663	2	1
383.089	5664	4	1
383.154	5665	2	1
383.154	5666	1	1
383.219	5667	4	1
383.284	5668	2	1
383.284	5669	3	1
383.349	5670	1	1
383.415	5671	3	1
383.415	5672	4	1
383.480	5673	1	1
383.545	5674	2	1
383.545	5675	4	1
383.610	5676	3	1
383.676	5677	1	1
383.676	5678	2	1
383.741	5679	3	1
383.806	5680	4	1
383.806	5681	1	1
383.871	5682	2	1
383.936	5683	4	1
383.936	5684	1	1
384.002	5685	3	1
384.067	5686	1	1
384.099	5687	2	1
384.132	5688	3	1
384.165	5689	4	1
384.197	5690	1	1
384.197	5691	2	1
384.262	5692	3	1
384.328	5693	1	1
384.328	5694	4	1
384.393	5695	2	1
384.458	5696	3	1
384.458	5697	4	1
384.523	5698	2	1
384.589	5699	1	1
384.589	5700	3	1
384.654	5701	4	1
384.719	5702	3	1
384.719	5703	2	1
384.784	5704	1	1
384.849	5705	4	1
384.849	5706	2	1
384.915	5707	3	1
384.980	5708	1	2
385.045	5709	1	3
384.980	5710	2	2
385.045	5711	2	3
385.110	5712	4	2
385.176	5713	4	3
385.110	5714	3	2
385.176	5715	3	3
385.241	5716	2	1
385.241	5717	1	1
385.306	5718	4	1
385.371	5719	3	1
385.371	5720	1	1
385.436	5721	2	1
385.502	5722	4	1
385.502	5723	3	1
385.567	5724	2	1
385.632	5725	1	1
385.632	5726	4	1
385.697	5727	3	1
385.762	5728	2	1
385.762	5729	4	1
385.828	5730	1	1
385.893	5731	2	1
385.893	5732	4	1
385.958	5733	3	1
386.023	5734	1	1
386.023	5735	2	1
386.089	5736	3	1
386.154	5737	1	1
386.186	5738	2	1
386.219	5739	3	1
386.252	5740	4	1
386.284	5741	2	2
386.349	5742	2	3
386.284	5743	1	2
386.349	5744	1	3
386.415	5745	4	1
386.415	5746	3	1
386.480	5747	1	1
386.480	5748	2	1
386.545	5749	3	2
386.610	5750	3	3
386.545	5751	4	2
386.610	5752	4	3
386.676	5753	2	1
386.676	5754	1	1
386.741	5755	3	1
386.741	5756	4	1
386.806	5757	2	2
386.871	5758	2	3
386.806	5759	1	2
386.871	5760	1	3
386.936	5761	4	1
386.936	5762	3	1
387.002	5763	1	1
387.002	5764	2	1
387.067	5765	4	1
387.099	5766	3	1
387.132	5767	2	1
387.165	5768	1	1
387.197	5769	4	1
387.230	5770	3	1
387.262	5771	2	1
387.295	5772	1	1
387.328	5773	4	1
387.393	5774	3	1
387.458	5775	2	1
387.523	5776	1	1
387.589	5777	4	1
387.621	5778	3	1
387.654	5779	2	1
387.686	5780	1	1
387.719	5781	4	1
387.752	5782	3	1
387.784	5783	2	1
387.817	5784	1	1
387.849	5785	4	1
387.915	5786	3	1
387.980	5787	2	1
388.045	5788	1	1
388.110	5789	4	1
388.143	5790	3	1
388.176	5791	2	1
388.208	5792	1	1
388.241	5793	4	1
388.273	5794	3	1
388.306	5795	2	1
388.339	5796	1	1
388.371	5797	4	1
388.436	5798	3	1
388.502	5799	2	1
388.567	5800	1	1
388.632	5801	4	1
388.665	5802	3	1
388.697	5803	2	1
388.730	5804	1	1
388.762	5805	4	1
388.795	5806	3	1
388.828	5807	2	1
388.860	5808	1	1
388.893	5809	4	1
388.926	5810	3	1
388.958	5811	2	1
388.991	5812	1	1
389.023	5813	4	1
389.089	5814	3	1
389.154	5815	2	1
389.219	5816	1	1
389.284	5817	3	2
389.349	5818	3	3
389.284	5819	4	2
389.349	5820	4	3
389.415	5821	4	1
389.447	5822	3	1
389.480	5823	2	1
389.512	5824	1	1
389.545	5825	4	1
389.578	5826	3	1
389.610	5827	2	1
389.643	5828	1	1
389.676	5829	4	1
389.708	5830	3	1
389.741	5831	2	1
389.773	5832	1	1
389.806	5833	4	1
389.871	5834	3	1
389.936	5835	2	1
390.002	5836	1	1
390.067	5837	4	1
390.099	5838	3	1
390.132	5839	2	1
390.165	5840	1	1
390.197	5841	4	1
390.230	5842	3	1
390.262	5843	2	1
390.295	5844	1	1
390.328	5845	4	1
390.360	5846	3	1
390.393	5847	2	1
390.426	5848	1	1
390.458	5849	4	1
390.491	5850	3	1
390.523	5851	2	1
390.556	5852	1	1
390.589	5853	4	1
390.621	5854	3	1
390.654	5855	2	1
390.686	5856	1	1
390.719	5857	4	1
390.752	5858	3	1
390.784	5859	2	1
390.817	5860	1	1
390.849	5861	4	1
390.882	5862	3	1
390.915	5863	2	1
390.947	5864	1	1
390.980	5865	4	1
390.980	5866	3	1
391.067	5867	4	1
391.067	5868	3	1
391.154	5869	4	1
391.154	5870	3	1
391.241	5871	1	1
391.241	5872	2	1
391.328	5873	2	1
391.328	5874	1	1
391.415	5875	2	1
391.415	5876	1	1
391.502	5877	3	2
391.567	5878	3	3
391.502	5879	4	2
391.567	5880	4	3
391.502	5881	1	2
391.567	5882	1	3
391.632	5883	2	2
391.697	5884	2	3
391.632	5885	1	2
391.697	5886	1	3
391.632	5887	4	2
391.697	5888	4	3
391.762	5889	4	1
391.762	5890	3	1
391.828	5891	2	1
391.828	5892	1	1
391.893	5893	3	1
391.893	5894	4	1
391.958	5895	1	1
391.958	5896	2	1
392.023	5897	4	1
392.023	5898	3	1
392.154	5899	1	1
392.154	5900	2	1
392.219	5901	3	1
392.219	5902	4	1
392.284	5903	2	1
392.284	5904	1	1
392.349	5905	3	1
392.349	5906	4	1
392.415	5907	1	1
392.415	5908	2	1
392.545	5909	3	2
392.610	5910	3	3
392.545	5911	4	2
392.610	5912	4	3
392.545	5913	2	2
392.610	5914	2	3
392.676	5915	2	2
392.741	5916	2	3
392.676	5917	1	2
392.741	5918	1	3
392.676	5919	3	2
392.741	5920	3	3
392.806	5921	3	1
392.806	5922	4	1
392.871	5923	1	1
392.871	5924	2	1
392.936	5925	4	1
392.936	5926	3	1
393.002	5927	1	1
393.002	5928	2	1
393.067	5929	3	1
393.067	5930	4	1
393.197	5931	3	2
393.262	5932	3	3
393.197	5933	1	2
393.262	5934	1	3
393.197	5935	4	2
393.262	5936	4	3
393.328	5937	1	1
393.328	5938	2	1
393.393	5939	4	1
393.393	5940	3	1
393.458	5941	2	1
393.458	5942	1	1
393.523	5943	4	1
393.589	5944	1	2
393.654	5945	1	3
393.589	5946	3	2
393.654	5947	3	3
393.589	5948	2	2
393.654	5949	2	3
393.719	5950	4	2
393.784	5951	4	3
393.719	5952	3	2
393.784	5953	3	3
393.719	5954	2	2
393.784	5955	2	3
393.849	5956	4	1
393.849	5957	3	1
393.915	5958	1	1
393.915	5959	2	1
393.980	5960	3	1
393.980	5961	4	1
394.045	5962	2	1
394.045	5963	1	1
394.110	5964	3	1
394.110	5965	4	1
394.176	5966	2	1
394.241	5967	1	2
394.306	5968	1	3
394.241	5969	3	2
394.306	5970	3	3
394.241	5971	4	2
394.306	5972	4	3
394.371	5973	2	1
394.371	5974	1	1
394.436	5975	4	1
394.436	5976	3	1
394.502	5977	1	1
394.502	5978	2	1
394.567	5979	3	1
394.632	5980	4	2
394.697	5981	4	3
394.632	5982	2	2
394.697	5983	2	3
394.632	5984	1	2
394.697	5985	1	3
394.762	5986	3	1
394.762	5987	4	1
394.828	5988	2	1
394.828	5989	1	1
394.893	5990	3	1
394.893	5991	4	1
394.958	5992	2	1
395.023	5993	4	2
395.089	5994	4	3
395.023	5995	3	2
395.089	5996	3	3
395.023	5997	1	2
395.089	5998	1	3
395.154	5999	2	1
395.154	6000	1	1
395.219	6001	3	1
395.284	6002	4	2
395.349	6003	4	3
395.284	6004	2	2
395.349	6005	2	3
395.284	6006	1	2
395.349	6007	1	3
395.415	6008	2	1
395.480	6009	1	2
395.545	6010	1	3
395.480	6011	4	2
395.545	6012	4	3
395.480	6013	3	2
395.545	6014	3	3
395.610	6015	3	1
395.676	6016	4	2
395.741	6017	4	3
395.676	6018	2	2
395.741	6019	2	3
395.676	6020	1	2
395.741	6021	1	3
395.806	6022	1	2
402.980	6023	1	3
395.806	6024	2	2
401.936	6025	2	3
395.806	6026	3	2
397.502	6027	3	3
397.502	6028	4	2
402.980	6029	4	3