Song Name	Scattered Faith (Full Version) [EXTENDED CUT] (Hard) by Kurokotei [Anniversary]
Difficulty	39
Primary Color	Chill
Secondary Color	Rush
Audio Asset ID	rbxassetid://9159010191
Audio File	9159010191.ogg
Last Note Time	362.404
Total Notes	6503
Fever Fill	1818
Fever Time	54.360600
Long Notes	1046
BPM	226
Song Length	363.404000000

Timing Points
0.710	-43.103448
0.710	387.096774
25.484	387.096774
50.258	387.096774
50.645	387.096774
56.451	387.096774
56.839	387.096774
62.645	387.096774
63.032	387.096774
65.742	387.096774
66.129	387.096774
68.839	387.096774
69.226	387.096774
70.387	387.096774
70.774	387.096774
71.935	387.096774
76.586	387.096774
76.586	352.941176
77.994	352.941176
77.994	324.324324
79.291	324.324324
79.291	300.000000
80.491	300.000000
80.491	279.069767
81.617	279.069767
81.617	260.869565
82.660	260.869565
82.660	244.897959
83.639	244.897959
83.639	230.769231
84.558	230.769231
84.558	218.181818
85.434	218.181818
85.434	206.896552
86.261	206.896552
86.261	196.721311
87.047	196.721311
87.047	187.500000
87.797	187.500000
87.797	179.104478
88.513	179.104478
88.513	171.428571
89.198	171.428571
89.198	164.383562
89.855	164.383562
89.855	157.894737
90.486	157.894737
90.486	151.898734
91.093	151.898734
91.093	146.341463
91.678	146.341463
91.678	141.176471
92.242	141.176471
92.242	136.363636
92.787	136.363636
92.787	131.868132
93.314	131.868132
93.314	127.659574
93.824	127.659574
93.824	123.711340
94.318	123.711340
94.318	120.000000
94.798	120.000000
94.798	116.504854
98.526	116.504854
98.526	666.666667
103.859	666.666667
103.859	166.666667
146.525	166.666667
167.859	166.666667
167.859	387.096774
192.633	387.096774
192.633	352.941176
203.927	352.941176
203.927	342.857143
214.898	342.857143
214.898	333.333333
222.898	333.333333
228.231	333.333333
233.564	333.333333
233.564	666.666667
238.902	666.666667
238.902	166.666667
281.568	166.666667
281.568	157.894737
301.778	157.894737
301.778	315.789474
302.401	315.789474
302.401	315.789474
303.032	315.789474
303.032	315.789474
321.979	315.789474
342.194	315.789474
342.194	631.578947
352.299	631.578947


Song Data
0.710	1	4	2
1.290	2	4	3
0.710	3	3	1
0.710	4	2	2
0.806	5	2	3
0.903	6	1	1
1.097	7	3	1
1.290	8	2	2
1.580	9	2	3
1.484	10	4	1
1.677	11	3	1
1.871	12	1	2
1.968	13	1	3
2.064	14	2	1
2.258	15	3	2
2.548	16	3	3
2.451	17	1	1
2.645	18	4	1
2.839	19	2	1
3.032	20	3	2
3.322	21	3	3
3.226	22	1	1
3.419	23	2	2
3.709	24	2	3
3.613	25	3	2
3.806	26	3	3
3.806	27	4	2
3.903	28	4	3
4.000	29	1	1
4.193	30	2	1
4.387	31	4	2
4.677	32	4	3
4.580	33	2	1
4.774	34	3	1
4.968	35	1	2
5.258	36	1	3
5.161	37	2	2
5.355	38	2	3
5.355	39	4	2
5.451	40	4	3
5.548	41	1	1
5.742	42	3	2
6.226	43	3	3
5.935	44	2	2
6.129	45	2	3
6.129	46	4	2
6.613	47	4	3
6.322	48	3	1
6.516	49	1	2
6.903	50	1	3
6.709	51	2	2
6.903	52	2	3
6.903	53	3	2
7.000	54	3	3
7.097	55	2	1
7.290	56	4	1
7.484	57	3	2
7.774	58	3	3
7.677	59	2	1
7.871	60	4	1
8.064	61	1	2
8.161	62	1	3
8.258	63	2	1
8.451	64	4	2
8.742	65	4	3
8.645	66	2	1
8.839	67	1	1
9.032	68	2	2
9.129	69	2	3
9.226	70	4	2
9.516	71	4	3
9.419	72	1	1
9.613	73	2	2
9.903	74	2	3
9.806	75	3	2
10.000	76	3	3
10.000	77	1	2
10.097	78	1	3
10.193	79	4	1
10.387	80	2	2
10.677	81	2	3
10.580	82	3	1
10.774	83	4	2
11.161	84	4	3
10.968	85	1	1
11.161	86	2	2
11.451	87	2	3
11.355	88	1	1
11.548	89	3	2
11.839	90	3	3
11.742	91	4	1
11.935	92	2	2
12.419	93	2	3
12.129	94	3	1
12.322	95	1	2
12.806	96	1	3
12.516	97	2	1
12.709	98	4	2
13.097	99	4	3
12.903	100	3	2
13.097	101	3	3
13.097	102	2	2
13.193	103	2	3
13.290	104	4	1
13.484	105	3	1
13.677	106	2	2
13.968	107	2	3
13.871	108	4	1
14.064	109	3	1
14.258	110	1	2
14.355	111	1	3
14.451	112	2	1
14.645	113	3	2
14.935	114	3	3
14.839	115	1	1
15.032	116	4	1
15.226	117	2	2
15.322	118	2	3
15.419	119	3	2
15.709	120	3	3
15.613	121	1	1
15.806	122	2	2
16.097	123	2	3
16.000	124	3	2
16.193	125	3	3
16.193	126	4	2
16.290	127	4	3
16.387	128	1	1
16.580	129	2	1
16.774	130	4	2
17.064	131	4	3
16.968	132	2	1
17.161	133	3	1
17.355	134	1	2
17.645	135	1	3
17.548	136	2	2
17.742	137	2	3
17.742	138	4	2
17.839	139	4	3
17.935	140	1	1
18.129	141	3	2
18.613	142	3	3
18.322	143	2	2
18.516	144	2	3
18.516	145	4	2
19.000	146	4	3
18.709	147	3	1
18.903	148	1	2
19.290	149	1	3
19.097	150	2	2
19.290	151	2	3
19.290	152	3	2
19.387	153	3	3
19.484	154	2	1
19.677	155	4	1
19.871	156	3	2
20.161	157	3	3
20.064	158	2	1
20.258	159	4	1
20.451	160	1	2
20.548	161	1	3
20.645	162	2	1
20.839	163	4	2
21.129	164	4	3
21.032	165	2	1
21.226	166	1	1
21.419	167	2	2
21.516	168	2	3
21.613	169	4	2
21.903	170	4	3
21.806	171	1	1
22.000	172	2	2
22.290	173	2	3
22.193	174	3	2
22.387	175	3	3
22.387	176	1	2
22.484	177	1	3
22.580	178	4	1
22.774	179	2	2
23.064	180	2	3
22.968	181	1	1
23.161	182	4	2
23.548	183	4	3
23.355	184	2	1
23.548	185	3	2
23.839	186	3	3
23.742	187	4	1
23.935	188	1	2
24.419	189	1	3
23.935	190	2	2
24.226	191	2	3
24.129	192	3	1
24.322	193	2	2
24.613	194	2	3
24.516	195	1	1
24.709	196	4	2
25.193	197	4	3
24.709	198	3	2
25.000	199	3	3
24.903	200	2	2
25.387	201	2	3
25.097	202	3	2
25.387	203	3	3
25.290	204	4	1
25.484	205	2	2
25.871	206	2	3
25.484	207	3	2
25.774	208	3	3
25.484	209	1	1
25.871	210	4	2
26.161	211	4	3
25.871	212	3	2
26.064	213	3	3
26.258	214	2	1
26.258	215	3	2
26.355	216	3	3
26.258	217	1	2
26.451	218	1	3
26.645	219	2	1
26.645	220	3	2
26.935	221	3	3
26.839	222	4	1
26.839	223	2	2
27.032	224	2	3
27.032	225	4	2
27.322	226	4	3
27.032	227	3	2
27.226	228	3	3
27.226	229	2	2
27.419	230	2	3
27.226	231	1	1
27.419	232	3	2
27.613	233	3	3
27.419	234	1	2
27.516	235	1	3
27.613	236	2	2
27.709	237	2	3
27.806	238	3	1
27.806	239	4	1
27.806	240	1	2
27.903	241	1	3
28.193	242	3	1
28.193	243	2	2
28.484	244	2	3
28.387	245	3	2
28.580	246	3	3
28.580	247	1	2
28.871	248	1	3
28.580	249	2	2
28.774	250	2	3
28.774	251	3	2
28.968	252	3	3
28.968	253	2	2
29.161	254	2	3
28.968	255	4	2
29.064	256	4	3
29.161	257	1	2
29.258	258	1	3
29.355	259	4	2
29.645	260	4	3
29.355	261	1	2
29.451	262	1	3
29.355	263	3	1
29.548	264	1	2
29.645	265	1	3
29.742	266	1	2
29.935	267	1	3
29.742	268	4	2
29.839	269	4	3
29.935	270	3	2
30.129	271	3	3
29.935	272	4	2
30.032	273	4	3
30.129	274	2	1
30.129	275	1	1
30.322	276	4	1
30.322	277	2	1
30.516	278	3	1
30.516	279	1	1
30.903	280	2	2
31.677	281	2	3
30.903	282	1	2
31.193	283	1	3
30.903	284	4	1
31.290	285	4	2
31.580	286	4	3
31.290	287	1	2
31.677	288	1	3
31.677	289	3	2
31.968	290	3	3
31.677	291	4	2
32.064	292	4	3
32.064	293	3	2
32.258	294	3	3
32.064	295	2	2
32.355	296	2	3
32.451	297	1	2
32.645	298	1	3
32.451	299	3	1
32.451	300	4	2
32.548	301	4	3
32.839	302	4	2
33.129	303	4	3
32.839	304	3	2
33.226	305	3	3
33.032	306	1	1
33.032	307	2	1
33.226	308	4	1
33.226	309	2	2
33.516	310	2	3
33.419	311	1	1
33.419	312	3	2
33.613	313	3	3
33.613	314	1	2
33.903	315	1	3
33.613	316	2	1
33.806	317	4	2
34.000	318	4	3
34.000	319	1	1
34.000	320	2	2
34.290	321	2	3
34.000	322	3	2
34.097	323	3	3
34.193	324	4	2
34.290	325	4	3
34.387	326	2	1
34.387	327	4	2
34.484	328	4	3
34.580	329	3	2
34.871	330	3	3
34.580	331	1	2
34.774	332	1	3
34.774	333	4	1
34.774	334	2	1
34.968	335	3	2
35.161	336	3	3
35.161	337	1	1
35.161	338	2	1
35.355	339	2	2
35.548	340	2	3
35.548	341	1	1
35.548	342	4	1
35.548	343	3	1
35.742	344	2	2
35.839	345	2	3
35.935	346	3	1
35.935	347	1	1
36.129	348	2	1
36.129	349	4	1
36.322	350	3	1
36.322	351	2	1
36.516	352	4	1
36.516	353	1	1
36.709	354	2	1
36.709	355	1	1
37.097	356	2	2
37.871	357	2	3
37.097	358	1	2
37.387	359	1	3
37.097	360	4	1
37.484	361	4	2
37.774	362	4	3
37.484	363	1	2
37.871	364	1	3
37.871	365	3	2
38.161	366	3	3
37.871	367	4	2
38.258	368	4	3
38.258	369	3	2
38.548	370	3	3
38.258	371	2	2
38.451	372	2	3
38.645	373	2	1
38.645	374	1	2
38.839	375	1	3
38.645	376	4	2
38.742	377	4	3
39.032	378	3	2
39.322	379	3	3
39.032	380	2	2
39.419	381	2	3
39.226	382	1	1
39.226	383	4	1
39.419	384	3	2
39.709	385	3	3
39.419	386	4	2
39.806	387	4	3
39.613	388	2	1
39.613	389	1	1
39.806	390	2	2
39.903	391	2	3
39.806	392	3	1
40.000	393	4	2
40.097	394	4	3
40.000	395	1	2
40.193	396	1	3
40.193	397	3	1
40.193	398	4	1
40.193	399	2	1
40.387	400	4	2
40.484	401	4	3
40.580	402	3	2
40.871	403	3	3
40.580	404	1	1
40.774	405	2	2
40.968	406	2	3
40.968	407	4	2
41.161	408	4	3
40.968	409	3	2
41.258	410	3	3
41.161	411	1	2
41.355	412	1	3
41.355	413	4	1
41.355	414	2	2
41.548	415	2	3
41.548	416	1	2
41.645	417	1	3
41.548	418	3	2
41.839	419	3	3
41.742	420	1	1
41.742	421	4	1
41.742	422	2	2
41.935	423	2	3
41.935	424	3	2
42.129	425	3	3
42.129	426	2	1
42.129	427	1	2
42.226	428	1	3
42.322	429	4	1
42.322	430	1	2
42.516	431	1	3
42.516	432	4	2
42.613	433	4	3
42.516	434	3	1
42.709	435	2	2
42.806	436	2	3
42.709	437	3	1
42.903	438	1	1
42.903	439	4	2
43.193	440	4	3
43.097	441	3	2
43.290	442	3	3
43.290	443	4	2
43.580	444	4	3
43.290	445	2	1
43.290	446	1	1
43.484	447	2	2
43.677	448	2	3
43.677	449	4	1
43.677	450	3	1
43.871	451	2	2
44.161	452	2	3
44.064	453	1	1
44.064	454	3	2
44.355	455	3	3
44.451	456	2	2
44.742	457	2	3
44.451	458	4	1
44.645	459	3	2
44.839	460	3	3
44.839	461	2	1
44.839	462	1	1
44.839	463	4	1
45.226	464	3	1
45.226	465	2	2
45.516	466	2	3
45.419	467	1	1
45.419	468	3	2
45.613	469	3	3
45.613	470	1	2
45.903	471	1	3
45.613	472	2	2
45.806	473	2	3
45.806	474	3	2
45.903	475	3	3
45.806	476	4	1
46.000	477	2	2
46.193	478	2	3
46.000	479	4	2
46.097	480	4	3
46.193	481	3	2
46.290	482	3	3
46.387	483	2	2
46.484	484	2	3
46.387	485	4	1
46.387	486	1	1
46.774	487	1	1
46.774	488	3	2
46.871	489	3	3
46.968	490	3	1
47.161	491	4	2
47.451	492	4	3
47.161	493	2	2
47.548	494	2	3
47.548	495	3	1
47.548	496	4	2
47.645	497	4	3
47.742	498	2	2
48.032	499	2	3
47.742	500	3	2
48.129	501	3	3
47.935	502	1	1
47.935	503	4	1
48.129	504	2	2
48.226	505	2	3
48.322	506	3	2
48.709	507	3	3
48.322	508	1	2
48.613	509	1	3
48.516	510	2	1
48.516	511	4	1
48.709	512	2	2
48.806	513	2	3
48.709	514	1	2
48.903	515	1	3
48.903	516	4	1
48.903	517	3	1
49.097	518	1	2
49.193	519	1	3
49.097	520	3	1
49.484	521	1	2
49.580	522	1	3
49.484	523	4	2
49.677	524	4	3
49.677	525	1	1
49.677	526	2	1
49.871	527	4	1
49.871	528	3	1
49.968	529	4	1
49.968	530	3	1
50.064	531	4	1
50.064	532	3	1
50.161	533	4	1
50.161	534	3	1
50.258	535	2	2
50.451	536	2	3
50.258	537	4	2
50.645	538	4	3
50.258	539	1	2
50.645	540	1	3
51.032	541	4	2
51.419	542	4	3
51.032	543	2	2
51.226	544	2	3
51.032	545	1	2
51.419	546	1	3
51.419	547	3	2
51.709	548	3	3
51.613	549	2	2
51.806	550	2	3
51.806	551	1	2
52.193	552	1	3
51.806	553	3	2
52.000	554	3	3
51.806	555	4	2
52.193	556	4	3
52.580	557	1	2
52.968	558	1	3
52.580	559	3	2
52.774	560	3	3
52.580	561	4	2
52.968	562	4	3
52.968	563	2	2
53.258	564	2	3
53.161	565	3	2
53.355	566	3	3
53.355	567	2	2
53.742	568	2	3
53.355	569	1	2
53.742	570	1	3
53.355	571	4	2
53.548	572	4	3
53.742	573	3	2
53.839	574	3	3
53.935	575	3	2
54.129	576	3	3
54.129	577	2	2
54.516	578	2	3
54.129	579	1	2
54.516	580	1	3
54.129	581	4	2
54.322	582	4	3
54.516	583	4	2
54.613	584	4	3
54.709	585	2	2
54.806	586	2	3
54.903	587	4	2
55.290	588	4	3
54.903	589	1	2
55.097	590	1	3
54.903	591	3	2
55.290	592	3	3
55.677	593	3	2
56.064	594	3	3
55.677	595	1	2
55.871	596	1	3
55.677	597	2	2
56.064	598	2	3
56.064	599	4	2
56.161	600	4	3
56.451	601	3	2
56.645	602	3	3
56.451	603	4	2
56.839	604	4	3
56.451	605	1	2
56.839	606	1	3
57.226	607	4	2
57.613	608	4	3
57.226	609	2	2
57.419	610	2	3
57.226	611	1	2
57.613	612	1	3
57.613	613	3	2
57.709	614	3	3
58.000	615	2	2
58.387	616	2	3
58.000	617	3	2
58.193	618	3	3
58.000	619	4	2
58.387	620	4	3
58.193	621	1	2
58.290	622	1	3
58.387	623	3	2
58.677	624	3	3
58.580	625	2	2
58.774	626	2	3
58.774	627	3	2
59.064	628	3	3
58.774	629	4	2
59.161	630	4	3
58.774	631	1	2
58.968	632	1	3
58.968	633	2	2
59.064	634	2	3
59.161	635	2	2
59.258	636	2	3
59.355	637	3	2
59.548	638	3	3
59.548	639	2	2
59.935	640	2	3
59.548	641	1	2
59.935	642	1	3
59.548	643	4	2
59.742	644	4	3
59.935	645	3	1
60.129	646	3	2
60.226	647	3	3
60.322	648	2	2
60.709	649	2	3
60.322	650	1	2
60.709	651	1	3
60.322	652	4	2
60.516	653	4	3
61.097	654	1	2
61.290	655	1	3
61.097	656	4	2
61.484	657	4	3
61.097	658	3	2
61.484	659	3	3
61.871	660	2	2
62.258	661	2	3
61.871	662	3	2
62.258	663	3	3
61.871	664	1	2
62.064	665	1	3
62.258	666	4	2
62.355	667	4	3
62.645	668	2	2
62.839	669	2	3
62.645	670	4	2
63.032	671	4	3
62.645	672	1	2
63.032	673	1	3
63.419	674	4	2
63.806	675	4	3
63.419	676	2	2
63.613	677	2	3
63.419	678	1	2
63.806	679	1	3
63.806	680	2	2
63.903	681	2	3
64.193	682	1	2
64.580	683	1	3
64.193	684	3	2
64.387	685	3	3
64.193	686	4	2
64.580	687	4	3
64.580	688	3	2
64.677	689	3	3
64.774	690	2	2
64.968	691	2	3
64.968	692	3	2
65.355	693	3	3
64.968	694	4	2
65.355	695	4	3
64.968	696	1	2
65.161	697	1	3
65.355	698	1	2
65.645	699	1	3
65.548	700	2	2
65.742	701	2	3
65.742	702	1	2
66.129	703	1	3
65.742	704	4	2
65.935	705	4	3
65.742	706	3	2
66.129	707	3	3
65.935	708	2	2
66.129	709	2	3
66.129	710	4	2
66.419	711	4	3
66.322	712	3	1
66.322	713	1	2
66.419	714	1	3
66.516	715	2	2
66.903	716	2	3
66.516	717	4	2
66.709	718	4	3
66.516	719	1	2
66.903	720	1	3
66.709	721	3	2
66.806	722	3	3
66.903	723	4	2
67.048	724	4	3
67.097	725	2	2
67.290	726	2	3
67.290	727	4	2
67.484	728	4	3
67.290	729	3	2
67.677	730	3	3
67.290	731	1	2
67.677	732	1	3
67.484	733	2	2
67.580	734	2	3
67.677	735	4	2
67.968	736	4	3
67.871	737	3	2
68.064	738	3	3
68.064	739	4	2
68.451	740	4	3
68.064	741	2	2
68.258	742	2	3
68.064	743	1	2
68.451	744	1	3
68.258	745	3	2
68.355	746	3	3
68.451	747	2	1
68.645	748	3	2
68.839	749	3	3
68.839	750	2	2
69.032	751	2	3
68.839	752	4	2
69.226	753	4	3
68.839	754	1	2
69.226	755	1	3
69.613	756	4	2
70.000	757	4	3
69.613	758	2	2
69.806	759	2	3
69.613	760	1	2
70.000	761	1	3
70.000	762	3	2
70.290	763	3	3
70.193	764	2	2
70.387	765	2	3
70.387	766	1	2
70.774	767	1	3
70.387	768	3	2
70.580	769	3	3
70.387	770	4	2
70.774	771	4	3
71.161	772	1	2
71.548	773	1	3
71.161	774	3	2
71.355	775	3	3
71.161	776	4	2
71.548	777	4	3
71.548	778	2	2
71.645	779	2	3
71.742	780	2	1
71.935	781	3	2
72.177	782	3	3
71.935	783	4	2
72.177	784	4	3
71.935	785	1	2
72.056	786	1	3
72.177	787	1	2
72.395	788	1	3
72.177	789	2	2
72.298	790	2	3
72.395	791	3	2
72.540	792	3	3
72.395	793	4	1
72.709	794	4	2
73.387	795	4	3
72.709	796	3	2
73.097	797	3	3
72.709	798	1	2
73.387	799	1	3
73.484	800	4	1
73.484	801	1	1
73.484	802	3	1
73.613	803	4	1
73.613	804	2	1
73.742	805	1	1
73.742	806	3	1
73.871	807	2	1
73.871	808	4	1
73.871	809	1	1
74.000	810	3	1
74.000	811	4	1
74.129	812	2	1
74.129	813	1	1
74.258	814	4	1
74.258	815	1	1
74.258	816	3	1
74.387	817	4	1
74.387	818	2	1
74.387	819	3	1
74.516	820	4	1
74.516	821	3	1
74.516	822	1	1
74.645	823	1	1
74.645	824	4	1
74.645	825	2	1
74.774	826	3	1
74.774	827	1	1
74.774	828	2	1
74.903	829	1	1
74.903	830	2	1
74.903	831	4	1
75.032	832	1	2
75.419	833	1	3
75.032	834	4	2
75.419	835	4	3
75.032	836	3	1
75.806	837	4	2
76.193	838	4	3
75.806	839	1	2
76.193	840	1	3
76.193	841	2	2
76.290	842	2	3
76.387	843	2	1
76.580	844	1	2
76.938	845	1	3
76.580	846	4	2
76.938	847	4	3
76.580	848	3	1
77.291	849	1	2
77.644	850	1	3
77.291	851	4	2
77.644	852	4	3
77.644	853	2	2
77.733	854	2	3
77.821	855	2	1
77.994	856	1	2
78.318	857	1	3
77.994	858	4	2
78.318	859	4	3
77.994	860	3	1
78.642	861	4	2
78.966	862	4	3
78.642	863	1	2
78.966	864	1	3
78.966	865	2	2
79.048	866	2	3
79.129	867	2	1
79.291	868	4	2
79.591	869	4	3
79.291	870	3	1
79.291	871	1	2
79.591	872	1	3
79.891	873	4	2
80.191	874	4	3
79.891	875	1	2
80.191	876	1	3
80.191	877	2	2
80.266	878	2	3
80.341	879	2	1
80.491	880	1	2
80.770	881	1	3
80.491	882	4	2
80.770	883	4	3
80.491	884	3	1
81.049	885	1	2
81.328	886	1	3
81.049	887	4	2
81.328	888	4	3
81.328	889	2	2
81.397	890	2	3
81.467	891	2	1
81.617	892	4	2
81.877	893	4	3
81.617	894	3	1
81.617	895	1	2
81.877	896	1	3
82.138	897	4	2
82.399	898	4	3
82.138	899	1	2
82.399	900	1	3
82.399	901	2	2
82.464	902	2	3
82.530	903	2	1
82.660	904	1	2
82.904	905	1	3
82.660	906	4	2
82.904	907	4	3
82.660	908	3	1
83.149	909	4	2
83.394	910	4	3
83.149	911	1	2
83.394	912	1	3
83.394	913	2	2
83.455	914	2	3
83.517	915	2	1
83.639	916	1	2
83.869	917	1	3
83.639	918	4	2
83.869	919	4	3
83.639	920	3	1
84.100	921	1	2
84.331	922	1	3
84.100	923	4	2
84.331	924	4	3
84.215	925	3	2
84.331	926	3	3
84.331	927	2	2
84.389	928	2	3
84.446	929	2	2
84.558	930	2	3
84.558	931	1	2
84.776	932	1	3
84.558	933	4	2
84.776	934	4	3
84.558	935	3	1
84.994	936	1	2
85.212	937	1	3
84.994	938	3	2
85.212	939	3	3
84.994	940	4	2
85.212	941	4	3
85.212	942	2	2
85.267	943	2	3
85.321	944	2	1
85.430	945	1	2
85.640	946	1	3
85.434	947	4	2
85.640	948	4	3
85.434	949	3	1
85.847	950	1	2
86.054	951	1	3
85.847	952	4	2
86.054	953	4	3
85.916	954	2	1
85.985	955	3	1
86.054	956	2	2
86.106	957	2	3
86.158	958	2	1
86.261	959	1	2
86.457	960	1	3
86.261	961	4	2
86.457	962	4	3
86.261	963	3	1
86.654	964	3	2
86.752	965	3	3
86.654	966	1	2
86.851	967	1	3
86.654	968	4	2
86.851	969	4	3
86.851	970	3	2
86.949	971	3	3
86.949	972	2	2
87.047	973	2	3
87.047	974	1	2
87.234	975	1	3
87.047	976	4	2
87.234	977	4	3
87.047	978	3	1
87.422	979	3	2
87.609	980	3	3
87.422	981	4	2
87.609	982	4	3
87.422	983	1	2
87.609	984	1	3
87.609	985	2	1
87.703	986	2	1
87.797	987	1	2
87.976	988	1	3
87.797	989	4	2
87.976	990	4	3
87.797	991	3	1
88.155	992	3	2
88.423	993	3	3
88.155	994	1	2
88.334	995	1	3
88.155	996	4	2
88.334	997	4	3
88.334	998	2	1
88.423	999	2	1
88.513	1000	1	2
88.684	1001	1	3
88.513	1002	4	2
88.684	1003	4	3
88.513	1004	3	1
88.855	1005	3	2
89.027	1006	3	3
88.855	1007	1	2
89.027	1008	1	3
88.855	1009	4	2
89.027	1010	4	3
89.027	1011	2	2
89.113	1012	2	3
89.113	1013	3	2
89.198	1014	3	3
89.198	1015	4	2
89.362	1016	4	3
89.198	1017	1	2
89.362	1018	1	3
89.198	1019	2	1
89.526	1020	2	2
89.691	1021	2	3
89.526	1022	1	2
89.691	1023	1	3
89.526	1024	4	2
89.691	1025	4	3
89.691	1026	3	1
89.773	1027	3	1
89.855	1028	2	1
89.855	1029	4	2
90.012	1030	4	3
89.855	1031	1	2
90.012	1032	1	3
90.170	1033	4	2
90.328	1034	4	3
90.170	1035	1	2
90.328	1036	1	3
90.170	1037	3	2
90.328	1038	3	3
90.328	1039	2	1
90.407	1040	2	1
90.486	1041	1	2
90.637	1042	1	3
90.486	1043	4	2
90.637	1044	4	3
90.486	1045	3	1
90.789	1046	1	2
90.941	1047	1	3
90.789	1048	4	2
90.941	1049	4	3
90.840	1050	2	1
90.891	1051	3	1
90.941	1052	2	1
91.017	1053	2	1
91.093	1054	1	2
91.239	1055	1	3
91.093	1056	4	2
91.239	1057	4	3
91.093	1058	3	1
91.385	1059	4	2
91.532	1060	4	3
91.385	1061	1	2
91.532	1062	1	3
91.434	1063	3	1
91.483	1064	2	1
91.532	1065	3	1
91.605	1066	3	1
91.678	1067	4	2
91.819	1068	4	3
91.678	1069	1	2
91.819	1070	1	3
91.678	1071	2	1
91.960	1072	1	2
92.101	1073	1	3
91.960	1074	3	2
92.172	1075	3	3
91.960	1076	4	2
92.101	1077	4	3
92.101	1078	2	1
92.172	1079	2	1
92.242	1080	1	2
92.378	1081	1	3
92.242	1082	4	2
92.378	1083	4	3
92.242	1084	3	1
92.514	1085	4	2
92.651	1086	4	3
92.514	1087	1	2
92.651	1088	1	3
92.514	1089	2	2
92.651	1090	2	3
92.651	1091	3	1
92.719	1092	3	1
92.787	1093	1	2
92.918	1094	1	3
92.787	1095	2	1
92.787	1096	4	2
92.918	1097	4	3
93.050	1098	2	2
93.248	1099	2	3
93.050	1100	1	2
93.182	1101	1	3
93.050	1102	4	2
93.182	1103	4	3
93.182	1104	3	1
93.248	1105	3	1
93.314	1106	1	2
93.441	1107	1	3
93.314	1108	4	2
93.441	1109	4	3
93.314	1110	2	1
93.569	1111	4	2
93.696	1112	4	3
93.569	1113	1	2
93.696	1114	1	3
93.696	1115	2	1
93.760	1116	2	1
93.824	1117	1	2
93.947	1118	1	3
93.824	1119	4	2
93.947	1120	4	3
93.824	1121	3	1
94.071	1122	1	2
94.195	1123	1	3
94.071	1124	4	2
94.195	1125	4	3
94.133	1126	2	2
94.195	1127	2	3
94.195	1128	3	1
94.256	1129	3	1
94.318	1130	1	2
94.438	1131	1	3
94.318	1132	4	2
94.438	1133	4	3
94.318	1134	2	1
94.558	1135	3	2
94.678	1136	3	3
94.558	1137	1	2
94.678	1138	1	3
94.558	1139	4	2
94.678	1140	4	3
94.678	1141	2	1
94.738	1142	2	1
94.798	1143	1	2
94.914	1144	1	3
94.798	1145	4	2
94.914	1146	4	3
94.798	1147	3	1
94.914	1148	3	1
94.914	1149	2	1
95.031	1150	4	2
95.147	1151	4	3
95.031	1152	2	2
95.147	1153	2	3
95.147	1154	1	1
95.147	1155	3	1
95.264	1156	3	2
95.380	1157	3	3
95.264	1158	2	2
95.380	1159	2	3
95.380	1160	1	1
95.380	1161	4	1
95.497	1162	3	2
95.613	1163	3	3
95.497	1164	1	2
95.613	1165	1	3
95.613	1166	2	1
95.613	1167	4	1
95.730	1168	4	2
95.846	1169	4	3
95.730	1170	1	2
95.846	1171	1	3
95.846	1172	2	1
95.846	1173	3	1
95.963	1174	4	2
96.079	1175	4	3
95.963	1176	3	2
96.079	1177	3	3
96.079	1178	2	1
96.079	1179	1	1
96.196	1180	3	2
96.312	1181	3	3
96.196	1182	2	2
96.312	1183	2	3
96.312	1184	1	1
96.312	1185	4	1
96.429	1186	1	2
96.545	1187	1	3
96.429	1188	2	2
96.545	1189	2	3
96.545	1190	4	1
96.545	1191	3	1
96.662	1192	4	2
96.778	1193	4	3
96.662	1194	1	2
96.720	1195	1	3
96.662	1196	2	1
96.720	1197	3	1
96.778	1198	1	1
96.778	1199	2	1
96.836	1200	4	1
96.895	1201	3	2
97.011	1202	3	3
96.895	1203	2	2
97.011	1204	2	3
97.011	1205	4	1
97.011	1206	1	1
97.128	1207	3	2
97.244	1208	3	3
97.128	1209	1	2
97.244	1210	1	3
97.244	1211	4	1
97.244	1212	2	1
97.361	1213	4	2
97.477	1214	4	3
97.361	1215	3	2
97.477	1216	3	3
97.477	1217	2	1
97.477	1218	1	1
97.594	1219	4	1
97.594	1220	1	1
97.652	1221	2	1
97.710	1222	3	1
97.710	1223	4	1
97.768	1224	2	1
97.827	1225	3	1
97.827	1226	1	1
97.885	1227	4	1
97.943	1228	2	1
97.943	1229	1	1
98.001	1230	4	1
98.060	1231	2	1
98.060	1232	3	1
98.118	1233	1	1
98.176	1234	4	1
98.176	1235	3	1
98.234	1236	1	1
98.293	1237	4	2
98.409	1238	4	3
98.293	1239	2	2
98.351	1240	2	3
98.351	1241	3	1
98.409	1242	1	1
98.409	1243	2	1
98.467	1244	3	1
98.526	1245	4	2
102.359	1246	4	3
98.526	1247	1	1
98.526	1248	2	1
99.526	1249	3	2
102.359	1250	3	3
100.526	1251	2	2
102.359	1252	2	3
101.526	1253	1	2
102.359	1254	1	3
102.526	1255	4	2
103.109	1256	4	3
102.526	1257	1	2
103.776	1258	1	3
103.192	1259	2	2
103.442	1260	2	3
103.192	1261	4	2
103.276	1262	4	3
103.359	1263	4	2
103.442	1264	4	3
103.526	1265	4	2
103.776	1266	4	3
103.526	1267	2	2
103.609	1268	2	3
103.692	1269	2	2
103.776	1270	2	3
103.859	1271	4	1
103.859	1272	1	1
103.859	1273	3	1
103.942	1274	2	1
103.942	1275	3	1
104.025	1276	4	1
104.025	1277	1	1
104.025	1278	2	1
104.109	1279	4	1
104.192	1280	1	1
104.192	1281	2	1
104.192	1282	3	1
104.275	1283	2	1
104.359	1284	4	1
104.359	1285	3	1
104.359	1286	1	1
104.442	1287	1	1
104.525	1288	4	1
104.525	1289	3	1
104.525	1290	2	1
104.609	1291	3	1
104.692	1292	4	1
104.692	1293	1	1
104.692	1294	2	1
104.775	1295	2	1
104.859	1296	4	1
104.859	1297	3	1
104.859	1298	1	1
104.942	1299	4	1
104.942	1300	2	1
105.025	1301	3	1
105.025	1302	1	1
105.025	1303	2	1
105.109	1304	4	1
105.109	1305	1	1
105.192	1306	4	1
105.192	1307	3	1
105.192	1308	2	1
105.275	1309	1	1
105.275	1310	3	1
105.359	1311	4	1
105.359	1312	2	1
105.359	1313	1	1
105.442	1314	4	1
105.525	1315	3	1
105.525	1316	2	1
105.525	1317	1	1
105.609	1318	2	1
105.692	1319	4	1
105.692	1320	3	1
105.692	1321	1	1
105.775	1322	3	1
105.859	1323	4	1
105.859	1324	1	1
105.859	1325	2	1
105.942	1326	1	1
106.025	1327	4	1
106.025	1328	3	1
106.025	1329	2	1
106.109	1330	3	1
106.192	1331	4	1
106.192	1332	1	1
106.192	1333	2	1
106.275	1334	2	1
106.275	1335	1	1
106.359	1336	2	1
106.359	1337	4	1
106.359	1338	3	1
106.442	1339	4	1
106.442	1340	3	1
106.442	1341	1	1
106.525	1342	1	1
106.525	1343	3	1
106.525	1344	2	1
106.609	1345	4	1
106.609	1346	2	1
106.692	1347	3	1
106.692	1348	4	1
106.692	1349	1	1
106.775	1350	3	1
106.859	1351	4	1
106.859	1352	2	1
106.859	1353	1	1
106.942	1354	1	1
107.025	1355	4	1
107.025	1356	3	1
107.025	1357	2	1
107.109	1358	4	1
107.109	1359	1	1
107.192	1360	1	1
107.192	1361	2	1
107.192	1362	3	1
107.275	1363	3	1
107.359	1364	4	1
107.359	1365	1	1
107.359	1366	2	1
107.442	1367	4	1
107.525	1368	1	1
107.525	1369	2	1
107.525	1370	3	1
107.609	1371	2	1
107.692	1372	4	1
107.692	1373	3	1
107.692	1374	1	1
107.775	1375	1	1
107.859	1376	4	1
107.859	1377	3	1
107.859	1378	2	1
108.025	1379	4	1
108.025	1380	3	1
108.025	1381	1	1
108.067	1382	2	1
108.109	1383	3	1
108.192	1384	4	1
108.192	1385	1	1
108.192	1386	2	1
108.359	1387	1	1
108.359	1388	2	1
108.359	1389	3	1
108.525	1390	4	1
108.525	1391	3	1
108.525	1392	2	1
108.567	1393	1	1
108.609	1394	4	1
108.650	1395	2	1
108.692	1396	3	1
108.692	1397	4	1
108.692	1398	1	1
108.775	1399	3	1
108.775	1400	2	1
108.859	1401	3	1
108.859	1402	2	1
109.025	1403	1	1
109.053	1404	2	1
109.081	1405	4	1
109.109	1406	3	1
109.136	1407	1	1
109.164	1408	2	1
109.192	1409	4	1
109.192	1410	3	1
109.275	1411	2	1
109.275	1412	4	1
109.359	1413	1	1
109.359	1414	2	1
109.359	1415	3	1
109.442	1416	1	1
109.525	1417	3	1
109.525	1418	4	1
109.525	1419	2	1
109.609	1420	3	1
109.692	1421	4	1
109.692	1422	1	1
109.692	1423	2	1
109.775	1424	2	1
109.859	1425	4	1
109.859	1426	3	1
109.859	1427	1	1
109.942	1428	4	1
110.025	1429	1	1
110.025	1430	3	1
110.025	1431	2	1
110.109	1432	3	1
110.192	1433	4	1
110.192	1434	2	1
110.192	1435	1	1
110.275	1436	1	1
110.359	1437	4	1
110.359	1438	3	1
110.359	1439	2	1
110.442	1440	2	1
110.525	1441	4	1
110.525	1442	3	1
110.525	1443	1	1
110.609	1444	2	1
110.609	1445	3	1
110.692	1446	4	1
110.692	1447	1	1
110.692	1448	2	1
110.775	1449	4	1
110.775	1450	3	1
110.859	1451	1	1
110.859	1452	2	1
110.859	1453	3	1
110.942	1454	4	1
110.942	1455	1	1
111.025	1456	4	1
111.025	1457	3	1
111.025	1458	2	1
111.109	1459	1	1
111.109	1460	2	1
111.192	1461	4	1
111.192	1462	3	1
111.192	1463	1	1
111.275	1464	3	1
111.359	1465	4	1
111.359	1466	1	1
111.359	1467	2	1
111.442	1468	4	1
111.442	1469	3	1
111.525	1470	1	1
111.525	1471	2	1
111.525	1472	3	1
111.609	1473	2	1
111.692	1474	4	1
111.692	1475	3	1
111.692	1476	1	1
111.775	1477	4	1
111.775	1478	3	1
111.775	1479	2	1
111.859	1480	2	1
111.859	1481	1	1
111.859	1482	3	1
111.942	1483	1	1
112.025	1484	4	1
112.025	1485	3	1
112.025	1486	2	1
112.109	1487	3	1
112.192	1488	4	1
112.192	1489	1	1
112.192	1490	2	1
112.275	1491	2	1
112.359	1492	1	1
112.359	1493	4	1
112.359	1494	3	1
112.442	1495	4	1
112.525	1496	1	1
112.525	1497	3	1
112.525	1498	2	1
112.609	1499	2	1
112.692	1500	4	1
112.692	1501	3	1
112.692	1502	1	1
112.775	1503	1	1
112.859	1504	2	1
112.859	1505	4	1
112.859	1506	3	1
112.942	1507	3	1
113.025	1508	4	1
113.025	1509	1	1
113.025	1510	2	1
113.109	1511	4	1
113.192	1512	3	1
113.192	1513	1	1
113.192	1514	2	1
113.359	1515	1	1
113.359	1516	4	1
113.359	1517	3	1
113.400	1518	2	1
113.442	1519	3	1
113.525	1520	1	1
113.525	1521	2	1
113.525	1522	4	1
113.692	1523	4	1
113.692	1524	1	1
113.692	1525	3	1
113.775	1526	3	1
113.775	1527	2	1
113.859	1528	4	1
113.859	1529	1	1
113.859	1530	2	1
113.900	1531	3	1
113.942	1532	1	1
113.984	1533	4	1
114.025	1534	3	1
114.025	1535	1	1
114.025	1536	2	1
114.109	1537	3	1
114.109	1538	4	1
114.192	1539	4	1
114.220	1540	1	1
114.247	1541	2	1
114.275	1542	3	1
114.303	1543	4	1
114.331	1544	1	1
114.359	1545	3	1
114.400	1546	2	1
114.442	1547	4	1
114.484	1548	1	1
114.525	1549	4	1
114.525	1550	3	1
114.525	1551	2	1
114.609	1552	1	1
114.609	1553	2	1
114.692	1554	4	1
114.692	1555	3	1
114.692	1556	1	1
114.775	1557	3	1
114.859	1558	4	1
114.859	1559	1	1
114.859	1560	2	1
114.942	1561	1	1
115.025	1562	4	1
115.025	1563	3	1
115.025	1564	2	1
115.109	1565	4	1
115.192	1566	3	1
115.192	1567	2	1
115.192	1568	1	1
115.275	1569	2	1
115.359	1570	4	1
115.359	1571	3	1
115.359	1572	1	1
115.442	1573	3	1
115.525	1574	4	1
115.525	1575	1	1
115.525	1576	2	1
115.609	1577	1	1
115.609	1578	3	1
115.692	1579	4	1
115.692	1580	3	1
115.692	1581	2	1
115.775	1582	2	1
115.859	1583	4	1
115.859	1584	3	1
115.859	1585	1	1
115.942	1586	4	1
115.942	1587	2	1
116.025	1588	1	1
116.025	1589	2	1
116.025	1590	3	1
116.109	1591	3	1
116.192	1592	4	1
116.192	1593	1	1
116.192	1594	2	1
116.275	1595	1	1
116.359	1596	4	1
116.359	1597	3	1
116.359	1598	2	1
116.442	1599	1	1
116.442	1600	2	1
116.525	1601	4	1
116.525	1602	3	1
116.525	1603	1	1
116.609	1604	4	1
116.692	1605	1	1
116.692	1606	2	1
116.692	1607	3	1
116.775	1608	2	1
116.859	1609	1	1
116.859	1610	4	1
116.859	1611	3	1
116.942	1612	4	1
116.942	1613	3	1
117.025	1614	2	1
117.025	1615	3	1
117.025	1616	1	1
117.109	1617	4	1
117.109	1618	1	1
117.109	1619	2	1
117.192	1620	4	1
117.192	1621	3	1
117.192	1622	2	1
117.275	1623	1	1
117.275	1624	3	1
117.359	1625	4	1
117.359	1626	1	1
117.359	1627	2	1
117.442	1628	4	1
117.442	1629	3	1
117.525	1630	1	1
117.525	1631	2	1
117.525	1632	3	1
117.609	1633	4	1
117.609	1634	2	1
117.692	1635	3	1
117.692	1636	4	1
117.692	1637	1	1
117.775	1638	1	1
117.775	1639	2	1
117.859	1640	4	1
117.859	1641	3	1
117.859	1642	2	1
117.942	1643	1	1
117.942	1644	4	1
118.025	1645	1	1
118.025	1646	2	1
118.025	1647	3	1
118.109	1648	4	1
118.109	1649	3	1
118.192	1650	1	1
118.192	1651	4	1
118.192	1652	2	1
118.275	1653	2	1
118.359	1654	3	1
118.359	1655	4	1
118.359	1656	1	1
118.442	1657	2	1
118.442	1658	3	1
118.525	1659	2	1
118.525	1660	4	1
118.525	1661	1	1
118.775	1662	4	1
118.775	1663	1	1
118.859	1664	4	1
118.859	1665	3	1
118.859	1666	2	1
118.900	1667	1	1
118.942	1668	3	1
118.984	1669	4	1
119.025	1670	2	1
119.192	1671	3	1
119.192	1672	4	1
119.275	1673	4	1
119.275	1674	3	1
119.359	1675	4	1
119.359	1676	3	1
119.442	1677	4	1
119.442	1678	3	1
119.525	1679	1	1
119.553	1680	4	1
119.581	1681	3	1
119.609	1682	2	1
119.636	1683	1	1
119.664	1684	4	1
119.692	1685	2	1
119.734	1686	3	1
119.775	1687	1	1
119.817	1688	4	1
119.859	1689	3	1
119.859	1690	1	1
119.859	1691	2	1
119.942	1692	3	1
120.025	1693	1	1
120.025	1694	4	1
120.025	1695	2	1
120.109	1696	2	1
120.192	1697	4	1
120.192	1698	3	1
120.192	1699	1	1
120.275	1700	4	1
120.359	1701	1	1
120.359	1702	2	1
120.359	1703	3	1
120.442	1704	1	1
120.525	1705	4	1
120.525	1706	3	1
120.525	1707	2	1
120.609	1708	3	1
120.692	1709	4	1
120.692	1710	2	1
120.692	1711	1	1
120.775	1712	2	1
120.859	1713	4	1
120.859	1714	3	1
120.859	1715	1	1
120.942	1716	4	1
120.942	1717	2	1
121.025	1718	1	1
121.025	1719	2	1
121.025	1720	3	1
121.109	1721	4	1
121.109	1722	1	1
121.192	1723	4	1
121.192	1724	3	1
121.192	1725	2	1
121.275	1726	3	1
121.359	1727	4	1
121.359	1728	1	1
121.359	1729	2	1
121.442	1730	1	1
121.525	1731	4	1
121.525	1732	3	1
121.525	1733	2	1
121.609	1734	4	1
121.692	1735	3	1
121.692	1736	2	1
121.692	1737	1	1
121.775	1738	2	1
121.859	1739	3	1
121.859	1740	1	1
121.859	1741	4	1
121.942	1742	3	1
122.025	1743	4	1
122.025	1744	2	1
122.025	1745	1	1
122.109	1746	1	1
122.192	1747	4	1
122.192	1748	2	1
122.192	1749	3	1
122.275	1750	4	1
122.275	1751	3	1
122.359	1752	1	1
122.359	1753	2	1
122.359	1754	3	1
122.442	1755	4	1
122.442	1756	2	1
122.442	1757	1	1
122.525	1758	4	1
122.525	1759	3	1
122.525	1760	2	1
122.609	1761	1	1
122.609	1762	3	1
122.692	1763	4	1
122.692	1764	1	1
122.692	1765	2	1
122.775	1766	4	1
122.859	1767	1	1
122.859	1768	2	1
122.859	1769	3	1
122.942	1770	2	1
123.025	1771	4	1
123.025	1772	3	1
123.025	1773	1	1
123.109	1774	1	1
123.109	1775	2	1
123.192	1776	3	1
123.192	1777	4	1
123.192	1778	2	1
123.275	1779	3	1
123.359	1780	4	1
123.359	1781	1	1
123.359	1782	2	1
123.442	1783	2	1
123.525	1784	4	1
123.525	1785	3	1
123.525	1786	1	1
123.609	1787	4	1
123.609	1788	2	1
123.692	1789	3	1
123.692	1790	1	1
123.692	1791	2	1
123.775	1792	1	1
123.859	1793	4	1
123.859	1794	3	1
123.859	1795	2	1
123.942	1796	4	1
124.025	1797	1	1
124.025	1798	2	1
124.025	1799	3	1
124.109	1800	1	1
124.192	1801	4	1
124.192	1802	3	1
124.192	1803	2	1
124.275	1804	3	1
124.359	1805	4	1
124.359	1806	2	1
124.359	1807	1	1
124.442	1808	2	1
124.525	1809	4	1
124.525	1810	3	1
124.525	1811	1	1
124.609	1812	4	1
124.609	1813	3	1
124.692	1814	3	1
124.692	1815	4	1
124.775	1816	4	1
124.775	1817	3	1
124.859	1818	1	1
124.886	1819	4	1
124.914	1820	3	1
124.942	1821	2	1
124.970	1822	1	1
124.997	1823	4	1
125.025	1824	2	1
125.067	1825	3	1
125.109	1826	1	1
125.150	1827	4	1
125.192	1828	1	1
125.192	1829	2	1
125.192	1830	3	1
125.275	1831	4	1
125.275	1832	3	1
125.359	1833	2	1
125.359	1834	1	1
125.359	1835	4	1
125.442	1836	2	1
125.525	1837	3	1
125.525	1838	4	1
125.525	1839	1	1
125.609	1840	3	1
125.692	1841	1	1
125.692	1842	2	1
125.692	1843	4	1
125.775	1844	1	1
125.859	1845	2	1
125.859	1846	3	1
125.859	1847	4	1
125.942	1848	3	1
126.025	1849	2	1
126.025	1850	1	1
126.025	1851	4	1
126.109	1852	2	1
126.192	1853	1	1
126.192	1854	3	1
126.192	1855	4	1
126.275	1856	2	1
126.275	1857	4	1
126.359	1858	2	1
126.359	1859	1	1
126.359	1860	3	1
126.442	1861	1	1
126.442	1862	4	1
126.525	1863	2	1
126.525	1864	3	1
126.525	1865	4	1
126.609	1866	3	1
126.609	1867	1	1
126.692	1868	1	1
126.692	1869	2	1
126.692	1870	4	1
126.775	1871	4	1
126.859	1872	1	1
126.859	1873	2	1
126.859	1874	3	1
126.942	1875	2	1
127.025	1876	1	1
127.025	1877	3	1
127.025	1878	4	1
127.109	1879	3	1
127.192	1880	2	1
127.192	1881	1	1
127.192	1882	4	1
127.275	1883	1	1
127.359	1884	2	1
127.359	1885	3	1
127.359	1886	4	1
127.442	1887	3	1
127.525	1888	2	1
127.525	1889	1	1
127.525	1890	4	1
127.609	1891	1	1
127.609	1892	2	1
127.692	1893	3	1
127.692	1894	4	1
127.692	1895	2	1
127.775	1896	1	1
127.775	1897	3	1
127.775	1898	4	1
127.859	1899	2	1
127.859	1900	3	1
127.859	1901	1	1
127.942	1902	2	1
127.942	1903	4	1
128.025	1904	1	1
128.025	1905	4	1
128.025	1906	3	1
128.109	1907	3	1
128.192	1908	1	1
128.192	1909	2	1
128.192	1910	4	1
128.275	1911	1	1
128.359	1912	2	1
128.359	1913	3	1
128.359	1914	4	1
128.442	1915	1	1
128.442	1916	4	1
128.525	1917	3	1
128.525	1918	2	1
128.525	1919	1	1
128.609	1920	3	1
128.692	1921	2	1
128.692	1922	1	1
128.692	1923	4	1
128.775	1924	4	1
128.859	1925	3	1
128.859	1926	2	1
128.859	1927	1	1
128.942	1928	2	1
129.025	1929	1	1
129.025	1930	3	1
129.025	1931	4	1
129.109	1932	1	1
129.192	1933	2	1
129.192	1934	3	1
129.192	1935	4	1
129.359	1936	1	1
129.359	1937	3	1
129.359	1938	4	1
129.400	1939	2	1
129.442	1940	3	1
129.525	1941	2	1
129.525	1942	1	1
129.525	1943	4	1
129.692	1944	3	1
129.692	1945	2	1
129.692	1946	1	1
129.859	1947	2	1
129.859	1948	3	1
129.859	1949	4	1
129.900	1950	1	1
129.942	1951	4	1
129.984	1952	2	1
130.025	1953	1	1
130.025	1954	4	1
130.025	1955	3	1
130.109	1956	2	1
130.109	1957	3	1
130.192	1958	2	1
130.192	1959	3	1
130.359	1960	1	1
130.386	1961	2	1
130.414	1962	4	1
130.442	1963	3	1
130.470	1964	1	1
130.497	1965	2	1
130.525	1966	3	1
130.525	1967	4	1
130.609	1968	4	1
130.609	1969	2	1
130.692	1970	3	1
130.692	1971	2	1
130.692	1972	1	1
130.775	1973	1	1
130.859	1974	2	1
130.859	1975	4	1
130.859	1976	3	1
130.942	1977	3	1
131.025	1978	2	1
131.025	1979	1	1
131.025	1980	4	1
131.109	1981	2	1
131.192	1982	1	1
131.192	1983	3	1
131.192	1984	4	1
131.275	1985	4	1
131.359	1986	2	1
131.359	1987	3	1
131.359	1988	1	1
131.442	1989	3	1
131.525	1990	1	1
131.525	1991	2	1
131.525	1992	4	1
131.609	1993	1	1
131.692	1994	2	1
131.692	1995	3	1
131.692	1996	4	1
131.775	1997	2	1
131.859	1998	1	1
131.859	1999	3	1
131.859	2000	4	1
131.942	2001	3	1
131.942	2002	2	1
132.025	2003	2	1
132.025	2004	1	1
132.025	2005	4	1
132.109	2006	3	1
132.109	2007	4	1
132.192	2008	3	1
132.192	2009	2	1
132.192	2010	1	1
132.275	2011	1	1
132.275	2012	4	1
132.359	2013	2	1
132.359	2014	3	1
132.359	2015	4	1
132.442	2016	2	1
132.442	2017	1	1
132.525	2018	1	1
132.525	2019	3	1
132.525	2020	4	1
132.609	2021	3	1
132.692	2022	2	1
132.692	2023	1	1
132.692	2024	4	1
132.775	2025	3	1
132.775	2026	4	1
132.859	2027	3	1
132.859	2028	2	1
132.859	2029	1	1
132.942	2030	2	1
133.025	2031	1	1
133.025	2032	3	1
133.025	2033	4	1
133.109	2034	2	1
133.109	2035	3	1
133.109	2036	4	1
133.192	2037	3	1
133.192	2038	1	1
133.192	2039	2	1
133.275	2040	1	1
133.359	2041	2	1
133.359	2042	3	1
133.359	2043	4	1
133.442	2044	3	1
133.525	2045	2	1
133.525	2046	1	1
133.525	2047	4	1
133.609	2048	2	1
133.692	2049	3	1
133.692	2050	4	1
133.692	2051	1	1
133.775	2052	4	1
133.859	2053	2	1
133.859	2054	3	1
133.859	2055	1	1
133.942	2056	2	1
134.025	2057	1	1
134.025	2058	3	1
134.025	2059	4	1
134.109	2060	1	1
134.192	2061	3	1
134.192	2062	4	1
134.192	2063	2	1
134.275	2064	3	1
134.359	2065	2	1
134.359	2066	1	1
134.359	2067	4	1
134.442	2068	4	1
134.525	2069	2	1
134.525	2070	1	1
134.525	2071	3	1
134.692	2072	3	1
134.692	2073	4	1
134.692	2074	1	1
134.734	2075	2	1
134.775	2076	3	1
134.859	2077	4	1
134.859	2078	2	1
134.859	2079	1	1
135.025	2080	3	1
135.025	2081	1	1
135.025	2082	4	1
135.109	2083	2	1
135.109	2084	3	1
135.192	2085	2	1
135.192	2086	1	1
135.192	2087	4	1
135.234	2088	3	1
135.275	2089	1	1
135.317	2090	4	1
135.359	2091	2	1
135.359	2092	1	1
135.359	2093	3	1
135.442	2094	4	1
135.442	2095	3	1
135.525	2096	4	1
135.553	2097	1	1
135.581	2098	2	1
135.609	2099	3	1
135.636	2100	4	1
135.664	2101	1	1
135.692	2102	3	1
135.734	2103	2	1
135.775	2104	4	1
135.817	2105	1	1
135.859	2106	2	1
135.859	2107	3	1
135.859	2108	4	1
135.942	2109	2	1
135.942	2110	1	1
136.025	2111	1	1
136.025	2112	3	1
136.025	2113	4	1
136.109	2114	3	1
136.192	2115	2	1
136.192	2116	1	1
136.192	2117	4	1
136.275	2118	1	1
136.359	2119	2	1
136.359	2120	3	1
136.359	2121	4	1
136.442	2122	4	1
136.525	2123	1	1
136.525	2124	2	1
136.525	2125	3	1
136.609	2126	2	1
136.692	2127	1	1
136.692	2128	3	1
136.692	2129	4	1
136.775	2130	3	1
136.859	2131	2	1
136.859	2132	1	1
136.859	2133	4	1
136.942	2134	3	1
136.942	2135	1	1
137.025	2136	2	1
137.025	2137	3	1
137.025	2138	4	1
137.109	2139	2	1
137.192	2140	1	1
137.192	2141	3	1
137.192	2142	4	1
137.275	2143	2	1
137.275	2144	4	1
137.359	2145	3	1
137.359	2146	2	1
137.359	2147	1	1
137.442	2148	3	1
137.525	2149	2	1
137.525	2150	1	1
137.525	2151	4	1
137.609	2152	1	1
137.692	2153	2	1
137.692	2154	3	1
137.692	2155	4	1
137.775	2156	2	1
137.775	2157	1	1
137.859	2158	1	1
137.859	2159	3	1
137.859	2160	4	1
137.942	2161	4	1
138.025	2162	3	1
138.025	2163	2	1
138.025	2164	1	1
138.109	2165	2	1
138.192	2166	3	1
138.192	2167	4	1
138.192	2168	1	1
138.275	2169	3	1
138.275	2170	4	1
138.359	2171	1	1
138.359	2172	3	1
138.359	2173	2	1
138.442	2174	2	1
138.442	2175	1	1
138.442	2176	4	1
138.525	2177	2	1
138.525	2178	3	1
138.525	2179	4	1
138.609	2180	3	1
138.609	2181	1	1
138.692	2182	2	1
138.692	2183	1	1
138.692	2184	4	1
138.775	2185	3	1
138.775	2186	4	1
138.859	2187	3	1
138.859	2188	2	1
138.859	2189	1	1
138.942	2190	2	1
138.942	2191	4	1
139.025	2192	1	1
139.025	2193	4	1
139.025	2194	3	1
139.109	2195	2	1
139.109	2196	1	1
139.192	2197	2	1
139.192	2198	3	1
139.192	2199	4	1
139.275	2200	4	1
139.275	2201	1	1
139.359	2202	3	1
139.359	2203	2	1
139.359	2204	1	1
139.442	2205	3	1
139.442	2206	4	1
139.525	2207	2	1
139.525	2208	4	1
139.525	2209	1	1
139.609	2210	2	1
139.692	2211	1	1
139.692	2212	4	1
139.692	2213	3	1
139.775	2214	3	1
139.775	2215	2	1
139.859	2216	1	1
139.859	2217	4	1
139.859	2218	2	1
140.109	2219	4	1
140.109	2220	1	1
140.192	2221	3	1
140.192	2222	2	1
140.192	2223	1	1
140.234	2224	4	1
140.275	2225	2	1
140.317	2226	1	1
140.359	2227	3	1
140.525	2228	1	1
140.525	2229	2	1
140.609	2230	2	1
140.609	2231	1	1
140.692	2232	2	1
140.692	2233	1	1
140.775	2234	2	1
140.775	2235	1	1
140.859	2236	4	1
140.886	2237	1	1
140.914	2238	2	1
140.942	2239	3	1
140.970	2240	4	1
140.997	2241	1	1
141.025	2242	3	1
141.067	2243	2	1
141.109	2244	4	1
141.150	2245	1	1
141.192	2246	3	1
141.192	2247	4	1
141.192	2248	2	1
141.275	2249	2	1
141.359	2250	3	1
141.359	2251	1	1
141.359	2252	4	1
141.442	2253	3	1
141.525	2254	4	1
141.525	2255	2	1
141.525	2256	1	1
141.609	2257	1	1
141.692	2258	2	1
141.692	2259	3	1
141.692	2260	4	1
141.775	2261	4	1
141.859	2262	3	1
141.859	2263	2	1
141.859	2264	1	1
141.942	2265	2	1
142.025	2266	4	1
142.025	2267	3	1
142.025	2268	1	1
142.109	2269	3	1
142.192	2270	4	1
142.192	2271	2	1
142.192	2272	1	1
142.275	2273	3	1
142.275	2274	1	1
142.359	2275	2	1
142.359	2276	3	1
142.359	2277	4	1
142.442	2278	4	1
142.442	2279	1	1
142.525	2280	3	1
142.525	2281	2	1
142.525	2282	1	1
142.609	2283	2	1
142.692	2284	3	1
142.692	2285	4	1
142.692	2286	1	1
142.775	2287	4	1
142.859	2288	3	1
142.859	2289	2	1
142.859	2290	1	1
142.942	2291	1	1
143.025	2292	4	1
143.025	2293	3	1
143.025	2294	2	1
143.109	2295	3	1
143.192	2296	1	1
143.192	2297	4	1
143.192	2298	2	1
143.275	2299	2	1
143.359	2300	4	1
143.359	2301	3	1
143.359	2302	1	1
143.442	2303	4	1
143.525	2304	2	1
143.525	2305	3	1
143.525	2306	1	1
143.609	2307	2	1
143.609	2308	1	1
143.692	2309	2	1
143.692	2310	3	1
143.692	2311	4	1
143.775	2312	4	1
143.775	2313	3	1
143.775	2314	1	1
143.859	2315	1	1
143.859	2316	2	1
143.900	2317	3	1
143.942	2318	4	1
143.984	2319	1	1
144.025	2320	3	1
144.067	2321	2	1
144.109	2322	1	1
144.150	2323	4	1
144.192	2324	2	1
144.234	2325	3	1
144.275	2326	4	1
144.317	2327	1	1
144.359	2328	3	1
144.400	2329	2	1
144.442	2330	4	1
144.484	2331	1	1
144.525	2332	3	1
144.567	2333	2	1
144.609	2334	4	1
144.650	2335	1	1
144.692	2336	3	1
144.734	2337	2	1
144.775	2338	4	1
144.817	2339	1	1
144.859	2340	3	1
144.900	2341	4	1
144.942	2342	1	1
144.984	2343	2	1
145.025	2344	3	1
145.067	2345	4	1
145.109	2346	1	1
145.150	2347	2	1
145.192	2348	4	2
145.359	2349	4	3
145.234	2350	1	1
145.275	2351	3	1
145.317	2352	2	1
145.359	2353	1	1
145.400	2354	3	1
145.442	2355	4	1
145.484	2356	2	1
145.525	2357	1	1
145.567	2358	3	1
145.609	2359	4	1
145.650	2360	2	1
145.692	2361	1	1
145.734	2362	4	1
145.775	2363	2	1
145.817	2364	3	1
145.859	2365	1	2
146.025	2366	1	3
145.900	2367	4	1
145.942	2368	2	1
145.984	2369	3	1
146.025	2370	4	1
146.067	2371	2	1
146.109	2372	1	1
146.150	2373	3	1
146.192	2374	4	1
146.234	2375	2	1
146.275	2376	1	1
146.317	2377	3	1
146.359	2378	4	1
146.400	2379	1	1
146.442	2380	3	1
146.484	2381	2	1
146.525	2382	1	1
146.525	2383	4	1
146.609	2384	4	1
146.609	2385	3	1
146.692	2386	3	1
146.692	2387	2	1
146.775	2388	2	1
146.775	2389	1	1
146.859	2390	3	1
146.859	2391	1	1
146.942	2392	2	1
146.942	2393	1	1
147.025	2394	3	1
147.025	2395	2	1
147.109	2396	4	1
147.109	2397	3	1
147.192	2398	4	1
147.192	2399	2	1
147.275	2400	3	1
147.275	2401	2	1
147.359	2402	1	1
147.359	2403	2	1
147.442	2404	1	1
147.442	2405	4	1
147.525	2406	4	1
147.525	2407	3	1
147.609	2408	4	1
147.609	2409	3	1
147.692	2410	1	1
147.692	2411	2	1
147.775	2412	1	1
147.775	2413	2	1
147.817	2414	3	1
147.859	2415	4	1
147.859	2416	1	1
147.942	2417	3	1
147.942	2418	4	1
148.025	2419	3	1
148.025	2420	2	1
148.109	2421	4	1
148.109	2422	1	1
148.192	2423	3	1
148.192	2424	4	1
148.275	2425	3	1
148.275	2426	2	1
148.359	2427	2	1
148.359	2428	1	1
148.442	2429	3	1
148.442	2430	4	1
148.525	2431	1	1
148.525	2432	4	1
148.609	2433	2	1
148.609	2434	1	1
148.692	2435	4	1
148.692	2436	2	1
148.775	2437	3	1
148.775	2438	4	1
148.859	2439	2	1
148.859	2440	3	1
148.942	2441	2	1
148.942	2442	3	1
149.025	2443	1	1
149.025	2444	4	1
149.067	2445	3	1
149.109	2446	4	1
149.109	2447	1	1
149.150	2448	2	1
149.192	2449	4	1
149.192	2450	3	1
149.275	2451	3	1
149.275	2452	2	1
149.359	2453	2	1
149.359	2454	1	1
149.442	2455	4	1
149.442	2456	3	1
149.525	2457	4	1
149.525	2458	1	1
149.609	2459	3	1
149.609	2460	2	1
149.692	2461	3	1
149.692	2462	4	1
149.775	2463	4	1
149.775	2464	3	1
149.859	2465	1	1
149.859	2466	2	1
149.942	2467	2	1
149.942	2468	1	1
150.025	2469	2	1
150.025	2470	3	1
150.109	2471	4	1
150.109	2472	1	1
150.192	2473	3	1
150.192	2474	4	1
150.275	2475	3	1
150.275	2476	2	1
150.359	2477	1	1
150.359	2478	2	1
150.442	2479	2	1
150.442	2480	4	1
150.484	2481	3	1
150.525	2482	4	1
150.525	2483	1	1
150.609	2484	1	1
150.609	2485	3	1
150.650	2486	2	1
150.692	2487	1	1
150.692	2488	4	1
150.775	2489	2	1
150.775	2490	3	1
150.859	2491	4	1
150.859	2492	3	1
150.900	2493	1	1
150.942	2494	4	1
150.942	2495	2	1
150.984	2496	3	1
151.025	2497	2	1
151.025	2498	1	1
151.109	2499	4	1
151.109	2500	1	1
151.192	2501	4	1
151.192	2502	3	1
151.275	2503	2	1
151.275	2504	3	1
151.317	2505	1	1
151.359	2506	4	1
151.359	2507	2	1
151.442	2508	1	1
151.442	2509	3	1
151.525	2510	4	1
151.559	2511	2	1
151.592	2512	1	1
151.625	2513	3	1
151.659	2514	4	1
151.692	2515	1	1
151.725	2516	3	1
151.759	2517	2	1
151.792	2518	4	1
151.825	2519	3	1
151.859	2520	2	1
151.859	2521	1	1
151.942	2522	4	1
151.942	2523	1	1
152.025	2524	2	1
152.025	2525	1	1
152.109	2526	3	1
152.109	2527	2	1
152.192	2528	4	1
152.192	2529	3	1
152.275	2530	1	1
152.275	2531	4	1
152.359	2532	4	1
152.359	2533	3	1
152.442	2534	3	1
152.442	2535	2	1
152.525	2536	2	1
152.525	2537	1	1
152.609	2538	3	1
152.609	2539	1	1
152.692	2540	1	1
152.692	2541	2	1
152.775	2542	3	1
152.775	2543	2	1
152.859	2544	3	1
152.859	2545	4	1
152.942	2546	2	1
152.942	2547	4	1
153.025	2548	4	1
153.025	2549	3	1
153.109	2550	1	1
153.109	2551	2	1
153.150	2552	4	1
153.192	2553	3	1
153.192	2554	2	1
153.275	2555	1	1
153.275	2556	3	1
153.359	2557	4	1
153.359	2558	2	1
153.442	2559	4	1
153.442	2560	2	1
153.525	2561	4	1
153.525	2562	1	1
153.609	2563	4	1
153.609	2564	1	1
153.692	2565	3	1
153.692	2566	2	1
153.775	2567	2	1
153.775	2568	3	1
153.859	2569	1	1
153.859	2570	2	1
153.942	2571	2	1
153.942	2572	1	1
154.025	2573	4	1
154.025	2574	3	1
154.109	2575	2	1
154.109	2576	3	1
154.192	2577	3	1
154.192	2578	2	1
154.275	2579	1	1
154.275	2580	4	1
154.359	2581	1	1
154.359	2582	2	1
154.400	2583	4	1
154.442	2584	2	1
154.442	2585	3	1
154.484	2586	1	1
154.525	2587	3	1
154.525	2588	4	1
154.609	2589	4	1
154.609	2590	1	1
154.692	2591	3	1
154.692	2592	2	1
154.775	2593	4	1
154.775	2594	3	1
154.859	2595	1	1
154.859	2596	2	1
154.942	2597	4	1
154.942	2598	1	1
155.025	2599	2	1
155.025	2600	3	1
155.109	2601	1	1
155.109	2602	2	1
155.192	2603	3	1
155.192	2604	4	1
155.275	2605	4	1
155.275	2606	1	1
155.359	2607	2	1
155.359	2608	3	1
155.442	2609	3	1
155.442	2610	4	1
155.525	2611	1	1
155.525	2612	2	1
155.609	2613	4	1
155.609	2614	1	1
155.692	2615	2	1
155.692	2616	3	1
155.775	2617	1	1
155.775	2618	2	1
155.859	2619	1	1
155.900	2620	2	1
155.942	2621	3	1
156.025	2622	2	1
156.025	2623	4	1
156.109	2624	4	1
156.150	2625	3	1
156.192	2626	2	1
156.275	2627	3	1
156.275	2628	1	1
156.359	2629	1	1
156.400	2630	2	1
156.442	2631	4	1
156.484	2632	3	1
156.525	2633	2	1
156.525	2634	1	1
156.609	2635	2	1
156.609	2636	1	1
156.692	2637	1	1
156.692	2638	2	1
156.775	2639	1	1
156.775	2640	2	1
156.859	2641	4	1
156.892	2642	3	1
156.925	2643	1	1
156.959	2644	4	1
156.992	2645	2	1
157.025	2646	1	1
157.059	2647	3	1
157.092	2648	2	1
157.125	2649	4	1
157.159	2650	1	1
157.192	2651	3	1
157.192	2652	2	1
157.275	2653	3	1
157.275	2654	2	1
157.359	2655	4	1
157.359	2656	1	1
157.442	2657	4	1
157.442	2658	3	1
157.525	2659	2	1
157.525	2660	1	1
157.609	2661	4	1
157.609	2662	2	1
157.692	2663	4	1
157.692	2664	3	1
157.775	2665	2	1
157.775	2666	1	1
157.859	2667	4	1
157.859	2668	3	1
157.942	2669	3	1
157.942	2670	2	1
158.025	2671	4	1
158.025	2672	1	1
158.109	2673	2	1
158.109	2674	1	1
158.192	2675	4	1
158.192	2676	3	1
158.275	2677	3	1
158.275	2678	4	1
158.359	2679	2	1
158.359	2680	3	1
158.442	2681	1	1
158.442	2682	2	1
158.484	2683	3	1
158.525	2684	4	1
158.525	2685	1	1
158.609	2686	4	1
158.609	2687	1	1
158.692	2688	3	1
158.692	2689	2	1
158.775	2690	4	1
158.775	2691	2	1
158.859	2692	4	1
158.859	2693	3	1
158.942	2694	2	1
158.942	2695	1	1
159.025	2696	4	1
159.025	2697	2	1
159.109	2698	2	1
159.109	2699	4	1
159.192	2700	4	1
159.192	2701	3	1
159.275	2702	2	1
159.275	2703	1	1
159.359	2704	4	1
159.359	2705	1	1
159.442	2706	2	1
159.442	2707	3	1
159.525	2708	4	1
159.525	2709	3	1
159.609	2710	3	1
159.609	2711	4	1
159.692	2712	2	1
159.692	2713	1	1
159.734	2714	4	1
159.775	2715	1	1
159.775	2716	3	1
159.817	2717	2	1
159.859	2718	4	1
159.859	2719	3	1
159.942	2720	4	1
159.942	2721	1	1
160.025	2722	3	1
160.025	2723	2	1
160.109	2724	2	1
160.109	2725	3	1
160.192	2726	2	1
160.192	2727	1	1
160.275	2728	1	1
160.275	2729	2	1
160.359	2730	4	1
160.359	2731	3	1
160.442	2732	3	1
160.442	2733	4	1
160.525	2734	3	1
160.525	2735	1	1
160.609	2736	1	1
160.609	2737	3	1
160.692	2738	4	1
160.692	2739	2	1
160.775	2740	2	1
160.775	2741	4	1
160.859	2742	4	1
160.859	2743	1	1
160.942	2744	1	1
160.942	2745	4	1
161.025	2746	3	1
161.025	2747	2	1
161.109	2748	3	1
161.109	2749	2	1
161.150	2750	4	1
161.192	2751	1	1
161.192	2752	2	1
161.275	2753	4	1
161.275	2754	1	1
161.317	2755	3	1
161.359	2756	1	1
161.359	2757	2	1
161.442	2758	4	1
161.442	2759	3	1
161.525	2760	4	1
161.525	2761	1	1
161.567	2762	2	1
161.609	2763	4	1
161.609	2764	3	1
161.650	2765	1	1
161.692	2766	2	1
161.692	2767	3	1
161.775	2768	1	1
161.775	2769	2	1
161.859	2770	4	1
161.859	2771	3	1
161.942	2772	4	1
161.942	2773	1	1
161.984	2774	3	1
162.025	2775	1	1
162.025	2776	2	1
162.109	2777	3	1
162.109	2778	2	1
162.192	2779	4	1
162.225	2780	3	1
162.259	2781	1	1
162.292	2782	4	1
162.325	2783	2	1
162.359	2784	1	1
162.392	2785	3	1
162.425	2786	4	1
162.459	2787	2	1
162.492	2788	3	1
162.525	2789	1	1
162.525	2790	4	1
162.609	2791	3	1
162.609	2792	4	1
162.692	2793	2	1
162.692	2794	3	1
162.775	2795	1	1
162.775	2796	2	1
162.859	2797	1	1
162.859	2798	3	1
162.942	2799	1	1
162.942	2800	2	1
163.025	2801	2	1
163.025	2802	3	1
163.109	2803	3	1
163.109	2804	4	1
163.192	2805	2	1
163.192	2806	4	1
163.275	2807	2	1
163.275	2808	3	1
163.359	2809	2	1
163.359	2810	1	1
163.442	2811	4	1
163.442	2812	1	1
163.525	2813	3	1
163.525	2814	4	1
163.609	2815	3	1
163.609	2816	4	1
163.692	2817	2	1
163.692	2818	1	1
163.775	2819	2	1
163.775	2820	1	1
163.817	2821	3	1
163.859	2822	1	1
163.859	2823	4	1
163.942	2824	4	1
163.942	2825	3	1
164.025	2826	2	1
164.025	2827	3	1
164.109	2828	1	1
164.109	2829	4	1
164.192	2830	4	1
164.192	2831	3	1
164.275	2832	2	1
164.275	2833	3	1
164.359	2834	1	1
164.359	2835	2	1
164.442	2836	4	1
164.442	2837	3	1
164.525	2838	4	1
164.525	2839	1	1
164.609	2840	1	1
164.609	2841	2	1
164.692	2842	2	1
164.692	2843	4	1
164.775	2844	4	1
164.775	2845	3	1
164.859	2846	3	1
164.859	2847	2	1
164.942	2848	3	1
164.942	2849	2	1
165.025	2850	4	1
165.025	2851	1	1
165.067	2852	3	1
165.109	2853	1	1
165.109	2854	4	1
165.150	2855	2	1
165.192	2856	4	1
165.192	2857	3	1
165.234	2858	2	1
165.275	2859	1	1
165.317	2860	3	1
165.359	2861	4	1
165.400	2862	2	1
165.442	2863	3	1
165.484	2864	1	1
165.525	2865	4	1
165.567	2866	2	1
165.609	2867	1	1
165.650	2868	3	1
165.692	2869	2	1
165.734	2870	3	1
165.775	2871	4	1
165.817	2872	2	1
165.859	2873	1	1
165.900	2874	3	1
165.942	2875	2	1
165.984	2876	4	1
166.025	2877	1	1
166.067	2878	3	1
166.109	2879	4	1
166.150	2880	2	1
166.192	2881	1	1
166.234	2882	3	1
166.275	2883	2	1
166.317	2884	1	1
166.359	2885	3	1
166.400	2886	4	1
166.442	2887	2	1
166.484	2888	3	1
166.525	2889	1	1
166.559	2890	2	1
166.592	2891	3	1
166.625	2892	4	1
166.659	2893	1	1
166.692	2894	2	1
166.725	2895	3	1
166.759	2896	4	1
166.792	2897	1	1
166.825	2898	2	1
166.859	2899	3	1
166.892	2900	4	1
166.925	2901	1	1
166.959	2902	2	1
166.992	2903	3	1
167.025	2904	4	1
167.059	2905	1	1
167.092	2906	2	1
167.125	2907	3	1
167.159	2908	4	1
167.192	2909	2	1
167.225	2910	3	1
167.259	2911	1	1
167.292	2912	2	1
167.325	2913	4	1
167.359	2914	1	1
167.392	2915	3	1
167.425	2916	4	1
167.459	2917	2	1
167.492	2918	1	1
167.525	2919	4	1
167.559	2920	3	1
167.592	2921	2	1
167.625	2922	4	1
167.659	2923	3	1
167.692	2924	1	1
167.725	2925	2	1
167.759	2926	4	1
167.792	2927	1	1
167.825	2928	3	1
167.859	2929	2	1
168.633	2930	4	1
168.633	2931	2	2
169.020	2932	2	3
168.633	2933	1	2
169.213	2934	1	3
169.020	2935	4	1
169.020	2936	3	2
169.407	2937	3	3
169.213	2938	2	2
169.407	2939	2	3
169.407	2940	1	2
170.084	2941	1	3
169.407	2942	4	2
170.568	2943	4	3
169.794	2944	3	1
169.794	2945	2	1
170.084	2946	3	1
170.181	2947	1	1
170.568	2948	2	1
170.617	2949	3	1
170.665	2950	2	1
170.713	2951	4	1
170.762	2952	1	1
170.810	2953	4	1
170.859	2954	2	1
170.907	2955	3	1
170.955	2956	1	2
171.246	2957	1	3
170.955	2958	4	2
171.342	2959	4	3
171.342	2960	3	1
171.342	2961	1	1
171.536	2962	4	2
172.020	2963	4	3
171.536	2964	2	2
173.181	2965	2	3
171.729	2966	1	1
172.117	2967	3	1
172.117	2968	4	1
172.504	2969	3	1
172.891	2970	4	1
172.891	2971	1	1
173.278	2972	2	2
174.052	2973	2	3
173.278	2974	1	2
173.665	2975	1	3
173.665	2976	3	2
174.052	2977	3	3
173.665	2978	4	1
174.052	2979	4	2
175.213	2980	4	3
174.052	2981	1	2
174.729	2982	1	3
174.439	2983	3	1
174.439	2984	2	1
174.729	2985	3	1
174.826	2986	1	1
175.020	2987	1	1
175.213	2988	3	1
175.262	2989	2	1
175.310	2990	4	1
175.359	2991	1	1
175.407	2992	4	1
175.455	2993	2	1
175.504	2994	3	1
175.552	2995	4	1
175.600	2996	2	2
175.988	2997	2	3
175.600	2998	1	2
175.794	2999	1	3
175.794	3000	3	2
176.181	3001	3	3
175.988	3002	1	2
176.375	3003	1	3
175.988	3004	4	2
176.181	3005	4	3
176.181	3006	2	2
176.375	3007	2	3
176.375	3008	4	2
176.762	3009	4	3
176.375	3010	3	2
176.568	3011	3	3
176.568	3012	2	2
176.762	3013	2	3
176.762	3014	1	1
176.762	3015	3	1
176.955	3016	4	2
177.729	3017	4	3
177.149	3018	2	2
178.310	3019	2	3
177.149	3020	1	2
178.697	3021	1	3
177.826	3022	3	1
177.826	3023	4	1
178.697	3024	3	1
178.762	3025	4	1
178.826	3026	3	1
178.891	3027	2	1
178.955	3028	4	1
179.020	3029	2	1
179.084	3030	1	1
179.149	3031	3	1
179.213	3032	2	1
179.278	3033	4	1
179.471	3034	2	2
180.246	3035	2	3
179.471	3036	1	2
179.859	3037	1	3
179.859	3038	3	2
180.246	3039	3	3
179.859	3040	4	1
180.246	3041	1	2
181.407	3042	1	3
180.246	3043	4	2
180.923	3044	4	3
180.633	3045	2	1
180.633	3046	3	1
180.923	3047	2	1
181.020	3048	4	1
181.213	3049	4	1
181.407	3050	3	1
181.455	3051	2	1
181.504	3052	4	1
181.552	3053	1	1
181.600	3054	4	1
181.649	3055	1	1
181.697	3056	3	1
181.746	3057	2	1
181.794	3058	4	2
181.988	3059	4	3
181.794	3060	1	2
182.181	3061	1	3
182.181	3062	2	1
182.181	3063	3	1
182.375	3064	4	2
182.955	3065	4	3
182.375	3066	2	2
182.859	3067	2	3
182.955	3068	2	2
183.342	3069	2	3
182.955	3070	1	2
183.149	3071	1	3
183.149	3072	4	2
183.342	3073	4	3
183.342	3074	3	2
183.923	3075	3	3
183.342	3076	1	2
183.729	3077	1	3
183.536	3078	4	2
183.729	3079	4	3
183.729	3080	2	2
183.923	3081	2	3
183.923	3082	1	2
184.310	3083	1	3
183.923	3084	4	2
184.310	3085	4	3
184.117	3086	2	2
184.310	3087	2	3
184.310	3088	3	2
184.697	3089	3	3
184.504	3090	1	1
184.504	3091	4	2
184.697	3092	4	3
184.697	3093	2	2
185.278	3094	2	3
184.697	3095	1	2
185.084	3096	1	3
184.891	3097	3	1
185.084	3098	4	2
185.278	3099	4	3
185.278	3100	1	2
185.471	3101	1	3
185.278	3102	3	2
185.665	3103	3	3
185.471	3104	2	2
185.665	3105	2	3
185.665	3106	4	2
186.052	3107	4	3
185.665	3108	1	2
185.858	3109	1	3
185.858	3110	3	2
186.052	3111	3	3
186.052	3112	1	1
186.052	3113	2	1
186.246	3114	3	2
186.439	3115	3	3
186.439	3116	1	2
187.117	3117	1	3
186.439	3118	4	2
187.600	3119	4	3
186.826	3120	3	1
186.826	3121	2	1
187.213	3122	1	1
187.600	3123	1	1
187.600	3124	2	2
187.988	3125	2	3
187.794	3126	3	2
187.988	3127	3	3
187.988	3128	4	2
188.375	3129	4	3
187.988	3130	1	2
188.375	3131	1	3
188.375	3132	2	1
188.439	3133	3	1
188.504	3134	4	1
188.568	3135	1	1
188.633	3136	4	1
188.697	3137	3	1
188.762	3138	2	1
189.149	3139	1	2
189.536	3140	1	3
189.149	3141	3	2
189.342	3142	3	3
189.342	3143	4	1
189.536	3144	2	2
189.826	3145	2	3
189.536	3146	3	2
189.923	3147	3	3
189.923	3148	2	1
189.923	3149	1	1
190.117	3150	4	2
190.504	3151	4	3
190.117	3152	3	2
190.407	3153	3	3
190.310	3154	2	1
190.504	3155	3	1
190.697	3156	1	2
192.536	3157	1	3
190.697	3158	4	2
191.858	3159	4	3
191.084	3160	3	1
191.278	3161	2	1
191.858	3162	3	1
192.246	3163	4	2
192.536	3164	4	3
192.294	3165	3	2
192.536	3166	3	3
192.342	3167	2	2
192.536	3168	2	3
192.633	3169	1	2
192.721	3170	1	3
192.633	3171	2	2
192.721	3172	2	3
192.633	3173	4	2
192.721	3174	4	3
192.809	3175	4	2
192.897	3176	4	3
192.809	3177	2	2
192.897	3178	2	3
192.809	3179	1	2
192.897	3180	1	3
192.985	3181	3	1
192.985	3182	1	2
193.074	3183	1	3
192.985	3184	2	2
193.074	3185	2	3
193.162	3186	3	2
193.250	3187	3	3
193.162	3188	2	2
193.250	3189	2	3
193.162	3190	1	2
193.250	3191	1	3
193.338	3192	1	2
193.427	3193	1	3
193.338	3194	2	2
193.427	3195	2	3
193.338	3196	4	2
193.427	3197	4	3
193.515	3198	2	2
193.780	3199	2	3
193.515	3200	3	2
193.691	3201	3	3
193.515	3202	4	2
193.780	3203	4	3
193.691	3204	1	1
193.868	3205	4	2
194.133	3206	4	3
193.868	3207	1	2
194.133	3208	1	3
193.868	3209	2	2
194.133	3210	2	3
194.044	3211	3	1
194.221	3212	4	2
194.309	3213	4	3
194.221	3214	2	2
194.309	3215	2	3
194.221	3216	1	2
194.309	3217	1	3
194.397	3218	4	1
194.397	3219	2	2
194.485	3220	2	3
194.397	3221	1	2
194.485	3222	1	3
194.574	3223	3	2
194.662	3224	3	3
194.574	3225	2	2
194.662	3226	2	3
194.574	3227	1	2
194.662	3228	1	3
194.750	3229	1	2
194.838	3230	1	3
194.750	3231	2	2
194.838	3232	2	3
194.750	3233	3	2
194.838	3234	3	3
194.927	3235	4	2
195.191	3236	4	3
194.927	3237	2	2
195.191	3238	2	3
194.927	3239	3	2
195.103	3240	3	3
195.103	3241	1	1
195.280	3242	2	2
195.368	3243	2	3
195.280	3244	3	2
195.368	3245	3	3
195.280	3246	4	2
195.368	3247	4	3
195.456	3248	1	2
195.544	3249	1	3
195.456	3250	2	2
195.544	3251	2	3
195.456	3252	4	2
195.544	3253	4	3
195.633	3254	4	2
195.721	3255	4	3
195.633	3256	2	2
195.721	3257	2	3
195.633	3258	1	2
195.721	3259	1	3
195.809	3260	3	1
195.809	3261	1	2
195.897	3262	1	3
195.809	3263	2	2
195.897	3264	2	3
195.985	3265	3	2
196.074	3266	3	3
195.985	3267	2	2
196.074	3268	2	3
195.985	3269	1	2
196.074	3270	1	3
196.162	3271	1	2
196.250	3272	1	3
196.162	3273	2	2
196.250	3274	2	3
196.162	3275	4	2
196.250	3276	4	3
196.338	3277	3	2
196.515	3278	3	3
196.338	3279	4	2
196.603	3280	4	3
196.338	3281	2	2
196.603	3282	2	3
196.515	3283	1	1
196.691	3284	2	2
197.485	3285	2	3
196.691	3286	3	2
197.485	3287	3	3
196.691	3288	1	2
197.133	3289	1	3
196.868	3290	4	1
197.221	3291	4	1
197.221	3292	1	1
197.750	3293	4	1
197.750	3294	1	1
197.927	3295	2	2
198.103	3296	2	3
197.927	3297	3	2
198.191	3298	3	3
197.927	3299	1	2
198.191	3300	1	3
198.280	3301	1	2
198.368	3302	1	3
198.280	3303	2	2
198.368	3304	2	3
198.280	3305	4	2
198.368	3306	4	3
198.456	3307	4	2
198.544	3308	4	3
198.456	3309	2	2
198.544	3310	2	3
198.456	3311	1	2
198.544	3312	1	3
198.633	3313	3	1
198.633	3314	1	2
198.721	3315	1	3
198.633	3316	2	2
198.721	3317	2	3
198.809	3318	3	2
198.897	3319	3	3
198.809	3320	2	2
198.897	3321	2	3
198.809	3322	1	2
198.897	3323	1	3
198.985	3324	1	2
199.074	3325	1	3
198.985	3326	2	2
199.074	3327	2	3
198.985	3328	4	2
199.074	3329	4	3
199.162	3330	2	2
199.427	3331	2	3
199.162	3332	3	2
199.338	3333	3	3
199.162	3334	4	2
199.427	3335	4	3
199.338	3336	1	1
199.515	3337	4	2
199.780	3338	4	3
199.515	3339	1	2
199.780	3340	1	3
199.515	3341	2	2
199.780	3342	2	3
199.691	3343	3	1
199.868	3344	4	2
199.956	3345	4	3
199.868	3346	2	2
199.956	3347	2	3
199.868	3348	1	2
199.956	3349	1	3
200.044	3350	4	1
200.044	3351	2	2
200.133	3352	2	3
200.044	3353	1	2
200.133	3354	1	3
200.221	3355	3	2
200.309	3356	3	3
200.221	3357	2	2
200.309	3358	2	3
200.221	3359	1	2
200.309	3360	1	3
200.397	3361	1	2
200.485	3362	1	3
200.397	3363	2	2
200.485	3364	2	3
200.397	3365	3	2
200.485	3366	3	3
200.574	3367	4	2
200.838	3368	4	3
200.574	3369	2	2
200.838	3370	2	3
200.574	3371	3	2
200.750	3372	3	3
200.750	3373	1	1
200.927	3374	1	2
201.280	3375	1	3
200.927	3376	2	2
201.191	3377	2	3
200.927	3378	4	2
201.280	3379	4	3
201.103	3380	3	1
201.280	3381	2	2
201.368	3382	2	3
201.280	3383	3	2
201.368	3384	3	3
201.456	3385	1	1
201.456	3386	2	2
201.544	3387	2	3
201.456	3388	4	2
201.544	3389	4	3
201.633	3390	3	2
201.809	3391	3	3
201.633	3392	1	2
201.721	3393	1	3
201.809	3394	4	2
201.985	3395	4	3
201.809	3396	1	2
201.897	3397	1	3
201.985	3398	2	1
202.074	3399	1	2
202.250	3400	1	3
202.074	3401	4	2
202.250	3402	4	3
202.162	3403	3	2
202.250	3404	3	3
202.338	3405	1	2
203.133	3406	1	3
202.338	3407	4	2
203.133	3408	4	3
202.338	3409	2	2
202.780	3410	2	3
202.515	3411	3	1
202.868	3412	2	1
202.868	3413	3	1
203.397	3414	3	1
203.397	3415	2	1
203.574	3416	2	2
203.662	3417	2	3
203.574	3418	1	2
203.838	3419	1	3
203.574	3420	4	2
203.662	3421	4	3
203.750	3422	2	2
203.838	3423	2	3
203.750	3424	3	2
203.838	3425	3	3
203.927	3426	4	2
204.012	3427	4	3
203.927	3428	3	2
204.012	3429	3	3
203.927	3430	1	2
204.012	3431	1	3
204.098	3432	1	2
204.184	3433	1	3
204.098	3434	3	2
204.184	3435	3	3
204.098	3436	4	2
204.184	3437	4	3
204.269	3438	2	1
204.269	3439	4	2
204.355	3440	4	3
204.269	3441	3	2
204.355	3442	3	3
204.441	3443	2	2
204.527	3444	2	3
204.441	3445	3	2
204.527	3446	3	3
204.441	3447	4	2
204.527	3448	4	3
204.612	3449	4	2
204.698	3450	4	3
204.612	3451	3	2
204.698	3452	3	3
204.612	3453	1	2
204.698	3454	1	3
204.784	3455	3	2
205.041	3456	3	3
204.784	3457	2	2
204.955	3458	2	3
204.784	3459	1	2
205.041	3460	1	3
204.955	3461	4	1
205.127	3462	3	2
205.384	3463	3	3
205.127	3464	4	2
205.384	3465	4	3
205.127	3466	1	2
205.384	3467	1	3
205.298	3468	2	1
205.469	3469	4	2
205.555	3470	4	3
205.469	3471	3	2
205.555	3472	3	3
205.469	3473	1	2
205.555	3474	1	3
205.641	3475	1	1
205.641	3476	4	2
205.727	3477	4	3
205.641	3478	3	2
205.727	3479	3	3
205.812	3480	4	2
205.898	3481	4	3
205.812	3482	3	2
205.898	3483	3	3
205.812	3484	2	2
205.898	3485	2	3
205.984	3486	4	2
206.069	3487	4	3
205.984	3488	3	2
206.069	3489	3	3
205.984	3490	2	2
206.069	3491	2	3
206.155	3492	1	2
206.412	3493	1	3
206.155	3494	3	2
206.412	3495	3	3
206.155	3496	2	2
206.327	3497	2	3
206.327	3498	4	1
206.498	3499	3	2
206.584	3500	3	3
206.498	3501	2	2
206.584	3502	2	3
206.669	3503	3	1
206.669	3504	4	2
206.755	3505	4	3
206.669	3506	1	2
206.755	3507	1	3
206.841	3508	3	2
206.927	3509	3	3
206.841	3510	2	2
206.927	3511	2	3
207.012	3512	4	2
207.098	3513	4	3
207.012	3514	1	2
207.098	3515	1	3
207.012	3516	2	1
207.184	3517	1	2
207.269	3518	1	3
207.184	3519	3	2
207.355	3520	3	3
207.355	3521	2	2
207.441	3522	2	3
207.355	3523	4	2
207.441	3524	4	3
207.527	3525	1	1
207.527	3526	2	2
207.612	3527	2	3
207.527	3528	3	2
207.612	3529	3	3
207.698	3530	3	1
207.698	3531	4	2
207.784	3532	4	3
207.698	3533	1	2
207.784	3534	1	3
207.869	3535	2	2
208.641	3536	2	3
207.869	3537	3	2
208.641	3538	3	3
207.869	3539	1	2
208.298	3540	1	3
208.041	3541	4	1
208.384	3542	4	1
208.384	3543	1	1
208.898	3544	4	1
208.898	3545	1	1
209.069	3546	4	2
209.155	3547	4	3
209.069	3548	2	2
209.155	3549	2	3
209.069	3550	1	2
209.327	3551	1	3
209.241	3552	2	2
209.327	3553	2	3
209.241	3554	3	2
209.327	3555	3	3
209.412	3556	4	2
209.498	3557	4	3
209.412	3558	3	2
209.498	3559	3	3
209.412	3560	1	2
209.498	3561	1	3
209.584	3562	1	2
209.669	3563	1	3
209.584	3564	3	2
209.669	3565	3	3
209.584	3566	4	2
209.669	3567	4	3
209.755	3568	2	1
209.755	3569	4	2
209.841	3570	4	3
209.755	3571	3	2
209.841	3572	3	3
209.927	3573	2	2
210.012	3574	2	3
209.927	3575	3	2
210.012	3576	3	3
209.927	3577	4	2
210.012	3578	4	3
210.098	3579	4	2
210.184	3580	4	3
210.098	3581	3	2
210.184	3582	3	3
210.098	3583	1	2
210.184	3584	1	3
210.269	3585	3	2
210.527	3586	3	3
210.269	3587	2	2
210.441	3588	2	3
210.269	3589	1	2
210.527	3590	1	3
210.441	3591	4	1
210.612	3592	3	2
210.869	3593	3	3
210.612	3594	4	2
210.869	3595	4	3
210.612	3596	1	2
210.869	3597	1	3
210.784	3598	2	1
210.955	3599	4	2
211.041	3600	4	3
210.955	3601	3	2
211.041	3602	3	3
210.955	3603	1	2
211.041	3604	1	3
211.127	3605	1	1
211.127	3606	4	2
211.212	3607	4	3
211.127	3608	3	2
211.212	3609	3	3
211.298	3610	4	2
211.384	3611	4	3
211.298	3612	3	2
211.384	3613	3	3
211.298	3614	2	2
211.384	3615	2	3
211.469	3616	4	2
211.555	3617	4	3
211.469	3618	3	2
211.555	3619	3	3
211.469	3620	2	2
211.555	3621	2	3
211.641	3622	1	2
211.898	3623	1	3
211.641	3624	3	2
211.898	3625	3	3
211.641	3626	2	2
211.812	3627	2	3
211.812	3628	4	1
211.984	3629	3	1
211.984	3630	2	1
212.069	3631	2	1
212.069	3632	3	1
212.155	3633	3	2
212.327	3634	3	3
212.155	3635	2	2
212.241	3636	2	3
212.327	3637	1	2
212.412	3638	1	3
212.327	3639	4	1
212.498	3640	3	1
212.498	3641	2	2
212.584	3642	2	3
212.498	3643	1	1
212.669	3644	4	2
212.841	3645	4	3
212.669	3646	3	2
212.755	3647	3	3
212.841	3648	3	1
212.841	3649	2	1
212.841	3650	1	1
213.012	3651	1	1
213.012	3652	4	2
213.098	3653	4	3
213.184	3654	2	1
213.184	3655	3	2
213.269	3656	3	3
213.184	3657	4	1
213.355	3658	2	2
213.527	3659	2	3
213.355	3660	1	2
213.441	3661	1	3
213.527	3662	1	1
213.527	3663	4	1
213.527	3664	3	1
213.698	3665	4	1
213.698	3666	3	1
213.869	3667	4	1
213.869	3668	2	1
213.869	3669	1	1
214.041	3670	1	1
214.041	3671	2	1
214.212	3672	2	1
214.212	3673	3	1
214.212	3674	4	1
214.298	3675	4	1
214.298	3676	3	1
214.384	3677	3	1
214.384	3678	1	1
214.469	3679	4	1
214.555	3680	3	1
214.555	3681	2	1
214.555	3682	1	1
214.641	3683	1	1
214.641	3684	2	1
214.727	3685	4	1
214.727	3686	2	1
214.812	3687	1	1
214.898	3688	3	2
215.898	3689	3	3
214.898	3690	4	1
214.925	3691	2	2
215.092	3692	2	3
215.231	3693	4	2
215.370	3694	4	3
215.259	3695	1	2
215.398	3696	1	3
215.564	3697	4	1
215.564	3698	2	2
215.620	3699	2	3
215.564	3700	1	1
215.675	3701	2	2
215.731	3702	2	3
215.786	3703	2	2
215.842	3704	2	3
215.898	3705	4	2
216.231	3706	4	3
215.925	3707	1	2
216.064	3708	1	3
216.231	3709	1	1
216.231	3710	2	2
216.564	3711	2	3
216.259	3712	3	2
216.370	3713	3	3
216.286	3714	4	2
216.398	3715	4	3
216.564	3716	1	1
216.620	3717	3	1
216.675	3718	4	1
216.731	3719	1	1
216.731	3720	2	1
216.786	3721	3	1
216.842	3722	1	1
216.898	3723	2	1
216.898	3724	3	1
216.898	3725	4	1
217.046	3726	3	1
217.083	3727	1	1
217.120	3728	4	1
217.157	3729	2	1
217.194	3730	1	1
217.231	3731	3	1
217.268	3732	2	1
217.305	3733	4	1
217.342	3734	3	1
217.379	3735	1	1
217.416	3736	2	1
217.453	3737	3	1
217.490	3738	1	1
217.527	3739	4	1
217.564	3740	2	2
217.620	3741	2	3
217.564	3742	3	2
218.481	3743	3	3
217.675	3744	2	2
217.731	3745	2	3
217.786	3746	2	2
217.842	3747	2	3
217.898	3748	4	2
218.036	3749	4	3
217.925	3750	1	2
218.064	3751	1	3
218.231	3752	2	1
218.231	3753	4	2
218.370	3754	4	3
218.231	3755	1	2
218.342	3756	1	3
218.481	3757	2	2
218.731	3758	2	3
218.564	3759	4	2
218.648	3760	4	3
218.592	3761	3	2
218.675	3762	3	3
218.731	3763	4	2
218.898	3764	4	3
218.759	3765	1	2
218.814	3766	1	3
218.898	3767	1	2
219.231	3768	1	3
218.898	3769	2	1
218.925	3770	3	2
218.981	3771	3	3
218.953	3772	4	2
219.009	3773	4	3
219.064	3774	2	2
219.120	3775	2	3
219.092	3776	3	2
219.148	3777	3	3
219.148	3778	4	1
219.231	3779	3	1
219.286	3780	2	1
219.342	3781	1	1
219.398	3782	3	1
219.398	3783	4	1
219.453	3784	2	1
219.509	3785	4	1
219.564	3786	1	1
219.564	3787	2	1
219.564	3788	3	1
219.712	3789	1	1
219.749	3790	2	1
219.786	3791	4	1
219.823	3792	3	1
219.860	3793	1	1
219.898	3794	2	1
219.935	3795	3	1
219.972	3796	4	1
220.009	3797	2	1
220.046	3798	1	1
220.083	3799	4	1
220.120	3800	3	1
220.157	3801	1	1
220.194	3802	4	1
220.231	3803	2	2
221.231	3804	2	3
220.259	3805	3	2
220.425	3806	3	3
220.564	3807	4	2
220.703	3808	4	3
220.592	3809	1	2
220.731	3810	1	3
220.898	3811	1	1
220.898	3812	3	1
220.898	3813	4	2
220.953	3814	4	3
221.009	3815	4	2
221.064	3816	4	3
221.120	3817	4	2
221.175	3818	4	3
221.231	3819	3	2
221.564	3820	3	3
221.259	3821	1	2
221.398	3822	1	3
221.564	3823	1	2
221.898	3824	1	3
221.564	3825	4	1
221.592	3826	2	2
221.703	3827	2	3
221.620	3828	3	2
221.731	3829	3	3
221.898	3830	3	1
221.953	3831	4	1
222.009	3832	2	1
222.064	3833	3	1
222.064	3834	4	1
222.120	3835	1	1
222.175	3836	2	1
222.231	3837	1	1
222.231	3838	3	1
222.231	3839	4	1
222.398	3840	2	1
222.398	3841	3	1
222.564	3842	2	1
222.564	3843	1	1
222.564	3844	3	1
222.564	3845	4	1
222.648	3846	2	1
222.648	3847	1	1
222.648	3848	3	1
222.648	3849	4	1
222.731	3850	4	1
222.731	3851	3	1
222.731	3852	1	1
222.731	3853	2	1
222.814	3854	4	1
222.814	3855	3	1
222.814	3856	1	1
222.814	3857	2	1
222.898	3858	4	1
222.898	3859	1	1
222.898	3860	2	1
222.898	3861	3	1
223.064	3862	2	2
223.148	3863	2	3
223.064	3864	3	2
223.148	3865	3	3
223.231	3866	2	2
223.314	3867	2	3
223.231	3868	1	2
223.314	3869	1	3
223.231	3870	4	1
223.398	3871	4	2
223.564	3872	4	3
223.398	3873	1	2
223.481	3874	1	3
223.398	3875	3	1
223.564	3876	3	2
223.648	3877	3	3
223.564	3878	2	2
223.648	3879	2	3
223.731	3880	2	1
223.731	3881	1	1
223.786	3882	4	1
223.842	3883	1	1
223.898	3884	4	1
223.953	3885	1	1
224.009	3886	4	1
224.064	3887	3	1
224.064	3888	2	1
224.148	3889	3	1
224.148	3890	2	1
224.231	3891	4	2
224.398	3892	4	3
224.231	3893	1	2
224.314	3894	1	3
224.398	3895	2	2
224.481	3896	2	3
224.398	3897	3	2
224.481	3898	3	3
224.564	3899	2	2
224.648	3900	2	3
224.564	3901	1	2
224.648	3902	1	3
224.564	3903	4	1
224.731	3904	4	2
224.898	3905	4	3
224.731	3906	1	2
224.814	3907	1	3
224.731	3908	3	1
224.898	3909	3	2
224.981	3910	3	3
224.898	3911	2	2
224.981	3912	2	3
225.064	3913	1	1
225.064	3914	3	1
225.120	3915	2	1
225.175	3916	3	1
225.231	3917	2	1
225.286	3918	3	1
225.342	3919	2	1
225.398	3920	1	1
225.398	3921	4	1
225.481	3922	4	1
225.481	3923	1	1
225.564	3924	3	2
225.731	3925	3	3
225.564	3926	2	2
225.648	3927	2	3
225.731	3928	4	2
225.814	3929	4	3
225.731	3930	1	2
225.814	3931	1	3
225.898	3932	3	1
225.898	3933	2	2
225.981	3934	2	3
225.898	3935	1	2
225.981	3936	1	3
226.064	3937	2	2
226.231	3938	2	3
226.064	3939	4	2
226.148	3940	4	3
226.231	3941	3	2
226.314	3942	3	3
226.231	3943	4	2
226.314	3944	4	3
226.398	3945	1	1
226.398	3946	2	1
226.453	3947	4	1
226.509	3948	1	1
226.564	3949	4	1
226.620	3950	1	1
226.675	3951	4	1
226.731	3952	2	1
226.731	3953	3	1
226.814	3954	2	1
226.814	3955	3	1
226.898	3956	4	2
227.064	3957	4	3
226.898	3958	1	2
226.981	3959	1	3
227.064	3960	3	2
227.148	3961	3	3
227.064	3962	1	2
227.148	3963	1	3
227.231	3964	4	1
227.231	3965	3	2
227.314	3966	3	3
227.231	3967	2	2
227.314	3968	2	3
227.398	3969	2	2
227.564	3970	2	3
227.398	3971	4	2
227.481	3972	4	3
227.564	3973	3	2
227.648	3974	3	3
227.564	3975	1	2
227.648	3976	1	3
227.731	3977	4	1
227.731	3978	2	1
227.898	3979	4	1
227.898	3980	3	1
227.898	3981	2	1
227.898	3982	1	1
227.981	3983	4	1
227.981	3984	3	1
227.981	3985	2	1
227.981	3986	1	1
228.064	3987	4	1
228.064	3988	3	1
228.064	3989	2	1
228.064	3990	1	1
228.148	3991	4	1
228.148	3992	3	1
228.148	3993	2	1
228.148	3994	1	1
228.231	3995	4	1
228.231	3996	2	1
228.231	3997	1	1
228.231	3998	3	1
228.398	3999	2	2
228.481	4000	2	3
228.398	4001	3	2
228.481	4002	3	3
228.564	4003	2	2
228.648	4004	2	3
228.564	4005	1	2
228.648	4006	1	3
228.564	4007	4	1
228.731	4008	4	2
228.897	4009	4	3
228.731	4010	1	2
228.814	4011	1	3
228.731	4012	3	1
228.897	4013	3	2
228.981	4014	3	3
228.897	4015	2	2
228.981	4016	2	3
229.064	4017	1	1
229.064	4018	2	1
229.120	4019	4	1
229.175	4020	1	1
229.231	4021	4	1
229.286	4022	1	1
229.342	4023	4	1
229.397	4024	2	1
229.397	4025	3	1
229.481	4026	2	1
229.481	4027	3	1
229.564	4028	4	2
229.731	4029	4	3
229.564	4030	1	2
229.647	4031	1	3
229.731	4032	2	2
229.814	4033	2	3
229.731	4034	3	2
229.814	4035	3	3
229.897	4036	2	2
229.981	4037	2	3
229.897	4038	1	2
229.981	4039	1	3
229.897	4040	4	1
230.064	4041	4	2
230.231	4042	4	3
230.064	4043	1	2
230.147	4044	1	3
230.064	4045	3	1
230.231	4046	3	2
230.314	4047	3	3
230.231	4048	2	2
230.314	4049	2	3
230.397	4050	3	1
230.397	4051	1	1
230.453	4052	2	1
230.509	4053	3	1
230.564	4054	2	1
230.620	4055	3	1
230.675	4056	2	1
230.731	4057	1	1
230.731	4058	4	1
230.814	4059	3	1
230.814	4060	1	1
230.897	4061	4	1
230.897	4062	3	2
231.064	4063	3	3
230.897	4064	2	2
230.981	4065	2	3
231.064	4066	2	1
231.064	4067	4	2
231.147	4068	4	3
231.064	4069	1	2
231.147	4070	1	3
231.231	4071	3	2
231.314	4072	3	3
231.231	4073	4	1
231.231	4074	1	2
231.314	4075	1	3
231.397	4076	1	1
231.397	4077	2	2
231.564	4078	2	3
231.397	4079	4	2
231.481	4080	4	3
231.564	4081	3	2
231.647	4082	3	3
231.564	4083	4	1
231.564	4084	1	2
231.647	4085	1	3
231.731	4086	4	1
231.731	4087	2	1
231.786	4088	3	1
231.842	4089	2	1
231.897	4090	3	1
231.953	4091	2	1
232.009	4092	3	1
232.064	4093	1	1
232.064	4094	4	1
232.147	4095	1	1
232.189	4096	2	1
232.231	4097	3	1
232.397	4098	2	1
232.397	4099	4	1
232.481	4100	2	1
232.481	4101	3	1
232.564	4102	4	1
232.564	4103	2	1
232.564	4104	1	1
232.564	4105	3	1
232.647	4106	3	1
232.647	4107	2	1
232.647	4108	4	1
232.647	4109	1	1
232.731	4110	4	1
232.731	4111	2	1
232.731	4112	3	1
232.731	4113	1	1
232.814	4114	3	1
232.814	4115	2	1
232.814	4116	4	1
232.814	4117	1	1
232.897	4118	3	1
232.897	4119	2	1
232.981	4120	3	1
232.981	4121	1	1
233.064	4122	2	1
233.064	4123	4	1
233.147	4124	2	1
233.147	4125	3	1
233.231	4126	4	1
233.231	4127	1	1
233.314	4128	4	1
233.314	4129	1	1
233.397	4130	2	1
233.481	4131	3	1
233.564	4132	2	2
237.314	4133	2	3
233.564	4134	3	2
237.230	4135	3	3
233.564	4136	4	2
237.147	4137	4	3
233.564	4138	1	2
237.397	4139	1	3
237.564	4140	4	2
238.147	4141	4	3
237.564	4142	1	2
238.230	4143	1	3
238.230	4144	4	2
238.314	4145	4	3
238.230	4146	2	2
238.814	4147	2	3
238.397	4148	4	2
238.564	4149	4	3
238.564	4150	3	2
238.647	4151	3	3
238.730	4152	3	2
238.814	4153	3	3
238.897	4154	4	1
238.897	4155	1	1
238.897	4156	2	1
238.957	4157	3	1
239.013	4158	4	1
239.068	4159	3	1
239.068	4160	1	1
239.124	4161	2	1
239.179	4162	3	1
239.235	4163	4	1
239.235	4164	1	1
239.290	4165	2	1
239.346	4166	1	1
239.402	4167	4	1
239.402	4168	2	1
239.457	4169	3	1
239.513	4170	2	1
239.568	4171	4	1
239.568	4172	1	1
239.624	4173	3	1
239.679	4174	4	1
239.735	4175	1	1
239.735	4176	3	1
239.790	4177	2	1
239.846	4178	4	1
239.902	4179	1	1
239.902	4180	2	1
239.902	4181	3	1
239.957	4182	4	1
240.013	4183	1	1
240.068	4184	4	1
240.068	4185	3	1
240.068	4186	2	1
240.124	4187	1	1
240.179	4188	3	1
240.235	4189	1	1
240.235	4190	2	1
240.235	4191	4	1
240.290	4192	3	1
240.346	4193	4	1
240.402	4194	1	1
240.402	4195	2	1
240.457	4196	3	1
240.513	4197	2	1
240.568	4198	3	1
240.568	4199	4	1
240.624	4200	1	1
240.679	4201	2	1
240.735	4202	3	1
240.735	4203	4	1
240.790	4204	1	1
240.846	4205	3	1
240.902	4206	2	1
240.902	4207	1	1
240.957	4208	4	1
241.013	4209	3	1
241.068	4210	2	1
241.068	4211	1	1
241.124	4212	4	1
241.179	4213	2	1
241.235	4214	4	1
241.235	4215	3	1
241.235	4216	1	1
241.290	4217	2	1
241.346	4218	3	1
241.402	4219	2	1
241.402	4220	1	1
241.402	4221	4	1
241.485	4222	1	1
241.485	4223	4	1
241.568	4224	4	1
241.568	4225	3	1
241.568	4226	2	1
241.624	4227	1	1
241.679	4228	3	1
241.735	4229	1	1
241.735	4230	2	1
241.790	4231	4	1
241.846	4232	2	1
241.902	4233	1	1
241.902	4234	3	1
241.957	4235	4	1
242.013	4236	2	1
242.068	4237	3	1
242.068	4238	1	1
242.068	4239	4	1
242.124	4240	2	1
242.179	4241	3	1
242.235	4242	2	1
242.235	4243	1	1
242.290	4244	4	1
242.346	4245	3	1
242.402	4246	1	1
242.402	4247	4	1
242.457	4248	2	1
242.513	4249	3	1
242.568	4250	1	1
242.568	4251	2	1
242.624	4252	4	1
242.679	4253	3	1
242.735	4254	1	1
242.735	4255	4	1
242.790	4256	2	1
242.846	4257	3	1
242.902	4258	2	1
242.902	4259	1	1
242.957	4260	4	1
243.013	4261	1	1
243.068	4262	3	1
243.068	4263	4	1
243.110	4264	2	1
243.152	4265	1	1
243.152	4266	3	1
243.235	4267	4	1
243.235	4268	1	1
243.290	4269	3	1
243.346	4270	2	1
243.402	4271	3	1
243.402	4272	4	1
243.457	4273	1	1
243.513	4274	4	1
243.568	4275	2	1
243.568	4276	1	1
243.610	4277	3	1
243.652	4278	2	1
243.693	4279	1	1
243.735	4280	3	1
243.735	4281	4	1
243.818	4282	2	1
243.818	4283	1	1
243.902	4284	2	1
243.902	4285	1	1
243.902	4286	4	1
243.957	4287	3	1
244.013	4288	2	1
244.068	4289	1	1
244.102	4290	3	1
244.135	4291	4	1
244.168	4292	2	1
244.202	4293	1	1
244.235	4294	4	1
244.235	4295	3	1
244.290	4296	2	1
244.346	4297	3	1
244.402	4298	4	1
244.402	4299	1	1
244.457	4300	2	1
244.513	4301	3	1
244.568	4302	1	1
244.568	4303	4	1
244.624	4304	2	1
244.679	4305	1	1
244.735	4306	2	1
244.735	4307	4	1
244.790	4308	3	1
244.846	4309	4	1
244.902	4310	3	1
244.902	4311	1	1
244.957	4312	2	1
245.013	4313	3	1
245.068	4314	1	1
245.068	4315	4	1
245.124	4316	2	1
245.179	4317	3	1
245.235	4318	1	1
245.235	4319	2	1
245.290	4320	4	1
245.346	4321	1	1
245.402	4322	4	1
245.402	4323	2	1
245.457	4324	3	1
245.513	4325	1	1
245.568	4326	3	1
245.568	4327	4	1
245.568	4328	2	1
245.624	4329	1	1
245.679	4330	4	1
245.735	4331	1	1
245.735	4332	3	1
245.735	4333	2	1
245.790	4334	4	1
245.846	4335	2	1
245.902	4336	4	1
245.902	4337	3	1
245.902	4338	1	1
245.957	4339	2	1
246.013	4340	3	1
246.068	4341	1	1
246.068	4342	4	1
246.068	4343	2	1
246.124	4344	3	1
246.179	4345	1	1
246.235	4346	3	1
246.235	4347	2	1
246.235	4348	4	1
246.290	4349	1	1
246.346	4350	3	1
246.402	4351	2	1
246.402	4352	4	1
246.457	4353	3	1
246.485	4354	1	1
246.513	4355	4	1
246.568	4356	3	1
246.568	4357	2	1
246.624	4358	1	1
246.679	4359	4	1
246.735	4360	1	1
246.735	4361	3	1
246.735	4362	2	1
246.818	4363	2	1
246.818	4364	3	1
246.902	4365	4	1
246.902	4366	1	1
246.957	4367	2	1
247.013	4368	1	1
247.068	4369	3	1
247.068	4370	4	1
247.124	4371	2	1
247.179	4372	3	1
247.235	4373	2	1
247.235	4374	1	1
247.290	4375	4	1
247.346	4376	3	1
247.402	4377	4	1
247.402	4378	1	1
247.457	4379	2	1
247.513	4380	3	1
247.568	4381	4	1
247.568	4382	1	1
247.624	4383	2	1
247.679	4384	1	1
247.735	4385	4	1
247.735	4386	3	1
247.790	4387	2	1
247.846	4388	3	1
247.902	4389	1	1
247.902	4390	2	1
247.957	4391	4	1
248.013	4392	3	1
248.068	4393	1	1
248.068	4394	4	1
248.124	4395	2	1
248.179	4396	3	1
248.235	4397	4	1
248.235	4398	1	1
248.290	4399	2	1
248.346	4400	1	1
248.402	4401	3	1
248.402	4402	4	1
248.443	4403	2	1
248.485	4404	4	1
248.485	4405	3	1
248.568	4406	2	1
248.568	4407	1	1
248.624	4408	3	1
248.679	4409	4	1
248.735	4410	2	1
248.735	4411	1	1
248.818	4412	1	1
248.818	4413	2	1
248.902	4414	4	1
248.902	4415	3	1
248.943	4416	2	1
248.985	4417	3	1
248.985	4418	1	1
249.027	4419	4	1
249.068	4420	1	1
249.068	4421	2	1
249.152	4422	4	1
249.152	4423	3	1
249.235	4424	1	1
249.268	4425	2	1
249.302	4426	4	1
249.335	4427	3	1
249.368	4428	1	1
249.402	4429	4	1
249.435	4430	2	1
249.468	4431	1	1
249.502	4432	3	1
249.535	4433	4	1
249.568	4434	2	1
249.568	4435	1	1
249.624	4436	3	1
249.679	4437	2	1
249.735	4438	4	1
249.735	4439	1	1
249.790	4440	3	1
249.846	4441	4	1
249.902	4442	2	1
249.902	4443	1	1
249.957	4444	3	1
250.013	4445	2	1
250.068	4446	4	1
250.068	4447	1	1
250.124	4448	3	1
250.179	4449	2	1
250.235	4450	4	1
250.235	4451	3	1
250.290	4452	1	1
250.346	4453	3	1
250.402	4454	4	1
250.402	4455	2	1
250.457	4456	1	1
250.513	4457	2	1
250.568	4458	1	1
250.568	4459	3	1
250.568	4460	4	1
250.624	4461	2	1
250.679	4462	4	1
250.735	4463	3	1
250.735	4464	1	1
250.790	4465	2	1
250.846	4466	3	1
250.902	4467	4	1
250.902	4468	2	1
250.902	4469	1	1
250.957	4470	3	1
251.013	4471	4	1
251.068	4472	1	1
251.068	4473	2	1
251.124	4474	3	1
251.179	4475	2	1
251.235	4476	4	1
251.235	4477	1	1
251.290	4478	3	1
251.346	4479	2	1
251.402	4480	4	1
251.402	4481	3	1
251.402	4482	1	1
251.457	4483	2	1
251.513	4484	3	1
251.568	4485	4	1
251.568	4486	1	1
251.624	4487	2	1
251.679	4488	3	1
251.735	4489	1	1
251.735	4490	2	1
251.790	4491	4	1
251.846	4492	2	1
251.902	4493	1	1
251.902	4494	3	1
251.902	4495	4	1
251.957	4496	2	1
252.013	4497	3	1
252.068	4498	2	1
252.068	4499	4	1
252.068	4500	1	1
252.152	4501	4	1
252.152	4502	1	1
252.235	4503	3	1
252.235	4504	2	1
252.235	4505	1	1
252.290	4506	4	1
252.346	4507	3	1
252.402	4508	2	1
252.402	4509	1	1
252.457	4510	4	1
252.513	4511	1	1
252.568	4512	4	1
252.568	4513	3	1
252.624	4514	2	1
252.679	4515	3	1
252.735	4516	4	1
252.735	4517	2	1
252.735	4518	1	1
252.790	4519	3	1
252.846	4520	1	1
252.902	4521	2	1
252.902	4522	3	1
252.957	4523	4	1
253.013	4524	2	1
253.068	4525	1	1
253.068	4526	4	1
253.124	4527	3	1
253.179	4528	2	1
253.235	4529	3	1
253.235	4530	4	1
253.290	4531	1	1
253.346	4532	2	1
253.402	4533	1	1
253.402	4534	4	1
253.457	4535	3	1
253.513	4536	4	1
253.568	4537	2	1
253.568	4538	1	1
253.735	4539	4	1
253.735	4540	2	1
253.735	4541	3	1
253.818	4542	4	1
253.818	4543	1	1
253.902	4544	3	1
253.902	4545	1	1
253.943	4546	2	1
253.985	4547	4	1
253.985	4548	3	1
254.027	4549	2	1
254.068	4550	3	1
254.068	4551	4	1
254.068	4552	1	1
254.235	4553	4	1
254.235	4554	3	1
254.235	4555	2	1
254.318	4556	3	1
254.318	4557	2	1
254.402	4558	2	1
254.402	4559	4	1
254.402	4560	1	1
254.485	4561	1	1
254.485	4562	4	1
254.568	4563	3	1
254.602	4564	4	1
254.635	4565	2	1
254.668	4566	1	1
254.702	4567	4	1
254.735	4568	2	1
254.768	4569	3	1
254.802	4570	1	1
254.835	4571	4	1
254.868	4572	3	1
254.902	4573	1	1
254.902	4574	2	1
254.957	4575	4	1
255.013	4576	2	1
255.068	4577	3	1
255.068	4578	1	1
255.124	4579	4	1
255.179	4580	2	1
255.235	4581	1	1
255.235	4582	4	1
255.290	4583	2	1
255.346	4584	3	1
255.402	4585	4	1
255.402	4586	1	1
255.457	4587	2	1
255.513	4588	3	1
255.568	4589	2	1
255.568	4590	1	1
255.624	4591	4	1
255.679	4592	3	1
255.735	4593	2	1
255.735	4594	4	1
255.790	4595	1	1
255.846	4596	3	1
255.902	4597	2	1
255.902	4598	4	1
255.902	4599	1	1
255.957	4600	3	1
256.013	4601	2	1
256.068	4602	3	1
256.068	4603	1	1
256.068	4604	4	1
256.124	4605	2	1
256.179	4606	3	1
256.235	4607	2	1
256.235	4608	4	1
256.235	4609	1	1
256.290	4610	3	1
256.346	4611	4	1
256.402	4612	2	1
256.402	4613	1	1
256.457	4614	3	1
256.513	4615	2	1
256.568	4616	4	1
256.568	4617	1	1
256.624	4618	3	1
256.679	4619	2	1
256.735	4620	3	1
256.735	4621	4	1
256.790	4622	1	1
256.846	4623	2	1
256.902	4624	3	1
256.902	4625	4	1
256.957	4626	1	1
257.013	4627	4	1
257.068	4628	2	1
257.068	4629	3	1
257.124	4630	1	1
257.179	4631	4	1
257.235	4632	1	1
257.235	4633	2	1
257.290	4634	3	1
257.346	4635	4	1
257.402	4636	2	1
257.402	4637	1	1
257.485	4638	4	1
257.485	4639	3	1
257.568	4640	3	1
257.568	4641	2	1
257.568	4642	1	1
257.624	4643	4	1
257.679	4644	2	1
257.735	4645	4	1
257.735	4646	3	1
257.790	4647	1	1
257.846	4648	2	1
257.902	4649	4	1
257.902	4650	3	1
257.957	4651	1	1
258.013	4652	3	1
258.068	4653	4	1
258.068	4654	2	1
258.068	4655	1	1
258.124	4656	3	1
258.179	4657	2	1
258.235	4658	4	1
258.235	4659	1	1
258.290	4660	3	1
258.346	4661	2	1
258.402	4662	4	1
258.402	4663	1	1
258.457	4664	2	1
258.513	4665	3	1
258.568	4666	4	1
258.568	4667	2	1
258.568	4668	1	1
258.624	4669	3	1
258.679	4670	4	1
258.735	4671	2	1
258.735	4672	1	1
258.790	4673	3	1
258.846	4674	2	1
258.902	4675	4	1
258.902	4676	3	1
258.957	4677	1	1
259.013	4678	4	1
259.068	4679	1	1
259.068	4680	2	1
259.124	4681	3	1
259.179	4682	2	1
259.235	4683	4	1
259.235	4684	3	1
259.290	4685	1	1
259.346	4686	4	1
259.402	4687	2	1
259.402	4688	1	1
259.457	4689	3	1
259.513	4690	2	1
259.568	4691	1	1
259.568	4692	4	1
259.568	4693	3	1
259.652	4694	4	1
259.652	4695	3	1
259.735	4696	2	1
259.735	4697	1	1
259.818	4698	1	1
259.818	4699	2	1
259.902	4700	4	1
259.935	4701	3	1
259.968	4702	2	1
260.002	4703	4	1
260.035	4704	1	1
260.068	4705	2	1
260.102	4706	4	1
260.135	4707	1	1
260.168	4708	3	1
260.202	4709	2	1
260.235	4710	4	1
260.235	4711	1	1
260.290	4712	3	1
260.346	4713	4	1
260.402	4714	3	1
260.402	4715	1	1
260.457	4716	2	1
260.513	4717	3	1
260.568	4718	4	1
260.568	4719	1	1
260.624	4720	2	1
260.679	4721	1	1
260.735	4722	4	1
260.735	4723	2	1
260.790	4724	3	1
260.846	4725	2	1
260.902	4726	4	1
260.902	4727	1	1
260.957	4728	3	1
261.013	4729	4	1
261.068	4730	1	1
261.068	4731	3	1
261.124	4732	2	1
261.179	4733	4	1
261.235	4734	3	1
261.235	4735	2	1
261.235	4736	1	1
261.290	4737	4	1
261.346	4738	1	1
261.402	4739	4	1
261.402	4740	3	1
261.402	4741	2	1
261.457	4742	1	1
261.513	4743	3	1
261.568	4744	4	1
261.568	4745	1	1
261.568	4746	2	1
261.624	4747	3	1
261.679	4748	4	1
261.735	4749	1	1
261.735	4750	2	1
261.790	4751	3	1
261.846	4752	2	1
261.902	4753	3	1
261.902	4754	4	1
261.957	4755	1	1
262.013	4756	2	1
262.068	4757	3	1
262.068	4758	4	1
262.124	4759	1	1
262.179	4760	3	1
262.235	4761	1	1
262.235	4762	2	1
262.290	4763	4	1
262.346	4764	3	1
262.402	4765	2	1
262.402	4766	1	1
262.457	4767	4	1
262.513	4768	2	1
262.568	4769	4	1
262.568	4770	3	1
262.568	4771	1	1
262.624	4772	2	1
262.679	4773	3	1
262.735	4774	2	1
262.735	4775	1	1
262.735	4776	4	1
262.818	4777	4	1
262.818	4778	1	1
262.902	4779	4	1
262.902	4780	3	1
262.902	4781	2	1
262.957	4782	1	1
263.013	4783	3	1
263.068	4784	1	1
263.068	4785	2	1
263.124	4786	4	1
263.179	4787	2	1
263.235	4788	1	1
263.235	4789	3	1
263.290	4790	4	1
263.346	4791	2	1
263.402	4792	1	1
263.402	4793	3	1
263.402	4794	4	1
263.457	4795	2	1
263.513	4796	3	1
263.568	4797	2	1
263.568	4798	1	1
263.624	4799	4	1
263.679	4800	3	1
263.735	4801	1	1
263.735	4802	4	1
263.790	4803	2	1
263.846	4804	3	1
263.902	4805	1	1
263.902	4806	2	1
263.957	4807	4	1
264.013	4808	3	1
264.068	4809	1	1
264.068	4810	4	1
264.124	4811	2	1
264.179	4812	3	1
264.235	4813	2	1
264.235	4814	1	1
264.290	4815	4	1
264.346	4816	1	1
264.402	4817	4	1
264.402	4818	3	1
264.443	4819	2	1
264.485	4820	3	1
264.485	4821	1	1
264.568	4822	4	1
264.568	4823	1	1
264.624	4824	3	1
264.679	4825	2	1
264.735	4826	3	1
264.735	4827	4	1
264.790	4828	1	1
264.846	4829	4	1
264.902	4830	2	1
264.902	4831	1	1
264.943	4832	3	1
264.985	4833	2	1
265.027	4834	1	1
265.068	4835	3	1
265.068	4836	4	1
265.152	4837	2	1
265.152	4838	1	1
265.235	4839	2	1
265.235	4840	1	1
265.235	4841	4	1
265.290	4842	3	1
265.346	4843	2	1
265.402	4844	1	1
265.435	4845	3	1
265.468	4846	4	1
265.502	4847	2	1
265.535	4848	1	1
265.568	4849	4	1
265.568	4850	3	1
265.624	4851	2	1
265.679	4852	3	1
265.735	4853	4	1
265.735	4854	1	1
265.790	4855	2	1
265.846	4856	3	1
265.902	4857	1	1
265.902	4858	4	1
265.957	4859	2	1
266.013	4860	1	1
266.068	4861	2	1
266.068	4862	4	1
266.124	4863	3	1
266.172	4864	4	1
266.235	4865	3	1
266.235	4866	1	1
266.290	4867	2	1
266.346	4868	3	1
266.402	4869	1	1
266.402	4870	4	1
266.457	4871	2	1
266.513	4872	3	1
266.568	4873	2	1
266.568	4874	1	1
266.624	4875	4	1
266.679	4876	1	1
266.735	4877	4	1
266.735	4878	2	1
266.790	4879	3	1
266.846	4880	1	1
266.902	4881	3	1
266.902	4882	4	1
266.902	4883	2	1
266.957	4884	1	1
267.013	4885	4	1
267.068	4886	1	1
267.068	4887	3	1
267.068	4888	2	1
267.124	4889	4	1
267.179	4890	2	1
267.235	4891	4	1
267.235	4892	3	1
267.235	4893	1	1
267.290	4894	2	1
267.346	4895	3	1
267.402	4896	1	1
267.402	4897	4	1
267.402	4898	2	1
267.457	4899	3	1
267.513	4900	1	1
267.568	4901	3	1
267.568	4902	4	1
267.568	4903	2	1
267.624	4904	1	1
267.679	4905	3	1
267.735	4906	2	1
267.735	4907	4	1
267.790	4908	3	1
267.818	4909	1	1
267.846	4910	4	1
267.902	4911	3	1
267.902	4912	2	1
267.957	4913	1	1
268.013	4914	4	1
268.068	4915	1	1
268.068	4916	3	1
268.068	4917	2	1
268.152	4918	2	1
268.152	4919	3	1
268.235	4920	4	1
268.235	4921	1	1
268.290	4922	2	1
268.346	4923	1	1
268.402	4924	4	1
268.402	4925	3	1
268.457	4926	2	1
268.513	4927	3	1
268.568	4928	2	1
268.568	4929	1	1
268.624	4930	4	1
268.679	4931	3	1
268.735	4932	4	1
268.735	4933	1	1
268.790	4934	2	1
268.846	4935	3	1
268.902	4936	4	1
268.902	4937	1	1
268.957	4938	2	1
269.013	4939	1	1
269.068	4940	4	1
269.068	4941	3	1
269.124	4942	2	1
269.179	4943	3	1
269.235	4944	1	1
269.235	4945	2	1
269.290	4946	4	1
269.346	4947	3	1
269.402	4948	1	1
269.402	4949	4	1
269.457	4950	2	1
269.513	4951	3	1
269.568	4952	4	1
269.568	4953	1	1
269.624	4954	2	1
269.679	4955	1	1
269.735	4956	4	1
269.735	4957	3	1
269.777	4958	2	1
269.818	4959	4	1
269.818	4960	3	1
269.902	4961	2	1
269.902	4962	1	1
269.957	4963	3	1
270.013	4964	4	1
270.068	4965	2	1
270.068	4966	1	1
270.152	4967	1	1
270.152	4968	2	1
270.235	4969	4	1
270.235	4970	3	1
270.277	4971	2	1
270.318	4972	3	1
270.318	4973	1	1
270.360	4974	4	1
270.402	4975	1	1
270.402	4976	2	1
270.485	4977	4	1
270.485	4978	3	1
270.568	4979	1	1
270.602	4980	2	1
270.635	4981	4	1
270.668	4982	3	1
270.702	4983	1	1
270.735	4984	4	1
270.768	4985	2	1
270.802	4986	1	1
270.835	4987	3	1
270.868	4988	4	1
270.902	4989	2	1
270.902	4990	1	1
270.957	4991	3	1
271.013	4992	2	1
271.068	4993	4	1
271.068	4994	1	1
271.124	4995	3	1
271.179	4996	4	1
271.235	4997	2	1
271.235	4998	1	1
271.290	4999	3	1
271.346	5000	2	1
271.402	5001	4	1
271.402	5002	1	1
271.457	5003	3	1
271.513	5004	2	1
271.568	5005	4	1
271.568	5006	3	1
271.624	5007	1	1
271.679	5008	3	1
271.735	5009	4	1
271.735	5010	2	1
271.790	5011	1	1
271.846	5012	2	1
271.902	5013	1	1
271.902	5014	3	1
271.902	5015	4	1
271.957	5016	2	1
272.013	5017	4	1
272.068	5018	3	1
272.068	5019	1	1
272.124	5020	2	1
272.179	5021	3	1
272.235	5022	4	1
272.235	5023	2	1
272.235	5024	1	1
272.290	5025	3	1
272.346	5026	4	1
272.402	5027	1	1
272.402	5028	2	1
272.457	5029	3	1
272.513	5030	2	1
272.568	5031	4	1
272.568	5032	1	1
272.624	5033	3	1
272.679	5034	2	1
272.735	5035	4	1
272.735	5036	3	1
272.735	5037	1	1
272.790	5038	2	1
272.846	5039	3	1
272.902	5040	4	1
272.902	5041	1	1
272.957	5042	2	1
273.013	5043	3	1
273.068	5044	1	1
273.068	5045	2	1
273.124	5046	4	1
273.179	5047	2	1
273.235	5048	1	1
273.235	5049	3	1
273.235	5050	4	1
273.290	5051	2	1
273.346	5052	3	1
273.402	5053	2	1
273.402	5054	4	1
273.402	5055	1	1
273.485	5056	4	1
273.485	5057	1	1
273.568	5058	3	1
273.568	5059	2	1
273.568	5060	1	1
273.624	5061	4	1
273.679	5062	3	1
273.735	5063	2	1
273.735	5064	1	1
273.790	5065	4	1
273.846	5066	1	1
273.902	5067	4	1
273.902	5068	3	1
273.957	5069	2	1
274.013	5070	3	1
274.068	5071	4	1
274.068	5072	2	1
274.068	5073	1	1
274.124	5074	3	1
274.179	5075	1	1
274.235	5076	2	1
274.235	5077	3	1
274.290	5078	4	1
274.346	5079	2	1
274.402	5080	1	1
274.402	5081	4	1
274.457	5082	3	1
274.513	5083	2	1
274.568	5084	3	1
274.568	5085	4	1
274.624	5086	1	1
274.679	5087	2	1
274.735	5088	1	1
274.735	5089	4	1
274.790	5090	3	1
274.846	5091	4	1
274.902	5092	2	1
274.902	5093	1	1
275.068	5094	4	1
275.068	5095	2	1
275.068	5096	3	1
275.152	5097	4	1
275.152	5098	1	1
275.235	5099	3	1
275.235	5100	1	1
275.277	5101	2	1
275.318	5102	4	1
275.318	5103	3	1
275.360	5104	2	1
275.402	5105	3	1
275.402	5106	4	1
275.402	5107	1	1
275.568	5108	4	1
275.568	5109	3	1
275.568	5110	2	1
275.652	5111	3	1
275.652	5112	2	1
275.735	5113	2	1
275.735	5114	4	1
275.735	5115	1	1
275.818	5116	1	1
275.818	5117	4	1
275.902	5118	3	1
275.935	5119	4	1
275.968	5120	2	1
276.002	5121	1	1
276.035	5122	4	1
276.068	5123	2	1
276.102	5124	3	1
276.135	5125	1	1
276.168	5126	4	1
276.202	5127	3	1
276.235	5128	1	1
276.235	5129	2	1
276.290	5130	4	1
276.346	5131	2	1
276.402	5132	3	1
276.402	5133	1	1
276.457	5134	4	1
276.513	5135	2	1
276.568	5136	1	1
276.568	5137	4	1
276.624	5138	2	1
276.679	5139	3	1
276.735	5140	4	1
276.735	5141	1	1
276.790	5142	2	1
276.846	5143	3	1
276.902	5144	2	1
276.902	5145	1	1
276.957	5146	4	1
277.013	5147	3	1
277.068	5148	2	1
277.068	5149	4	1
277.124	5150	1	1
277.179	5151	3	1
277.235	5152	2	1
277.235	5153	4	1
277.235	5154	1	1
277.290	5155	3	1
277.346	5156	2	1
277.402	5157	3	1
277.402	5158	1	1
277.402	5159	4	1
277.457	5160	2	1
277.513	5161	3	1
277.568	5162	2	1
277.568	5163	4	1
277.568	5164	1	1
277.624	5165	3	1
277.679	5166	4	1
277.735	5167	2	1
277.735	5168	1	1
277.790	5169	3	1
277.846	5170	2	1
277.902	5171	4	1
277.902	5172	1	1
277.957	5173	3	1
278.013	5174	2	1
278.068	5175	3	1
278.068	5176	4	1
278.124	5177	1	1
278.179	5178	2	1
278.235	5179	3	1
278.235	5180	4	1
278.290	5181	1	1
278.346	5182	4	1
278.402	5183	2	1
278.402	5184	3	1
278.457	5185	1	1
278.513	5186	4	1
278.568	5187	1	1
278.568	5188	2	1
278.624	5189	3	1
278.679	5190	4	1
278.735	5191	2	1
278.735	5192	1	1
278.818	5193	2	1
278.818	5194	3	1
278.902	5195	4	1
278.902	5196	1	1
278.943	5197	3	1
278.985	5198	1	1
279.027	5199	2	1
279.068	5200	4	1
279.110	5201	1	1
279.152	5202	3	1
279.193	5203	2	1
279.235	5204	4	1
279.277	5205	3	1
279.318	5206	1	1
279.360	5207	2	1
279.402	5208	4	1
279.443	5209	1	1
279.485	5210	3	1
279.527	5211	2	1
279.568	5212	4	1
279.610	5213	1	1
279.652	5214	4	1
279.693	5215	2	1
279.735	5216	3	1
279.777	5217	2	1
279.818	5218	1	1
279.860	5219	4	1
279.902	5220	1	1
279.943	5221	3	1
279.985	5222	2	1
280.027	5223	3	1
280.068	5224	4	1
280.110	5225	1	1
280.152	5226	4	1
280.193	5227	2	1
280.235	5228	3	1
280.268	5229	4	1
280.302	5230	1	1
280.335	5231	2	1
280.368	5232	3	1
280.402	5233	4	1
280.435	5234	1	1
280.468	5235	2	1
280.502	5236	3	1
280.535	5237	4	1
280.568	5238	1	1
280.602	5239	2	1
280.635	5240	3	1
280.668	5241	4	1
280.702	5242	1	1
280.735	5243	2	1
280.768	5244	3	1
280.802	5245	4	1
280.835	5246	1	1
280.868	5247	2	1
280.902	5248	4	1
280.935	5249	1	1
280.968	5250	3	1
281.002	5251	2	1
281.035	5252	4	1
281.068	5253	3	1
281.102	5254	1	1
281.135	5255	4	1
281.168	5256	2	1
281.202	5257	3	1
281.235	5258	1	1
281.268	5259	2	1
281.302	5260	4	1
281.335	5261	1	1
281.368	5262	3	1
281.402	5263	2	1
281.435	5264	4	1
281.468	5265	3	1
281.502	5266	1	1
281.535	5267	2	1
281.568	5268	3	1
281.568	5269	4	1
281.646	5270	1	1
281.646	5271	3	1
281.725	5272	4	1
281.725	5273	1	1
281.804	5274	2	1
281.804	5275	3	1
281.883	5276	3	1
281.883	5277	4	1
281.962	5278	4	1
281.962	5279	1	1
282.041	5280	1	1
282.041	5281	2	1
282.120	5282	4	1
282.120	5283	2	1
282.199	5284	1	1
282.199	5285	3	1
282.278	5286	4	1
282.278	5287	3	1
282.357	5288	1	1
282.357	5289	4	1
282.436	5290	1	1
282.436	5291	3	1
282.515	5292	2	1
282.515	5293	4	1
282.594	5294	1	1
282.594	5295	4	1
282.673	5296	2	1
282.673	5297	4	1
282.752	5298	3	1
282.752	5299	2	1
282.791	5300	1	1
282.831	5301	4	1
282.831	5302	3	1
282.910	5303	1	1
282.910	5304	4	1
282.989	5305	2	1
282.989	5306	4	1
283.068	5307	3	1
283.068	5308	2	1
283.146	5309	3	1
283.146	5310	1	1
283.225	5311	4	1
283.225	5312	1	1
283.304	5313	3	1
283.304	5314	2	1
283.383	5315	1	1
283.383	5316	2	1
283.462	5317	4	1
283.462	5318	1	1
283.541	5319	2	1
283.541	5320	3	1
283.620	5321	4	1
283.620	5322	2	1
283.699	5323	4	1
283.699	5324	1	1
283.778	5325	3	1
283.778	5326	2	1
283.857	5327	4	1
283.857	5328	2	1
283.936	5329	3	1
283.936	5330	2	1
283.975	5331	4	1
284.015	5332	1	1
284.054	5333	3	1
284.094	5334	4	1
284.094	5335	2	1
284.173	5336	1	1
284.173	5337	4	1
284.252	5338	3	1
284.252	5339	4	1
284.331	5340	2	1
284.331	5341	1	1
284.410	5342	4	1
284.410	5343	2	1
284.489	5344	4	1
284.489	5345	3	1
284.568	5346	3	1
284.568	5347	1	1
284.646	5348	4	1
284.646	5349	1	1
284.725	5350	2	1
284.725	5351	1	1
284.804	5352	4	1
284.804	5353	3	1
284.883	5354	3	1
284.883	5355	2	1
284.962	5356	4	1
284.962	5357	1	1
285.041	5358	2	1
285.041	5359	1	1
285.120	5360	4	1
285.120	5361	2	1
285.199	5362	1	1
285.199	5363	3	1
285.278	5364	4	1
285.278	5365	3	1
285.318	5366	2	1
285.357	5367	1	1
285.436	5368	4	1
285.436	5369	3	1
285.475	5370	1	1
285.515	5371	2	1
285.594	5372	4	1
285.594	5373	1	1
285.673	5374	4	1
285.673	5375	3	1
285.712	5376	2	1
285.752	5377	1	1
285.831	5378	4	1
285.831	5379	2	1
285.910	5380	3	1
285.910	5381	4	1
285.989	5382	1	1
285.989	5383	2	1
286.068	5384	2	1
286.068	5385	4	1
286.107	5386	1	1
286.146	5387	3	1
286.225	5388	2	1
286.225	5389	1	1
286.304	5390	4	1
286.331	5391	3	1
286.357	5392	1	1
286.383	5393	2	1
286.410	5394	4	1
286.436	5395	3	1
286.462	5396	1	1
286.502	5397	4	1
286.541	5398	2	1
286.581	5399	3	1
286.620	5400	4	1
286.620	5401	1	1
286.620	5402	2	1
286.699	5403	3	1
286.699	5404	1	1
286.778	5405	4	1
286.778	5406	1	1
286.857	5407	3	1
286.857	5408	2	1
286.936	5409	4	1
286.936	5410	3	1
287.015	5411	4	1
287.015	5412	1	1
287.094	5413	1	1
287.094	5414	2	1
287.173	5415	4	1
287.173	5416	2	1
287.252	5417	1	1
287.252	5418	3	1
287.331	5419	4	1
287.331	5420	3	1
287.410	5421	1	1
287.410	5422	4	1
287.489	5423	3	1
287.489	5424	2	1
287.568	5425	1	1
287.568	5426	2	1
287.646	5427	4	1
287.646	5428	3	1
287.725	5429	4	1
287.725	5430	1	1
287.804	5431	1	1
287.804	5432	2	1
287.844	5433	4	1
287.883	5434	3	1
287.883	5435	2	1
287.962	5436	1	1
287.962	5437	3	1
288.041	5438	4	1
288.041	5439	3	1
288.120	5440	4	1
288.120	5441	1	1
288.199	5442	3	1
288.199	5443	2	1
288.278	5444	4	1
288.278	5445	2	1
288.357	5446	1	1
288.357	5447	2	1
288.436	5448	4	1
288.436	5449	1	1
288.515	5450	3	1
288.515	5451	2	1
288.594	5452	1	1
288.594	5453	3	1
288.673	5454	1	1
288.673	5455	4	1
288.752	5456	2	1
288.752	5457	3	1
288.831	5458	4	1
288.831	5459	2	1
288.910	5460	3	1
288.910	5461	1	1
288.989	5462	4	1
288.989	5463	1	1
289.028	5464	2	1
289.068	5465	4	1
289.107	5466	3	1
289.146	5467	1	1
289.146	5468	2	1
289.225	5469	4	1
289.225	5470	1	1
289.304	5471	4	1
289.304	5472	3	1
289.383	5473	3	1
289.383	5474	1	1
289.462	5475	4	1
289.462	5476	2	1
289.541	5477	1	1
289.541	5478	2	1
289.620	5479	4	1
289.620	5480	1	1
289.699	5481	2	1
289.699	5482	3	1
289.778	5483	4	1
289.778	5484	3	1
289.857	5485	4	1
289.857	5486	1	1
289.936	5487	1	1
289.936	5488	3	1
290.015	5489	4	1
290.015	5490	2	1
290.094	5491	4	1
290.094	5492	1	1
290.173	5493	2	1
290.173	5494	3	1
290.252	5495	1	1
290.252	5496	2	1
290.331	5497	1	1
290.331	5498	4	1
290.410	5499	4	1
290.410	5500	3	1
290.449	5501	2	1
290.489	5502	1	1
290.568	5503	3	1
290.568	5504	4	1
290.646	5505	3	1
290.646	5506	1	1
290.686	5507	4	1
290.725	5508	2	1
290.804	5509	3	1
290.804	5510	4	1
290.883	5511	4	1
290.883	5512	1	1
290.923	5513	3	1
290.962	5514	1	1
291.002	5515	2	1
291.041	5516	4	1
291.041	5517	3	1
291.120	5518	4	1
291.120	5519	3	1
291.199	5520	4	1
291.199	5521	3	1
291.278	5522	4	1
291.278	5523	3	1
291.357	5524	1	1
291.383	5525	4	1
291.410	5526	3	1
291.436	5527	2	1
291.462	5528	1	1
291.489	5529	4	1
291.515	5530	2	1
291.554	5531	3	1
291.594	5532	1	1
291.633	5533	4	1
291.673	5534	2	1
291.673	5535	1	1
291.673	5536	3	1
291.752	5537	2	1
291.752	5538	3	1
291.831	5539	1	1
291.831	5540	3	1
291.910	5541	4	1
291.910	5542	1	1
291.989	5543	4	1
291.989	5544	2	1
292.068	5545	2	1
292.068	5546	3	1
292.146	5547	4	1
292.146	5548	3	1
292.225	5549	1	1
292.225	5550	2	1
292.304	5551	4	1
292.304	5552	1	1
292.383	5553	3	1
292.383	5554	2	1
292.462	5555	4	1
292.462	5556	2	1
292.541	5557	1	1
292.541	5558	3	1
292.620	5559	4	1
292.620	5560	1	1
292.699	5561	4	1
292.699	5562	2	1
292.778	5563	1	1
292.778	5564	4	1
292.857	5565	2	1
292.857	5566	3	1
292.896	5567	4	1
292.936	5568	1	1
292.936	5569	2	1
293.015	5570	4	1
293.015	5571	1	1
293.094	5572	3	1
293.094	5573	1	1
293.173	5574	3	1
293.173	5575	2	1
293.252	5576	4	1
293.252	5577	2	1
293.331	5578	4	1
293.331	5579	1	1
293.410	5580	3	1
293.410	5581	2	1
293.489	5582	1	1
293.489	5583	3	1
293.568	5584	4	1
293.568	5585	3	1
293.646	5586	4	1
293.646	5587	1	1
293.725	5588	1	1
293.725	5589	2	1
293.804	5590	4	1
293.804	5591	2	1
293.883	5592	1	1
293.883	5593	3	1
293.962	5594	3	1
293.962	5595	2	1
294.041	5596	3	1
294.041	5597	1	1
294.081	5598	2	1
294.120	5599	4	1
294.160	5600	1	1
294.199	5601	4	1
294.199	5602	3	1
294.278	5603	1	1
294.278	5604	3	1
294.357	5605	2	1
294.357	5606	3	1
294.436	5607	4	1
294.436	5608	2	1
294.515	5609	3	1
294.515	5610	1	1
294.594	5611	4	1
294.594	5612	3	1
294.673	5613	2	1
294.673	5614	1	1
294.752	5615	4	1
294.752	5616	2	1
294.831	5617	2	1
294.831	5618	3	1
294.910	5619	3	1
294.910	5620	1	1
294.989	5621	4	1
294.989	5622	2	1
295.068	5623	1	1
295.068	5624	2	1
295.146	5625	1	1
295.146	5626	4	1
295.225	5627	4	1
295.225	5628	2	1
295.304	5629	2	1
295.304	5630	3	1
295.383	5631	1	1
295.383	5632	4	1
295.423	5633	3	1
295.462	5634	1	1
295.541	5635	3	1
295.541	5636	2	1
295.581	5637	4	1
295.620	5638	2	1
295.699	5639	4	1
295.699	5640	3	1
295.778	5641	4	1
295.778	5642	1	1
295.818	5643	3	1
295.857	5644	1	1
295.896	5645	2	1
295.936	5646	4	1
295.936	5647	3	1
296.015	5648	4	1
296.015	5649	1	1
296.094	5650	3	1
296.094	5651	1	1
296.173	5652	3	1
296.173	5653	2	1
296.252	5654	4	1
296.252	5655	1	1
296.331	5656	3	1
296.331	5657	1	1
296.410	5658	4	1
296.436	5659	2	1
296.462	5660	3	1
296.489	5661	1	1
296.515	5662	4	1
296.541	5663	2	1
296.568	5664	3	1
296.607	5665	4	1
296.646	5666	1	1
296.686	5667	2	1
296.725	5668	4	1
296.725	5669	3	1
296.725	5670	1	1
296.804	5671	3	1
296.804	5672	2	1
296.883	5673	1	1
296.883	5674	3	1
296.962	5675	4	1
296.962	5676	1	1
297.041	5677	3	1
297.041	5678	2	1
297.120	5679	1	1
297.120	5680	2	1
297.199	5681	1	1
297.199	5682	4	1
297.278	5683	3	1
297.278	5684	4	1
297.357	5685	2	1
297.357	5686	3	1
297.436	5687	4	1
297.436	5688	2	1
297.515	5689	3	1
297.515	5690	1	1
297.594	5691	2	1
297.594	5692	3	1
297.673	5693	4	1
297.673	5694	1	1
297.752	5695	3	1
297.752	5696	1	1
297.831	5697	4	1
297.831	5698	1	1
297.910	5699	4	1
297.910	5700	3	1
297.949	5701	1	1
297.989	5702	3	1
297.989	5703	2	1
298.068	5704	4	1
298.068	5705	2	1
298.146	5706	1	1
298.146	5707	2	1
298.225	5708	4	1
298.225	5709	1	1
298.304	5710	2	1
298.304	5711	3	1
298.383	5712	4	1
298.383	5713	3	1
298.462	5714	2	1
298.462	5715	4	1
298.541	5716	3	1
298.541	5717	1	1
298.620	5718	1	1
298.620	5719	2	1
298.699	5720	4	1
298.699	5721	2	1
298.778	5722	1	1
298.778	5723	3	1
298.857	5724	3	1
298.857	5725	2	1
298.936	5726	1	1
298.936	5727	4	1
299.015	5728	2	1
299.015	5729	4	1
299.094	5730	3	1
299.094	5731	2	1
299.133	5732	4	1
299.173	5733	1	1
299.212	5734	3	1
299.252	5735	4	1
299.252	5736	2	1
299.291	5737	1	1
299.331	5738	3	1
299.370	5739	4	1
299.410	5740	2	1
299.449	5741	1	1
299.489	5742	3	1
299.528	5743	4	1
299.568	5744	2	1
299.607	5745	1	1
299.646	5746	3	1
299.686	5747	4	1
299.725	5748	2	1
299.765	5749	1	1
299.804	5750	3	1
299.844	5751	4	1
299.883	5752	2	1
299.923	5753	3	1
299.962	5754	1	1
300.002	5755	4	1
300.041	5756	2	1
300.081	5757	3	1
300.120	5758	1	1
300.160	5759	4	1
300.199	5760	2	1
300.239	5761	3	1
300.278	5762	1	1
300.318	5763	4	1
300.357	5764	2	1
300.396	5765	3	1
300.436	5766	1	1
300.475	5767	4	1
300.515	5768	2	2
300.594	5769	2	3
300.554	5770	3	1
300.594	5771	4	1
300.633	5772	1	1
300.673	5773	3	1
300.712	5774	2	1
300.752	5775	1	1
300.791	5776	4	1
300.831	5777	2	1
300.870	5778	3	1
300.910	5779	4	1
300.949	5780	1	1
300.989	5781	3	1
301.028	5782	2	1
301.067	5783	1	1
301.107	5784	4	1
301.146	5785	3	2
301.225	5786	3	3
301.186	5787	1	1
301.225	5788	4	1
301.265	5789	2	1
301.304	5790	3	1
301.344	5791	1	1
301.383	5792	4	1
301.423	5793	2	1
301.462	5794	3	1
301.502	5795	1	1
301.541	5796	4	1
301.581	5797	2	1
301.620	5798	3	1
301.660	5799	1	1
301.699	5800	4	1
301.739	5801	2	1
301.778	5802	1	1
302.401	5803	3	2
302.716	5804	3	3
302.401	5805	4	1
302.401	5806	1	1
302.479	5807	2	1
302.558	5808	4	1
302.637	5809	2	1
302.716	5810	1	2
302.874	5811	1	3
302.795	5812	3	1
302.874	5813	2	2
303.032	5814	2	3
302.953	5815	3	1
303.032	5816	4	2
303.979	5817	4	3
303.110	5818	1	1
303.189	5819	2	1
303.268	5820	3	1
303.347	5821	1	1
303.426	5822	3	1
303.505	5823	2	1
303.584	5824	1	1
303.663	5825	3	1
303.742	5826	1	1
303.821	5827	2	1
303.900	5828	3	1
303.979	5829	1	2
304.137	5830	1	3
304.058	5831	2	1
304.137	5832	3	2
304.295	5833	3	3
304.216	5834	4	1
304.295	5835	2	2
304.768	5836	2	3
304.374	5837	1	1
304.453	5838	4	1
304.532	5839	3	1
304.610	5840	1	1
304.689	5841	4	1
304.768	5842	3	2
306.110	5843	3	3
304.847	5844	1	1
304.926	5845	2	1
305.005	5846	4	1
305.084	5847	1	1
305.163	5848	4	1
305.242	5849	2	1
305.321	5850	1	1
305.400	5851	4	1
305.479	5852	1	1
305.558	5853	2	1
305.637	5854	4	1
305.716	5855	2	1
305.795	5856	1	1
305.874	5857	4	1
305.953	5858	1	1
306.032	5859	2	1
306.110	5860	4	1
306.189	5861	3	2
306.505	5862	3	3
306.268	5863	1	1
306.347	5864	2	1
306.426	5865	4	1
306.505	5866	1	2
306.821	5867	1	3
306.584	5868	2	1
306.663	5869	3	1
306.742	5870	2	1
306.821	5871	4	2
308.084	5872	4	3
306.900	5873	3	1
306.979	5874	1	1
307.058	5875	2	1
307.137	5876	1	1
307.216	5877	3	1
307.295	5878	2	1
307.374	5879	3	1
307.453	5880	1	1
307.532	5881	2	1
307.610	5882	1	1
307.689	5883	3	1
307.768	5884	2	1
307.847	5885	3	1
307.926	5886	1	1
308.005	5887	2	1
308.084	5888	1	2
308.242	5889	1	3
308.163	5890	3	1
308.242	5891	4	2
308.400	5892	4	3
308.321	5893	1	1
308.400	5894	2	2
308.558	5895	2	3
308.479	5896	4	1
308.558	5897	3	2
308.716	5898	3	3
308.637	5899	1	1
308.716	5900	2	2
308.953	5901	2	3
308.795	5902	3	1
308.874	5903	4	1
308.953	5904	1	2
309.189	5905	1	3
309.032	5906	3	1
309.110	5907	2	1
309.189	5908	4	2
311.163	5909	4	3
309.268	5910	3	1
309.347	5911	1	1
309.426	5912	2	1
309.505	5913	3	1
309.584	5914	1	1
309.663	5915	3	1
309.742	5916	2	1
309.821	5917	1	1
309.900	5918	3	1
309.979	5919	1	1
310.058	5920	2	1
310.137	5921	3	1
310.216	5922	1	1
310.295	5923	3	1
310.374	5924	2	1
310.453	5925	1	1
310.532	5926	3	1
310.610	5927	1	1
310.689	5928	2	1
310.768	5929	3	1
310.847	5930	1	1
310.926	5931	3	1
311.005	5932	2	1
311.084	5933	1	1
311.163	5934	3	1
311.242	5935	4	2
311.558	5936	4	3
311.321	5937	1	1
311.400	5938	3	1
311.479	5939	1	1
311.558	5940	2	2
311.874	5941	2	3
311.637	5942	3	1
311.716	5943	4	1
311.795	5944	1	1
311.874	5945	3	2
312.821	5946	3	3
311.874	5947	4	1
311.953	5948	2	1
312.032	5949	1	1
312.110	5950	4	1
312.189	5951	2	1
312.268	5952	4	1
312.347	5953	1	1
312.426	5954	2	1
312.505	5955	4	1
312.584	5956	1	1
312.663	5957	4	1
312.742	5958	2	1
312.821	5959	4	2
313.137	5960	4	3
312.900	5961	1	1
312.979	5962	2	1
313.058	5963	3	1
313.137	5964	2	2
313.610	5965	2	3
313.216	5966	1	1
313.295	5967	3	1
313.374	5968	4	1
313.453	5969	1	1
313.532	5970	4	1
313.610	5971	1	2
314.084	5972	1	3
313.689	5973	2	1
313.768	5974	3	1
313.847	5975	4	1
313.926	5976	2	1
314.005	5977	4	1
314.084	5978	3	2
314.242	5979	3	3
314.163	5980	1	1
314.242	5981	2	2
314.400	5982	2	3
314.321	5983	3	1
314.400	5984	4	2
314.558	5985	4	3
314.479	5986	1	1
314.558	5987	3	2
314.716	5988	3	3
314.637	5989	4	1
314.716	5990	1	2
314.874	5991	1	3
314.795	5992	2	1
314.874	5993	3	2
315.032	5994	3	3
314.953	5995	4	1
315.032	5996	2	2
315.189	5997	2	3
315.110	5998	3	1
315.189	5999	1	2
315.268	6000	1	3
315.268	6001	4	1
315.347	6002	1	2
315.505	6003	1	3
315.426	6004	2	1
315.505	6005	4	2
315.821	6006	4	3
315.584	6007	1	1
315.663	6008	2	1
315.742	6009	3	1
315.821	6010	2	2
315.979	6011	2	3
315.900	6012	4	1
315.979	6013	1	2
316.137	6014	1	3
316.058	6015	2	1
316.137	6016	3	2
316.295	6017	3	3
316.216	6018	4	1
316.295	6019	2	2
316.453	6020	2	3
316.374	6021	3	1
316.453	6022	1	2
316.532	6023	1	3
316.532	6024	4	1
316.610	6025	1	2
316.768	6026	1	3
316.689	6027	2	1
316.768	6028	3	2
317.874	6029	3	3
316.847	6030	4	1
316.926	6031	1	1
317.005	6032	2	1
317.084	6033	4	1
317.163	6034	1	1
317.242	6035	4	1
317.321	6036	2	1
317.400	6037	1	1
317.479	6038	4	1
317.558	6039	1	1
317.637	6040	2	1
317.716	6041	4	1
317.795	6042	2	1
317.874	6043	1	2
318.032	6044	1	3
317.953	6045	3	1
318.032	6046	2	2
318.189	6047	2	3
318.110	6048	1	1
318.189	6049	4	2
319.137	6050	4	3
318.268	6051	3	1
318.347	6052	2	1
318.426	6053	1	1
318.505	6054	3	1
318.584	6055	1	1
318.663	6056	2	1
318.742	6057	3	1
318.821	6058	1	1
318.900	6059	3	1
318.979	6060	2	1
319.058	6061	3	1
319.137	6062	1	2
319.453	6063	1	3
319.216	6064	2	1
319.295	6065	3	1
319.374	6066	4	1
319.453	6067	3	2
319.926	6068	3	3
319.532	6069	1	1
319.610	6070	2	1
319.689	6071	4	1
319.768	6072	1	1
319.847	6073	4	1
319.926	6074	2	2
320.400	6075	2	3
320.005	6076	3	1
320.084	6077	4	1
320.163	6078	1	1
320.242	6079	4	1
320.321	6080	3	1
320.400	6081	1	2
321.347	6082	1	3
320.479	6083	2	1
320.558	6084	4	1
320.637	6085	3	1
320.716	6086	2	1
320.795	6087	4	1
320.874	6088	2	1
320.953	6089	3	1
321.032	6090	4	1
321.110	6091	2	1
321.189	6092	4	1
321.268	6093	3	1
321.347	6094	2	2
321.663	6095	2	3
321.426	6096	1	1
321.505	6097	4	1
321.584	6098	3	1
321.663	6099	4	2
321.979	6100	4	3
321.742	6101	2	1
321.821	6102	3	1
321.900	6103	1	1
321.979	6104	2	1
321.979	6105	3	2
322.926	6106	3	3
322.058	6107	4	1
322.137	6108	1	1
322.295	6109	2	1
322.374	6110	1	1
322.453	6111	4	1
322.610	6112	2	1
322.689	6113	4	1
322.768	6114	1	1
322.926	6115	1	2
323.084	6116	1	3
323.005	6117	3	1
323.084	6118	2	2
323.242	6119	2	3
323.242	6120	1	1
323.242	6121	4	2
324.189	6122	4	3
323.321	6123	2	1
323.400	6124	3	1
323.558	6125	3	1
323.637	6126	2	1
323.716	6127	1	1
323.874	6128	1	1
323.953	6129	2	1
324.032	6130	3	1
324.189	6131	1	2
324.347	6132	1	3
324.268	6133	2	1
324.347	6134	3	2
324.505	6135	3	3
324.505	6136	2	2
324.979	6137	2	3
324.505	6138	4	1
324.584	6139	3	1
324.663	6140	1	1
324.821	6141	4	1
324.900	6142	1	1
324.979	6143	3	2
326.321	6144	3	3
325.137	6145	1	1
325.216	6146	2	1
325.295	6147	4	1
325.453	6148	4	1
325.532	6149	2	1
325.610	6150	1	1
325.768	6151	1	1
325.847	6152	2	1
325.926	6153	4	1
326.084	6154	4	1
326.163	6155	2	1
326.242	6156	1	1
326.400	6157	3	2
326.716	6158	3	3
326.479	6159	2	1
326.558	6160	4	1
326.716	6161	1	2
327.032	6162	1	3
326.795	6163	2	1
326.874	6164	3	1
327.032	6165	2	1
327.032	6166	4	2
328.295	6167	4	3
327.110	6168	1	1
327.189	6169	3	1
327.347	6170	1	1
327.426	6171	2	1
327.505	6172	3	1
327.663	6173	3	1
327.742	6174	2	1
327.821	6175	1	1
327.979	6176	1	1
328.058	6177	2	1
328.137	6178	3	1
328.295	6179	1	2
328.453	6180	1	3
328.374	6181	2	1
328.453	6182	4	2
328.610	6183	4	3
328.610	6184	2	2
328.768	6185	2	3
328.689	6186	1	1
328.768	6187	3	2
328.926	6188	3	3
328.926	6189	2	2
329.163	6190	2	3
329.005	6191	3	1
329.084	6192	4	1
329.163	6193	1	2
329.400	6194	1	3
329.242	6195	2	1
329.321	6196	3	1
329.400	6197	4	2
331.374	6198	4	3
329.558	6199	1	1
329.558	6200	3	1
329.637	6201	2	1
329.716	6202	3	1
329.874	6203	1	1
329.953	6204	2	1
330.032	6205	3	1
330.189	6206	3	1
330.268	6207	2	1
330.347	6208	1	1
330.505	6209	1	1
330.584	6210	2	1
330.663	6211	3	1
330.821	6212	3	1
330.900	6213	2	1
330.979	6214	1	1
331.137	6215	1	1
331.216	6216	2	1
331.295	6217	3	1
331.453	6218	4	2
331.768	6219	4	3
331.532	6220	3	1
331.610	6221	1	1
331.768	6222	2	2
332.084	6223	2	3
331.847	6224	3	1
331.926	6225	4	1
332.084	6226	1	1
332.084	6227	3	2
333.032	6228	3	3
332.084	6229	4	1
332.163	6230	2	1
332.242	6231	1	1
332.400	6232	4	1
332.479	6233	2	1
332.558	6234	4	1
332.716	6235	1	1
332.795	6236	4	1
332.874	6237	1	1
333.032	6238	4	2
333.347	6239	4	3
333.110	6240	2	1
333.189	6241	1	1
333.347	6242	2	2
333.821	6243	2	3
333.426	6244	3	1
333.505	6245	4	1
333.663	6246	1	1
333.742	6247	3	1
333.821	6248	1	2
334.295	6249	1	3
333.979	6250	4	1
334.058	6251	3	1
334.137	6252	2	1
334.295	6253	3	2
334.453	6254	3	3
334.374	6255	4	1
334.453	6256	2	2
334.610	6257	2	3
334.610	6258	4	2
334.768	6259	4	3
334.689	6260	2	1
334.768	6261	3	2
334.926	6262	3	3
334.926	6263	1	2
335.084	6264	1	3
335.005	6265	2	1
335.084	6266	3	2
335.242	6267	3	3
335.242	6268	2	2
335.400	6269	2	3
335.321	6270	4	1
335.400	6271	1	2
335.479	6272	1	3
335.558	6273	1	2
335.716	6274	1	3
335.637	6275	3	1
335.716	6276	4	2
336.032	6277	4	3
335.874	6278	1	1
335.953	6279	3	1
336.032	6280	2	2
336.189	6281	2	3
336.189	6282	1	2
336.347	6283	1	3
336.268	6284	4	1
336.347	6285	3	2
336.505	6286	3	3
336.505	6287	2	2
336.663	6288	2	3
336.584	6289	4	1
336.663	6290	1	2
336.742	6291	1	3
336.821	6292	1	2
336.979	6293	1	3
336.900	6294	2	1
336.979	6295	3	2
338.084	6296	3	3
337.137	6297	1	1
337.137	6298	4	1
337.216	6299	2	1
337.295	6300	4	1
337.453	6301	1	1
337.532	6302	2	1
337.610	6303	1	1
337.768	6304	4	1
337.847	6305	2	1
337.926	6306	4	1
338.084	6307	1	2
338.242	6308	1	3
338.163	6309	3	1
338.242	6310	2	2
338.400	6311	2	3
338.400	6312	4	2
339.347	6313	4	3
338.479	6314	3	1
338.558	6315	2	1
338.716	6316	1	1
338.795	6317	2	1
338.874	6318	3	1
339.032	6319	3	1
339.110	6320	2	1
339.189	6321	1	1
339.347	6322	1	2
339.663	6323	1	3
339.426	6324	2	1
339.505	6325	4	1
339.663	6326	3	2
340.137	6327	3	3
339.742	6328	2	1
339.821	6329	1	1
339.979	6330	4	1
340.058	6331	1	1
340.137	6332	2	2
340.610	6333	2	3
340.295	6334	3	1
340.374	6335	4	1
340.453	6336	1	1
340.610	6337	1	2
341.558	6338	1	3
340.689	6339	4	1
340.768	6340	3	1
340.926	6341	4	1
341.005	6342	2	1
341.084	6343	3	1
341.242	6344	2	1
341.321	6345	4	1
341.400	6346	3	1
341.558	6347	2	2
341.874	6348	2	3
341.637	6349	3	1
341.716	6350	1	1
341.874	6351	4	2
342.194	6352	4	3
341.953	6353	3	1
342.032	6354	2	1
342.194	6355	1	1
342.194	6356	2	1
342.194	6357	3	2
343.141	6358	3	3
342.825	6359	1	1
342.825	6360	4	1
343.141	6361	1	2
343.299	6362	1	3
343.299	6363	2	2
343.457	6364	2	3
343.457	6365	3	1
343.457	6366	4	2
344.404	6367	4	3
344.088	6368	1	1
344.088	6369	2	1
344.404	6370	1	2
344.562	6371	1	3
344.562	6372	3	2
344.720	6373	3	3
344.720	6374	2	2
345.194	6375	2	3
344.720	6376	4	1
345.194	6377	3	2
346.536	6378	3	3
345.351	6379	1	1
345.351	6380	4	1
345.983	6381	1	1
345.983	6382	4	1
346.615	6383	3	2
346.930	6384	3	3
346.615	6385	4	1
346.930	6386	1	2
347.246	6387	1	3
347.246	6388	2	1
347.246	6389	4	2
348.509	6390	4	3
347.878	6391	1	1
347.878	6392	3	1
348.509	6393	1	2
348.667	6394	1	3
348.509	6395	2	1
348.667	6396	4	2
348.825	6397	4	3
348.825	6398	2	2
348.983	6399	2	3
348.983	6400	3	2
349.141	6401	3	3
349.141	6402	2	2
349.378	6403	2	3
349.141	6404	4	1
349.378	6405	1	2
349.615	6406	1	3
349.615	6407	4	2
351.588	6408	4	3
349.772	6409	1	1
349.772	6410	3	1
350.404	6411	1	1
350.404	6412	3	1
351.036	6413	1	1
351.036	6414	3	1
351.667	6415	1	1
351.667	6416	4	2
351.983	6417	4	3
351.983	6418	2	2
352.299	6419	2	3
352.299	6420	1	1
352.299	6421	3	2
353.246	6422	3	3
352.299	6423	4	1
352.930	6424	1	1
352.930	6425	4	1
353.246	6426	4	2
353.562	6427	4	3
353.562	6428	1	1
353.562	6429	2	2
354.036	6430	2	3
354.036	6431	1	2
354.509	6432	1	3
354.194	6433	3	1
354.194	6434	4	1
354.509	6435	3	2
354.667	6436	3	3
354.667	6437	2	2
354.825	6438	2	3
354.825	6439	1	1
354.825	6440	4	2
354.983	6441	4	3
354.983	6442	3	2
355.141	6443	3	3
355.141	6444	1	2
355.299	6445	1	3
355.299	6446	3	2
355.457	6447	3	3
355.457	6448	2	2
355.615	6449	2	3
355.457	6450	4	1
355.615	6451	1	2
355.694	6452	1	3
355.772	6453	1	2
355.930	6454	1	3
355.930	6455	4	2
356.246	6456	4	3
356.088	6457	1	1
356.088	6458	3	1
356.246	6459	2	2
356.404	6460	2	3
356.404	6461	1	2
356.562	6462	1	3
356.562	6463	3	2
356.720	6464	3	3
356.720	6465	2	2
356.878	6466	2	3
356.720	6467	4	1
356.878	6468	1	2
356.957	6469	1	3
357.036	6470	1	2
357.194	6471	1	3
357.194	6472	3	2
358.299	6473	3	3
357.351	6474	1	1
357.351	6475	4	1
357.983	6476	1	1
357.983	6477	4	1
358.299	6478	1	2
358.457	6479	1	3
358.457	6480	2	2
358.615	6481	2	3
358.615	6482	3	1
358.615	6483	4	2
359.562	6484	4	3
359.246	6485	1	1
359.246	6486	2	1
359.562	6487	1	1
359.878	6488	2	1
359.878	6489	4	1
360.351	6490	2	1
360.509	6491	1	1
360.509	6492	3	1
360.825	6493	2	1
361.141	6494	3	1
361.141	6495	4	1
361.457	6496	2	2
362.404	6497	2	3
361.772	6498	1	2
362.404	6499	1	3
361.772	6500	4	2
362.404	6501	4	3
362.088	6502	3	2
362.404	6503	3	3