Song Name	Scattered Faith (Full Version) [EXTENDED CUT] (Hard) by Kurokotei
Difficulty	39
Primary Color	Chill
Secondary Color	Rush
Last Note Time	362.404
Total Notes	6503
Fever Fill	1818
Fever Time	54.360600
Long Notes	1046
BPM	248
Song Length	371.234625850

Timing Points
0.710	387.0968
0.710	387.0968
25.484	387.0968
50.258	387.0968
50.645	387.0968
56.451	387.0968
56.839	387.0968
62.645	387.0968
63.032	387.0968
65.742	387.0968
66.129	387.0968
68.839	387.0968
69.226	387.0968
70.387	387.0968
70.774	387.0968
71.935	387.0968
76.586	387.0968
76.586	352.9412
77.994	324.3243
77.994	324.3243
79.291	300.0000
79.291	300.0000
80.491	279.0698
80.491	279.0698
81.617	260.8696
81.617	260.8696
82.660	260.8696
82.660	244.8980
83.639	244.8980
83.639	230.7692
84.558	230.7692
84.558	218.1818
85.434	206.8966
85.434	206.8966
86.261	196.7213
86.261	196.7213
87.047	187.5000
87.047	187.5000
87.797	187.5000
87.797	179.1045
88.513	171.4286
88.513	171.4286
89.198	164.3836
89.198	164.3836
89.855	157.8947
89.855	157.8947
90.486	151.8987
90.486	151.8987
91.093	146.3415
91.093	146.3415
91.678	146.3415
91.678	141.1765
92.242	136.3636
92.242	136.3636
92.787	131.8681
92.787	131.8681
93.314	127.6596
93.314	127.6596
93.824	127.6596
93.824	123.7113
94.318	120.0000
94.318	120.0000
94.798	120.0000
94.798	116.5049
98.526	666.6667
98.526	666.6667
103.859	166.6667
103.859	166.6667
146.525	166.6667
167.859	387.0968
167.859	387.0968
192.633	387.0968
192.633	352.9412
203.927	342.8571
203.927	342.8571
214.898	342.8571
214.898	333.3333
222.898	333.3333
228.231	333.3333
233.564	333.3333
233.564	666.6667
238.902	166.6667
238.902	166.6667
281.568	157.8947
281.568	157.8947
301.778	315.7895
301.778	315.7895
302.401	315.7895
302.401	315.7895
303.032	315.7895
303.032	315.7895
321.979	315.7895
342.194	631.5789
342.194	631.5789
352.299	631.5789


Song Data
0.710	1	2	2
0.710	2	3	1
0.710	3	4	2
0.806	4	2	3
0.903	5	1	1
1.097	6	3	1
1.290	7	2	2
1.290	8	4	3
1.484	9	4	1
1.580	10	2	3
1.677	11	3	1
1.871	12	1	2
1.968	13	1	3
2.064	14	2	1
2.258	15	3	2
2.451	16	1	1
2.548	17	3	3
2.645	18	4	1
2.839	19	2	1
3.032	20	3	2
3.226	21	1	1
3.322	22	3	3
3.419	23	2	2
3.613	24	3	2
3.709	25	2	3
3.806	26	4	2
3.806	27	3	3
3.903	28	4	3
4.000	29	1	1
4.193	30	2	1
4.387	31	4	2
4.580	32	2	1
4.677	33	4	3
4.774	34	3	1
4.968	35	1	2
5.161	36	2	2
5.258	37	1	3
5.355	38	4	2
5.355	39	2	3
5.451	40	4	3
5.548	41	1	1
5.742	42	3	2
5.935	43	2	2
6.129	44	4	2
6.129	45	2	3
6.226	46	3	3
6.322	47	3	1
6.516	48	1	2
6.613	49	4	3
6.709	50	2	2
6.903	51	3	2
6.903	52	1	3
6.903	53	2	3
7.000	54	3	3
7.097	55	2	1
7.290	56	4	1
7.484	57	3	2
7.677	58	2	1
7.774	59	3	3
7.871	60	4	1
8.064	61	1	2
8.161	62	1	3
8.258	63	2	1
8.451	64	4	2
8.645	65	2	1
8.742	66	4	3
8.839	67	1	1
9.032	68	2	2
9.129	69	2	3
9.226	70	4	2
9.419	71	1	1
9.516	72	4	3
9.613	73	2	2
9.806	74	3	2
9.903	75	2	3
10.000	76	1	2
10.000	77	3	3
10.097	78	1	3
10.193	79	4	1
10.387	80	2	2
10.580	81	3	1
10.677	82	2	3
10.774	83	4	2
10.968	84	1	1
11.161	85	2	2
11.161	86	4	3
11.355	87	1	1
11.451	88	2	3
11.548	89	3	2
11.742	90	4	1
11.839	91	3	3
11.935	92	2	2
12.129	93	3	1
12.322	94	1	2
12.419	95	2	3
12.516	96	2	1
12.709	97	4	2
12.806	98	1	3
12.903	99	3	2
13.097	100	2	2
13.097	101	3	3
13.097	102	4	3
13.193	103	2	3
13.290	104	4	1
13.484	105	3	1
13.677	106	2	2
13.871	107	4	1
13.968	108	2	3
14.064	109	3	1
14.258	110	1	2
14.355	111	1	3
14.451	112	2	1
14.645	113	3	2
14.839	114	1	1
14.935	115	3	3
15.032	116	4	1
15.226	117	2	2
15.322	118	2	3
15.419	119	3	2
15.613	120	1	1
15.709	121	3	3
15.806	122	2	2
16.000	123	3	2
16.097	124	2	3
16.193	125	4	2
16.193	126	3	3
16.290	127	4	3
16.387	128	1	1
16.580	129	2	1
16.774	130	4	2
16.968	131	2	1
17.064	132	4	3
17.161	133	3	1
17.355	134	1	2
17.548	135	2	2
17.645	136	1	3
17.742	137	4	2
17.742	138	2	3
17.839	139	4	3
17.935	140	1	1
18.129	141	3	2
18.322	142	2	2
18.516	143	4	2
18.516	144	2	3
18.613	145	3	3
18.709	146	3	1
18.903	147	1	2
19.000	148	4	3
19.097	149	2	2
19.290	150	3	2
19.290	151	1	3
19.290	152	2	3
19.387	153	3	3
19.484	154	2	1
19.677	155	4	1
19.871	156	3	2
20.064	157	2	1
20.161	158	3	3
20.258	159	4	1
20.451	160	1	2
20.548	161	1	3
20.645	162	2	1
20.839	163	4	2
21.032	164	2	1
21.129	165	4	3
21.226	166	1	1
21.419	167	2	2
21.516	168	2	3
21.613	169	4	2
21.806	170	1	1
21.903	171	4	3
22.000	172	2	2
22.193	173	3	2
22.290	174	2	3
22.387	175	1	2
22.387	176	3	3
22.484	177	1	3
22.580	178	4	1
22.774	179	2	2
22.968	180	1	1
23.064	181	2	3
23.161	182	4	2
23.355	183	2	1
23.548	184	3	2
23.548	185	4	3
23.742	186	4	1
23.839	187	3	3
23.935	188	1	2
23.935	189	2	2
24.129	190	3	1
24.226	191	2	3
24.322	192	2	2
24.419	193	1	3
24.516	194	1	1
24.613	195	2	3
24.709	196	3	2
24.709	197	4	2
24.903	198	2	2
25.000	199	3	3
25.097	200	3	2
25.193	201	4	3
25.290	202	4	1
25.387	203	2	3
25.387	204	3	3
25.484	205	1	1
25.484	206	2	2
25.484	207	3	2
25.774	208	3	3
25.871	209	3	2
25.871	210	4	2
25.871	211	2	3
26.064	212	3	3
26.161	213	4	3
26.258	214	1	2
26.258	215	2	1
26.258	216	3	2
26.355	217	3	3
26.451	218	1	3
26.645	219	2	1
26.645	220	3	2
26.839	221	2	2
26.839	222	4	1
26.935	223	3	3
27.032	224	3	2
27.032	225	4	2
27.032	226	2	3
27.226	227	1	1
27.226	228	2	2
27.226	229	3	3
27.322	230	4	3
27.419	231	1	2
27.419	232	3	2
27.419	233	2	3
27.516	234	1	3
27.613	235	2	2
27.613	236	3	3
27.709	237	2	3
27.806	238	1	2
27.806	239	3	1
27.806	240	4	1
27.903	241	1	3
28.193	242	2	2
28.193	243	3	1
28.387	244	3	2
28.484	245	2	3
28.580	246	1	2
28.580	247	2	2
28.580	248	3	3
28.774	249	3	2
28.774	250	2	3
28.871	251	1	3
28.968	252	2	2
28.968	253	4	2
28.968	254	3	3
29.064	255	4	3
29.161	256	1	2
29.161	257	2	3
29.258	258	1	3
29.355	259	1	2
29.355	260	3	1
29.355	261	4	2
29.451	262	1	3
29.548	263	1	2
29.645	264	1	3
29.645	265	4	3
29.742	266	1	2
29.742	267	4	2
29.839	268	4	3
29.935	269	3	2
29.935	270	4	2
29.935	271	1	3
30.032	272	4	3
30.129	273	1	1
30.129	274	2	1
30.129	275	3	3
30.322	276	2	1
30.322	277	4	1
30.516	278	1	1
30.516	279	3	1
30.903	280	1	2
30.903	281	2	2
30.903	282	4	1
31.193	283	1	3
31.290	284	1	2
31.290	285	4	2
31.580	286	4	3
31.677	287	3	2
31.677	288	4	2
31.677	289	1	3
31.677	290	2	3
31.968	291	3	3
32.064	292	2	2
32.064	293	3	2
32.064	294	4	3
32.258	295	3	3
32.355	296	2	3
32.451	297	1	2
32.451	298	3	1
32.451	299	4	2
32.548	300	4	3
32.645	301	1	3
32.839	302	3	2
32.839	303	4	2
33.032	304	1	1
33.032	305	2	1
33.129	306	4	3
33.226	307	2	2
33.226	308	4	1
33.226	309	3	3
33.419	310	1	1
33.419	311	3	2
33.516	312	2	3
33.613	313	1	2
33.613	314	2	1
33.613	315	3	3
33.806	316	4	2
33.903	317	1	3
34.000	318	1	1
34.000	319	2	2
34.000	320	3	2
34.000	321	4	3
34.097	322	3	3
34.193	323	4	2
34.290	324	2	3
34.290	325	4	3
34.387	326	2	1
34.387	327	4	2
34.484	328	4	3
34.580	329	1	2
34.580	330	3	2
34.774	331	2	1
34.774	332	4	1
34.774	333	1	3
34.871	334	3	3
34.968	335	3	2
35.161	336	1	1
35.161	337	2	1
35.161	338	3	3
35.355	339	2	2
35.548	340	1	1
35.548	341	3	1
35.548	342	4	1
35.548	343	2	3
35.742	344	2	2
35.839	345	2	3
35.935	346	1	1
35.935	347	3	1
36.129	348	2	1
36.129	349	4	1
36.322	350	2	1
36.322	351	3	1
36.516	352	1	1
36.516	353	4	1
36.709	354	1	1
36.709	355	2	1
37.097	356	1	2
37.097	357	2	2
37.097	358	4	1
37.387	359	1	3
37.484	360	1	2
37.484	361	4	2
37.774	362	4	3
37.871	363	3	2
37.871	364	4	2
37.871	365	1	3
37.871	366	2	3
38.161	367	3	3
38.258	368	2	2
38.258	369	3	2
38.258	370	4	3
38.451	371	2	3
38.548	372	3	3
38.645	373	1	2
38.645	374	2	1
38.645	375	4	2
38.742	376	4	3
38.839	377	1	3
39.032	378	2	2
39.032	379	3	2
39.226	380	1	1
39.226	381	4	1
39.322	382	3	3
39.419	383	3	2
39.419	384	4	2
39.419	385	2	3
39.613	386	1	1
39.613	387	2	1
39.709	388	3	3
39.806	389	2	2
39.806	390	3	1
39.806	391	4	3
39.903	392	2	3
40.000	393	1	2
40.000	394	4	2
40.097	395	4	3
40.193	396	2	1
40.193	397	3	1
40.193	398	4	1
40.193	399	1	3
40.387	400	4	2
40.484	401	4	3
40.580	402	1	1
40.580	403	3	2
40.774	404	2	2
40.871	405	3	3
40.968	406	3	2
40.968	407	4	2
40.968	408	2	3
41.161	409	1	2
41.161	410	4	3
41.258	411	3	3
41.355	412	2	2
41.355	413	4	1
41.355	414	1	3
41.548	415	1	2
41.548	416	3	2
41.548	417	2	3
41.645	418	1	3
41.742	419	1	1
41.742	420	2	2
41.742	421	4	1
41.839	422	3	3
41.935	423	3	2
41.935	424	2	3
42.129	425	1	2
42.129	426	2	1
42.129	427	3	3
42.226	428	1	3
42.322	429	1	2
42.322	430	4	1
42.516	431	3	1
42.516	432	4	2
42.516	433	1	3
42.613	434	4	3
42.709	435	2	2
42.709	436	3	1
42.806	437	2	3
42.903	438	1	1
42.903	439	4	2
43.097	440	3	2
43.193	441	4	3
43.290	442	1	1
43.290	443	2	1
43.290	444	4	2
43.290	445	3	3
43.484	446	2	2
43.580	447	4	3
43.677	448	3	1
43.677	449	4	1
43.677	450	2	3
43.871	451	2	2
44.064	452	1	1
44.064	453	3	2
44.161	454	2	3
44.355	455	3	3
44.451	456	2	2
44.451	457	4	1
44.645	458	3	2
44.742	459	2	3
44.839	460	1	1
44.839	461	2	1
44.839	462	4	1
44.839	463	3	3
45.226	464	2	2
45.226	465	3	1
45.419	466	1	1
45.419	467	3	2
45.516	468	2	3
45.613	469	1	2
45.613	470	2	2
45.613	471	3	3
45.806	472	3	2
45.806	473	4	1
45.806	474	2	3
45.903	475	1	3
45.903	476	3	3
46.000	477	2	2
46.000	478	4	2
46.097	479	4	3
46.193	480	3	2
46.193	481	2	3
46.290	482	3	3
46.387	483	1	1
46.387	484	2	2
46.387	485	4	1
46.484	486	2	3
46.774	487	1	1
46.774	488	3	2
46.871	489	3	3
46.968	490	3	1
47.161	491	2	2
47.161	492	4	2
47.451	493	4	3
47.548	494	3	1
47.548	495	4	2
47.548	496	2	3
47.645	497	4	3
47.742	498	2	2
47.742	499	3	2
47.935	500	1	1
47.935	501	4	1
48.032	502	2	3
48.129	503	2	2
48.129	504	3	3
48.226	505	2	3
48.322	506	1	2
48.322	507	3	2
48.516	508	2	1
48.516	509	4	1
48.613	510	1	3
48.709	511	1	2
48.709	512	2	2
48.709	513	3	3
48.806	514	2	3
48.903	515	3	1
48.903	516	4	1
48.903	517	1	3
49.097	518	1	2
49.097	519	3	1
49.193	520	1	3
49.484	521	1	2
49.484	522	4	2
49.580	523	1	3
49.677	524	1	1
49.677	525	2	1
49.677	526	4	3
49.871	527	3	1
49.871	528	4	1
49.968	529	3	1
49.968	530	4	1
50.064	531	3	1
50.064	532	4	1
50.161	533	3	1
50.161	534	4	1
50.258	535	1	2
50.258	536	2	2
50.258	537	4	2
50.451	538	2	3
50.645	539	1	3
50.645	540	4	3
51.032	541	1	2
51.032	542	2	2
51.032	543	4	2
51.226	544	2	3
51.419	545	3	2
51.419	546	1	3
51.419	547	4	3
51.613	548	2	2
51.709	549	3	3
51.806	550	1	2
51.806	551	3	2
51.806	552	4	2
51.806	553	2	3
52.000	554	3	3
52.193	555	1	3
52.193	556	4	3
52.580	557	1	2
52.580	558	3	2
52.580	559	4	2
52.774	560	3	3
52.968	561	2	2
52.968	562	1	3
52.968	563	4	3
53.161	564	3	2
53.258	565	2	3
53.355	566	1	2
53.355	567	2	2
53.355	568	4	2
53.355	569	3	3
53.548	570	4	3
53.742	571	3	2
53.742	572	1	3
53.742	573	2	3
53.839	574	3	3
53.935	575	3	2
54.129	576	1	2
54.129	577	2	2
54.129	578	4	2
54.129	579	3	3
54.322	580	4	3
54.516	581	4	2
54.516	582	1	3
54.516	583	2	3
54.613	584	4	3
54.709	585	2	2
54.806	586	2	3
54.903	587	1	2
54.903	588	3	2
54.903	589	4	2
55.097	590	1	3
55.290	591	3	3
55.290	592	4	3
55.677	593	1	2
55.677	594	2	2
55.677	595	3	2
55.871	596	1	3
56.064	597	4	2
56.064	598	2	3
56.064	599	3	3
56.161	600	4	3
56.451	601	1	2
56.451	602	3	2
56.451	603	4	2
56.645	604	3	3
56.839	605	1	3
56.839	606	4	3
57.226	607	1	2
57.226	608	2	2
57.226	609	4	2
57.419	610	2	3
57.613	611	3	2
57.613	612	1	3
57.613	613	4	3
57.709	614	3	3
58.000	615	2	2
58.000	616	3	2
58.000	617	4	2
58.193	618	1	2
58.193	619	3	3
58.290	620	1	3
58.387	621	3	2
58.387	622	2	3
58.387	623	4	3
58.580	624	2	2
58.677	625	3	3
58.774	626	1	2
58.774	627	3	2
58.774	628	4	2
58.774	629	2	3
58.968	630	2	2
58.968	631	1	3
59.064	632	2	3
59.064	633	3	3
59.161	634	2	2
59.161	635	4	3
59.258	636	2	3
59.355	637	3	2
59.548	638	1	2
59.548	639	2	2
59.548	640	4	2
59.548	641	3	3
59.742	642	4	3
59.935	643	3	1
59.935	644	1	3
59.935	645	2	3
60.129	646	3	2
60.226	647	3	3
60.322	648	1	2
60.322	649	2	2
60.322	650	4	2
60.516	651	4	3
60.709	652	1	3
60.709	653	2	3
61.097	654	1	2
61.097	655	3	2
61.097	656	4	2
61.290	657	1	3
61.484	658	3	3
61.484	659	4	3
61.871	660	1	2
61.871	661	2	2
61.871	662	3	2
62.064	663	1	3
62.258	664	4	2
62.258	665	2	3
62.258	666	3	3
62.355	667	4	3
62.645	668	1	2
62.645	669	2	2
62.645	670	4	2
62.839	671	2	3
63.032	672	1	3
63.032	673	4	3
63.419	674	1	2
63.419	675	2	2
63.419	676	4	2
63.613	677	2	3
63.806	678	2	2
63.806	679	1	3
63.806	680	4	3
63.903	681	2	3
64.193	682	1	2
64.193	683	3	2
64.193	684	4	2
64.387	685	3	3
64.580	686	3	2
64.580	687	1	3
64.580	688	4	3
64.677	689	3	3
64.774	690	2	2
64.968	691	1	2
64.968	692	3	2
64.968	693	4	2
64.968	694	2	3
65.161	695	1	3
65.355	696	1	2
65.355	697	3	3
65.355	698	4	3
65.548	699	2	2
65.645	700	1	3
65.742	701	1	2
65.742	702	3	2
65.742	703	4	2
65.742	704	2	3
65.935	705	2	2
65.935	706	4	3
66.129	707	4	2
66.129	708	1	3
66.129	709	2	3
66.129	710	3	3
66.322	711	1	2
66.322	712	3	1
66.419	713	1	3
66.419	714	4	3
66.516	715	1	2
66.516	716	2	2
66.516	717	4	2
66.709	718	3	2
66.709	719	4	3
66.806	720	3	3
66.903	721	4	2
66.903	722	1	3
66.903	723	2	3
67.048	724	4	3
67.097	725	2	2
67.290	726	1	2
67.290	727	3	2
67.290	728	4	2
67.290	729	2	3
67.484	730	2	2
67.484	731	4	3
67.580	732	2	3
67.677	733	4	2
67.677	734	1	3
67.677	735	3	3
67.871	736	3	2
67.968	737	4	3
68.064	738	1	2
68.064	739	2	2
68.064	740	4	2
68.064	741	3	3
68.258	742	3	2
68.258	743	2	3
68.355	744	3	3
68.451	745	2	1
68.451	746	1	3
68.451	747	4	3
68.645	748	3	2
68.839	749	1	2
68.839	750	2	2
68.839	751	4	2
68.839	752	3	3
69.032	753	2	3
69.226	754	1	3
69.226	755	4	3
69.613	756	1	2
69.613	757	2	2
69.613	758	4	2
69.806	759	2	3
70.000	760	3	2
70.000	761	1	3
70.000	762	4	3
70.193	763	2	2
70.290	764	3	3
70.387	765	1	2
70.387	766	3	2
70.387	767	4	2
70.387	768	2	3
70.580	769	3	3
70.774	770	1	3
70.774	771	4	3
71.161	772	1	2
71.161	773	3	2
71.161	774	4	2
71.355	775	3	3
71.548	776	2	2
71.548	777	1	3
71.548	778	4	3
71.645	779	2	3
71.742	780	2	1
71.935	781	1	2
71.935	782	3	2
71.935	783	4	2
72.056	784	1	3
72.177	785	1	2
72.177	786	2	2
72.177	787	3	3
72.177	788	4	3
72.298	789	2	3
72.395	790	3	2
72.395	791	4	1
72.395	792	1	3
72.540	793	3	3
72.709	794	1	2
72.709	795	3	2
72.709	796	4	2
73.097	797	3	3
73.387	798	1	3
73.387	799	4	3
73.484	800	1	1
73.484	801	3	1
73.484	802	4	1
73.613	803	2	1
73.613	804	4	1
73.742	805	1	1
73.742	806	3	1
73.871	807	1	1
73.871	808	2	1
73.871	809	4	1
74.000	810	3	1
74.000	811	4	1
74.129	812	1	1
74.129	813	2	1
74.258	814	1	1
74.258	815	3	1
74.258	816	4	1
74.387	817	2	1
74.387	818	3	1
74.387	819	4	1
74.516	820	1	1
74.516	821	3	1
74.516	822	4	1
74.645	823	1	1
74.645	824	2	1
74.645	825	4	1
74.774	826	1	1
74.774	827	2	1
74.774	828	3	1
74.903	829	1	1
74.903	830	2	1
74.903	831	4	1
75.032	832	1	2
75.032	833	3	1
75.032	834	4	2
75.419	835	1	3
75.419	836	4	3
75.806	837	1	2
75.806	838	4	2
76.193	839	2	2
76.193	840	1	3
76.193	841	4	3
76.290	842	2	3
76.387	843	2	1
76.580	844	1	2
76.580	845	3	1
76.580	846	4	2
76.938	847	1	3
76.938	848	4	3
77.291	849	1	2
77.291	850	4	2
77.644	851	2	2
77.644	852	1	3
77.644	853	4	3
77.733	854	2	3
77.821	855	2	1
77.994	856	1	2
77.994	857	3	1
77.994	858	4	2
78.318	859	1	3
78.318	860	4	3
78.642	861	1	2
78.642	862	4	2
78.966	863	2	2
78.966	864	1	3
78.966	865	4	3
79.048	866	2	3
79.129	867	2	1
79.291	868	1	2
79.291	869	3	1
79.291	870	4	2
79.591	871	1	3
79.591	872	4	3
79.891	873	1	2
79.891	874	4	2
80.191	875	2	2
80.191	876	1	3
80.191	877	4	3
80.266	878	2	3
80.341	879	2	1
80.491	880	1	2
80.491	881	3	1
80.491	882	4	2
80.770	883	1	3
80.770	884	4	3
81.049	885	1	2
81.049	886	4	2
81.328	887	2	2
81.328	888	1	3
81.328	889	4	3
81.397	890	2	3
81.467	891	2	1
81.617	892	1	2
81.617	893	3	1
81.617	894	4	2
81.877	895	1	3
81.877	896	4	3
82.138	897	1	2
82.138	898	4	2
82.399	899	2	2
82.399	900	1	3
82.399	901	4	3
82.464	902	2	3
82.530	903	2	1
82.660	904	1	2
82.660	905	3	1
82.660	906	4	2
82.904	907	1	3
82.904	908	4	3
83.149	909	1	2
83.149	910	4	2
83.394	911	2	2
83.394	912	1	3
83.394	913	4	3
83.455	914	2	3
83.517	915	2	1
83.639	916	1	2
83.639	917	3	1
83.639	918	4	2
83.869	919	1	3
83.869	920	4	3
84.100	921	1	2
84.100	922	4	2
84.215	923	3	2
84.331	924	2	2
84.331	925	1	3
84.331	926	3	3
84.331	927	4	3
84.389	928	2	3
84.446	929	2	2
84.558	930	1	2
84.558	931	3	1
84.558	932	4	2
84.558	933	2	3
84.776	934	1	3
84.776	935	4	3
84.994	936	1	2
84.994	937	3	2
84.994	938	4	2
85.212	939	2	2
85.212	940	1	3
85.212	941	3	3
85.212	942	4	3
85.267	943	2	3
85.321	944	2	1
85.430	945	1	2
85.434	946	3	1
85.434	947	4	2
85.640	948	1	3
85.640	949	4	3
85.847	950	1	2
85.847	951	4	2
85.916	952	2	1
85.985	953	3	1
86.054	954	2	2
86.054	955	1	3
86.054	956	4	3
86.106	957	2	3
86.158	958	2	1
86.261	959	1	2
86.261	960	3	1
86.261	961	4	2
86.457	962	1	3
86.457	963	4	3
86.654	964	1	2
86.654	965	3	2
86.654	966	4	2
86.752	967	3	3
86.851	968	3	2
86.851	969	1	3
86.851	970	4	3
86.949	971	2	2
86.949	972	3	3
87.047	973	1	2
87.047	974	3	1
87.047	975	4	2
87.047	976	2	3
87.234	977	1	3
87.234	978	4	3
87.422	979	1	2
87.422	980	3	2
87.422	981	4	2
87.609	982	2	1
87.609	983	1	3
87.609	984	3	3
87.609	985	4	3
87.703	986	2	1
87.797	987	1	2
87.797	988	3	1
87.797	989	4	2
87.976	990	1	3
87.976	991	4	3
88.155	992	1	2
88.155	993	3	2
88.155	994	4	2
88.334	995	2	1
88.334	996	1	3
88.334	997	4	3
88.423	998	2	1
88.423	999	3	3
88.513	1000	1	2
88.513	1001	3	1
88.513	1002	4	2
88.684	1003	1	3
88.684	1004	4	3
88.855	1005	1	2
88.855	1006	3	2
88.855	1007	4	2
89.027	1008	2	2
89.027	1009	1	3
89.027	1010	3	3
89.027	1011	4	3
89.113	1012	3	2
89.113	1013	2	3
89.198	1014	1	2
89.198	1015	2	1
89.198	1016	4	2
89.198	1017	3	3
89.362	1018	1	3
89.362	1019	4	3
89.526	1020	1	2
89.526	1021	2	2
89.526	1022	4	2
89.691	1023	3	1
89.691	1024	1	3
89.691	1025	2	3
89.691	1026	4	3
89.773	1027	3	1
89.855	1028	1	2
89.855	1029	2	1
89.855	1030	4	2
90.012	1031	1	3
90.012	1032	4	3
90.170	1033	1	2
90.170	1034	3	2
90.170	1035	4	2
90.328	1036	2	1
90.328	1037	1	3
90.328	1038	3	3
90.328	1039	4	3
90.407	1040	2	1
90.486	1041	1	2
90.486	1042	3	1
90.486	1043	4	2
90.637	1044	1	3
90.637	1045	4	3
90.789	1046	1	2
90.789	1047	4	2
90.840	1048	2	1
90.891	1049	3	1
90.941	1050	2	1
90.941	1051	1	3
90.941	1052	4	3
91.017	1053	2	1
91.093	1054	1	2
91.093	1055	3	1
91.093	1056	4	2
91.239	1057	1	3
91.239	1058	4	3
91.385	1059	1	2
91.385	1060	4	2
91.434	1061	3	1
91.483	1062	2	1
91.532	1063	3	1
91.532	1064	1	3
91.532	1065	4	3
91.605	1066	3	1
91.678	1067	1	2
91.678	1068	2	1
91.678	1069	4	2
91.819	1070	1	3
91.819	1071	4	3
91.960	1072	1	2
91.960	1073	3	2
91.960	1074	4	2
92.101	1075	2	1
92.101	1076	1	3
92.101	1077	4	3
92.172	1078	2	1
92.172	1079	3	3
92.242	1080	1	2
92.242	1081	3	1
92.242	1082	4	2
92.378	1083	1	3
92.378	1084	4	3
92.514	1085	1	2
92.514	1086	2	2
92.514	1087	4	2
92.651	1088	3	1
92.651	1089	1	3
92.651	1090	2	3
92.651	1091	4	3
92.719	1092	3	1
92.787	1093	1	2
92.787	1094	2	1
92.787	1095	4	2
92.918	1096	1	3
92.918	1097	4	3
93.050	1098	1	2
93.050	1099	2	2
93.050	1100	4	2
93.182	1101	3	1
93.182	1102	1	3
93.182	1103	4	3
93.248	1104	3	1
93.248	1105	2	3
93.314	1106	1	2
93.314	1107	2	1
93.314	1108	4	2
93.441	1109	1	3
93.441	1110	4	3
93.569	1111	1	2
93.569	1112	4	2
93.696	1113	2	1
93.696	1114	1	3
93.696	1115	4	3
93.760	1116	2	1
93.824	1117	1	2
93.824	1118	3	1
93.824	1119	4	2
93.947	1120	1	3
93.947	1121	4	3
94.071	1122	1	2
94.071	1123	4	2
94.133	1124	2	2
94.195	1125	3	1
94.195	1126	1	3
94.195	1127	2	3
94.195	1128	4	3
94.256	1129	3	1
94.318	1130	1	2
94.318	1131	2	1
94.318	1132	4	2
94.438	1133	1	3
94.438	1134	4	3
94.558	1135	1	2
94.558	1136	3	2
94.558	1137	4	2
94.678	1138	2	1
94.678	1139	1	3
94.678	1140	3	3
94.678	1141	4	3
94.738	1142	2	1
94.798	1143	1	2
94.798	1144	3	1
94.798	1145	4	2
94.914	1146	2	1
94.914	1147	3	1
94.914	1148	1	3
94.914	1149	4	3
95.031	1150	2	2
95.031	1151	4	2
95.147	1152	1	1
95.147	1153	3	1
95.147	1154	2	3
95.147	1155	4	3
95.264	1156	2	2
95.264	1157	3	2
95.380	1158	1	1
95.380	1159	4	1
95.380	1160	2	3
95.380	1161	3	3
95.497	1162	1	2
95.497	1163	3	2
95.613	1164	2	1
95.613	1165	4	1
95.613	1166	1	3
95.613	1167	3	3
95.730	1168	1	2
95.730	1169	4	2
95.846	1170	2	1
95.846	1171	3	1
95.846	1172	1	3
95.846	1173	4	3
95.963	1174	3	2
95.963	1175	4	2
96.079	1176	1	1
96.079	1177	2	1
96.079	1178	3	3
96.079	1179	4	3
96.196	1180	2	2
96.196	1181	3	2
96.312	1182	1	1
96.312	1183	4	1
96.312	1184	2	3
96.312	1185	3	3
96.429	1186	1	2
96.429	1187	2	2
96.545	1188	3	1
96.545	1189	4	1
96.545	1190	1	3
96.545	1191	2	3
96.662	1192	1	2
96.662	1193	2	1
96.662	1194	4	2
96.720	1195	3	1
96.720	1196	1	3
96.778	1197	1	1
96.778	1198	2	1
96.778	1199	4	3
96.836	1200	4	1
96.895	1201	2	2
96.895	1202	3	2
97.011	1203	1	1
97.011	1204	4	1
97.011	1205	2	3
97.011	1206	3	3
97.128	1207	1	2
97.128	1208	3	2
97.244	1209	2	1
97.244	1210	4	1
97.244	1211	1	3
97.244	1212	3	3
97.361	1213	3	2
97.361	1214	4	2
97.477	1215	1	1
97.477	1216	2	1
97.477	1217	3	3
97.477	1218	4	3
97.594	1219	1	1
97.594	1220	4	1
97.652	1221	2	1
97.710	1222	3	1
97.710	1223	4	1
97.768	1224	2	1
97.827	1225	1	1
97.827	1226	3	1
97.885	1227	4	1
97.943	1228	1	1
97.943	1229	2	1
98.001	1230	4	1
98.060	1231	2	1
98.060	1232	3	1
98.118	1233	1	1
98.176	1234	3	1
98.176	1235	4	1
98.234	1236	1	1
98.293	1237	2	2
98.293	1238	4	2
98.351	1239	3	1
98.351	1240	2	3
98.409	1241	1	1
98.409	1242	2	1
98.409	1243	4	3
98.467	1244	3	1
98.526	1245	1	1
98.526	1246	2	1
98.526	1247	4	2
99.526	1248	3	2
100.526	1249	2	2
101.526	1250	1	2
102.359	1251	1	3
102.359	1252	2	3
102.359	1253	3	3
102.359	1254	4	3
102.526	1255	1	2
102.526	1256	4	2
103.109	1257	4	3
103.192	1258	2	2
103.192	1259	4	2
103.276	1260	4	3
103.359	1261	4	2
103.442	1262	2	3
103.442	1263	4	3
103.526	1264	2	2
103.526	1265	4	2
103.609	1266	2	3
103.692	1267	2	2
103.776	1268	1	3
103.776	1269	2	3
103.776	1270	4	3
103.859	1271	1	1
103.859	1272	3	1
103.859	1273	4	1
103.942	1274	2	1
103.942	1275	3	1
104.025	1276	1	1
104.025	1277	2	1
104.025	1278	4	1
104.109	1279	4	1
104.192	1280	1	1
104.192	1281	2	1
104.192	1282	3	1
104.275	1283	2	1
104.359	1284	1	1
104.359	1285	3	1
104.359	1286	4	1
104.442	1287	1	1
104.525	1288	2	1
104.525	1289	3	1
104.525	1290	4	1
104.609	1291	3	1
104.692	1292	1	1
104.692	1293	2	1
104.692	1294	4	1
104.775	1295	2	1
104.859	1296	1	1
104.859	1297	3	1
104.859	1298	4	1
104.942	1299	2	1
104.942	1300	4	1
105.025	1301	1	1
105.025	1302	2	1
105.025	1303	3	1
105.109	1304	1	1
105.109	1305	4	1
105.192	1306	2	1
105.192	1307	3	1
105.192	1308	4	1
105.275	1309	1	1
105.275	1310	3	1
105.359	1311	1	1
105.359	1312	2	1
105.359	1313	4	1
105.442	1314	4	1
105.525	1315	1	1
105.525	1316	2	1
105.525	1317	3	1
105.609	1318	2	1
105.692	1319	1	1
105.692	1320	3	1
105.692	1321	4	1
105.775	1322	3	1
105.859	1323	1	1
105.859	1324	2	1
105.859	1325	4	1
105.942	1326	1	1
106.025	1327	2	1
106.025	1328	3	1
106.025	1329	4	1
106.109	1330	3	1
106.192	1331	1	1
106.192	1332	2	1
106.192	1333	4	1
106.275	1334	1	1
106.275	1335	2	1
106.359	1336	2	1
106.359	1337	3	1
106.359	1338	4	1
106.442	1339	1	1
106.442	1340	3	1
106.442	1341	4	1
106.525	1342	1	1
106.525	1343	2	1
106.525	1344	3	1
106.609	1345	2	1
106.609	1346	4	1
106.692	1347	1	1
106.692	1348	3	1
106.692	1349	4	1
106.775	1350	3	1
106.859	1351	1	1
106.859	1352	2	1
106.859	1353	4	1
106.942	1354	1	1
107.025	1355	2	1
107.025	1356	3	1
107.025	1357	4	1
107.109	1358	1	1
107.109	1359	4	1
107.192	1360	1	1
107.192	1361	2	1
107.192	1362	3	1
107.275	1363	3	1
107.359	1364	1	1
107.359	1365	2	1
107.359	1366	4	1
107.442	1367	4	1
107.525	1368	1	1
107.525	1369	2	1
107.525	1370	3	1
107.609	1371	2	1
107.692	1372	1	1
107.692	1373	3	1
107.692	1374	4	1
107.775	1375	1	1
107.859	1376	2	1
107.859	1377	3	1
107.859	1378	4	1
108.025	1379	1	1
108.025	1380	3	1
108.025	1381	4	1
108.067	1382	2	1
108.109	1383	3	1
108.192	1384	1	1
108.192	1385	2	1
108.192	1386	4	1
108.359	1387	1	1
108.359	1388	2	1
108.359	1389	3	1
108.525	1390	2	1
108.525	1391	3	1
108.525	1392	4	1
108.567	1393	1	1
108.609	1394	4	1
108.650	1395	2	1
108.692	1396	1	1
108.692	1397	3	1
108.692	1398	4	1
108.775	1399	2	1
108.775	1400	3	1
108.859	1401	2	1
108.859	1402	3	1
109.025	1403	1	1
109.053	1404	2	1
109.081	1405	4	1
109.109	1406	3	1
109.136	1407	1	1
109.164	1408	2	1
109.192	1409	3	1
109.192	1410	4	1
109.275	1411	2	1
109.275	1412	4	1
109.359	1413	1	1
109.359	1414	2	1
109.359	1415	3	1
109.442	1416	1	1
109.525	1417	2	1
109.525	1418	3	1
109.525	1419	4	1
109.609	1420	3	1
109.692	1421	1	1
109.692	1422	2	1
109.692	1423	4	1
109.775	1424	2	1
109.859	1425	1	1
109.859	1426	3	1
109.859	1427	4	1
109.942	1428	4	1
110.025	1429	1	1
110.025	1430	2	1
110.025	1431	3	1
110.109	1432	3	1
110.192	1433	1	1
110.192	1434	2	1
110.192	1435	4	1
110.275	1436	1	1
110.359	1437	2	1
110.359	1438	3	1
110.359	1439	4	1
110.442	1440	2	1
110.525	1441	1	1
110.525	1442	3	1
110.525	1443	4	1
110.609	1444	2	1
110.609	1445	3	1
110.692	1446	1	1
110.692	1447	2	1
110.692	1448	4	1
110.775	1449	3	1
110.775	1450	4	1
110.859	1451	1	1
110.859	1452	2	1
110.859	1453	3	1
110.942	1454	1	1
110.942	1455	4	1
111.025	1456	2	1
111.025	1457	3	1
111.025	1458	4	1
111.109	1459	1	1
111.109	1460	2	1
111.192	1461	1	1
111.192	1462	3	1
111.192	1463	4	1
111.275	1464	3	1
111.359	1465	1	1
111.359	1466	2	1
111.359	1467	4	1
111.442	1468	3	1
111.442	1469	4	1
111.525	1470	1	1
111.525	1471	2	1
111.525	1472	3	1
111.609	1473	2	1
111.692	1474	1	1
111.692	1475	3	1
111.692	1476	4	1
111.775	1477	2	1
111.775	1478	3	1
111.775	1479	4	1
111.859	1480	1	1
111.859	1481	2	1
111.859	1482	3	1
111.942	1483	1	1
112.025	1484	2	1
112.025	1485	3	1
112.025	1486	4	1
112.109	1487	3	1
112.192	1488	1	1
112.192	1489	2	1
112.192	1490	4	1
112.275	1491	2	1
112.359	1492	1	1
112.359	1493	3	1
112.359	1494	4	1
112.442	1495	4	1
112.525	1496	1	1
112.525	1497	2	1
112.525	1498	3	1
112.609	1499	2	1
112.692	1500	1	1
112.692	1501	3	1
112.692	1502	4	1
112.775	1503	1	1
112.859	1504	2	1
112.859	1505	3	1
112.859	1506	4	1
112.942	1507	3	1
113.025	1508	1	1
113.025	1509	2	1
113.025	1510	4	1
113.109	1511	4	1
113.192	1512	1	1
113.192	1513	2	1
113.192	1514	3	1
113.359	1515	1	1
113.359	1516	3	1
113.359	1517	4	1
113.400	1518	2	1
113.442	1519	3	1
113.525	1520	1	1
113.525	1521	2	1
113.525	1522	4	1
113.692	1523	1	1
113.692	1524	3	1
113.692	1525	4	1
113.775	1526	2	1
113.775	1527	3	1
113.859	1528	1	1
113.859	1529	2	1
113.859	1530	4	1
113.900	1531	3	1
113.942	1532	1	1
113.984	1533	4	1
114.025	1534	1	1
114.025	1535	2	1
114.025	1536	3	1
114.109	1537	3	1
114.109	1538	4	1
114.192	1539	4	1
114.220	1540	1	1
114.247	1541	2	1
114.275	1542	3	1
114.303	1543	4	1
114.331	1544	1	1
114.359	1545	3	1
114.400	1546	2	1
114.442	1547	4	1
114.484	1548	1	1
114.525	1549	2	1
114.525	1550	3	1
114.525	1551	4	1
114.609	1552	1	1
114.609	1553	2	1
114.692	1554	1	1
114.692	1555	3	1
114.692	1556	4	1
114.775	1557	3	1
114.859	1558	1	1
114.859	1559	2	1
114.859	1560	4	1
114.942	1561	1	1
115.025	1562	2	1
115.025	1563	3	1
115.025	1564	4	1
115.109	1565	4	1
115.192	1566	1	1
115.192	1567	2	1
115.192	1568	3	1
115.275	1569	2	1
115.359	1570	1	1
115.359	1571	3	1
115.359	1572	4	1
115.442	1573	3	1
115.525	1574	1	1
115.525	1575	2	1
115.525	1576	4	1
115.609	1577	1	1
115.609	1578	3	1
115.692	1579	2	1
115.692	1580	3	1
115.692	1581	4	1
115.775	1582	2	1
115.859	1583	1	1
115.859	1584	3	1
115.859	1585	4	1
115.942	1586	2	1
115.942	1587	4	1
116.025	1588	1	1
116.025	1589	2	1
116.025	1590	3	1
116.109	1591	3	1
116.192	1592	1	1
116.192	1593	2	1
116.192	1594	4	1
116.275	1595	1	1
116.359	1596	2	1
116.359	1597	3	1
116.359	1598	4	1
116.442	1599	1	1
116.442	1600	2	1
116.525	1601	1	1
116.525	1602	3	1
116.525	1603	4	1
116.609	1604	4	1
116.692	1605	1	1
116.692	1606	2	1
116.692	1607	3	1
116.775	1608	2	1
116.859	1609	1	1
116.859	1610	3	1
116.859	1611	4	1
116.942	1612	3	1
116.942	1613	4	1
117.025	1614	1	1
117.025	1615	2	1
117.025	1616	3	1
117.109	1617	1	1
117.109	1618	2	1
117.109	1619	4	1
117.192	1620	2	1
117.192	1621	3	1
117.192	1622	4	1
117.275	1623	1	1
117.275	1624	3	1
117.359	1625	1	1
117.359	1626	2	1
117.359	1627	4	1
117.442	1628	3	1
117.442	1629	4	1
117.525	1630	1	1
117.525	1631	2	1
117.525	1632	3	1
117.609	1633	2	1
117.609	1634	4	1
117.692	1635	1	1
117.692	1636	3	1
117.692	1637	4	1
117.775	1638	1	1
117.775	1639	2	1
117.859	1640	2	1
117.859	1641	3	1
117.859	1642	4	1
117.942	1643	1	1
117.942	1644	4	1
118.025	1645	1	1
118.025	1646	2	1
118.025	1647	3	1
118.109	1648	3	1
118.109	1649	4	1
118.192	1650	1	1
118.192	1651	2	1
118.192	1652	4	1
118.275	1653	2	1
118.359	1654	1	1
118.359	1655	3	1
118.359	1656	4	1
118.442	1657	2	1
118.442	1658	3	1
118.525	1659	1	1
118.525	1660	2	1
118.525	1661	4	1
118.775	1662	1	1
118.775	1663	4	1
118.859	1664	2	1
118.859	1665	3	1
118.859	1666	4	1
118.900	1667	1	1
118.942	1668	3	1
118.984	1669	4	1
119.025	1670	2	1
119.192	1671	3	1
119.192	1672	4	1
119.275	1673	3	1
119.275	1674	4	1
119.359	1675	3	1
119.359	1676	4	1
119.442	1677	3	1
119.442	1678	4	1
119.525	1679	1	1
119.553	1680	4	1
119.581	1681	3	1
119.609	1682	2	1
119.636	1683	1	1
119.664	1684	4	1
119.692	1685	2	1
119.734	1686	3	1
119.775	1687	1	1
119.817	1688	4	1
119.859	1689	1	1
119.859	1690	2	1
119.859	1691	3	1
119.942	1692	3	1
120.025	1693	1	1
120.025	1694	2	1
120.025	1695	4	1
120.109	1696	2	1
120.192	1697	1	1
120.192	1698	3	1
120.192	1699	4	1
120.275	1700	4	1
120.359	1701	1	1
120.359	1702	2	1
120.359	1703	3	1
120.442	1704	1	1
120.525	1705	2	1
120.525	1706	3	1
120.525	1707	4	1
120.609	1708	3	1
120.692	1709	1	1
120.692	1710	2	1
120.692	1711	4	1
120.775	1712	2	1
120.859	1713	1	1
120.859	1714	3	1
120.859	1715	4	1
120.942	1716	2	1
120.942	1717	4	1
121.025	1718	1	1
121.025	1719	2	1
121.025	1720	3	1
121.109	1721	1	1
121.109	1722	4	1
121.192	1723	2	1
121.192	1724	3	1
121.192	1725	4	1
121.275	1726	3	1
121.359	1727	1	1
121.359	1728	2	1
121.359	1729	4	1
121.442	1730	1	1
121.525	1731	2	1
121.525	1732	3	1
121.525	1733	4	1
121.609	1734	4	1
121.692	1735	1	1
121.692	1736	2	1
121.692	1737	3	1
121.775	1738	2	1
121.859	1739	1	1
121.859	1740	3	1
121.859	1741	4	1
121.942	1742	3	1
122.025	1743	1	1
122.025	1744	2	1
122.025	1745	4	1
122.109	1746	1	1
122.192	1747	2	1
122.192	1748	3	1
122.192	1749	4	1
122.275	1750	3	1
122.275	1751	4	1
122.359	1752	1	1
122.359	1753	2	1
122.359	1754	3	1
122.442	1755	1	1
122.442	1756	2	1
122.442	1757	4	1
122.525	1758	2	1
122.525	1759	3	1
122.525	1760	4	1
122.609	1761	1	1
122.609	1762	3	1
122.692	1763	1	1
122.692	1764	2	1
122.692	1765	4	1
122.775	1766	4	1
122.859	1767	1	1
122.859	1768	2	1
122.859	1769	3	1
122.942	1770	2	1
123.025	1771	1	1
123.025	1772	3	1
123.025	1773	4	1
123.109	1774	1	1
123.109	1775	2	1
123.192	1776	2	1
123.192	1777	3	1
123.192	1778	4	1
123.275	1779	3	1
123.359	1780	1	1
123.359	1781	2	1
123.359	1782	4	1
123.442	1783	2	1
123.525	1784	1	1
123.525	1785	3	1
123.525	1786	4	1
123.609	1787	2	1
123.609	1788	4	1
123.692	1789	1	1
123.692	1790	2	1
123.692	1791	3	1
123.775	1792	1	1
123.859	1793	2	1
123.859	1794	3	1
123.859	1795	4	1
123.942	1796	4	1
124.025	1797	1	1
124.025	1798	2	1
124.025	1799	3	1
124.109	1800	1	1
124.192	1801	2	1
124.192	1802	3	1
124.192	1803	4	1
124.275	1804	3	1
124.359	1805	1	1
124.359	1806	2	1
124.359	1807	4	1
124.442	1808	2	1
124.525	1809	1	1
124.525	1810	3	1
124.525	1811	4	1
124.609	1812	3	1
124.609	1813	4	1
124.692	1814	3	1
124.692	1815	4	1
124.775	1816	3	1
124.775	1817	4	1
124.859	1818	1	1
124.886	1819	4	1
124.914	1820	3	1
124.942	1821	2	1
124.970	1822	1	1
124.997	1823	4	1
125.025	1824	2	1
125.067	1825	3	1
125.109	1826	1	1
125.150	1827	4	1
125.192	1828	1	1
125.192	1829	2	1
125.192	1830	3	1
125.275	1831	3	1
125.275	1832	4	1
125.359	1833	1	1
125.359	1834	2	1
125.359	1835	4	1
125.442	1836	2	1
125.525	1837	1	1
125.525	1838	3	1
125.525	1839	4	1
125.609	1840	3	1
125.692	1841	1	1
125.692	1842	2	1
125.692	1843	4	1
125.775	1844	1	1
125.859	1845	2	1
125.859	1846	3	1
125.859	1847	4	1
125.942	1848	3	1
126.025	1849	1	1
126.025	1850	2	1
126.025	1851	4	1
126.109	1852	2	1
126.192	1853	1	1
126.192	1854	3	1
126.192	1855	4	1
126.275	1856	2	1
126.275	1857	4	1
126.359	1858	1	1
126.359	1859	2	1
126.359	1860	3	1
126.442	1861	1	1
126.442	1862	4	1
126.525	1863	2	1
126.525	1864	3	1
126.525	1865	4	1
126.609	1866	1	1
126.609	1867	3	1
126.692	1868	1	1
126.692	1869	2	1
126.692	1870	4	1
126.775	1871	4	1
126.859	1872	1	1
126.859	1873	2	1
126.859	1874	3	1
126.942	1875	2	1
127.025	1876	1	1
127.025	1877	3	1
127.025	1878	4	1
127.109	1879	3	1
127.192	1880	1	1
127.192	1881	2	1
127.192	1882	4	1
127.275	1883	1	1
127.359	1884	2	1
127.359	1885	3	1
127.359	1886	4	1
127.442	1887	3	1
127.525	1888	1	1
127.525	1889	2	1
127.525	1890	4	1
127.609	1891	1	1
127.609	1892	2	1
127.692	1893	2	1
127.692	1894	3	1
127.692	1895	4	1
127.775	1896	1	1
127.775	1897	3	1
127.775	1898	4	1
127.859	1899	1	1
127.859	1900	2	1
127.859	1901	3	1
127.942	1902	2	1
127.942	1903	4	1
128.025	1904	1	1
128.025	1905	3	1
128.025	1906	4	1
128.109	1907	3	1
128.192	1908	1	1
128.192	1909	2	1
128.192	1910	4	1
128.275	1911	1	1
128.359	1912	2	1
128.359	1913	3	1
128.359	1914	4	1
128.442	1915	1	1
128.442	1916	4	1
128.525	1917	1	1
128.525	1918	2	1
128.525	1919	3	1
128.609	1920	3	1
128.692	1921	1	1
128.692	1922	2	1
128.692	1923	4	1
128.775	1924	4	1
128.859	1925	1	1
128.859	1926	2	1
128.859	1927	3	1
128.942	1928	2	1
129.025	1929	1	1
129.025	1930	3	1
129.025	1931	4	1
129.109	1932	1	1
129.192	1933	2	1
129.192	1934	3	1
129.192	1935	4	1
129.359	1936	1	1
129.359	1937	3	1
129.359	1938	4	1
129.400	1939	2	1
129.442	1940	3	1
129.525	1941	1	1
129.525	1942	2	1
129.525	1943	4	1
129.692	1944	1	1
129.692	1945	2	1
129.692	1946	3	1
129.859	1947	2	1
129.859	1948	3	1
129.859	1949	4	1
129.900	1950	1	1
129.942	1951	4	1
129.984	1952	2	1
130.025	1953	1	1
130.025	1954	3	1
130.025	1955	4	1
130.109	1956	2	1
130.109	1957	3	1
130.192	1958	2	1
130.192	1959	3	1
130.359	1960	1	1
130.386	1961	2	1
130.414	1962	4	1
130.442	1963	3	1
130.470	1964	1	1
130.497	1965	2	1
130.525	1966	3	1
130.525	1967	4	1
130.609	1968	2	1
130.609	1969	4	1
130.692	1970	1	1
130.692	1971	2	1
130.692	1972	3	1
130.775	1973	1	1
130.859	1974	2	1
130.859	1975	3	1
130.859	1976	4	1
130.942	1977	3	1
131.025	1978	1	1
131.025	1979	2	1
131.025	1980	4	1
131.109	1981	2	1
131.192	1982	1	1
131.192	1983	3	1
131.192	1984	4	1
131.275	1985	4	1
131.359	1986	1	1
131.359	1987	2	1
131.359	1988	3	1
131.442	1989	3	1
131.525	1990	1	1
131.525	1991	2	1
131.525	1992	4	1
131.609	1993	1	1
131.692	1994	2	1
131.692	1995	3	1
131.692	1996	4	1
131.775	1997	2	1
131.859	1998	1	1
131.859	1999	3	1
131.859	2000	4	1
131.942	2001	2	1
131.942	2002	3	1
132.025	2003	1	1
132.025	2004	2	1
132.025	2005	4	1
132.109	2006	3	1
132.109	2007	4	1
132.192	2008	1	1
132.192	2009	2	1
132.192	2010	3	1
132.275	2011	1	1
132.275	2012	4	1
132.359	2013	2	1
132.359	2014	3	1
132.359	2015	4	1
132.442	2016	1	1
132.442	2017	2	1
132.525	2018	1	1
132.525	2019	3	1
132.525	2020	4	1
132.609	2021	3	1
132.692	2022	1	1
132.692	2023	2	1
132.692	2024	4	1
132.775	2025	3	1
132.775	2026	4	1
132.859	2027	1	1
132.859	2028	2	1
132.859	2029	3	1
132.942	2030	2	1
133.025	2031	1	1
133.025	2032	3	1
133.025	2033	4	1
133.109	2034	2	1
133.109	2035	3	1
133.109	2036	4	1
133.192	2037	1	1
133.192	2038	2	1
133.192	2039	3	1
133.275	2040	1	1
133.359	2041	2	1
133.359	2042	3	1
133.359	2043	4	1
133.442	2044	3	1
133.525	2045	1	1
133.525	2046	2	1
133.525	2047	4	1
133.609	2048	2	1
133.692	2049	1	1
133.692	2050	3	1
133.692	2051	4	1
133.775	2052	4	1
133.859	2053	1	1
133.859	2054	2	1
133.859	2055	3	1
133.942	2056	2	1
134.025	2057	1	1
134.025	2058	3	1
134.025	2059	4	1
134.109	2060	1	1
134.192	2061	2	1
134.192	2062	3	1
134.192	2063	4	1
134.275	2064	3	1
134.359	2065	1	1
134.359	2066	2	1
134.359	2067	4	1
134.442	2068	4	1
134.525	2069	1	1
134.525	2070	2	1
134.525	2071	3	1
134.692	2072	1	1
134.692	2073	3	1
134.692	2074	4	1
134.734	2075	2	1
134.775	2076	3	1
134.859	2077	1	1
134.859	2078	2	1
134.859	2079	4	1
135.025	2080	1	1
135.025	2081	3	1
135.025	2082	4	1
135.109	2083	2	1
135.109	2084	3	1
135.192	2085	1	1
135.192	2086	2	1
135.192	2087	4	1
135.234	2088	3	1
135.275	2089	1	1
135.317	2090	4	1
135.359	2091	1	1
135.359	2092	2	1
135.359	2093	3	1
135.442	2094	3	1
135.442	2095	4	1
135.525	2096	4	1
135.553	2097	1	1
135.581	2098	2	1
135.609	2099	3	1
135.636	2100	4	1
135.664	2101	1	1
135.692	2102	3	1
135.734	2103	2	1
135.775	2104	4	1
135.817	2105	1	1
135.859	2106	2	1
135.859	2107	3	1
135.859	2108	4	1
135.942	2109	1	1
135.942	2110	2	1
136.025	2111	1	1
136.025	2112	3	1
136.025	2113	4	1
136.109	2114	3	1
136.192	2115	1	1
136.192	2116	2	1
136.192	2117	4	1
136.275	2118	1	1
136.359	2119	2	1
136.359	2120	3	1
136.359	2121	4	1
136.442	2122	4	1
136.525	2123	1	1
136.525	2124	2	1
136.525	2125	3	1
136.609	2126	2	1
136.692	2127	1	1
136.692	2128	3	1
136.692	2129	4	1
136.775	2130	3	1
136.859	2131	1	1
136.859	2132	2	1
136.859	2133	4	1
136.942	2134	1	1
136.942	2135	3	1
137.025	2136	2	1
137.025	2137	3	1
137.025	2138	4	1
137.109	2139	2	1
137.192	2140	1	1
137.192	2141	3	1
137.192	2142	4	1
137.275	2143	2	1
137.275	2144	4	1
137.359	2145	1	1
137.359	2146	2	1
137.359	2147	3	1
137.442	2148	3	1
137.525	2149	1	1
137.525	2150	2	1
137.525	2151	4	1
137.609	2152	1	1
137.692	2153	2	1
137.692	2154	3	1
137.692	2155	4	1
137.775	2156	1	1
137.775	2157	2	1
137.859	2158	1	1
137.859	2159	3	1
137.859	2160	4	1
137.942	2161	4	1
138.025	2162	1	1
138.025	2163	2	1
138.025	2164	3	1
138.109	2165	2	1
138.192	2166	1	1
138.192	2167	3	1
138.192	2168	4	1
138.275	2169	3	1
138.275	2170	4	1
138.359	2171	1	1
138.359	2172	2	1
138.359	2173	3	1
138.442	2174	1	1
138.442	2175	2	1
138.442	2176	4	1
138.525	2177	2	1
138.525	2178	3	1
138.525	2179	4	1
138.609	2180	1	1
138.609	2181	3	1
138.692	2182	1	1
138.692	2183	2	1
138.692	2184	4	1
138.775	2185	3	1
138.775	2186	4	1
138.859	2187	1	1
138.859	2188	2	1
138.859	2189	3	1
138.942	2190	2	1
138.942	2191	4	1
139.025	2192	1	1
139.025	2193	3	1
139.025	2194	4	1
139.109	2195	1	1
139.109	2196	2	1
139.192	2197	2	1
139.192	2198	3	1
139.192	2199	4	1
139.275	2200	1	1
139.275	2201	4	1
139.359	2202	1	1
139.359	2203	2	1
139.359	2204	3	1
139.442	2205	3	1
139.442	2206	4	1
139.525	2207	1	1
139.525	2208	2	1
139.525	2209	4	1
139.609	2210	2	1
139.692	2211	1	1
139.692	2212	3	1
139.692	2213	4	1
139.775	2214	2	1
139.775	2215	3	1
139.859	2216	1	1
139.859	2217	2	1
139.859	2218	4	1
140.109	2219	1	1
140.109	2220	4	1
140.192	2221	1	1
140.192	2222	2	1
140.192	2223	3	1
140.234	2224	4	1
140.275	2225	2	1
140.317	2226	1	1
140.359	2227	3	1
140.525	2228	1	1
140.525	2229	2	1
140.609	2230	1	1
140.609	2231	2	1
140.692	2232	1	1
140.692	2233	2	1
140.775	2234	1	1
140.775	2235	2	1
140.859	2236	4	1
140.886	2237	1	1
140.914	2238	2	1
140.942	2239	3	1
140.970	2240	4	1
140.997	2241	1	1
141.025	2242	3	1
141.067	2243	2	1
141.109	2244	4	1
141.150	2245	1	1
141.192	2246	2	1
141.192	2247	3	1
141.192	2248	4	1
141.275	2249	2	1
141.359	2250	1	1
141.359	2251	3	1
141.359	2252	4	1
141.442	2253	3	1
141.525	2254	1	1
141.525	2255	2	1
141.525	2256	4	1
141.609	2257	1	1
141.692	2258	2	1
141.692	2259	3	1
141.692	2260	4	1
141.775	2261	4	1
141.859	2262	1	1
141.859	2263	2	1
141.859	2264	3	1
141.942	2265	2	1
142.025	2266	1	1
142.025	2267	3	1
142.025	2268	4	1
142.109	2269	3	1
142.192	2270	1	1
142.192	2271	2	1
142.192	2272	4	1
142.275	2273	1	1
142.275	2274	3	1
142.359	2275	2	1
142.359	2276	3	1
142.359	2277	4	1
142.442	2278	1	1
142.442	2279	4	1
142.525	2280	1	1
142.525	2281	2	1
142.525	2282	3	1
142.609	2283	2	1
142.692	2284	1	1
142.692	2285	3	1
142.692	2286	4	1
142.775	2287	4	1
142.859	2288	1	1
142.859	2289	2	1
142.859	2290	3	1
142.942	2291	1	1
143.025	2292	2	1
143.025	2293	3	1
143.025	2294	4	1
143.109	2295	3	1
143.192	2296	1	1
143.192	2297	2	1
143.192	2298	4	1
143.275	2299	2	1
143.359	2300	1	1
143.359	2301	3	1
143.359	2302	4	1
143.442	2303	4	1
143.525	2304	1	1
143.525	2305	2	1
143.525	2306	3	1
143.609	2307	1	1
143.609	2308	2	1
143.692	2309	2	1
143.692	2310	3	1
143.692	2311	4	1
143.775	2312	1	1
143.775	2313	3	1
143.775	2314	4	1
143.859	2315	1	1
143.859	2316	2	1
143.900	2317	3	1
143.942	2318	4	1
143.984	2319	1	1
144.025	2320	3	1
144.067	2321	2	1
144.109	2322	1	1
144.150	2323	4	1
144.192	2324	2	1
144.234	2325	3	1
144.275	2326	4	1
144.317	2327	1	1
144.359	2328	3	1
144.400	2329	2	1
144.442	2330	4	1
144.484	2331	1	1
144.525	2332	3	1
144.567	2333	2	1
144.609	2334	4	1
144.650	2335	1	1
144.692	2336	3	1
144.734	2337	2	1
144.775	2338	4	1
144.817	2339	1	1
144.859	2340	3	1
144.900	2341	4	1
144.942	2342	1	1
144.984	2343	2	1
145.025	2344	3	1
145.067	2345	4	1
145.109	2346	1	1
145.150	2347	2	1
145.192	2348	4	2
145.234	2349	1	1
145.275	2350	3	1
145.317	2351	2	1
145.359	2352	1	1
145.359	2353	4	3
145.400	2354	3	1
145.442	2355	4	1
145.484	2356	2	1
145.525	2357	1	1
145.567	2358	3	1
145.609	2359	4	1
145.650	2360	2	1
145.692	2361	1	1
145.734	2362	4	1
145.775	2363	2	1
145.817	2364	3	1
145.859	2365	1	2
145.900	2366	4	1
145.942	2367	2	1
145.984	2368	3	1
146.025	2369	4	1
146.025	2370	1	3
146.067	2371	2	1
146.109	2372	1	1
146.150	2373	3	1
146.192	2374	4	1
146.234	2375	2	1
146.275	2376	1	1
146.317	2377	3	1
146.359	2378	4	1
146.400	2379	1	1
146.442	2380	3	1
146.484	2381	2	1
146.525	2382	1	1
146.525	2383	4	1
146.609	2384	3	1
146.609	2385	4	1
146.692	2386	2	1
146.692	2387	3	1
146.775	2388	1	1
146.775	2389	2	1
146.859	2390	1	1
146.859	2391	3	1
146.942	2392	1	1
146.942	2393	2	1
147.025	2394	2	1
147.025	2395	3	1
147.109	2396	3	1
147.109	2397	4	1
147.192	2398	2	1
147.192	2399	4	1
147.275	2400	2	1
147.275	2401	3	1
147.359	2402	1	1
147.359	2403	2	1
147.442	2404	1	1
147.442	2405	4	1
147.525	2406	3	1
147.525	2407	4	1
147.609	2408	3	1
147.609	2409	4	1
147.692	2410	1	1
147.692	2411	2	1
147.775	2412	1	1
147.775	2413	2	1
147.817	2414	3	1
147.859	2415	1	1
147.859	2416	4	1
147.942	2417	3	1
147.942	2418	4	1
148.025	2419	2	1
148.025	2420	3	1
148.109	2421	1	1
148.109	2422	4	1
148.192	2423	3	1
148.192	2424	4	1
148.275	2425	2	1
148.275	2426	3	1
148.359	2427	1	1
148.359	2428	2	1
148.442	2429	3	1
148.442	2430	4	1
148.525	2431	1	1
148.525	2432	4	1
148.609	2433	1	1
148.609	2434	2	1
148.692	2435	2	1
148.692	2436	4	1
148.775	2437	3	1
148.775	2438	4	1
148.859	2439	2	1
148.859	2440	3	1
148.942	2441	2	1
148.942	2442	3	1
149.025	2443	1	1
149.025	2444	4	1
149.067	2445	3	1
149.109	2446	1	1
149.109	2447	4	1
149.150	2448	2	1
149.192	2449	3	1
149.192	2450	4	1
149.275	2451	2	1
149.275	2452	3	1
149.359	2453	1	1
149.359	2454	2	1
149.442	2455	3	1
149.442	2456	4	1
149.525	2457	1	1
149.525	2458	4	1
149.609	2459	2	1
149.609	2460	3	1
149.692	2461	3	1
149.692	2462	4	1
149.775	2463	3	1
149.775	2464	4	1
149.859	2465	1	1
149.859	2466	2	1
149.942	2467	1	1
149.942	2468	2	1
150.025	2469	2	1
150.025	2470	3	1
150.109	2471	1	1
150.109	2472	4	1
150.192	2473	3	1
150.192	2474	4	1
150.275	2475	2	1
150.275	2476	3	1
150.359	2477	1	1
150.359	2478	2	1
150.442	2479	2	1
150.442	2480	4	1
150.484	2481	3	1
150.525	2482	1	1
150.525	2483	4	1
150.609	2484	1	1
150.609	2485	3	1
150.650	2486	2	1
150.692	2487	1	1
150.692	2488	4	1
150.775	2489	2	1
150.775	2490	3	1
150.859	2491	3	1
150.859	2492	4	1
150.900	2493	1	1
150.942	2494	2	1
150.942	2495	4	1
150.984	2496	3	1
151.025	2497	1	1
151.025	2498	2	1
151.109	2499	1	1
151.109	2500	4	1
151.192	2501	3	1
151.192	2502	4	1
151.275	2503	2	1
151.275	2504	3	1
151.317	2505	1	1
151.359	2506	2	1
151.359	2507	4	1
151.442	2508	1	1
151.442	2509	3	1
151.525	2510	4	1
151.559	2511	2	1
151.592	2512	1	1
151.625	2513	3	1
151.659	2514	4	1
151.692	2515	1	1
151.725	2516	3	1
151.759	2517	2	1
151.792	2518	4	1
151.825	2519	3	1
151.859	2520	1	1
151.859	2521	2	1
151.942	2522	1	1
151.942	2523	4	1
152.025	2524	1	1
152.025	2525	2	1
152.109	2526	2	1
152.109	2527	3	1
152.192	2528	3	1
152.192	2529	4	1
152.275	2530	1	1
152.275	2531	4	1
152.359	2532	3	1
152.359	2533	4	1
152.442	2534	2	1
152.442	2535	3	1
152.525	2536	1	1
152.525	2537	2	1
152.609	2538	1	1
152.609	2539	3	1
152.692	2540	1	1
152.692	2541	2	1
152.775	2542	2	1
152.775	2543	3	1
152.859	2544	3	1
152.859	2545	4	1
152.942	2546	2	1
152.942	2547	4	1
153.025	2548	3	1
153.025	2549	4	1
153.109	2550	1	1
153.109	2551	2	1
153.150	2552	4	1
153.192	2553	2	1
153.192	2554	3	1
153.275	2555	1	1
153.275	2556	3	1
153.359	2557	2	1
153.359	2558	4	1
153.442	2559	2	1
153.442	2560	4	1
153.525	2561	1	1
153.525	2562	4	1
153.609	2563	1	1
153.609	2564	4	1
153.692	2565	2	1
153.692	2566	3	1
153.775	2567	2	1
153.775	2568	3	1
153.859	2569	1	1
153.859	2570	2	1
153.942	2571	1	1
153.942	2572	2	1
154.025	2573	3	1
154.025	2574	4	1
154.109	2575	2	1
154.109	2576	3	1
154.192	2577	2	1
154.192	2578	3	1
154.275	2579	1	1
154.275	2580	4	1
154.359	2581	1	1
154.359	2582	2	1
154.400	2583	4	1
154.442	2584	2	1
154.442	2585	3	1
154.484	2586	1	1
154.525	2587	3	1
154.525	2588	4	1
154.609	2589	1	1
154.609	2590	4	1
154.692	2591	2	1
154.692	2592	3	1
154.775	2593	3	1
154.775	2594	4	1
154.859	2595	1	1
154.859	2596	2	1
154.942	2597	1	1
154.942	2598	4	1
155.025	2599	2	1
155.025	2600	3	1
155.109	2601	1	1
155.109	2602	2	1
155.192	2603	3	1
155.192	2604	4	1
155.275	2605	1	1
155.275	2606	4	1
155.359	2607	2	1
155.359	2608	3	1
155.442	2609	3	1
155.442	2610	4	1
155.525	2611	1	1
155.525	2612	2	1
155.609	2613	1	1
155.609	2614	4	1
155.692	2615	2	1
155.692	2616	3	1
155.775	2617	1	1
155.775	2618	2	1
155.859	2619	1	1
155.900	2620	2	1
155.942	2621	3	1
156.025	2622	2	1
156.025	2623	4	1
156.109	2624	4	1
156.150	2625	3	1
156.192	2626	2	1
156.275	2627	1	1
156.275	2628	3	1
156.359	2629	1	1
156.400	2630	2	1
156.442	2631	4	1
156.484	2632	3	1
156.525	2633	1	1
156.525	2634	2	1
156.609	2635	1	1
156.609	2636	2	1
156.692	2637	1	1
156.692	2638	2	1
156.775	2639	1	1
156.775	2640	2	1
156.859	2641	4	1
156.892	2642	3	1
156.925	2643	1	1
156.959	2644	4	1
156.992	2645	2	1
157.025	2646	1	1
157.059	2647	3	1
157.092	2648	2	1
157.125	2649	4	1
157.159	2650	1	1
157.192	2651	2	1
157.192	2652	3	1
157.275	2653	2	1
157.275	2654	3	1
157.359	2655	1	1
157.359	2656	4	1
157.442	2657	3	1
157.442	2658	4	1
157.525	2659	1	1
157.525	2660	2	1
157.609	2661	2	1
157.609	2662	4	1
157.692	2663	3	1
157.692	2664	4	1
157.775	2665	1	1
157.775	2666	2	1
157.859	2667	3	1
157.859	2668	4	1
157.942	2669	2	1
157.942	2670	3	1
158.025	2671	1	1
158.025	2672	4	1
158.109	2673	1	1
158.109	2674	2	1
158.192	2675	3	1
158.192	2676	4	1
158.275	2677	3	1
158.275	2678	4	1
158.359	2679	2	1
158.359	2680	3	1
158.442	2681	1	1
158.442	2682	2	1
158.484	2683	3	1
158.525	2684	1	1
158.525	2685	4	1
158.609	2686	1	1
158.609	2687	4	1
158.692	2688	2	1
158.692	2689	3	1
158.775	2690	2	1
158.775	2691	4	1
158.859	2692	3	1
158.859	2693	4	1
158.942	2694	1	1
158.942	2695	2	1
159.025	2696	2	1
159.025	2697	4	1
159.109	2698	2	1
159.109	2699	4	1
159.192	2700	3	1
159.192	2701	4	1
159.275	2702	1	1
159.275	2703	2	1
159.359	2704	1	1
159.359	2705	4	1
159.442	2706	2	1
159.442	2707	3	1
159.525	2708	3	1
159.525	2709	4	1
159.609	2710	3	1
159.609	2711	4	1
159.692	2712	1	1
159.692	2713	2	1
159.734	2714	4	1
159.775	2715	1	1
159.775	2716	3	1
159.817	2717	2	1
159.859	2718	3	1
159.859	2719	4	1
159.942	2720	1	1
159.942	2721	4	1
160.025	2722	2	1
160.025	2723	3	1
160.109	2724	2	1
160.109	2725	3	1
160.192	2726	1	1
160.192	2727	2	1
160.275	2728	1	1
160.275	2729	2	1
160.359	2730	3	1
160.359	2731	4	1
160.442	2732	3	1
160.442	2733	4	1
160.525	2734	1	1
160.525	2735	3	1
160.609	2736	1	1
160.609	2737	3	1
160.692	2738	2	1
160.692	2739	4	1
160.775	2740	2	1
160.775	2741	4	1
160.859	2742	1	1
160.859	2743	4	1
160.942	2744	1	1
160.942	2745	4	1
161.025	2746	2	1
161.025	2747	3	1
161.109	2748	2	1
161.109	2749	3	1
161.150	2750	4	1
161.192	2751	1	1
161.192	2752	2	1
161.275	2753	1	1
161.275	2754	4	1
161.317	2755	3	1
161.359	2756	1	1
161.359	2757	2	1
161.442	2758	3	1
161.442	2759	4	1
161.525	2760	1	1
161.525	2761	4	1
161.567	2762	2	1
161.609	2763	3	1
161.609	2764	4	1
161.650	2765	1	1
161.692	2766	2	1
161.692	2767	3	1
161.775	2768	1	1
161.775	2769	2	1
161.859	2770	3	1
161.859	2771	4	1
161.942	2772	1	1
161.942	2773	4	1
161.984	2774	3	1
162.025	2775	1	1
162.025	2776	2	1
162.109	2777	2	1
162.109	2778	3	1
162.192	2779	4	1
162.225	2780	3	1
162.259	2781	1	1
162.292	2782	4	1
162.325	2783	2	1
162.359	2784	1	1
162.392	2785	3	1
162.425	2786	4	1
162.459	2787	2	1
162.492	2788	3	1
162.525	2789	1	1
162.525	2790	4	1
162.609	2791	3	1
162.609	2792	4	1
162.692	2793	2	1
162.692	2794	3	1
162.775	2795	1	1
162.775	2796	2	1
162.859	2797	1	1
162.859	2798	3	1
162.942	2799	1	1
162.942	2800	2	1
163.025	2801	2	1
163.025	2802	3	1
163.109	2803	3	1
163.109	2804	4	1
163.192	2805	2	1
163.192	2806	4	1
163.275	2807	2	1
163.275	2808	3	1
163.359	2809	1	1
163.359	2810	2	1
163.442	2811	1	1
163.442	2812	4	1
163.525	2813	3	1
163.525	2814	4	1
163.609	2815	3	1
163.609	2816	4	1
163.692	2817	1	1
163.692	2818	2	1
163.775	2819	1	1
163.775	2820	2	1
163.817	2821	3	1
163.859	2822	1	1
163.859	2823	4	1
163.942	2824	3	1
163.942	2825	4	1
164.025	2826	2	1
164.025	2827	3	1
164.109	2828	1	1
164.109	2829	4	1
164.192	2830	3	1
164.192	2831	4	1
164.275	2832	2	1
164.275	2833	3	1
164.359	2834	1	1
164.359	2835	2	1
164.442	2836	3	1
164.442	2837	4	1
164.525	2838	1	1
164.525	2839	4	1
164.609	2840	1	1
164.609	2841	2	1
164.692	2842	2	1
164.692	2843	4	1
164.775	2844	3	1
164.775	2845	4	1
164.859	2846	2	1
164.859	2847	3	1
164.942	2848	2	1
164.942	2849	3	1
165.025	2850	1	1
165.025	2851	4	1
165.067	2852	3	1
165.109	2853	1	1
165.109	2854	4	1
165.150	2855	2	1
165.192	2856	3	1
165.192	2857	4	1
165.234	2858	2	1
165.275	2859	1	1
165.317	2860	3	1
165.359	2861	4	1
165.400	2862	2	1
165.442	2863	3	1
165.484	2864	1	1
165.525	2865	4	1
165.567	2866	2	1
165.609	2867	1	1
165.650	2868	3	1
165.692	2869	2	1
165.734	2870	3	1
165.775	2871	4	1
165.817	2872	2	1
165.859	2873	1	1
165.900	2874	3	1
165.942	2875	2	1
165.984	2876	4	1
166.025	2877	1	1
166.067	2878	3	1
166.109	2879	4	1
166.150	2880	2	1
166.192	2881	1	1
166.234	2882	3	1
166.275	2883	2	1
166.317	2884	1	1
166.359	2885	3	1
166.400	2886	4	1
166.442	2887	2	1
166.484	2888	3	1
166.525	2889	1	1
166.559	2890	2	1
166.592	2891	3	1
166.625	2892	4	1
166.659	2893	1	1
166.692	2894	2	1
166.725	2895	3	1
166.759	2896	4	1
166.792	2897	1	1
166.825	2898	2	1
166.859	2899	3	1
166.892	2900	4	1
166.925	2901	1	1
166.959	2902	2	1
166.992	2903	3	1
167.025	2904	4	1
167.059	2905	1	1
167.092	2906	2	1
167.125	2907	3	1
167.159	2908	4	1
167.192	2909	2	1
167.225	2910	3	1
167.259	2911	1	1
167.292	2912	2	1
167.325	2913	4	1
167.359	2914	1	1
167.392	2915	3	1
167.425	2916	4	1
167.459	2917	2	1
167.492	2918	1	1
167.525	2919	4	1
167.559	2920	3	1
167.592	2921	2	1
167.625	2922	4	1
167.659	2923	3	1
167.692	2924	1	1
167.725	2925	2	1
167.759	2926	4	1
167.792	2927	1	1
167.825	2928	3	1
167.859	2929	2	1
168.633	2930	1	2
168.633	2931	2	2
168.633	2932	4	1
169.020	2933	3	2
169.020	2934	4	1
169.020	2935	2	3
169.213	2936	2	2
169.213	2937	1	3
169.407	2938	1	2
169.407	2939	4	2
169.407	2940	2	3
169.407	2941	3	3
169.794	2942	2	1
169.794	2943	3	1
170.084	2944	3	1
170.084	2945	1	3
170.181	2946	1	1
170.568	2947	2	1
170.568	2948	4	3
170.617	2949	3	1
170.665	2950	2	1
170.713	2951	4	1
170.762	2952	1	1
170.810	2953	4	1
170.859	2954	2	1
170.907	2955	3	1
170.955	2956	1	2
170.955	2957	4	2
171.246	2958	1	3
171.342	2959	1	1
171.342	2960	3	1
171.342	2961	4	3
171.536	2962	2	2
171.536	2963	4	2
171.729	2964	1	1
172.020	2965	4	3
172.117	2966	3	1
172.117	2967	4	1
172.504	2968	3	1
172.891	2969	1	1
172.891	2970	4	1
173.181	2971	2	3
173.278	2972	1	2
173.278	2973	2	2
173.665	2974	3	2
173.665	2975	4	1
173.665	2976	1	3
174.052	2977	1	2
174.052	2978	4	2
174.052	2979	2	3
174.052	2980	3	3
174.439	2981	2	1
174.439	2982	3	1
174.729	2983	3	1
174.729	2984	1	3
174.826	2985	1	1
175.020	2986	1	1
175.213	2987	3	1
175.213	2988	4	3
175.262	2989	2	1
175.310	2990	4	1
175.359	2991	1	1
175.407	2992	4	1
175.455	2993	2	1
175.504	2994	3	1
175.552	2995	4	1
175.600	2996	1	2
175.600	2997	2	2
175.794	2998	3	2
175.794	2999	1	3
175.988	3000	1	2
175.988	3001	4	2
175.988	3002	2	3
176.181	3003	2	2
176.181	3004	3	3
176.181	3005	4	3
176.375	3006	3	2
176.375	3007	4	2
176.375	3008	1	3
176.375	3009	2	3
176.568	3010	2	2
176.568	3011	3	3
176.762	3012	1	1
176.762	3013	3	1
176.762	3014	2	3
176.762	3015	4	3
176.955	3016	4	2
177.149	3017	1	2
177.149	3018	2	2
177.729	3019	4	3
177.826	3020	3	1
177.826	3021	4	1
178.310	3022	2	3
178.697	3023	3	1
178.697	3024	1	3
178.762	3025	4	1
178.826	3026	3	1
178.891	3027	2	1
178.955	3028	4	1
179.020	3029	2	1
179.084	3030	1	1
179.149	3031	3	1
179.213	3032	2	1
179.278	3033	4	1
179.471	3034	1	2
179.471	3035	2	2
179.859	3036	3	2
179.859	3037	4	1
179.859	3038	1	3
180.246	3039	1	2
180.246	3040	4	2
180.246	3041	2	3
180.246	3042	3	3
180.633	3043	2	1
180.633	3044	3	1
180.923	3045	2	1
180.923	3046	4	3
181.020	3047	4	1
181.213	3048	4	1
181.407	3049	3	1
181.407	3050	1	3
181.455	3051	2	1
181.504	3052	4	1
181.552	3053	1	1
181.600	3054	4	1
181.649	3055	1	1
181.697	3056	3	1
181.746	3057	2	1
181.794	3058	1	2
181.794	3059	4	2
181.988	3060	4	3
182.181	3061	2	1
182.181	3062	3	1
182.181	3063	1	3
182.375	3064	2	2
182.375	3065	4	2
182.859	3066	2	3
182.955	3067	1	2
182.955	3068	2	2
182.955	3069	4	3
183.149	3070	4	2
183.149	3071	1	3
183.342	3072	1	2
183.342	3073	3	2
183.342	3074	2	3
183.342	3075	4	3
183.536	3076	4	2
183.729	3077	2	2
183.729	3078	1	3
183.729	3079	4	3
183.923	3080	1	2
183.923	3081	4	2
183.923	3082	2	3
183.923	3083	3	3
184.117	3084	2	2
184.310	3085	3	2
184.310	3086	1	3
184.310	3087	2	3
184.310	3088	4	3
184.504	3089	1	1
184.504	3090	4	2
184.697	3091	1	2
184.697	3092	2	2
184.697	3093	3	3
184.697	3094	4	3
184.891	3095	3	1
185.084	3096	4	2
185.084	3097	1	3
185.278	3098	1	2
185.278	3099	3	2
185.278	3100	2	3
185.278	3101	4	3
185.471	3102	2	2
185.471	3103	1	3
185.665	3104	1	2
185.665	3105	4	2
185.665	3106	2	3
185.665	3107	3	3
185.858	3108	3	2
185.858	3109	1	3
186.052	3110	1	1
186.052	3111	2	1
186.052	3112	3	3
186.052	3113	4	3
186.246	3114	3	2
186.439	3115	1	2
186.439	3116	4	2
186.439	3117	3	3
186.826	3118	2	1
186.826	3119	3	1
187.117	3120	1	3
187.213	3121	1	1
187.600	3122	1	1
187.600	3123	2	2
187.600	3124	4	3
187.794	3125	3	2
187.988	3126	1	2
187.988	3127	4	2
187.988	3128	2	3
187.988	3129	3	3
188.375	3130	2	1
188.375	3131	1	3
188.375	3132	4	3
188.439	3133	3	1
188.504	3134	4	1
188.568	3135	1	1
188.633	3136	4	1
188.697	3137	3	1
188.762	3138	2	1
189.149	3139	1	2
189.149	3140	3	2
189.342	3141	4	1
189.342	3142	3	3
189.536	3143	2	2
189.536	3144	3	2
189.536	3145	1	3
189.826	3146	2	3
189.923	3147	1	1
189.923	3148	2	1
189.923	3149	3	3
190.117	3150	3	2
190.117	3151	4	2
190.310	3152	2	1
190.407	3153	3	3
190.504	3154	3	1
190.504	3155	4	3
190.697	3156	1	2
190.697	3157	4	2
191.084	3158	3	1
191.278	3159	2	1
191.858	3160	3	1
191.858	3161	4	3
192.246	3162	4	2
192.294	3163	3	2
192.342	3164	2	2
192.536	3165	1	3
192.536	3166	2	3
192.536	3167	3	3
192.536	3168	4	3
192.633	3169	1	2
192.633	3170	2	2
192.633	3171	4	2
192.721	3172	1	3
192.721	3173	2	3
192.721	3174	4	3
192.809	3175	1	2
192.809	3176	2	2
192.809	3177	4	2
192.897	3178	1	3
192.897	3179	2	3
192.897	3180	4	3
192.985	3181	1	2
192.985	3182	2	2
192.985	3183	3	1
193.074	3184	1	3
193.074	3185	2	3
193.162	3186	1	2
193.162	3187	2	2
193.162	3188	3	2
193.250	3189	1	3
193.250	3190	2	3
193.250	3191	3	3
193.338	3192	1	2
193.338	3193	2	2
193.338	3194	4	2
193.427	3195	1	3
193.427	3196	2	3
193.427	3197	4	3
193.515	3198	2	2
193.515	3199	3	2
193.515	3200	4	2
193.691	3201	1	1
193.691	3202	3	3
193.780	3203	2	3
193.780	3204	4	3
193.868	3205	1	2
193.868	3206	2	2
193.868	3207	4	2
194.044	3208	3	1
194.133	3209	1	3
194.133	3210	2	3
194.133	3211	4	3
194.221	3212	1	2
194.221	3213	2	2
194.221	3214	4	2
194.309	3215	1	3
194.309	3216	2	3
194.309	3217	4	3
194.397	3218	1	2
194.397	3219	2	2
194.397	3220	4	1
194.485	3221	1	3
194.485	3222	2	3
194.574	3223	1	2
194.574	3224	2	2
194.574	3225	3	2
194.662	3226	1	3
194.662	3227	2	3
194.662	3228	3	3
194.750	3229	1	2
194.750	3230	2	2
194.750	3231	3	2
194.838	3232	1	3
194.838	3233	2	3
194.838	3234	3	3
194.927	3235	2	2
194.927	3236	3	2
194.927	3237	4	2
195.103	3238	1	1
195.103	3239	3	3
195.191	3240	2	3
195.191	3241	4	3
195.280	3242	2	2
195.280	3243	3	2
195.280	3244	4	2
195.368	3245	2	3
195.368	3246	3	3
195.368	3247	4	3
195.456	3248	1	2
195.456	3249	2	2
195.456	3250	4	2
195.544	3251	1	3
195.544	3252	2	3
195.544	3253	4	3
195.633	3254	1	2
195.633	3255	2	2
195.633	3256	4	2
195.721	3257	1	3
195.721	3258	2	3
195.721	3259	4	3
195.809	3260	1	2
195.809	3261	2	2
195.809	3262	3	1
195.897	3263	1	3
195.897	3264	2	3
195.985	3265	1	2
195.985	3266	2	2
195.985	3267	3	2
196.074	3268	1	3
196.074	3269	2	3
196.074	3270	3	3
196.162	3271	1	2
196.162	3272	2	2
196.162	3273	4	2
196.250	3274	1	3
196.250	3275	2	3
196.250	3276	4	3
196.338	3277	2	2
196.338	3278	3	2
196.338	3279	4	2
196.515	3280	1	1
196.515	3281	3	3
196.603	3282	2	3
196.603	3283	4	3
196.691	3284	1	2
196.691	3285	2	2
196.691	3286	3	2
196.868	3287	4	1
197.133	3288	1	3
197.221	3289	1	1
197.221	3290	4	1
197.485	3291	2	3
197.485	3292	3	3
197.750	3293	1	1
197.750	3294	4	1
197.927	3295	1	2
197.927	3296	2	2
197.927	3297	3	2
198.103	3298	2	3
198.191	3299	1	3
198.191	3300	3	3
198.280	3301	1	2
198.280	3302	2	2
198.280	3303	4	2
198.368	3304	1	3
198.368	3305	2	3
198.368	3306	4	3
198.456	3307	1	2
198.456	3308	2	2
198.456	3309	4	2
198.544	3310	1	3
198.544	3311	2	3
198.544	3312	4	3
198.633	3313	1	2
198.633	3314	2	2
198.633	3315	3	1
198.721	3316	1	3
198.721	3317	2	3
198.809	3318	1	2
198.809	3319	2	2
198.809	3320	3	2
198.897	3321	1	3
198.897	3322	2	3
198.897	3323	3	3
198.985	3324	1	2
198.985	3325	2	2
198.985	3326	4	2
199.074	3327	1	3
199.074	3328	2	3
199.074	3329	4	3
199.162	3330	2	2
199.162	3331	3	2
199.162	3332	4	2
199.338	3333	1	1
199.338	3334	3	3
199.427	3335	2	3
199.427	3336	4	3
199.515	3337	1	2
199.515	3338	2	2
199.515	3339	4	2
199.691	3340	3	1
199.780	3341	1	3
199.780	3342	2	3
199.780	3343	4	3
199.868	3344	1	2
199.868	3345	2	2
199.868	3346	4	2
199.956	3347	1	3
199.956	3348	2	3
199.956	3349	4	3
200.044	3350	1	2
200.044	3351	2	2
200.044	3352	4	1
200.133	3353	1	3
200.133	3354	2	3
200.221	3355	1	2
200.221	3356	2	2
200.221	3357	3	2
200.309	3358	1	3
200.309	3359	2	3
200.309	3360	3	3
200.397	3361	1	2
200.397	3362	2	2
200.397	3363	3	2
200.485	3364	1	3
200.485	3365	2	3
200.485	3366	3	3
200.574	3367	2	2
200.574	3368	3	2
200.574	3369	4	2
200.750	3370	1	1
200.750	3371	3	3
200.838	3372	2	3
200.838	3373	4	3
200.927	3374	1	2
200.927	3375	2	2
200.927	3376	4	2
201.103	3377	3	1
201.191	3378	2	3
201.280	3379	2	2
201.280	3380	3	2
201.280	3381	1	3
201.280	3382	4	3
201.368	3383	2	3
201.368	3384	3	3
201.456	3385	1	1
201.456	3386	2	2
201.456	3387	4	2
201.544	3388	2	3
201.544	3389	4	3
201.633	3390	1	2
201.633	3391	3	2
201.721	3392	1	3
201.809	3393	1	2
201.809	3394	4	2
201.809	3395	3	3
201.897	3396	1	3
201.985	3397	2	1
201.985	3398	4	3
202.074	3399	1	2
202.074	3400	4	2
202.162	3401	3	2
202.250	3402	1	3
202.250	3403	3	3
202.250	3404	4	3
202.338	3405	1	2
202.338	3406	2	2
202.338	3407	4	2
202.515	3408	3	1
202.780	3409	2	3
202.868	3410	2	1
202.868	3411	3	1
203.133	3412	1	3
203.133	3413	4	3
203.397	3414	2	1
203.397	3415	3	1
203.574	3416	1	2
203.574	3417	2	2
203.574	3418	4	2
203.662	3419	2	3
203.662	3420	4	3
203.750	3421	2	2
203.750	3422	3	2
203.838	3423	1	3
203.838	3424	2	3
203.838	3425	3	3
203.927	3426	1	2
203.927	3427	3	2
203.927	3428	4	2
204.012	3429	1	3
204.012	3430	3	3
204.012	3431	4	3
204.098	3432	1	2
204.098	3433	3	2
204.098	3434	4	2
204.184	3435	1	3
204.184	3436	3	3
204.184	3437	4	3
204.269	3438	2	1
204.269	3439	3	2
204.269	3440	4	2
204.355	3441	3	3
204.355	3442	4	3
204.441	3443	2	2
204.441	3444	3	2
204.441	3445	4	2
204.527	3446	2	3
204.527	3447	3	3
204.527	3448	4	3
204.612	3449	1	2
204.612	3450	3	2
204.612	3451	4	2
204.698	3452	1	3
204.698	3453	3	3
204.698	3454	4	3
204.784	3455	1	2
204.784	3456	2	2
204.784	3457	3	2
204.955	3458	4	1
204.955	3459	2	3
205.041	3460	1	3
205.041	3461	3	3
205.127	3462	1	2
205.127	3463	3	2
205.127	3464	4	2
205.298	3465	2	1
205.384	3466	1	3
205.384	3467	3	3
205.384	3468	4	3
205.469	3469	1	2
205.469	3470	3	2
205.469	3471	4	2
205.555	3472	1	3
205.555	3473	3	3
205.555	3474	4	3
205.641	3475	1	1
205.641	3476	3	2
205.641	3477	4	2
205.727	3478	3	3
205.727	3479	4	3
205.812	3480	2	2
205.812	3481	3	2
205.812	3482	4	2
205.898	3483	2	3
205.898	3484	3	3
205.898	3485	4	3
205.984	3486	2	2
205.984	3487	3	2
205.984	3488	4	2
206.069	3489	2	3
206.069	3490	3	3
206.069	3491	4	3
206.155	3492	1	2
206.155	3493	2	2
206.155	3494	3	2
206.327	3495	4	1
206.327	3496	2	3
206.412	3497	1	3
206.412	3498	3	3
206.498	3499	2	2
206.498	3500	3	2
206.584	3501	2	3
206.584	3502	3	3
206.669	3503	1	2
206.669	3504	3	1
206.669	3505	4	2
206.755	3506	1	3
206.755	3507	4	3
206.841	3508	2	2
206.841	3509	3	2
206.927	3510	2	3
206.927	3511	3	3
207.012	3512	1	2
207.012	3513	2	1
207.012	3514	4	2
207.098	3515	1	3
207.098	3516	4	3
207.184	3517	1	2
207.184	3518	3	2
207.269	3519	1	3
207.355	3520	2	2
207.355	3521	4	2
207.355	3522	3	3
207.441	3523	2	3
207.441	3524	4	3
207.527	3525	1	1
207.527	3526	2	2
207.527	3527	3	2
207.612	3528	2	3
207.612	3529	3	3
207.698	3530	1	2
207.698	3531	3	1
207.698	3532	4	2
207.784	3533	1	3
207.784	3534	4	3
207.869	3535	1	2
207.869	3536	2	2
207.869	3537	3	2
208.041	3538	4	1
208.298	3539	1	3
208.384	3540	1	1
208.384	3541	4	1
208.641	3542	2	3
208.641	3543	3	3
208.898	3544	1	1
208.898	3545	4	1
209.069	3546	1	2
209.069	3547	2	2
209.069	3548	4	2
209.155	3549	2	3
209.155	3550	4	3
209.241	3551	2	2
209.241	3552	3	2
209.327	3553	1	3
209.327	3554	2	3
209.327	3555	3	3
209.412	3556	1	2
209.412	3557	3	2
209.412	3558	4	2
209.498	3559	1	3
209.498	3560	3	3
209.498	3561	4	3
209.584	3562	1	2
209.584	3563	3	2
209.584	3564	4	2
209.669	3565	1	3
209.669	3566	3	3
209.669	3567	4	3
209.755	3568	2	1
209.755	3569	3	2
209.755	3570	4	2
209.841	3571	3	3
209.841	3572	4	3
209.927	3573	2	2
209.927	3574	3	2
209.927	3575	4	2
210.012	3576	2	3
210.012	3577	3	3
210.012	3578	4	3
210.098	3579	1	2
210.098	3580	3	2
210.098	3581	4	2
210.184	3582	1	3
210.184	3583	3	3
210.184	3584	4	3
210.269	3585	1	2
210.269	3586	2	2
210.269	3587	3	2
210.441	3588	4	1
210.441	3589	2	3
210.527	3590	1	3
210.527	3591	3	3
210.612	3592	1	2
210.612	3593	3	2
210.612	3594	4	2
210.784	3595	2	1
210.869	3596	1	3
210.869	3597	3	3
210.869	3598	4	3
210.955	3599	1	2
210.955	3600	3	2
210.955	3601	4	2
211.041	3602	1	3
211.041	3603	3	3
211.041	3604	4	3
211.127	3605	1	1
211.127	3606	3	2
211.127	3607	4	2
211.212	3608	3	3
211.212	3609	4	3
211.298	3610	2	2
211.298	3611	3	2
211.298	3612	4	2
211.384	3613	2	3
211.384	3614	3	3
211.384	3615	4	3
211.469	3616	2	2
211.469	3617	3	2
211.469	3618	4	2
211.555	3619	2	3
211.555	3620	3	3
211.555	3621	4	3
211.641	3622	1	2
211.641	3623	2	2
211.641	3624	3	2
211.812	3625	4	1
211.812	3626	2	3
211.898	3627	1	3
211.898	3628	3	3
211.984	3629	2	1
211.984	3630	3	1
212.069	3631	2	1
212.069	3632	3	1
212.155	3633	2	2
212.155	3634	3	2
212.241	3635	2	3
212.327	3636	1	2
212.327	3637	4	1
212.327	3638	3	3
212.412	3639	1	3
212.498	3640	1	1
212.498	3641	2	2
212.498	3642	3	1
212.584	3643	2	3
212.669	3644	3	2
212.669	3645	4	2
212.755	3646	3	3
212.841	3647	1	1
212.841	3648	2	1
212.841	3649	3	1
212.841	3650	4	3
213.012	3651	1	1
213.012	3652	4	2
213.098	3653	4	3
213.184	3654	2	1
213.184	3655	3	2
213.184	3656	4	1
213.269	3657	3	3
213.355	3658	1	2
213.355	3659	2	2
213.441	3660	1	3
213.527	3661	1	1
213.527	3662	3	1
213.527	3663	4	1
213.527	3664	2	3
213.698	3665	3	1
213.698	3666	4	1
213.869	3667	1	1
213.869	3668	2	1
213.869	3669	4	1
214.041	3670	1	1
214.041	3671	2	1
214.212	3672	2	1
214.212	3673	3	1
214.212	3674	4	1
214.298	3675	3	1
214.298	3676	4	1
214.384	3677	1	1
214.384	3678	3	1
214.469	3679	4	1
214.555	3680	1	1
214.555	3681	2	1
214.555	3682	3	1
214.641	3683	1	1
214.641	3684	2	1
214.727	3685	2	1
214.727	3686	4	1
214.812	3687	1	1
214.898	3688	3	2
214.898	3689	4	1
214.925	3690	2	2
215.092	3691	2	3
215.231	3692	4	2
215.259	3693	1	2
215.370	3694	4	3
215.398	3695	1	3
215.564	3696	1	1
215.564	3697	2	2
215.564	3698	4	1
215.620	3699	2	3
215.675	3700	2	2
215.731	3701	2	3
215.786	3702	2	2
215.842	3703	2	3
215.898	3704	4	2
215.898	3705	3	3
215.925	3706	1	2
216.064	3707	1	3
216.231	3708	1	1
216.231	3709	2	2
216.231	3710	4	3
216.259	3711	3	2
216.286	3712	4	2
216.370	3713	3	3
216.398	3714	4	3
216.564	3715	1	1
216.564	3716	2	3
216.620	3717	3	1
216.675	3718	4	1
216.731	3719	1	1
216.731	3720	2	1
216.786	3721	3	1
216.842	3722	1	1
216.898	3723	2	1
216.898	3724	3	1
216.898	3725	4	1
217.046	3726	3	1
217.083	3727	1	1
217.120	3728	4	1
217.157	3729	2	1
217.194	3730	1	1
217.231	3731	3	1
217.268	3732	2	1
217.305	3733	4	1
217.342	3734	3	1
217.379	3735	1	1
217.416	3736	2	1
217.453	3737	3	1
217.490	3738	1	1
217.527	3739	4	1
217.564	3740	2	2
217.564	3741	3	2
217.620	3742	2	3
217.675	3743	2	2
217.731	3744	2	3
217.786	3745	2	2
217.842	3746	2	3
217.898	3747	4	2
217.925	3748	1	2
218.036	3749	4	3
218.064	3750	1	3
218.231	3751	1	2
218.231	3752	2	1
218.231	3753	4	2
218.342	3754	1	3
218.370	3755	4	3
218.481	3756	2	2
218.481	3757	3	3
218.564	3758	4	2
218.592	3759	3	2
218.648	3760	4	3
218.675	3761	3	3
218.731	3762	4	2
218.731	3763	2	3
218.759	3764	1	2
218.814	3765	1	3
218.898	3766	1	2
218.898	3767	2	1
218.898	3768	4	3
218.925	3769	3	2
218.953	3770	4	2
218.981	3771	3	3
219.009	3772	4	3
219.064	3773	2	2
219.092	3774	3	2
219.120	3775	2	3
219.148	3776	4	1
219.148	3777	3	3
219.231	3778	3	1
219.231	3779	1	3
219.286	3780	2	1
219.342	3781	1	1
219.398	3782	3	1
219.398	3783	4	1
219.453	3784	2	1
219.509	3785	4	1
219.564	3786	1	1
219.564	3787	2	1
219.564	3788	3	1
219.712	3789	1	1
219.749	3790	2	1
219.786	3791	4	1
219.823	3792	3	1
219.860	3793	1	1
219.898	3794	2	1
219.935	3795	3	1
219.972	3796	4	1
220.009	3797	2	1
220.046	3798	1	1
220.083	3799	4	1
220.120	3800	3	1
220.157	3801	1	1
220.194	3802	4	1
220.231	3803	2	2
220.259	3804	3	2
220.425	3805	3	3
220.564	3806	4	2
220.592	3807	1	2
220.703	3808	4	3
220.731	3809	1	3
220.898	3810	1	1
220.898	3811	3	1
220.898	3812	4	2
220.953	3813	4	3
221.009	3814	4	2
221.064	3815	4	3
221.120	3816	4	2
221.175	3817	4	3
221.231	3818	3	2
221.231	3819	2	3
221.259	3820	1	2
221.398	3821	1	3
221.564	3822	1	2
221.564	3823	4	1
221.564	3824	3	3
221.592	3825	2	2
221.620	3826	3	2
221.703	3827	2	3
221.731	3828	3	3
221.898	3829	3	1
221.898	3830	1	3
221.953	3831	4	1
222.009	3832	2	1
222.064	3833	3	1
222.064	3834	4	1
222.120	3835	1	1
222.175	3836	2	1
222.231	3837	1	1
222.231	3838	3	1
222.231	3839	4	1
222.398	3840	2	1
222.398	3841	3	1
222.564	3842	1	1
222.564	3843	2	1
222.564	3844	3	1
222.564	3845	4	1
222.648	3846	1	1
222.648	3847	2	1
222.648	3848	3	1
222.648	3849	4	1
222.731	3850	1	1
222.731	3851	2	1
222.731	3852	3	1
222.731	3853	4	1
222.814	3854	1	1
222.814	3855	2	1
222.814	3856	3	1
222.814	3857	4	1
222.898	3858	1	1
222.898	3859	2	1
222.898	3860	3	1
222.898	3861	4	1
223.064	3862	2	2
223.064	3863	3	2
223.148	3864	2	3
223.148	3865	3	3
223.231	3866	1	2
223.231	3867	2	2
223.231	3868	4	1
223.314	3869	1	3
223.314	3870	2	3
223.398	3871	1	2
223.398	3872	3	1
223.398	3873	4	2
223.481	3874	1	3
223.564	3875	2	2
223.564	3876	3	2
223.564	3877	4	3
223.648	3878	2	3
223.648	3879	3	3
223.731	3880	1	1
223.731	3881	2	1
223.786	3882	4	1
223.842	3883	1	1
223.898	3884	4	1
223.953	3885	1	1
224.009	3886	4	1
224.064	3887	2	1
224.064	3888	3	1
224.148	3889	2	1
224.148	3890	3	1
224.231	3891	1	2
224.231	3892	4	2
224.314	3893	1	3
224.398	3894	2	2
224.398	3895	3	2
224.398	3896	4	3
224.481	3897	2	3
224.481	3898	3	3
224.564	3899	1	2
224.564	3900	2	2
224.564	3901	4	1
224.648	3902	1	3
224.648	3903	2	3
224.731	3904	1	2
224.731	3905	3	1
224.731	3906	4	2
224.814	3907	1	3
224.898	3908	2	2
224.898	3909	3	2
224.898	3910	4	3
224.981	3911	2	3
224.981	3912	3	3
225.064	3913	1	1
225.064	3914	3	1
225.120	3915	2	1
225.175	3916	3	1
225.231	3917	2	1
225.286	3918	3	1
225.342	3919	2	1
225.398	3920	1	1
225.398	3921	4	1
225.481	3922	1	1
225.481	3923	4	1
225.564	3924	2	2
225.564	3925	3	2
225.648	3926	2	3
225.731	3927	1	2
225.731	3928	4	2
225.731	3929	3	3
225.814	3930	1	3
225.814	3931	4	3
225.898	3932	1	2
225.898	3933	2	2
225.898	3934	3	1
225.981	3935	1	3
225.981	3936	2	3
226.064	3937	2	2
226.064	3938	4	2
226.148	3939	4	3
226.231	3940	3	2
226.231	3941	4	2
226.231	3942	2	3
226.314	3943	3	3
226.314	3944	4	3
226.398	3945	1	1
226.398	3946	2	1
226.453	3947	4	1
226.509	3948	1	1
226.564	3949	4	1
226.620	3950	1	1
226.675	3951	4	1
226.731	3952	2	1
226.731	3953	3	1
226.814	3954	2	1
226.814	3955	3	1
226.898	3956	1	2
226.898	3957	4	2
226.981	3958	1	3
227.064	3959	1	2
227.064	3960	3	2
227.064	3961	4	3
227.148	3962	1	3
227.148	3963	3	3
227.231	3964	2	2
227.231	3965	3	2
227.231	3966	4	1
227.314	3967	2	3
227.314	3968	3	3
227.398	3969	2	2
227.398	3970	4	2
227.481	3971	4	3
227.564	3972	1	2
227.564	3973	3	2
227.564	3974	2	3
227.648	3975	1	3
227.648	3976	3	3
227.731	3977	2	1
227.731	3978	4	1
227.898	3979	1	1
227.898	3980	2	1
227.898	3981	3	1
227.898	3982	4	1
227.981	3983	1	1
227.981	3984	2	1
227.981	3985	3	1
227.981	3986	4	1
228.064	3987	1	1
228.064	3988	2	1
228.064	3989	3	1
228.064	3990	4	1
228.148	3991	1	1
228.148	3992	2	1
228.148	3993	3	1
228.148	3994	4	1
228.231	3995	1	1
228.231	3996	2	1
228.231	3997	3	1
228.231	3998	4	1
228.398	3999	2	2
228.398	4000	3	2
228.481	4001	2	3
228.481	4002	3	3
228.564	4003	1	2
228.564	4004	2	2
228.564	4005	4	1
228.648	4006	1	3
228.648	4007	2	3
228.731	4008	1	2
228.731	4009	3	1
228.731	4010	4	2
228.814	4011	1	3
228.897	4012	2	2
228.897	4013	3	2
228.897	4014	4	3
228.981	4015	2	3
228.981	4016	3	3
229.064	4017	1	1
229.064	4018	2	1
229.120	4019	4	1
229.175	4020	1	1
229.231	4021	4	1
229.286	4022	1	1
229.342	4023	4	1
229.397	4024	2	1
229.397	4025	3	1
229.481	4026	2	1
229.481	4027	3	1
229.564	4028	1	2
229.564	4029	4	2
229.647	4030	1	3
229.731	4031	2	2
229.731	4032	3	2
229.731	4033	4	3
229.814	4034	2	3
229.814	4035	3	3
229.897	4036	1	2
229.897	4037	2	2
229.897	4038	4	1
229.981	4039	1	3
229.981	4040	2	3
230.064	4041	1	2
230.064	4042	3	1
230.064	4043	4	2
230.147	4044	1	3
230.231	4045	2	2
230.231	4046	3	2
230.231	4047	4	3
230.314	4048	2	3
230.314	4049	3	3
230.397	4050	1	1
230.397	4051	3	1
230.453	4052	2	1
230.509	4053	3	1
230.564	4054	2	1
230.620	4055	3	1
230.675	4056	2	1
230.731	4057	1	1
230.731	4058	4	1
230.814	4059	1	1
230.814	4060	3	1
230.897	4061	2	2
230.897	4062	3	2
230.897	4063	4	1
230.981	4064	2	3
231.064	4065	1	2
231.064	4066	2	1
231.064	4067	4	2
231.064	4068	3	3
231.147	4069	1	3
231.147	4070	4	3
231.231	4071	1	2
231.231	4072	3	2
231.231	4073	4	1
231.314	4074	1	3
231.314	4075	3	3
231.397	4076	1	1
231.397	4077	2	2
231.397	4078	4	2
231.481	4079	4	3
231.564	4080	1	2
231.564	4081	3	2
231.564	4082	4	1
231.564	4083	2	3
231.647	4084	1	3
231.647	4085	3	3
231.731	4086	2	1
231.731	4087	4	1
231.786	4088	3	1
231.842	4089	2	1
231.897	4090	3	1
231.953	4091	2	1
232.009	4092	3	1
232.064	4093	1	1
232.064	4094	4	1
232.147	4095	1	1
232.189	4096	2	1
232.231	4097	3	1
232.397	4098	2	1
232.397	4099	4	1
232.481	4100	2	1
232.481	4101	3	1
232.564	4102	1	1
232.564	4103	2	1
232.564	4104	3	1
232.564	4105	4	1
232.647	4106	1	1
232.647	4107	2	1
232.647	4108	3	1
232.647	4109	4	1
232.731	4110	1	1
232.731	4111	2	1
232.731	4112	3	1
232.731	4113	4	1
232.814	4114	1	1
232.814	4115	2	1
232.814	4116	3	1
232.814	4117	4	1
232.897	4118	2	1
232.897	4119	3	1
232.981	4120	1	1
232.981	4121	3	1
233.064	4122	2	1
233.064	4123	4	1
233.147	4124	2	1
233.147	4125	3	1
233.231	4126	1	1
233.231	4127	4	1
233.314	4128	1	1
233.314	4129	4	1
233.397	4130	2	1
233.481	4131	3	1
233.564	4132	1	2
233.564	4133	2	2
233.564	4134	3	2
233.564	4135	4	2
237.147	4136	4	3
237.230	4137	3	3
237.314	4138	2	3
237.397	4139	1	3
237.564	4140	1	2
237.564	4141	4	2
238.147	4142	4	3
238.230	4143	2	2
238.230	4144	4	2
238.230	4145	1	3
238.314	4146	4	3
238.397	4147	4	2
238.564	4148	3	2
238.564	4149	4	3
238.647	4150	3	3
238.730	4151	3	2
238.814	4152	2	3
238.814	4153	3	3
238.897	4154	1	1
238.897	4155	2	1
238.897	4156	4	1
238.957	4157	3	1
239.013	4158	4	1
239.068	4159	1	1
239.068	4160	3	1
239.124	4161	2	1
239.179	4162	3	1
239.235	4163	1	1
239.235	4164	4	1
239.290	4165	2	1
239.346	4166	1	1
239.402	4167	2	1
239.402	4168	4	1
239.457	4169	3	1
239.513	4170	2	1
239.568	4171	1	1
239.568	4172	4	1
239.624	4173	3	1
239.679	4174	4	1
239.735	4175	1	1
239.735	4176	3	1
239.790	4177	2	1
239.846	4178	4	1
239.902	4179	1	1
239.902	4180	2	1
239.902	4181	3	1
239.957	4182	4	1
240.013	4183	1	1
240.068	4184	2	1
240.068	4185	3	1
240.068	4186	4	1
240.124	4187	1	1
240.179	4188	3	1
240.235	4189	1	1
240.235	4190	2	1
240.235	4191	4	1
240.290	4192	3	1
240.346	4193	4	1
240.402	4194	1	1
240.402	4195	2	1
240.457	4196	3	1
240.513	4197	2	1
240.568	4198	3	1
240.568	4199	4	1
240.624	4200	1	1
240.679	4201	2	1
240.735	4202	3	1
240.735	4203	4	1
240.790	4204	1	1
240.846	4205	3	1
240.902	4206	1	1
240.902	4207	2	1
240.957	4208	4	1
241.013	4209	3	1
241.068	4210	1	1
241.068	4211	2	1
241.124	4212	4	1
241.179	4213	2	1
241.235	4214	1	1
241.235	4215	3	1
241.235	4216	4	1
241.290	4217	2	1
241.346	4218	3	1
241.402	4219	1	1
241.402	4220	2	1
241.402	4221	4	1
241.485	4222	1	1
241.485	4223	4	1
241.568	4224	2	1
241.568	4225	3	1
241.568	4226	4	1
241.624	4227	1	1
241.679	4228	3	1
241.735	4229	1	1
241.735	4230	2	1
241.790	4231	4	1
241.846	4232	2	1
241.902	4233	1	1
241.902	4234	3	1
241.957	4235	4	1
242.013	4236	2	1
242.068	4237	1	1
242.068	4238	3	1
242.068	4239	4	1
242.124	4240	2	1
242.179	4241	3	1
242.235	4242	1	1
242.235	4243	2	1
242.290	4244	4	1
242.346	4245	3	1
242.402	4246	1	1
242.402	4247	4	1
242.457	4248	2	1
242.513	4249	3	1
242.568	4250	1	1
242.568	4251	2	1
242.624	4252	4	1
242.679	4253	3	1
242.735	4254	1	1
242.735	4255	4	1
242.790	4256	2	1
242.846	4257	3	1
242.902	4258	1	1
242.902	4259	2	1
242.957	4260	4	1
243.013	4261	1	1
243.068	4262	3	1
243.068	4263	4	1
243.110	4264	2	1
243.152	4265	1	1
243.152	4266	3	1
243.235	4267	1	1
243.235	4268	4	1
243.290	4269	3	1
243.346	4270	2	1
243.402	4271	3	1
243.402	4272	4	1
243.457	4273	1	1
243.513	4274	4	1
243.568	4275	1	1
243.568	4276	2	1
243.610	4277	3	1
243.652	4278	2	1
243.693	4279	1	1
243.735	4280	3	1
243.735	4281	4	1
243.818	4282	1	1
243.818	4283	2	1
243.902	4284	1	1
243.902	4285	2	1
243.902	4286	4	1
243.957	4287	3	1
244.013	4288	2	1
244.068	4289	1	1
244.102	4290	3	1
244.135	4291	4	1
244.168	4292	2	1
244.202	4293	1	1
244.235	4294	3	1
244.235	4295	4	1
244.290	4296	2	1
244.346	4297	3	1
244.402	4298	1	1
244.402	4299	4	1
244.457	4300	2	1
244.513	4301	3	1
244.568	4302	1	1
244.568	4303	4	1
244.624	4304	2	1
244.679	4305	1	1
244.735	4306	2	1
244.735	4307	4	1
244.790	4308	3	1
244.846	4309	4	1
244.902	4310	1	1
244.902	4311	3	1
244.957	4312	2	1
245.013	4313	3	1
245.068	4314	1	1
245.068	4315	4	1
245.124	4316	2	1
245.179	4317	3	1
245.235	4318	1	1
245.235	4319	2	1
245.290	4320	4	1
245.346	4321	1	1
245.402	4322	2	1
245.402	4323	4	1
245.457	4324	3	1
245.513	4325	1	1
245.568	4326	2	1
245.568	4327	3	1
245.568	4328	4	1
245.624	4329	1	1
245.679	4330	4	1
245.735	4331	1	1
245.735	4332	2	1
245.735	4333	3	1
245.790	4334	4	1
245.846	4335	2	1
245.902	4336	1	1
245.902	4337	3	1
245.902	4338	4	1
245.957	4339	2	1
246.013	4340	3	1
246.068	4341	1	1
246.068	4342	2	1
246.068	4343	4	1
246.124	4344	3	1
246.179	4345	1	1
246.235	4346	2	1
246.235	4347	3	1
246.235	4348	4	1
246.290	4349	1	1
246.346	4350	3	1
246.402	4351	2	1
246.402	4352	4	1
246.457	4353	3	1
246.485	4354	1	1
246.513	4355	4	1
246.568	4356	2	1
246.568	4357	3	1
246.624	4358	1	1
246.679	4359	4	1
246.735	4360	1	1
246.735	4361	2	1
246.735	4362	3	1
246.818	4363	2	1
246.818	4364	3	1
246.902	4365	1	1
246.902	4366	4	1
246.957	4367	2	1
247.013	4368	1	1
247.068	4369	3	1
247.068	4370	4	1
247.124	4371	2	1
247.179	4372	3	1
247.235	4373	1	1
247.235	4374	2	1
247.290	4375	4	1
247.346	4376	3	1
247.402	4377	1	1
247.402	4378	4	1
247.457	4379	2	1
247.513	4380	3	1
247.568	4381	1	1
247.568	4382	4	1
247.624	4383	2	1
247.679	4384	1	1
247.735	4385	3	1
247.735	4386	4	1
247.790	4387	2	1
247.846	4388	3	1
247.902	4389	1	1
247.902	4390	2	1
247.957	4391	4	1
248.013	4392	3	1
248.068	4393	1	1
248.068	4394	4	1
248.124	4395	2	1
248.179	4396	3	1
248.235	4397	1	1
248.235	4398	4	1
248.290	4399	2	1
248.346	4400	1	1
248.402	4401	3	1
248.402	4402	4	1
248.443	4403	2	1
248.485	4404	3	1
248.485	4405	4	1
248.568	4406	1	1
248.568	4407	2	1
248.624	4408	3	1
248.679	4409	4	1
248.735	4410	1	1
248.735	4411	2	1
248.818	4412	1	1
248.818	4413	2	1
248.902	4414	3	1
248.902	4415	4	1
248.943	4416	2	1
248.985	4417	1	1
248.985	4418	3	1
249.027	4419	4	1
249.068	4420	1	1
249.068	4421	2	1
249.152	4422	3	1
249.152	4423	4	1
249.235	4424	1	1
249.268	4425	2	1
249.302	4426	4	1
249.335	4427	3	1
249.368	4428	1	1
249.402	4429	4	1
249.435	4430	2	1
249.468	4431	1	1
249.502	4432	3	1
249.535	4433	4	1
249.568	4434	1	1
249.568	4435	2	1
249.624	4436	3	1
249.679	4437	2	1
249.735	4438	1	1
249.735	4439	4	1
249.790	4440	3	1
249.846	4441	4	1
249.902	4442	1	1
249.902	4443	2	1
249.957	4444	3	1
250.013	4445	2	1
250.068	4446	1	1
250.068	4447	4	1
250.124	4448	3	1
250.179	4449	2	1
250.235	4450	3	1
250.235	4451	4	1
250.290	4452	1	1
250.346	4453	3	1
250.402	4454	2	1
250.402	4455	4	1
250.457	4456	1	1
250.513	4457	2	1
250.568	4458	1	1
250.568	4459	3	1
250.568	4460	4	1
250.624	4461	2	1
250.679	4462	4	1
250.735	4463	1	1
250.735	4464	3	1
250.790	4465	2	1
250.846	4466	3	1
250.902	4467	1	1
250.902	4468	2	1
250.902	4469	4	1
250.957	4470	3	1
251.013	4471	4	1
251.068	4472	1	1
251.068	4473	2	1
251.124	4474	3	1
251.179	4475	2	1
251.235	4476	1	1
251.235	4477	4	1
251.290	4478	3	1
251.346	4479	2	1
251.402	4480	1	1
251.402	4481	3	1
251.402	4482	4	1
251.457	4483	2	1
251.513	4484	3	1
251.568	4485	1	1
251.568	4486	4	1
251.624	4487	2	1
251.679	4488	3	1
251.735	4489	1	1
251.735	4490	2	1
251.790	4491	4	1
251.846	4492	2	1
251.902	4493	1	1
251.902	4494	3	1
251.902	4495	4	1
251.957	4496	2	1
252.013	4497	3	1
252.068	4498	1	1
252.068	4499	2	1
252.068	4500	4	1
252.152	4501	1	1
252.152	4502	4	1
252.235	4503	1	1
252.235	4504	2	1
252.235	4505	3	1
252.290	4506	4	1
252.346	4507	3	1
252.402	4508	1	1
252.402	4509	2	1
252.457	4510	4	1
252.513	4511	1	1
252.568	4512	3	1
252.568	4513	4	1
252.624	4514	2	1
252.679	4515	3	1
252.735	4516	1	1
252.735	4517	2	1
252.735	4518	4	1
252.790	4519	3	1
252.846	4520	1	1
252.902	4521	2	1
252.902	4522	3	1
252.957	4523	4	1
253.013	4524	2	1
253.068	4525	1	1
253.068	4526	4	1
253.124	4527	3	1
253.179	4528	2	1
253.235	4529	3	1
253.235	4530	4	1
253.290	4531	1	1
253.346	4532	2	1
253.402	4533	1	1
253.402	4534	4	1
253.457	4535	3	1
253.513	4536	4	1
253.568	4537	1	1
253.568	4538	2	1
253.735	4539	2	1
253.735	4540	3	1
253.735	4541	4	1
253.818	4542	1	1
253.818	4543	4	1
253.902	4544	1	1
253.902	4545	3	1
253.943	4546	2	1
253.985	4547	3	1
253.985	4548	4	1
254.027	4549	2	1
254.068	4550	1	1
254.068	4551	3	1
254.068	4552	4	1
254.235	4553	2	1
254.235	4554	3	1
254.235	4555	4	1
254.318	4556	2	1
254.318	4557	3	1
254.402	4558	1	1
254.402	4559	2	1
254.402	4560	4	1
254.485	4561	1	1
254.485	4562	4	1
254.568	4563	3	1
254.602	4564	4	1
254.635	4565	2	1
254.668	4566	1	1
254.702	4567	4	1
254.735	4568	2	1
254.768	4569	3	1
254.802	4570	1	1
254.835	4571	4	1
254.868	4572	3	1
254.902	4573	1	1
254.902	4574	2	1
254.957	4575	4	1
255.013	4576	2	1
255.068	4577	1	1
255.068	4578	3	1
255.124	4579	4	1
255.179	4580	2	1
255.235	4581	1	1
255.235	4582	4	1
255.290	4583	2	1
255.346	4584	3	1
255.402	4585	1	1
255.402	4586	4	1
255.457	4587	2	1
255.513	4588	3	1
255.568	4589	1	1
255.568	4590	2	1
255.624	4591	4	1
255.679	4592	3	1
255.735	4593	2	1
255.735	4594	4	1
255.790	4595	1	1
255.846	4596	3	1
255.902	4597	1	1
255.902	4598	2	1
255.902	4599	4	1
255.957	4600	3	1
256.013	4601	2	1
256.068	4602	1	1
256.068	4603	3	1
256.068	4604	4	1
256.124	4605	2	1
256.179	4606	3	1
256.235	4607	1	1
256.235	4608	2	1
256.235	4609	4	1
256.290	4610	3	1
256.346	4611	4	1
256.402	4612	1	1
256.402	4613	2	1
256.457	4614	3	1
256.513	4615	2	1
256.568	4616	1	1
256.568	4617	4	1
256.624	4618	3	1
256.679	4619	2	1
256.735	4620	3	1
256.735	4621	4	1
256.790	4622	1	1
256.846	4623	2	1
256.902	4624	3	1
256.902	4625	4	1
256.957	4626	1	1
257.013	4627	4	1
257.068	4628	2	1
257.068	4629	3	1
257.124	4630	1	1
257.179	4631	4	1
257.235	4632	1	1
257.235	4633	2	1
257.290	4634	3	1
257.346	4635	4	1
257.402	4636	1	1
257.402	4637	2	1
257.485	4638	3	1
257.485	4639	4	1
257.568	4640	1	1
257.568	4641	2	1
257.568	4642	3	1
257.624	4643	4	1
257.679	4644	2	1
257.735	4645	3	1
257.735	4646	4	1
257.790	4647	1	1
257.846	4648	2	1
257.902	4649	3	1
257.902	4650	4	1
257.957	4651	1	1
258.013	4652	3	1
258.068	4653	1	1
258.068	4654	2	1
258.068	4655	4	1
258.124	4656	3	1
258.179	4657	2	1
258.235	4658	1	1
258.235	4659	4	1
258.290	4660	3	1
258.346	4661	2	1
258.402	4662	1	1
258.402	4663	4	1
258.457	4664	2	1
258.513	4665	3	1
258.568	4666	1	1
258.568	4667	2	1
258.568	4668	4	1
258.624	4669	3	1
258.679	4670	4	1
258.735	4671	1	1
258.735	4672	2	1
258.790	4673	3	1
258.846	4674	2	1
258.902	4675	3	1
258.902	4676	4	1
258.957	4677	1	1
259.013	4678	4	1
259.068	4679	1	1
259.068	4680	2	1
259.124	4681	3	1
259.179	4682	2	1
259.235	4683	3	1
259.235	4684	4	1
259.290	4685	1	1
259.346	4686	4	1
259.402	4687	1	1
259.402	4688	2	1
259.457	4689	3	1
259.513	4690	2	1
259.568	4691	1	1
259.568	4692	3	1
259.568	4693	4	1
259.652	4694	3	1
259.652	4695	4	1
259.735	4696	1	1
259.735	4697	2	1
259.818	4698	1	1
259.818	4699	2	1
259.902	4700	4	1
259.935	4701	3	1
259.968	4702	2	1
260.002	4703	4	1
260.035	4704	1	1
260.068	4705	2	1
260.102	4706	4	1
260.135	4707	1	1
260.168	4708	3	1
260.202	4709	2	1
260.235	4710	1	1
260.235	4711	4	1
260.290	4712	3	1
260.346	4713	4	1
260.402	4714	1	1
260.402	4715	3	1
260.457	4716	2	1
260.513	4717	3	1
260.568	4718	1	1
260.568	4719	4	1
260.624	4720	2	1
260.679	4721	1	1
260.735	4722	2	1
260.735	4723	4	1
260.790	4724	3	1
260.846	4725	2	1
260.902	4726	1	1
260.902	4727	4	1
260.957	4728	3	1
261.013	4729	4	1
261.068	4730	1	1
261.068	4731	3	1
261.124	4732	2	1
261.179	4733	4	1
261.235	4734	1	1
261.235	4735	2	1
261.235	4736	3	1
261.290	4737	4	1
261.346	4738	1	1
261.402	4739	2	1
261.402	4740	3	1
261.402	4741	4	1
261.457	4742	1	1
261.513	4743	3	1
261.568	4744	1	1
261.568	4745	2	1
261.568	4746	4	1
261.624	4747	3	1
261.679	4748	4	1
261.735	4749	1	1
261.735	4750	2	1
261.790	4751	3	1
261.846	4752	2	1
261.902	4753	3	1
261.902	4754	4	1
261.957	4755	1	1
262.013	4756	2	1
262.068	4757	3	1
262.068	4758	4	1
262.124	4759	1	1
262.179	4760	3	1
262.235	4761	1	1
262.235	4762	2	1
262.290	4763	4	1
262.346	4764	3	1
262.402	4765	1	1
262.402	4766	2	1
262.457	4767	4	1
262.513	4768	2	1
262.568	4769	1	1
262.568	4770	3	1
262.568	4771	4	1
262.624	4772	2	1
262.679	4773	3	1
262.735	4774	1	1
262.735	4775	2	1
262.735	4776	4	1
262.818	4777	1	1
262.818	4778	4	1
262.902	4779	2	1
262.902	4780	3	1
262.902	4781	4	1
262.957	4782	1	1
263.013	4783	3	1
263.068	4784	1	1
263.068	4785	2	1
263.124	4786	4	1
263.179	4787	2	1
263.235	4788	1	1
263.235	4789	3	1
263.290	4790	4	1
263.346	4791	2	1
263.402	4792	1	1
263.402	4793	3	1
263.402	4794	4	1
263.457	4795	2	1
263.513	4796	3	1
263.568	4797	1	1
263.568	4798	2	1
263.624	4799	4	1
263.679	4800	3	1
263.735	4801	1	1
263.735	4802	4	1
263.790	4803	2	1
263.846	4804	3	1
263.902	4805	1	1
263.902	4806	2	1
263.957	4807	4	1
264.013	4808	3	1
264.068	4809	1	1
264.068	4810	4	1
264.124	4811	2	1
264.179	4812	3	1
264.235	4813	1	1
264.235	4814	2	1
264.290	4815	4	1
264.346	4816	1	1
264.402	4817	3	1
264.402	4818	4	1
264.443	4819	2	1
264.485	4820	1	1
264.485	4821	3	1
264.568	4822	1	1
264.568	4823	4	1
264.624	4824	3	1
264.679	4825	2	1
264.735	4826	3	1
264.735	4827	4	1
264.790	4828	1	1
264.846	4829	4	1
264.902	4830	1	1
264.902	4831	2	1
264.943	4832	3	1
264.985	4833	2	1
265.027	4834	1	1
265.068	4835	3	1
265.068	4836	4	1
265.152	4837	1	1
265.152	4838	2	1
265.235	4839	1	1
265.235	4840	2	1
265.235	4841	4	1
265.290	4842	3	1
265.346	4843	2	1
265.402	4844	1	1
265.435	4845	3	1
265.468	4846	4	1
265.502	4847	2	1
265.535	4848	1	1
265.568	4849	3	1
265.568	4850	4	1
265.624	4851	2	1
265.679	4852	3	1
265.735	4853	1	1
265.735	4854	4	1
265.790	4855	2	1
265.846	4856	3	1
265.902	4857	1	1
265.902	4858	4	1
265.957	4859	2	1
266.013	4860	1	1
266.068	4861	2	1
266.068	4862	4	1
266.124	4863	3	1
266.172	4864	4	1
266.235	4865	1	1
266.235	4866	3	1
266.290	4867	2	1
266.346	4868	3	1
266.402	4869	1	1
266.402	4870	4	1
266.457	4871	2	1
266.513	4872	3	1
266.568	4873	1	1
266.568	4874	2	1
266.624	4875	4	1
266.679	4876	1	1
266.735	4877	2	1
266.735	4878	4	1
266.790	4879	3	1
266.846	4880	1	1
266.902	4881	2	1
266.902	4882	3	1
266.902	4883	4	1
266.957	4884	1	1
267.013	4885	4	1
267.068	4886	1	1
267.068	4887	2	1
267.068	4888	3	1
267.124	4889	4	1
267.179	4890	2	1
267.235	4891	1	1
267.235	4892	3	1
267.235	4893	4	1
267.290	4894	2	1
267.346	4895	3	1
267.402	4896	1	1
267.402	4897	2	1
267.402	4898	4	1
267.457	4899	3	1
267.513	4900	1	1
267.568	4901	2	1
267.568	4902	3	1
267.568	4903	4	1
267.624	4904	1	1
267.679	4905	3	1
267.735	4906	2	1
267.735	4907	4	1
267.790	4908	3	1
267.818	4909	1	1
267.846	4910	4	1
267.902	4911	2	1
267.902	4912	3	1
267.957	4913	1	1
268.013	4914	4	1
268.068	4915	1	1
268.068	4916	2	1
268.068	4917	3	1
268.152	4918	2	1
268.152	4919	3	1
268.235	4920	1	1
268.235	4921	4	1
268.290	4922	2	1
268.346	4923	1	1
268.402	4924	3	1
268.402	4925	4	1
268.457	4926	2	1
268.513	4927	3	1
268.568	4928	1	1
268.568	4929	2	1
268.624	4930	4	1
268.679	4931	3	1
268.735	4932	1	1
268.735	4933	4	1
268.790	4934	2	1
268.846	4935	3	1
268.902	4936	1	1
268.902	4937	4	1
268.957	4938	2	1
269.013	4939	1	1
269.068	4940	3	1
269.068	4941	4	1
269.124	4942	2	1
269.179	4943	3	1
269.235	4944	1	1
269.235	4945	2	1
269.290	4946	4	1
269.346	4947	3	1
269.402	4948	1	1
269.402	4949	4	1
269.457	4950	2	1
269.513	4951	3	1
269.568	4952	1	1
269.568	4953	4	1
269.624	4954	2	1
269.679	4955	1	1
269.735	4956	3	1
269.735	4957	4	1
269.777	4958	2	1
269.818	4959	3	1
269.818	4960	4	1
269.902	4961	1	1
269.902	4962	2	1
269.957	4963	3	1
270.013	4964	4	1
270.068	4965	1	1
270.068	4966	2	1
270.152	4967	1	1
270.152	4968	2	1
270.235	4969	3	1
270.235	4970	4	1
270.277	4971	2	1
270.318	4972	1	1
270.318	4973	3	1
270.360	4974	4	1
270.402	4975	1	1
270.402	4976	2	1
270.485	4977	3	1
270.485	4978	4	1
270.568	4979	1	1
270.602	4980	2	1
270.635	4981	4	1
270.668	4982	3	1
270.702	4983	1	1
270.735	4984	4	1
270.768	4985	2	1
270.802	4986	1	1
270.835	4987	3	1
270.868	4988	4	1
270.902	4989	1	1
270.902	4990	2	1
270.957	4991	3	1
271.013	4992	2	1
271.068	4993	1	1
271.068	4994	4	1
271.124	4995	3	1
271.179	4996	4	1
271.235	4997	1	1
271.235	4998	2	1
271.290	4999	3	1
271.346	5000	2	1
271.402	5001	1	1
271.402	5002	4	1
271.457	5003	3	1
271.513	5004	2	1
271.568	5005	3	1
271.568	5006	4	1
271.624	5007	1	1
271.679	5008	3	1
271.735	5009	2	1
271.735	5010	4	1
271.790	5011	1	1
271.846	5012	2	1
271.902	5013	1	1
271.902	5014	3	1
271.902	5015	4	1
271.957	5016	2	1
272.013	5017	4	1
272.068	5018	1	1
272.068	5019	3	1
272.124	5020	2	1
272.179	5021	3	1
272.235	5022	1	1
272.235	5023	2	1
272.235	5024	4	1
272.290	5025	3	1
272.346	5026	4	1
272.402	5027	1	1
272.402	5028	2	1
272.457	5029	3	1
272.513	5030	2	1
272.568	5031	1	1
272.568	5032	4	1
272.624	5033	3	1
272.679	5034	2	1
272.735	5035	1	1
272.735	5036	3	1
272.735	5037	4	1
272.790	5038	2	1
272.846	5039	3	1
272.902	5040	1	1
272.902	5041	4	1
272.957	5042	2	1
273.013	5043	3	1
273.068	5044	1	1
273.068	5045	2	1
273.124	5046	4	1
273.179	5047	2	1
273.235	5048	1	1
273.235	5049	3	1
273.235	5050	4	1
273.290	5051	2	1
273.346	5052	3	1
273.402	5053	1	1
273.402	5054	2	1
273.402	5055	4	1
273.485	5056	1	1
273.485	5057	4	1
273.568	5058	1	1
273.568	5059	2	1
273.568	5060	3	1
273.624	5061	4	1
273.679	5062	3	1
273.735	5063	1	1
273.735	5064	2	1
273.790	5065	4	1
273.846	5066	1	1
273.902	5067	3	1
273.902	5068	4	1
273.957	5069	2	1
274.013	5070	3	1
274.068	5071	1	1
274.068	5072	2	1
274.068	5073	4	1
274.124	5074	3	1
274.179	5075	1	1
274.235	5076	2	1
274.235	5077	3	1
274.290	5078	4	1
274.346	5079	2	1
274.402	5080	1	1
274.402	5081	4	1
274.457	5082	3	1
274.513	5083	2	1
274.568	5084	3	1
274.568	5085	4	1
274.624	5086	1	1
274.679	5087	2	1
274.735	5088	1	1
274.735	5089	4	1
274.790	5090	3	1
274.846	5091	4	1
274.902	5092	1	1
274.902	5093	2	1
275.068	5094	2	1
275.068	5095	3	1
275.068	5096	4	1
275.152	5097	1	1
275.152	5098	4	1
275.235	5099	1	1
275.235	5100	3	1
275.277	5101	2	1
275.318	5102	3	1
275.318	5103	4	1
275.360	5104	2	1
275.402	5105	1	1
275.402	5106	3	1
275.402	5107	4	1
275.568	5108	2	1
275.568	5109	3	1
275.568	5110	4	1
275.652	5111	2	1
275.652	5112	3	1
275.735	5113	1	1
275.735	5114	2	1
275.735	5115	4	1
275.818	5116	1	1
275.818	5117	4	1
275.902	5118	3	1
275.935	5119	4	1
275.968	5120	2	1
276.002	5121	1	1
276.035	5122	4	1
276.068	5123	2	1
276.102	5124	3	1
276.135	5125	1	1
276.168	5126	4	1
276.202	5127	3	1
276.235	5128	1	1
276.235	5129	2	1
276.290	5130	4	1
276.346	5131	2	1
276.402	5132	1	1
276.402	5133	3	1
276.457	5134	4	1
276.513	5135	2	1
276.568	5136	1	1
276.568	5137	4	1
276.624	5138	2	1
276.679	5139	3	1
276.735	5140	1	1
276.735	5141	4	1
276.790	5142	2	1
276.846	5143	3	1
276.902	5144	1	1
276.902	5145	2	1
276.957	5146	4	1
277.013	5147	3	1
277.068	5148	2	1
277.068	5149	4	1
277.124	5150	1	1
277.179	5151	3	1
277.235	5152	1	1
277.235	5153	2	1
277.235	5154	4	1
277.290	5155	3	1
277.346	5156	2	1
277.402	5157	1	1
277.402	5158	3	1
277.402	5159	4	1
277.457	5160	2	1
277.513	5161	3	1
277.568	5162	1	1
277.568	5163	2	1
277.568	5164	4	1
277.624	5165	3	1
277.679	5166	4	1
277.735	5167	1	1
277.735	5168	2	1
277.790	5169	3	1
277.846	5170	2	1
277.902	5171	1	1
277.902	5172	4	1
277.957	5173	3	1
278.013	5174	2	1
278.068	5175	3	1
278.068	5176	4	1
278.124	5177	1	1
278.179	5178	2	1
278.235	5179	3	1
278.235	5180	4	1
278.290	5181	1	1
278.346	5182	4	1
278.402	5183	2	1
278.402	5184	3	1
278.457	5185	1	1
278.513	5186	4	1
278.568	5187	1	1
278.568	5188	2	1
278.624	5189	3	1
278.679	5190	4	1
278.735	5191	1	1
278.735	5192	2	1
278.818	5193	2	1
278.818	5194	3	1
278.902	5195	1	1
278.902	5196	4	1
278.943	5197	3	1
278.985	5198	1	1
279.027	5199	2	1
279.068	5200	4	1
279.110	5201	1	1
279.152	5202	3	1
279.193	5203	2	1
279.235	5204	4	1
279.277	5205	3	1
279.318	5206	1	1
279.360	5207	2	1
279.402	5208	4	1
279.443	5209	1	1
279.485	5210	3	1
279.527	5211	2	1
279.568	5212	4	1
279.610	5213	1	1
279.652	5214	4	1
279.693	5215	2	1
279.735	5216	3	1
279.777	5217	2	1
279.818	5218	1	1
279.860	5219	4	1
279.902	5220	1	1
279.943	5221	3	1
279.985	5222	2	1
280.027	5223	3	1
280.068	5224	4	1
280.110	5225	1	1
280.152	5226	4	1
280.193	5227	2	1
280.235	5228	3	1
280.268	5229	4	1
280.302	5230	1	1
280.335	5231	2	1
280.368	5232	3	1
280.402	5233	4	1
280.435	5234	1	1
280.468	5235	2	1
280.502	5236	3	1
280.535	5237	4	1
280.568	5238	1	1
280.602	5239	2	1
280.635	5240	3	1
280.668	5241	4	1
280.702	5242	1	1
280.735	5243	2	1
280.768	5244	3	1
280.802	5245	4	1
280.835	5246	1	1
280.868	5247	2	1
280.902	5248	4	1
280.935	5249	1	1
280.968	5250	3	1
281.002	5251	2	1
281.035	5252	4	1
281.068	5253	3	1
281.102	5254	1	1
281.135	5255	4	1
281.168	5256	2	1
281.202	5257	3	1
281.235	5258	1	1
281.268	5259	2	1
281.302	5260	4	1
281.335	5261	1	1
281.368	5262	3	1
281.402	5263	2	1
281.435	5264	4	1
281.468	5265	3	1
281.502	5266	1	1
281.535	5267	2	1
281.568	5268	3	1
281.568	5269	4	1
281.646	5270	1	1
281.646	5271	3	1
281.725	5272	1	1
281.725	5273	4	1
281.804	5274	2	1
281.804	5275	3	1
281.883	5276	3	1
281.883	5277	4	1
281.962	5278	1	1
281.962	5279	4	1
282.041	5280	1	1
282.041	5281	2	1
282.120	5282	2	1
282.120	5283	4	1
282.199	5284	1	1
282.199	5285	3	1
282.278	5286	3	1
282.278	5287	4	1
282.357	5288	1	1
282.357	5289	4	1
282.436	5290	1	1
282.436	5291	3	1
282.515	5292	2	1
282.515	5293	4	1
282.594	5294	1	1
282.594	5295	4	1
282.673	5296	2	1
282.673	5297	4	1
282.752	5298	2	1
282.752	5299	3	1
282.791	5300	1	1
282.831	5301	3	1
282.831	5302	4	1
282.910	5303	1	1
282.910	5304	4	1
282.989	5305	2	1
282.989	5306	4	1
283.068	5307	2	1
283.068	5308	3	1
283.146	5309	1	1
283.146	5310	3	1
283.225	5311	1	1
283.225	5312	4	1
283.304	5313	2	1
283.304	5314	3	1
283.383	5315	1	1
283.383	5316	2	1
283.462	5317	1	1
283.462	5318	4	1
283.541	5319	2	1
283.541	5320	3	1
283.620	5321	2	1
283.620	5322	4	1
283.699	5323	1	1
283.699	5324	4	1
283.778	5325	2	1
283.778	5326	3	1
283.857	5327	2	1
283.857	5328	4	1
283.936	5329	2	1
283.936	5330	3	1
283.975	5331	4	1
284.015	5332	1	1
284.054	5333	3	1
284.094	5334	2	1
284.094	5335	4	1
284.173	5336	1	1
284.173	5337	4	1
284.252	5338	3	1
284.252	5339	4	1
284.331	5340	1	1
284.331	5341	2	1
284.410	5342	2	1
284.410	5343	4	1
284.489	5344	3	1
284.489	5345	4	1
284.568	5346	1	1
284.568	5347	3	1
284.646	5348	1	1
284.646	5349	4	1
284.725	5350	1	1
284.725	5351	2	1
284.804	5352	3	1
284.804	5353	4	1
284.883	5354	2	1
284.883	5355	3	1
284.962	5356	1	1
284.962	5357	4	1
285.041	5358	1	1
285.041	5359	2	1
285.120	5360	2	1
285.120	5361	4	1
285.199	5362	1	1
285.199	5363	3	1
285.278	5364	3	1
285.278	5365	4	1
285.318	5366	2	1
285.357	5367	1	1
285.436	5368	3	1
285.436	5369	4	1
285.475	5370	1	1
285.515	5371	2	1
285.594	5372	1	1
285.594	5373	4	1
285.673	5374	3	1
285.673	5375	4	1
285.712	5376	2	1
285.752	5377	1	1
285.831	5378	2	1
285.831	5379	4	1
285.910	5380	3	1
285.910	5381	4	1
285.989	5382	1	1
285.989	5383	2	1
286.068	5384	2	1
286.068	5385	4	1
286.107	5386	1	1
286.146	5387	3	1
286.225	5388	1	1
286.225	5389	2	1
286.304	5390	4	1
286.331	5391	3	1
286.357	5392	1	1
286.383	5393	2	1
286.410	5394	4	1
286.436	5395	3	1
286.462	5396	1	1
286.502	5397	4	1
286.541	5398	2	1
286.581	5399	3	1
286.620	5400	1	1
286.620	5401	2	1
286.620	5402	4	1
286.699	5403	1	1
286.699	5404	3	1
286.778	5405	1	1
286.778	5406	4	1
286.857	5407	2	1
286.857	5408	3	1
286.936	5409	3	1
286.936	5410	4	1
287.015	5411	1	1
287.015	5412	4	1
287.094	5413	1	1
287.094	5414	2	1
287.173	5415	2	1
287.173	5416	4	1
287.252	5417	1	1
287.252	5418	3	1
287.331	5419	3	1
287.331	5420	4	1
287.410	5421	1	1
287.410	5422	4	1
287.489	5423	2	1
287.489	5424	3	1
287.568	5425	1	1
287.568	5426	2	1
287.646	5427	3	1
287.646	5428	4	1
287.725	5429	1	1
287.725	5430	4	1
287.804	5431	1	1
287.804	5432	2	1
287.844	5433	4	1
287.883	5434	2	1
287.883	5435	3	1
287.962	5436	1	1
287.962	5437	3	1
288.041	5438	3	1
288.041	5439	4	1
288.120	5440	1	1
288.120	5441	4	1
288.199	5442	2	1
288.199	5443	3	1
288.278	5444	2	1
288.278	5445	4	1
288.357	5446	1	1
288.357	5447	2	1
288.436	5448	1	1
288.436	5449	4	1
288.515	5450	2	1
288.515	5451	3	1
288.594	5452	1	1
288.594	5453	3	1
288.673	5454	1	1
288.673	5455	4	1
288.752	5456	2	1
288.752	5457	3	1
288.831	5458	2	1
288.831	5459	4	1
288.910	5460	1	1
288.910	5461	3	1
288.989	5462	1	1
288.989	5463	4	1
289.028	5464	2	1
289.068	5465	4	1
289.107	5466	3	1
289.146	5467	1	1
289.146	5468	2	1
289.225	5469	1	1
289.225	5470	4	1
289.304	5471	3	1
289.304	5472	4	1
289.383	5473	1	1
289.383	5474	3	1
289.462	5475	2	1
289.462	5476	4	1
289.541	5477	1	1
289.541	5478	2	1
289.620	5479	1	1
289.620	5480	4	1
289.699	5481	2	1
289.699	5482	3	1
289.778	5483	3	1
289.778	5484	4	1
289.857	5485	1	1
289.857	5486	4	1
289.936	5487	1	1
289.936	5488	3	1
290.015	5489	2	1
290.015	5490	4	1
290.094	5491	1	1
290.094	5492	4	1
290.173	5493	2	1
290.173	5494	3	1
290.252	5495	1	1
290.252	5496	2	1
290.331	5497	1	1
290.331	5498	4	1
290.410	5499	3	1
290.410	5500	4	1
290.449	5501	2	1
290.489	5502	1	1
290.568	5503	3	1
290.568	5504	4	1
290.646	5505	1	1
290.646	5506	3	1
290.686	5507	4	1
290.725	5508	2	1
290.804	5509	3	1
290.804	5510	4	1
290.883	5511	1	1
290.883	5512	4	1
290.923	5513	3	1
290.962	5514	1	1
291.002	5515	2	1
291.041	5516	3	1
291.041	5517	4	1
291.120	5518	3	1
291.120	5519	4	1
291.199	5520	3	1
291.199	5521	4	1
291.278	5522	3	1
291.278	5523	4	1
291.357	5524	1	1
291.383	5525	4	1
291.410	5526	3	1
291.436	5527	2	1
291.462	5528	1	1
291.489	5529	4	1
291.515	5530	2	1
291.554	5531	3	1
291.594	5532	1	1
291.633	5533	4	1
291.673	5534	1	1
291.673	5535	2	1
291.673	5536	3	1
291.752	5537	2	1
291.752	5538	3	1
291.831	5539	1	1
291.831	5540	3	1
291.910	5541	1	1
291.910	5542	4	1
291.989	5543	2	1
291.989	5544	4	1
292.068	5545	2	1
292.068	5546	3	1
292.146	5547	3	1
292.146	5548	4	1
292.225	5549	1	1
292.225	5550	2	1
292.304	5551	1	1
292.304	5552	4	1
292.383	5553	2	1
292.383	5554	3	1
292.462	5555	2	1
292.462	5556	4	1
292.541	5557	1	1
292.541	5558	3	1
292.620	5559	1	1
292.620	5560	4	1
292.699	5561	2	1
292.699	5562	4	1
292.778	5563	1	1
292.778	5564	4	1
292.857	5565	2	1
292.857	5566	3	1
292.896	5567	4	1
292.936	5568	1	1
292.936	5569	2	1
293.015	5570	1	1
293.015	5571	4	1
293.094	5572	1	1
293.094	5573	3	1
293.173	5574	2	1
293.173	5575	3	1
293.252	5576	2	1
293.252	5577	4	1
293.331	5578	1	1
293.331	5579	4	1
293.410	5580	2	1
293.410	5581	3	1
293.489	5582	1	1
293.489	5583	3	1
293.568	5584	3	1
293.568	5585	4	1
293.646	5586	1	1
293.646	5587	4	1
293.725	5588	1	1
293.725	5589	2	1
293.804	5590	2	1
293.804	5591	4	1
293.883	5592	1	1
293.883	5593	3	1
293.962	5594	2	1
293.962	5595	3	1
294.041	5596	1	1
294.041	5597	3	1
294.081	5598	2	1
294.120	5599	4	1
294.160	5600	1	1
294.199	5601	3	1
294.199	5602	4	1
294.278	5603	1	1
294.278	5604	3	1
294.357	5605	2	1
294.357	5606	3	1
294.436	5607	2	1
294.436	5608	4	1
294.515	5609	1	1
294.515	5610	3	1
294.594	5611	3	1
294.594	5612	4	1
294.673	5613	1	1
294.673	5614	2	1
294.752	5615	2	1
294.752	5616	4	1
294.831	5617	2	1
294.831	5618	3	1
294.910	5619	1	1
294.910	5620	3	1
294.989	5621	2	1
294.989	5622	4	1
295.068	5623	1	1
295.068	5624	2	1
295.146	5625	1	1
295.146	5626	4	1
295.225	5627	2	1
295.225	5628	4	1
295.304	5629	2	1
295.304	5630	3	1
295.383	5631	1	1
295.383	5632	4	1
295.423	5633	3	1
295.462	5634	1	1
295.541	5635	2	1
295.541	5636	3	1
295.581	5637	4	1
295.620	5638	2	1
295.699	5639	3	1
295.699	5640	4	1
295.778	5641	1	1
295.778	5642	4	1
295.818	5643	3	1
295.857	5644	1	1
295.896	5645	2	1
295.936	5646	3	1
295.936	5647	4	1
296.015	5648	1	1
296.015	5649	4	1
296.094	5650	1	1
296.094	5651	3	1
296.173	5652	2	1
296.173	5653	3	1
296.252	5654	1	1
296.252	5655	4	1
296.331	5656	1	1
296.331	5657	3	1
296.410	5658	4	1
296.436	5659	2	1
296.462	5660	3	1
296.489	5661	1	1
296.515	5662	4	1
296.541	5663	2	1
296.568	5664	3	1
296.607	5665	4	1
296.646	5666	1	1
296.686	5667	2	1
296.725	5668	1	1
296.725	5669	3	1
296.725	5670	4	1
296.804	5671	2	1
296.804	5672	3	1
296.883	5673	1	1
296.883	5674	3	1
296.962	5675	1	1
296.962	5676	4	1
297.041	5677	2	1
297.041	5678	3	1
297.120	5679	1	1
297.120	5680	2	1
297.199	5681	1	1
297.199	5682	4	1
297.278	5683	3	1
297.278	5684	4	1
297.357	5685	2	1
297.357	5686	3	1
297.436	5687	2	1
297.436	5688	4	1
297.515	5689	1	1
297.515	5690	3	1
297.594	5691	2	1
297.594	5692	3	1
297.673	5693	1	1
297.673	5694	4	1
297.752	5695	1	1
297.752	5696	3	1
297.831	5697	1	1
297.831	5698	4	1
297.910	5699	3	1
297.910	5700	4	1
297.949	5701	1	1
297.989	5702	2	1
297.989	5703	3	1
298.068	5704	2	1
298.068	5705	4	1
298.146	5706	1	1
298.146	5707	2	1
298.225	5708	1	1
298.225	5709	4	1
298.304	5710	2	1
298.304	5711	3	1
298.383	5712	3	1
298.383	5713	4	1
298.462	5714	2	1
298.462	5715	4	1
298.541	5716	1	1
298.541	5717	3	1
298.620	5718	1	1
298.620	5719	2	1
298.699	5720	2	1
298.699	5721	4	1
298.778	5722	1	1
298.778	5723	3	1
298.857	5724	2	1
298.857	5725	3	1
298.936	5726	1	1
298.936	5727	4	1
299.015	5728	2	1
299.015	5729	4	1
299.094	5730	2	1
299.094	5731	3	1
299.133	5732	4	1
299.173	5733	1	1
299.212	5734	3	1
299.252	5735	2	1
299.252	5736	4	1
299.291	5737	1	1
299.331	5738	3	1
299.370	5739	4	1
299.410	5740	2	1
299.449	5741	1	1
299.489	5742	3	1
299.528	5743	4	1
299.568	5744	2	1
299.607	5745	1	1
299.646	5746	3	1
299.686	5747	4	1
299.725	5748	2	1
299.765	5749	1	1
299.804	5750	3	1
299.844	5751	4	1
299.883	5752	2	1
299.923	5753	3	1
299.962	5754	1	1
300.002	5755	4	1
300.041	5756	2	1
300.081	5757	3	1
300.120	5758	1	1
300.160	5759	4	1
300.199	5760	2	1
300.239	5761	3	1
300.278	5762	1	1
300.318	5763	4	1
300.357	5764	2	1
300.396	5765	3	1
300.436	5766	1	1
300.475	5767	4	1
300.515	5768	2	2
300.554	5769	3	1
300.594	5770	4	1
300.594	5771	2	3
300.633	5772	1	1
300.673	5773	3	1
300.712	5774	2	1
300.752	5775	1	1
300.791	5776	4	1
300.831	5777	2	1
300.870	5778	3	1
300.910	5779	4	1
300.949	5780	1	1
300.989	5781	3	1
301.028	5782	2	1
301.067	5783	1	1
301.107	5784	4	1
301.146	5785	3	2
301.186	5786	1	1
301.225	5787	4	1
301.225	5788	3	3
301.265	5789	2	1
301.304	5790	3	1
301.344	5791	1	1
301.383	5792	4	1
301.423	5793	2	1
301.462	5794	3	1
301.502	5795	1	1
301.541	5796	4	1
301.581	5797	2	1
301.620	5798	3	1
301.660	5799	1	1
301.699	5800	4	1
301.739	5801	2	1
301.778	5802	1	1
302.401	5803	1	1
302.401	5804	3	2
302.401	5805	4	1
302.479	5806	2	1
302.558	5807	4	1
302.637	5808	2	1
302.716	5809	1	2
302.716	5810	3	3
302.795	5811	3	1
302.874	5812	2	2
302.874	5813	1	3
302.953	5814	3	1
303.032	5815	4	2
303.032	5816	2	3
303.110	5817	1	1
303.189	5818	2	1
303.268	5819	3	1
303.347	5820	1	1
303.426	5821	3	1
303.505	5822	2	1
303.584	5823	1	1
303.663	5824	3	1
303.742	5825	1	1
303.821	5826	2	1
303.900	5827	3	1
303.979	5828	1	2
303.979	5829	4	3
304.058	5830	2	1
304.137	5831	3	2
304.137	5832	1	3
304.216	5833	4	1
304.295	5834	2	2
304.295	5835	3	3
304.374	5836	1	1
304.453	5837	4	1
304.532	5838	3	1
304.610	5839	1	1
304.689	5840	4	1
304.768	5841	3	2
304.768	5842	2	3
304.847	5843	1	1
304.926	5844	2	1
305.005	5845	4	1
305.084	5846	1	1
305.163	5847	4	1
305.242	5848	2	1
305.321	5849	1	1
305.400	5850	4	1
305.479	5851	1	1
305.558	5852	2	1
305.637	5853	4	1
305.716	5854	2	1
305.795	5855	1	1
305.874	5856	4	1
305.953	5857	1	1
306.032	5858	2	1
306.110	5859	4	1
306.110	5860	3	3
306.189	5861	3	2
306.268	5862	1	1
306.347	5863	2	1
306.426	5864	4	1
306.505	5865	1	2
306.505	5866	3	3
306.584	5867	2	1
306.663	5868	3	1
306.742	5869	2	1
306.821	5870	4	2
306.821	5871	1	3
306.900	5872	3	1
306.979	5873	1	1
307.058	5874	2	1
307.137	5875	1	1
307.216	5876	3	1
307.295	5877	2	1
307.374	5878	3	1
307.453	5879	1	1
307.532	5880	2	1
307.610	5881	1	1
307.689	5882	3	1
307.768	5883	2	1
307.847	5884	3	1
307.926	5885	1	1
308.005	5886	2	1
308.084	5887	1	2
308.084	5888	4	3
308.163	5889	3	1
308.242	5890	4	2
308.242	5891	1	3
308.321	5892	1	1
308.400	5893	2	2
308.400	5894	4	3
308.479	5895	4	1
308.558	5896	3	2
308.558	5897	2	3
308.637	5898	1	1
308.716	5899	2	2
308.716	5900	3	3
308.795	5901	3	1
308.874	5902	4	1
308.953	5903	1	2
308.953	5904	2	3
309.032	5905	3	1
309.110	5906	2	1
309.189	5907	4	2
309.189	5908	1	3
309.268	5909	3	1
309.347	5910	1	1
309.426	5911	2	1
309.505	5912	3	1
309.584	5913	1	1
309.663	5914	3	1
309.742	5915	2	1
309.821	5916	1	1
309.900	5917	3	1
309.979	5918	1	1
310.058	5919	2	1
310.137	5920	3	1
310.216	5921	1	1
310.295	5922	3	1
310.374	5923	2	1
310.453	5924	1	1
310.532	5925	3	1
310.610	5926	1	1
310.689	5927	2	1
310.768	5928	3	1
310.847	5929	1	1
310.926	5930	3	1
311.005	5931	2	1
311.084	5932	1	1
311.163	5933	3	1
311.163	5934	4	3
311.242	5935	4	2
311.321	5936	1	1
311.400	5937	3	1
311.479	5938	1	1
311.558	5939	2	2
311.558	5940	4	3
311.637	5941	3	1
311.716	5942	4	1
311.795	5943	1	1
311.874	5944	3	2
311.874	5945	4	1
311.874	5946	2	3
311.953	5947	2	1
312.032	5948	1	1
312.110	5949	4	1
312.189	5950	2	1
312.268	5951	4	1
312.347	5952	1	1
312.426	5953	2	1
312.505	5954	4	1
312.584	5955	1	1
312.663	5956	4	1
312.742	5957	2	1
312.821	5958	4	2
312.821	5959	3	3
312.900	5960	1	1
312.979	5961	2	1
313.058	5962	3	1
313.137	5963	2	2
313.137	5964	4	3
313.216	5965	1	1
313.295	5966	3	1
313.374	5967	4	1
313.453	5968	1	1
313.532	5969	4	1
313.610	5970	1	2
313.610	5971	2	3
313.689	5972	2	1
313.768	5973	3	1
313.847	5974	4	1
313.926	5975	2	1
314.005	5976	4	1
314.084	5977	3	2
314.084	5978	1	3
314.163	5979	1	1
314.242	5980	2	2
314.242	5981	3	3
314.321	5982	3	1
314.400	5983	4	2
314.400	5984	2	3
314.479	5985	1	1
314.558	5986	3	2
314.558	5987	4	3
314.637	5988	4	1
314.716	5989	1	2
314.716	5990	3	3
314.795	5991	2	1
314.874	5992	3	2
314.874	5993	1	3
314.953	5994	4	1
315.032	5995	2	2
315.032	5996	3	3
315.110	5997	3	1
315.189	5998	1	2
315.189	5999	2	3
315.268	6000	4	1
315.268	6001	1	3
315.347	6002	1	2
315.426	6003	2	1
315.505	6004	4	2
315.505	6005	1	3
315.584	6006	1	1
315.663	6007	2	1
315.742	6008	3	1
315.821	6009	2	2
315.821	6010	4	3
315.900	6011	4	1
315.979	6012	1	2
315.979	6013	2	3
316.058	6014	2	1
316.137	6015	3	2
316.137	6016	1	3
316.216	6017	4	1
316.295	6018	2	2
316.295	6019	3	3
316.374	6020	3	1
316.453	6021	1	2
316.453	6022	2	3
316.532	6023	4	1
316.532	6024	1	3
316.610	6025	1	2
316.689	6026	2	1
316.768	6027	3	2
316.768	6028	1	3
316.847	6029	4	1
316.926	6030	1	1
317.005	6031	2	1
317.084	6032	4	1
317.163	6033	1	1
317.242	6034	4	1
317.321	6035	2	1
317.400	6036	1	1
317.479	6037	4	1
317.558	6038	1	1
317.637	6039	2	1
317.716	6040	4	1
317.795	6041	2	1
317.874	6042	1	2
317.874	6043	3	3
317.953	6044	3	1
318.032	6045	2	2
318.032	6046	1	3
318.110	6047	1	1
318.189	6048	4	2
318.189	6049	2	3
318.268	6050	3	1
318.347	6051	2	1
318.426	6052	1	1
318.505	6053	3	1
318.584	6054	1	1
318.663	6055	2	1
318.742	6056	3	1
318.821	6057	1	1
318.900	6058	3	1
318.979	6059	2	1
319.058	6060	3	1
319.137	6061	1	2
319.137	6062	4	3
319.216	6063	2	1
319.295	6064	3	1
319.374	6065	4	1
319.453	6066	3	2
319.453	6067	1	3
319.532	6068	1	1
319.610	6069	2	1
319.689	6070	4	1
319.768	6071	1	1
319.847	6072	4	1
319.926	6073	2	2
319.926	6074	3	3
320.005	6075	3	1
320.084	6076	4	1
320.163	6077	1	1
320.242	6078	4	1
320.321	6079	3	1
320.400	6080	1	2
320.400	6081	2	3
320.479	6082	2	1
320.558	6083	4	1
320.637	6084	3	1
320.716	6085	2	1
320.795	6086	4	1
320.874	6087	2	1
320.953	6088	3	1
321.032	6089	4	1
321.110	6090	2	1
321.189	6091	4	1
321.268	6092	3	1
321.347	6093	2	2
321.347	6094	1	3
321.426	6095	1	1
321.505	6096	4	1
321.584	6097	3	1
321.663	6098	4	2
321.663	6099	2	3
321.742	6100	2	1
321.821	6101	3	1
321.900	6102	1	1
321.979	6103	2	1
321.979	6104	3	2
321.979	6105	4	3
322.058	6106	4	1
322.137	6107	1	1
322.295	6108	2	1
322.374	6109	1	1
322.453	6110	4	1
322.610	6111	2	1
322.689	6112	4	1
322.768	6113	1	1
322.926	6114	1	2
322.926	6115	3	3
323.005	6116	3	1
323.084	6117	2	2
323.084	6118	1	3
323.242	6119	1	1
323.242	6120	4	2
323.242	6121	2	3
323.321	6122	2	1
323.400	6123	3	1
323.558	6124	3	1
323.637	6125	2	1
323.716	6126	1	1
323.874	6127	1	1
323.953	6128	2	1
324.032	6129	3	1
324.189	6130	1	2
324.189	6131	4	3
324.268	6132	2	1
324.347	6133	3	2
324.347	6134	1	3
324.505	6135	2	2
324.505	6136	4	1
324.505	6137	3	3
324.584	6138	3	1
324.663	6139	1	1
324.821	6140	4	1
324.900	6141	1	1
324.979	6142	3	2
324.979	6143	2	3
325.137	6144	1	1
325.216	6145	2	1
325.295	6146	4	1
325.453	6147	4	1
325.532	6148	2	1
325.610	6149	1	1
325.768	6150	1	1
325.847	6151	2	1
325.926	6152	4	1
326.084	6153	4	1
326.163	6154	2	1
326.242	6155	1	1
326.321	6156	3	3
326.400	6157	3	2
326.479	6158	2	1
326.558	6159	4	1
326.716	6160	1	2
326.716	6161	3	3
326.795	6162	2	1
326.874	6163	3	1
327.032	6164	2	1
327.032	6165	4	2
327.032	6166	1	3
327.110	6167	1	1
327.189	6168	3	1
327.347	6169	1	1
327.426	6170	2	1
327.505	6171	3	1
327.663	6172	3	1
327.742	6173	2	1
327.821	6174	1	1
327.979	6175	1	1
328.058	6176	2	1
328.137	6177	3	1
328.295	6178	1	2
328.295	6179	4	3
328.374	6180	2	1
328.453	6181	4	2
328.453	6182	1	3
328.610	6183	2	2
328.610	6184	4	3
328.689	6185	1	1
328.768	6186	3	2
328.768	6187	2	3
328.926	6188	2	2
328.926	6189	3	3
329.005	6190	3	1
329.084	6191	4	1
329.163	6192	1	2
329.163	6193	2	3
329.242	6194	2	1
329.321	6195	3	1
329.400	6196	4	2
329.400	6197	1	3
329.558	6198	1	1
329.558	6199	3	1
329.637	6200	2	1
329.716	6201	3	1
329.874	6202	1	1
329.953	6203	2	1
330.032	6204	3	1
330.189	6205	3	1
330.268	6206	2	1
330.347	6207	1	1
330.505	6208	1	1
330.584	6209	2	1
330.663	6210	3	1
330.821	6211	3	1
330.900	6212	2	1
330.979	6213	1	1
331.137	6214	1	1
331.216	6215	2	1
331.295	6216	3	1
331.374	6217	4	3
331.453	6218	4	2
331.532	6219	3	1
331.610	6220	1	1
331.768	6221	2	2
331.768	6222	4	3
331.847	6223	3	1
331.926	6224	4	1
332.084	6225	1	1
332.084	6226	3	2
332.084	6227	4	1
332.084	6228	2	3
332.163	6229	2	1
332.242	6230	1	1
332.400	6231	4	1
332.479	6232	2	1
332.558	6233	4	1
332.716	6234	1	1
332.795	6235	4	1
332.874	6236	1	1
333.032	6237	4	2
333.032	6238	3	3
333.110	6239	2	1
333.189	6240	1	1
333.347	6241	2	2
333.347	6242	4	3
333.426	6243	3	1
333.505	6244	4	1
333.663	6245	1	1
333.742	6246	3	1
333.821	6247	1	2
333.821	6248	2	3
333.979	6249	4	1
334.058	6250	3	1
334.137	6251	2	1
334.295	6252	3	2
334.295	6253	1	3
334.374	6254	4	1
334.453	6255	2	2
334.453	6256	3	3
334.610	6257	4	2
334.610	6258	2	3
334.689	6259	2	1
334.768	6260	3	2
334.768	6261	4	3
334.926	6262	1	2
334.926	6263	3	3
335.005	6264	2	1
335.084	6265	3	2
335.084	6266	1	3
335.242	6267	2	2
335.242	6268	3	3
335.321	6269	4	1
335.400	6270	1	2
335.400	6271	2	3
335.479	6272	1	3
335.558	6273	1	2
335.637	6274	3	1
335.716	6275	4	2
335.716	6276	1	3
335.874	6277	1	1
335.953	6278	3	1
336.032	6279	2	2
336.032	6280	4	3
336.189	6281	1	2
336.189	6282	2	3
336.268	6283	4	1
336.347	6284	3	2
336.347	6285	1	3
336.505	6286	2	2
336.505	6287	3	3
336.584	6288	4	1
336.663	6289	1	2
336.663	6290	2	3
336.742	6291	1	3
336.821	6292	1	2
336.900	6293	2	1
336.979	6294	3	2
336.979	6295	1	3
337.137	6296	1	1
337.137	6297	4	1
337.216	6298	2	1
337.295	6299	4	1
337.453	6300	1	1
337.532	6301	2	1
337.610	6302	1	1
337.768	6303	4	1
337.847	6304	2	1
337.926	6305	4	1
338.084	6306	1	2
338.084	6307	3	3
338.163	6308	3	1
338.242	6309	2	2
338.242	6310	1	3
338.400	6311	4	2
338.400	6312	2	3
338.479	6313	3	1
338.558	6314	2	1
338.716	6315	1	1
338.795	6316	2	1
338.874	6317	3	1
339.032	6318	3	1
339.110	6319	2	1
339.189	6320	1	1
339.347	6321	1	2
339.347	6322	4	3
339.426	6323	2	1
339.505	6324	4	1
339.663	6325	3	2
339.663	6326	1	3
339.742	6327	2	1
339.821	6328	1	1
339.979	6329	4	1
340.058	6330	1	1
340.137	6331	2	2
340.137	6332	3	3
340.295	6333	3	1
340.374	6334	4	1
340.453	6335	1	1
340.610	6336	1	2
340.610	6337	2	3
340.689	6338	4	1
340.768	6339	3	1
340.926	6340	4	1
341.005	6341	2	1
341.084	6342	3	1
341.242	6343	2	1
341.321	6344	4	1
341.400	6345	3	1
341.558	6346	2	2
341.558	6347	1	3
341.637	6348	3	1
341.716	6349	1	1
341.874	6350	4	2
341.874	6351	2	3
341.953	6352	3	1
342.032	6353	2	1
342.194	6354	1	1
342.194	6355	2	1
342.194	6356	3	2
342.194	6357	4	3
342.825	6358	1	1
342.825	6359	4	1
343.141	6360	1	2
343.141	6361	3	3
343.299	6362	2	2
343.299	6363	1	3
343.457	6364	3	1
343.457	6365	4	2
343.457	6366	2	3
344.088	6367	1	1
344.088	6368	2	1
344.404	6369	1	2
344.404	6370	4	3
344.562	6371	3	2
344.562	6372	1	3
344.720	6373	2	2
344.720	6374	4	1
344.720	6375	3	3
345.194	6376	3	2
345.194	6377	2	3
345.351	6378	1	1
345.351	6379	4	1
345.983	6380	1	1
345.983	6381	4	1
346.536	6382	3	3
346.615	6383	3	2
346.615	6384	4	1
346.930	6385	1	2
346.930	6386	3	3
347.246	6387	2	1
347.246	6388	4	2
347.246	6389	1	3
347.878	6390	1	1
347.878	6391	3	1
348.509	6392	1	2
348.509	6393	2	1
348.509	6394	4	3
348.667	6395	4	2
348.667	6396	1	3
348.825	6397	2	2
348.825	6398	4	3
348.983	6399	3	2
348.983	6400	2	3
349.141	6401	2	2
349.141	6402	4	1
349.141	6403	3	3
349.378	6404	1	2
349.378	6405	2	3
349.615	6406	4	2
349.615	6407	1	3
349.772	6408	1	1
349.772	6409	3	1
350.404	6410	1	1
350.404	6411	3	1
351.036	6412	1	1
351.036	6413	3	1
351.588	6414	4	3
351.667	6415	1	1
351.667	6416	4	2
351.983	6417	2	2
351.983	6418	4	3
352.299	6419	1	1
352.299	6420	3	2
352.299	6421	4	1
352.299	6422	2	3
352.930	6423	1	1
352.930	6424	4	1
353.246	6425	4	2
353.246	6426	3	3
353.562	6427	1	1
353.562	6428	2	2
353.562	6429	4	3
354.036	6430	1	2
354.036	6431	2	3
354.194	6432	3	1
354.194	6433	4	1
354.509	6434	3	2
354.509	6435	1	3
354.667	6436	2	2
354.667	6437	3	3
354.825	6438	1	1
354.825	6439	4	2
354.825	6440	2	3
354.983	6441	3	2
354.983	6442	4	3
355.141	6443	1	2
355.141	6444	3	3
355.299	6445	3	2
355.299	6446	1	3
355.457	6447	2	2
355.457	6448	4	1
355.457	6449	3	3
355.615	6450	1	2
355.615	6451	2	3
355.694	6452	1	3
355.772	6453	1	2
355.930	6454	4	2
355.930	6455	1	3
356.088	6456	1	1
356.088	6457	3	1
356.246	6458	2	2
356.246	6459	4	3
356.404	6460	1	2
356.404	6461	2	3
356.562	6462	3	2
356.562	6463	1	3
356.720	6464	2	2
356.720	6465	4	1
356.720	6466	3	3
356.878	6467	1	2
356.878	6468	2	3
356.957	6469	1	3
357.036	6470	1	2
357.194	6471	3	2
357.194	6472	1	3
357.351	6473	1	1
357.351	6474	4	1
357.983	6475	1	1
357.983	6476	4	1
358.299	6477	1	2
358.299	6478	3	3
358.457	6479	2	2
358.457	6480	1	3
358.615	6481	3	1
358.615	6482	4	2
358.615	6483	2	3
359.246	6484	1	1
359.246	6485	2	1
359.562	6486	1	1
359.562	6487	4	3
359.878	6488	2	1
359.878	6489	4	1
360.351	6490	2	1
360.509	6491	1	1
360.509	6492	3	1
360.825	6493	2	1
361.141	6494	3	1
361.141	6495	4	1
361.457	6496	2	2
361.772	6497	1	2
361.772	6498	4	2
362.088	6499	3	2
362.404	6500	1	3
362.404	6501	2	3
362.404	6502	3	3
362.404	6503	4	3