Song Name	Soulless 5 (HalfDuck Cover) [EXTENDED CUT] (Hard) by ExileLord (Cover by HalfDuck)
Difficulty	34
Primary Color	Rush
Secondary Color	Beat
Last Note Time	376.715
Total Notes	6213
Fever Fill	1813
Fever Time	56.507250
Long Notes	769
BPM	260
Song Length	380.322448980

Timing Points
0.100	230.7692


Song Data
0.100	1	4	2
0.331	2	1	2
0.331	3	4	3
0.561	4	3	2
0.561	5	1	3
0.792	6	1	2
0.792	7	3	3
1.023	8	4	2
1.023	9	1	3
1.254	10	1	2
1.254	11	4	3
1.484	12	3	2
1.484	13	1	3
1.715	14	1	2
1.715	15	3	3
1.946	16	3	2
1.946	17	1	3
2.177	18	2	2
2.177	19	3	3
2.407	20	1	2
2.407	21	2	3
2.638	22	2	2
2.638	23	1	3
2.869	24	4	2
2.869	25	2	3
3.100	26	3	2
3.100	27	4	3
3.331	28	1	2
3.331	29	3	3
3.561	30	2	2
3.561	31	1	3
3.792	32	4	2
3.792	33	2	3
4.023	34	1	2
4.023	35	4	3
4.254	36	3	2
4.254	37	1	3
4.484	38	1	2
4.484	39	3	3
4.715	40	2	2
4.715	41	1	3
4.946	42	1	2
4.946	43	2	3
5.177	44	3	2
5.177	45	1	3
5.407	46	1	2
5.407	47	3	3
5.638	48	4	2
5.638	49	1	3
5.869	50	1	2
5.869	51	4	3
6.100	52	3	2
6.100	53	1	3
6.331	54	2	2
6.331	55	3	3
6.561	56	3	1
6.561	57	4	2
6.561	58	2	3
6.792	59	1	2
6.792	60	4	3
7.023	61	3	2
7.023	62	1	3
7.254	63	1	2
7.254	64	2	1
7.254	65	3	3
7.369	66	3	1
7.484	67	2	1
7.484	68	4	2
7.484	69	1	3
7.715	70	1	2
7.715	71	4	3
7.831	72	2	1
7.946	73	3	2
7.946	74	1	3
8.061	75	4	1
8.177	76	1	2
8.177	77	2	1
8.177	78	3	3
8.292	79	3	1
8.407	80	2	1
8.407	81	4	2
8.407	82	1	3
8.638	83	3	2
8.638	84	4	3
8.869	85	2	2
8.869	86	3	3
8.984	87	4	1
9.100	88	1	2
9.100	89	3	1
9.100	90	2	3
9.215	91	2	1
9.331	92	3	1
9.331	93	4	2
9.331	94	1	3
9.561	95	1	2
9.561	96	4	3
9.677	97	2	1
9.792	98	3	2
9.792	99	1	3
9.907	100	2	1
10.023	101	1	2
10.023	102	4	1
10.023	103	3	3
10.138	104	3	1
10.254	105	2	1
10.254	106	4	2
10.254	107	1	3
10.484	108	3	2
10.484	109	4	3
10.600	110	1	1
10.715	111	2	2
10.715	112	4	1
10.715	113	3	3
10.831	114	3	1
10.946	115	1	2
10.946	116	4	1
10.946	117	2	3
11.061	118	2	1
11.177	119	3	1
11.177	120	4	2
11.177	121	1	3
11.407	122	1	2
11.407	123	4	3
11.523	124	2	1
11.638	125	3	2
11.638	126	1	3
11.754	127	2	1
11.869	128	1	2
11.869	129	4	1
11.869	130	3	3
11.984	131	3	1
12.100	132	2	2
12.100	133	4	1
12.100	134	1	3
12.331	135	3	2
12.331	136	2	3
12.446	137	1	1
12.561	138	4	2
12.561	139	3	3
12.677	140	3	1
12.792	141	1	2
12.792	142	2	1
12.792	143	4	3
12.907	144	3	1
13.023	145	2	1
13.023	146	4	2
13.023	147	1	3
13.254	148	1	2
13.254	149	2	1
13.254	150	4	3
13.369	151	3	1
13.484	152	2	1
13.484	153	3	2
13.484	154	1	3
13.715	155	1	2
13.715	156	4	1
13.715	157	3	3
13.831	158	3	1
13.946	159	2	1
13.946	160	3	1
13.946	161	4	1
13.946	162	1	3
14.869	163	1	1
14.869	164	2	2
14.869	165	4	1
15.100	166	3	1
15.100	167	4	1
15.100	168	2	3
15.215	169	1	1
15.215	170	3	1
15.331	171	1	1
15.331	172	2	1
15.331	173	4	1
15.446	174	2	1
15.446	175	3	1
15.561	176	1	1
15.561	177	4	1
15.677	178	2	1
15.677	179	4	1
15.792	180	1	1
15.792	181	2	1
15.792	182	3	1
15.907	183	1	1
15.907	184	4	1
16.023	185	2	1
16.023	186	3	1
16.138	187	2	1
16.138	188	4	1
16.254	189	1	1
16.254	190	3	1
16.254	191	4	1
16.369	192	2	1
16.369	193	3	1
16.484	194	1	1
16.484	195	4	1
16.600	196	1	1
16.600	197	3	1
16.715	198	2	1
16.715	199	3	1
16.715	200	4	1
16.831	201	1	1
16.831	202	2	1
16.946	203	3	1
16.946	204	4	1
17.061	205	1	1
17.061	206	4	1
17.177	207	1	1
17.177	208	2	1
17.177	209	3	1
17.292	210	2	1
17.292	211	4	1
17.407	212	1	1
17.407	213	3	1
17.523	214	2	1
17.523	215	3	1
17.638	216	1	2
17.638	217	2	1
17.638	218	4	1
17.754	219	3	1
17.754	220	4	1
17.869	221	2	2
17.869	222	3	1
17.869	223	4	1
17.869	224	1	3
17.984	225	1	1
17.984	226	3	1
18.100	227	1	1
18.100	228	3	2
18.100	229	4	1
18.100	230	2	3
18.215	231	2	1
18.215	232	4	1
18.331	233	1	1
18.331	234	4	2
18.331	235	3	3
18.388	236	2	1
18.446	237	1	1
18.446	238	3	1
18.446	239	4	3
18.504	240	2	1
18.561	241	1	1
18.561	242	3	1
18.561	243	4	1
18.677	244	2	1
18.677	245	4	1
18.792	246	2	1
18.792	247	3	1
18.907	248	1	1
18.907	249	3	1
19.023	250	1	1
19.023	251	2	1
19.023	252	4	1
19.138	253	2	1
19.138	254	3	1
19.254	255	1	1
19.254	256	4	1
19.369	257	2	1
19.369	258	4	1
19.484	259	1	1
19.484	260	2	1
19.484	261	3	1
19.600	262	1	1
19.600	263	4	1
19.715	264	2	1
19.715	265	3	1
19.831	266	2	1
19.831	267	4	1
19.946	268	1	1
19.946	269	3	1
19.946	270	4	1
20.061	271	2	1
20.061	272	3	1
20.177	273	1	1
20.177	274	4	1
20.292	275	1	1
20.292	276	3	1
20.407	277	2	1
20.407	278	3	1
20.407	279	4	1
20.523	280	1	1
20.523	281	2	1
20.638	282	3	1
20.638	283	4	1
20.754	284	1	1
20.754	285	4	1
20.869	286	1	1
20.869	287	2	1
20.869	288	3	2
20.984	289	2	1
20.984	290	4	1
21.100	291	1	1
21.100	292	4	2
21.100	293	3	3
21.215	294	2	1
21.215	295	3	1
21.331	296	1	2
21.331	297	2	1
21.331	298	3	1
21.331	299	4	3
21.446	300	2	1
21.446	301	4	1
21.561	302	3	1
21.561	303	4	1
21.561	304	1	3
21.677	305	2	1
21.677	306	3	1
21.792	307	1	1
21.792	308	2	1
21.792	309	4	1
21.907	310	1	1
21.907	311	3	1
22.023	312	2	1
22.023	313	3	1
22.138	314	1	1
22.138	315	2	1
22.138	316	4	1
22.254	317	1	1
22.254	318	3	1
22.254	319	4	1
22.369	320	2	1
22.369	321	3	1
22.484	322	1	1
22.484	323	4	1
22.600	324	2	1
22.600	325	3	1
22.715	326	1	1
22.715	327	2	1
22.715	328	4	1
22.831	329	1	1
22.831	330	3	1
22.946	331	3	1
22.946	332	4	1
23.061	333	2	1
23.061	334	4	1
23.177	335	1	1
23.177	336	2	1
23.177	337	3	2
23.292	338	1	1
23.292	339	4	1
23.407	340	2	1
23.407	341	4	2
23.407	342	3	3
23.523	343	1	1
23.523	344	3	1
23.638	345	1	2
23.638	346	2	1
23.638	347	3	1
23.638	348	4	3
23.754	349	2	1
23.754	350	4	1
23.869	351	3	1
23.869	352	4	1
23.869	353	1	3
23.984	354	1	1
23.984	355	2	1
24.100	356	1	1
24.100	357	3	1
24.100	358	4	1
24.215	359	2	1
24.215	360	3	1
24.331	361	2	1
24.331	362	4	1
24.446	363	1	1
24.446	364	4	1
24.561	365	1	1
24.561	366	2	1
24.561	367	3	1
24.677	368	2	1
24.677	369	4	1
24.792	370	1	1
24.792	371	3	1
24.907	372	2	1
24.907	373	3	1
25.023	374	1	2
25.023	375	2	1
25.023	376	4	1
25.138	377	3	1
25.138	378	4	1
25.254	379	2	2
25.254	380	3	1
25.254	381	4	1
25.254	382	1	3
25.369	383	1	1
25.369	384	3	1
25.484	385	1	1
25.484	386	3	2
25.484	387	4	1
25.484	388	2	3
25.600	389	2	1
25.600	390	4	1
25.715	391	1	1
25.715	392	4	1
25.715	393	3	3
25.773	394	2	1
25.831	395	1	1
25.831	396	3	1
25.888	397	2	1
25.946	398	1	1
25.946	399	3	1
25.946	400	4	1
26.061	401	2	1
26.061	402	4	1
26.177	403	2	1
26.177	404	3	1
26.292	405	1	1
26.292	406	3	1
26.407	407	1	1
26.407	408	2	1
26.407	409	4	1
26.523	410	2	1
26.523	411	3	1
26.638	412	1	1
26.638	413	4	1
26.754	414	3	1
26.754	415	4	1
26.869	416	1	2
26.869	417	2	1
26.869	418	3	1
26.984	419	2	1
26.984	420	4	1
27.100	421	3	2
27.100	422	4	1
27.100	423	1	3
27.215	424	1	1
27.215	425	2	1
27.331	426	1	1
27.331	427	2	2
27.331	428	4	1
27.331	429	3	3
27.446	430	3	1
27.446	431	4	1
27.561	432	1	1
27.561	433	3	1
27.561	434	2	3
27.677	435	2	1
27.677	436	4	1
27.792	437	1	1
27.792	438	2	1
27.792	439	3	1
27.907	440	1	1
27.907	441	4	1
28.023	442	2	1
28.023	443	3	1
28.138	444	3	1
28.138	445	4	1
28.254	446	1	1
28.254	447	2	1
28.254	448	4	1
28.369	449	1	1
28.369	450	3	1
28.484	451	2	1
28.484	452	3	1
28.600	453	1	1
28.600	454	2	1
28.715	455	1	1
28.715	456	3	1
28.715	457	4	2
28.831	458	2	1
28.831	459	3	1
28.946	460	1	1
28.946	461	2	2
28.946	462	4	3
29.061	463	3	1
29.061	464	4	1
29.177	465	1	1
29.177	466	3	2
29.177	467	4	1
29.177	468	2	3
29.292	469	1	1
29.292	470	2	1
29.407	471	1	2
29.407	472	2	1
29.407	473	3	3
29.523	474	2	1
29.523	475	3	1
29.523	476	4	1
29.638	477	2	1
29.638	478	3	1
29.638	479	4	2
29.638	480	1	3
29.869	481	1	1
29.869	482	2	1
29.984	483	1	1
29.984	484	3	1
29.984	485	4	3
30.100	486	2	2
30.100	487	3	1
30.100	488	4	1
30.331	489	1	1
30.331	490	3	1
30.446	491	1	1
30.446	492	4	1
30.446	493	2	3
30.561	494	2	1
30.561	495	3	2
30.792	496	1	1
30.792	497	4	1
30.907	498	2	1
30.907	499	4	1
30.907	500	3	3
31.023	501	1	2
31.023	502	2	1
31.023	503	3	1
31.138	504	3	1
31.138	505	4	1
31.254	506	2	1
31.311	507	3	1
31.369	508	4	1
31.369	509	1	3
31.427	510	3	1
31.484	511	1	1
31.484	512	2	2
31.715	513	1	1
31.715	514	3	1
31.831	515	3	1
31.831	516	4	1
31.831	517	2	3
31.946	518	1	1
31.946	519	2	1
31.946	520	4	2
32.177	521	1	1
32.177	522	3	1
32.292	523	2	1
32.292	524	3	1
32.292	525	4	3
32.407	526	1	2
32.407	527	2	1
32.638	528	3	1
32.638	529	4	2
32.638	530	1	3
32.754	531	1	1
32.754	532	2	1
32.869	533	1	1
32.869	534	2	2
32.869	535	3	1
32.869	536	4	3
32.984	537	3	1
32.984	538	4	1
33.100	539	1	1
33.100	540	4	1
33.100	541	2	3
33.215	542	2	1
33.215	543	3	1
33.273	544	1	1
33.273	545	4	1
33.331	546	2	1
33.331	547	3	1
33.388	548	4	1
33.446	549	3	1
33.504	550	1	1
33.561	551	2	1
33.561	552	4	1
33.619	553	3	1
33.677	554	1	1
33.677	555	4	1
33.792	556	1	1
33.792	557	2	1
33.792	558	3	1
33.850	559	4	1
33.907	560	3	1
33.965	561	2	1
34.023	562	1	1
34.023	563	4	1
34.081	564	3	1
34.138	565	2	1
34.138	566	4	1
34.254	567	1	1
34.254	568	3	1
34.311	569	4	1
34.369	570	2	1
34.427	571	3	1
34.484	572	1	1
34.484	573	2	1
34.542	574	3	1
34.600	575	1	1
34.600	576	4	1
34.715	577	1	1
34.715	578	3	1
34.715	579	4	1
34.773	580	2	1
34.831	581	3	1
34.888	582	2	1
34.946	583	1	1
34.946	584	4	1
35.004	585	2	1
35.061	586	3	1
35.119	587	2	1
35.177	588	1	1
35.177	589	4	1
35.234	590	3	1
35.292	591	4	1
35.350	592	3	1
35.407	593	1	1
35.407	594	2	1
35.465	595	4	1
35.523	596	2	1
35.523	597	3	1
35.581	598	4	1
35.638	599	1	1
35.638	600	2	1
35.638	601	3	1
35.696	602	4	1
35.754	603	1	1
35.811	604	2	1
35.869	605	3	1
35.869	606	4	1
35.927	607	1	1
35.984	608	2	1
35.984	609	3	1
36.042	610	4	1
36.100	611	1	1
36.100	612	2	1
36.100	613	3	1
36.157	614	4	1
36.215	615	1	1
36.273	616	4	1
36.331	617	1	1
36.331	618	3	1
36.388	619	2	1
36.446	620	3	1
36.446	621	4	1
36.504	622	1	1
36.561	623	2	1
36.561	624	3	1
36.561	625	4	1
36.619	626	1	1
36.677	627	2	1
36.734	628	1	1
36.792	629	3	1
36.792	630	4	1
36.850	631	1	1
36.850	632	2	1
36.907	633	3	1
36.907	634	4	1
36.965	635	1	1
36.965	636	2	1
37.023	637	3	1
37.023	638	4	1
37.081	639	2	1
37.138	640	1	1
37.196	641	3	1
37.254	642	2	1
37.254	643	4	1
37.311	644	1	1
37.369	645	3	1
37.369	646	4	1
37.427	647	2	1
37.484	648	1	1
37.484	649	3	1
37.484	650	4	1
37.542	651	2	1
37.600	652	3	1
37.657	653	4	1
37.715	654	1	1
37.715	655	2	1
37.773	656	3	1
37.831	657	1	1
37.831	658	4	1
37.888	659	2	1
37.946	660	1	1
37.946	661	4	1
38.004	662	3	1
38.061	663	2	1
38.119	664	3	1
38.177	665	1	1
38.177	666	2	1
38.234	667	3	1
38.292	668	1	1
38.292	669	4	1
38.350	670	2	1
38.407	671	1	1
38.407	672	3	1
38.407	673	4	1
38.465	674	2	1
38.523	675	3	1
38.523	676	4	1
38.581	677	1	1
38.638	678	2	1
38.638	679	3	1
38.696	680	4	1
38.754	681	1	1
38.754	682	2	1
38.811	683	3	1
38.869	684	2	1
38.869	685	4	1
38.927	686	1	1
38.984	687	2	1
39.042	688	3	1
39.100	689	1	1
39.100	690	4	1
39.157	691	2	1
39.215	692	3	1
39.215	693	4	1
39.273	694	2	1
39.331	695	1	1
39.331	696	3	1
39.331	697	4	1
39.388	698	2	1
39.446	699	1	1
39.504	700	3	1
39.561	701	2	1
39.561	702	4	1
39.619	703	3	1
39.677	704	1	1
39.677	705	4	1
39.734	706	2	1
39.792	707	1	1
39.792	708	3	1
39.850	709	4	1
39.907	710	2	1
39.965	711	3	1
40.023	712	2	1
40.023	713	4	1
40.081	714	1	1
40.138	715	2	1
40.138	716	3	1
40.196	717	4	1
40.254	718	1	1
40.254	719	2	1
40.254	720	3	1
40.311	721	4	1
40.369	722	1	1
40.427	723	2	1
40.484	724	3	1
40.484	725	4	1
40.542	726	2	1
40.600	727	1	1
40.600	728	3	1
40.657	729	4	1
40.715	730	1	1
40.715	731	2	2
40.946	732	3	1
40.946	733	4	2
40.946	734	2	3
41.061	735	1	1
41.061	736	2	1
41.177	737	1	2
41.177	738	2	1
41.177	739	3	1
41.177	740	4	3
41.407	741	3	2
41.407	742	4	1
41.407	743	1	3
41.523	744	1	1
41.523	745	2	1
41.638	746	1	1
41.638	747	2	1
41.638	748	3	3
41.696	749	4	1
41.754	750	3	1
41.811	751	2	1
41.869	752	1	1
41.869	753	3	1
41.927	754	4	1
41.984	755	1	1
41.984	756	2	1
42.042	757	3	1
42.100	758	1	1
42.100	759	2	1
42.100	760	4	1
42.157	761	3	1
42.215	762	2	1
42.215	763	4	1
42.273	764	1	1
42.331	765	3	1
42.331	766	4	1
42.388	767	2	1
42.446	768	1	1
42.446	769	3	1
42.504	770	4	1
42.561	771	1	1
42.561	772	2	2
42.792	773	3	1
42.792	774	4	2
42.792	775	2	3
42.907	776	2	1
42.907	777	3	1
43.023	778	1	2
43.023	779	2	1
43.023	780	3	1
43.023	781	4	3
43.254	782	3	2
43.254	783	4	1
43.254	784	1	3
43.369	785	1	1
43.369	786	2	1
43.484	787	1	1
43.484	788	2	1
43.484	789	3	3
43.542	790	3	1
43.542	791	4	1
43.600	792	1	1
43.600	793	2	1
43.657	794	3	1
43.657	795	4	1
43.715	796	1	1
43.715	797	2	1
43.773	798	3	1
43.831	799	4	1
43.888	800	2	1
43.946	801	1	1
43.946	802	3	1
43.946	803	4	1
44.004	804	2	1
44.061	805	1	1
44.061	806	3	1
44.119	807	2	1
44.119	808	4	1
44.177	809	1	1
44.177	810	3	1
44.234	811	2	1
44.234	812	4	1
44.292	813	1	1
44.292	814	3	1
44.350	815	2	1
44.407	816	3	1
44.407	817	4	1
44.465	818	1	1
44.465	819	2	1
44.523	820	3	1
44.523	821	4	1
44.638	822	1	1
44.638	823	4	1
44.696	824	2	1
44.696	825	3	1
44.754	826	1	1
44.754	827	4	1
44.869	828	1	1
44.869	829	3	1
44.927	830	2	1
44.927	831	4	1
44.984	832	1	1
44.984	833	3	1
45.100	834	2	1
45.100	835	4	1
45.157	836	1	1
45.157	837	3	1
45.215	838	2	1
45.215	839	4	1
45.331	840	1	1
45.331	841	2	1
45.331	842	3	1
45.446	843	1	1
45.446	844	4	1
45.561	845	3	1
45.561	846	4	1
45.619	847	1	1
45.619	848	2	1
45.677	849	3	1
45.677	850	4	1
45.792	851	1	1
45.792	852	2	1
45.850	853	3	1
45.850	854	4	1
45.907	855	1	1
45.907	856	2	1
46.023	857	1	1
46.023	858	4	1
46.081	859	2	1
46.081	860	3	1
46.138	861	1	1
46.138	862	4	1
46.254	863	2	1
46.254	864	3	1
46.254	865	4	1
46.369	866	1	1
46.369	867	3	1
46.484	868	1	1
46.484	869	4	1
46.542	870	2	1
46.542	871	3	1
46.600	872	1	1
46.600	873	4	1
46.715	874	2	1
46.715	875	3	1
46.773	876	1	1
46.773	877	4	1
46.831	878	2	1
46.831	879	3	1
46.946	880	1	1
46.946	881	3	1
47.004	882	2	1
47.004	883	4	1
47.061	884	1	1
47.061	885	3	1
47.177	886	1	1
47.177	887	2	1
47.177	888	4	1
47.292	889	2	1
47.292	890	3	1
47.407	891	1	1
47.407	892	3	1
47.465	893	2	1
47.465	894	4	1
47.523	895	1	1
47.523	896	3	1
47.638	897	1	1
47.638	898	2	1
47.638	899	4	1
47.754	900	1	1
47.754	901	3	1
47.754	902	4	1
47.869	903	2	1
47.869	904	3	1
47.869	905	4	1
47.984	906	1	1
47.984	907	2	1
47.984	908	3	1
48.100	909	1	1
48.100	910	2	1
48.100	911	3	1
48.100	912	4	1
48.215	913	1	1
48.215	914	4	1
48.331	915	2	1
48.331	916	4	1
48.446	917	2	1
48.446	918	3	1
48.561	919	1	1
48.561	920	3	1
48.677	921	1	1
48.677	922	2	1
48.792	923	3	1
48.792	924	4	1
48.907	925	2	1
48.907	926	3	1
49.023	927	1	1
49.023	928	2	1
49.023	929	4	1
49.138	930	3	1
49.138	931	4	1
49.254	932	1	1
49.254	933	2	1
49.369	934	1	1
49.369	935	4	1
49.484	936	3	1
49.484	937	4	1
49.600	938	2	1
49.600	939	3	1
49.715	940	1	1
49.715	941	2	1
49.831	942	1	1
49.831	943	4	1
49.946	944	2	1
49.946	945	3	1
49.946	946	4	1
50.061	947	1	1
50.061	948	3	1
50.177	949	2	1
50.177	950	4	1
50.292	951	2	1
50.292	952	3	1
50.407	953	1	1
50.407	954	4	1
50.523	955	3	1
50.523	956	4	1
50.638	957	1	1
50.638	958	2	1
50.754	959	2	1
50.754	960	3	1
50.869	961	1	1
50.869	962	3	1
50.869	963	4	1
50.984	964	2	1
50.984	965	4	1
51.100	966	2	1
51.100	967	4	1
51.215	968	2	1
51.215	969	4	1
51.331	970	1	2
51.331	971	2	1
51.331	972	3	1
51.561	973	4	1
51.561	974	1	3
51.619	975	3	1
51.677	976	2	1
51.734	977	3	1
51.792	978	1	1
51.792	979	2	1
51.792	980	4	1
51.907	981	1	1
51.907	982	4	1
52.023	983	2	1
52.023	984	4	1
52.138	985	2	1
52.138	986	3	1
52.254	987	1	1
52.254	988	3	1
52.369	989	1	1
52.369	990	2	1
52.484	991	3	1
52.484	992	4	1
52.600	993	2	1
52.600	994	3	1
52.715	995	1	1
52.715	996	2	1
52.715	997	4	1
52.831	998	3	1
52.831	999	4	1
52.946	1000	1	1
52.946	1001	2	1
53.061	1002	1	1
53.061	1003	4	1
53.177	1004	3	1
53.177	1005	4	1
53.292	1006	2	1
53.292	1007	3	1
53.407	1008	1	1
53.407	1009	2	1
53.523	1010	1	1
53.523	1011	4	1
53.638	1012	2	1
53.638	1013	3	1
53.638	1014	4	1
53.754	1015	1	1
53.754	1016	3	1
53.869	1017	2	1
53.869	1018	4	1
53.984	1019	2	1
53.984	1020	3	1
54.100	1021	1	1
54.100	1022	4	1
54.215	1023	3	1
54.215	1024	4	1
54.331	1025	1	1
54.331	1026	2	1
54.388	1027	3	1
54.446	1028	2	1
54.446	1029	4	1
54.504	1030	3	1
54.561	1031	1	1
54.561	1032	2	1
54.561	1033	4	1
54.677	1034	1	1
54.677	1035	3	1
54.792	1036	2	1
54.792	1037	4	1
54.907	1038	2	1
54.907	1039	3	1
55.023	1040	1	1
55.023	1041	3	1
55.023	1042	4	1
55.138	1043	1	1
55.138	1044	2	1
55.138	1045	4	1
55.254	1046	1	1
55.254	1047	2	1
55.254	1048	3	1
55.369	1049	2	1
55.369	1050	3	1
55.369	1051	4	1
55.484	1052	1	1
55.484	1053	2	1
55.484	1054	3	1
55.484	1055	4	1
55.600	1056	1	1
55.600	1057	4	1
55.715	1058	2	1
55.715	1059	3	1
55.831	1060	2	1
55.831	1061	4	1
55.946	1062	1	1
55.946	1063	4	1
56.061	1064	2	1
56.061	1065	3	1
56.177	1066	1	1
56.177	1067	2	1
56.292	1068	1	1
56.292	1069	4	1
56.407	1070	2	1
56.407	1071	3	1
56.407	1072	4	1
56.523	1073	1	1
56.523	1074	3	1
56.638	1075	2	1
56.638	1076	4	1
56.754	1077	2	1
56.754	1078	3	1
56.869	1079	1	1
56.869	1080	4	1
56.984	1081	3	1
56.984	1082	4	1
57.100	1083	1	1
57.100	1084	2	1
57.215	1085	2	1
57.215	1086	3	1
57.331	1087	1	1
57.331	1088	3	1
57.331	1089	4	1
57.446	1090	1	1
57.446	1091	2	1
57.446	1092	4	1
57.561	1093	2	1
57.561	1094	3	1
57.677	1095	1	1
57.677	1096	4	1
57.792	1097	3	1
57.792	1098	4	1
57.907	1099	1	1
57.907	1100	2	1
58.023	1101	1	1
58.023	1102	3	1
58.023	1103	4	1
58.138	1104	2	1
58.138	1105	3	1
58.254	1106	1	1
58.254	1107	2	1
58.254	1108	4	1
58.369	1109	3	1
58.369	1110	4	1
58.484	1111	1	1
58.484	1112	2	1
58.600	1113	1	1
58.600	1114	4	1
58.715	1115	2	1
58.715	1116	3	1
58.715	1117	4	1
58.831	1118	1	1
58.831	1119	2	1
58.831	1120	3	1
58.946	1121	2	1
58.946	1122	4	1
59.061	1123	3	1
59.061	1124	4	1
59.177	1125	1	1
59.177	1126	2	1
59.177	1127	3	1
59.292	1128	1	1
59.292	1129	4	1
59.407	1130	2	1
59.407	1131	4	1
59.523	1132	2	1
59.523	1133	3	1
59.638	1134	1	1
59.638	1135	3	1
59.638	1136	4	1
59.754	1137	1	1
59.754	1138	2	1
59.869	1139	3	1
59.869	1140	4	1
59.984	1141	2	1
59.984	1142	3	1
60.100	1143	1	1
60.100	1144	2	1
60.100	1145	4	1
60.215	1146	3	1
60.215	1147	4	1
60.331	1148	1	1
60.331	1149	2	1
60.446	1150	1	1
60.446	1151	4	1
60.561	1152	2	1
60.561	1153	3	1
60.561	1154	4	1
60.677	1155	1	1
60.677	1156	3	1
60.792	1157	2	1
60.792	1158	4	1
60.907	1159	1	1
60.907	1160	3	1
61.023	1161	2	1
61.023	1162	3	1
61.023	1163	4	1
61.138	1164	1	1
61.138	1165	4	1
61.254	1166	2	1
61.254	1167	3	1
61.369	1168	2	1
61.369	1169	4	1
61.484	1170	1	1
61.484	1171	3	1
61.484	1172	4	1
61.600	1173	2	1
61.600	1174	3	1
61.715	1175	1	1
61.715	1176	4	1
61.831	1177	2	1
61.831	1178	3	1
61.946	1179	1	1
61.946	1180	3	1
61.946	1181	4	1
62.061	1182	1	1
62.061	1183	4	1
62.177	1184	2	1
62.177	1185	4	1
62.292	1186	2	1
62.292	1187	3	1
62.407	1188	1	1
62.407	1189	3	1
62.407	1190	4	1
62.523	1191	1	1
62.523	1192	2	1
62.638	1193	3	1
62.638	1194	4	1
62.696	1195	1	1
62.754	1196	2	1
62.754	1197	3	1
62.811	1198	1	1
62.869	1199	2	1
62.869	1200	3	1
62.869	1201	4	1
62.984	1202	1	1
62.984	1203	4	1
63.100	1204	2	1
63.100	1205	3	1
63.215	1206	1	1
63.215	1207	4	1
63.331	1208	2	1
63.331	1209	3	1
63.331	1210	4	1
63.446	1211	1	1
63.446	1212	3	1
63.561	1213	2	1
63.561	1214	4	1
63.677	1215	1	1
63.677	1216	3	1
63.792	1217	2	1
63.792	1218	3	1
63.792	1219	4	1
63.907	1220	1	1
63.907	1221	4	1
64.023	1222	2	1
64.023	1223	3	1
64.138	1224	2	1
64.138	1225	4	1
64.254	1226	1	1
64.254	1227	3	1
64.254	1228	4	1
64.369	1229	2	1
64.369	1230	3	1
64.484	1231	1	1
64.484	1232	4	1
64.600	1233	2	1
64.600	1234	3	1
64.715	1235	1	1
64.715	1236	3	1
64.715	1237	4	1
64.831	1238	1	1
64.831	1239	4	1
64.946	1240	2	1
64.946	1241	4	1
65.061	1242	2	1
65.061	1243	3	1
65.177	1244	1	1
65.177	1245	3	1
65.177	1246	4	1
65.292	1247	1	1
65.292	1248	2	1
65.407	1249	3	1
65.407	1250	4	1
65.523	1251	2	1
65.523	1252	3	1
65.638	1253	1	1
65.638	1254	2	1
65.638	1255	4	1
65.754	1256	3	1
65.754	1257	4	1
65.869	1258	1	1
65.869	1259	2	1
65.984	1260	1	1
65.984	1261	4	1
66.100	1262	2	1
66.100	1263	3	1
66.100	1264	4	1
66.215	1265	1	1
66.215	1266	3	1
66.331	1267	2	1
66.331	1268	4	1
66.446	1269	1	1
66.446	1270	3	1
66.561	1271	2	1
66.561	1272	3	1
66.561	1273	4	2
66.677	1274	1	1
66.792	1275	2	1
66.792	1276	3	2
66.792	1277	4	3
66.907	1278	1	1
67.023	1279	2	1
67.023	1280	4	2
67.023	1281	3	3
67.138	1282	1	1
67.138	1283	4	3
67.196	1284	2	1
67.254	1285	1	1
67.254	1286	3	1
67.254	1287	4	2
67.369	1288	2	1
67.484	1289	1	2
67.484	1290	3	1
67.484	1291	4	3
67.600	1292	2	1
67.715	1293	3	2
67.715	1294	4	1
67.715	1295	1	3
67.831	1296	2	1
67.946	1297	1	1
67.946	1298	2	1
67.946	1299	4	2
67.946	1300	3	3
68.061	1301	3	1
68.119	1302	1	1
68.177	1303	2	2
68.177	1304	4	3
68.292	1305	3	1
68.292	1306	4	1
68.407	1307	1	2
68.407	1308	4	1
68.407	1309	2	3
68.523	1310	3	1
68.581	1311	4	1
68.638	1312	2	2
68.638	1313	3	1
68.638	1314	1	3
68.754	1315	1	1
68.869	1316	1	1
68.869	1317	3	1
68.869	1318	4	2
68.869	1319	2	3
68.984	1320	2	1
69.100	1321	1	1
69.100	1322	3	2
69.100	1323	4	3
69.215	1324	4	1
69.331	1325	1	2
69.331	1326	2	1
69.331	1327	3	3
69.446	1328	3	1
69.446	1329	4	1
69.561	1330	2	1
69.561	1331	4	2
69.561	1332	1	3
69.677	1333	3	1
69.792	1334	1	1
69.792	1335	2	2
69.792	1336	4	3
69.907	1337	3	1
70.023	1338	3	1
70.023	1339	4	2
70.023	1340	2	3
70.081	1341	1	1
70.138	1342	2	1
70.196	1343	1	1
70.254	1344	2	1
70.254	1345	3	2
70.254	1346	4	3
70.369	1347	4	1
70.484	1348	1	2
70.484	1349	2	1
70.600	1350	4	1
70.715	1351	2	2
70.715	1352	4	1
70.715	1353	1	3
70.715	1354	3	3
70.831	1355	1	1
70.946	1356	3	2
70.946	1357	4	1
70.946	1358	2	3
71.061	1359	2	1
71.177	1360	1	1
71.177	1361	4	2
71.177	1362	3	3
71.292	1363	2	1
71.292	1364	3	1
71.407	1365	1	2
71.407	1366	4	3
71.523	1367	2	1
71.523	1368	4	1
71.523	1369	1	3
71.638	1370	1	1
71.638	1371	3	2
71.754	1372	2	1
71.754	1373	3	3
71.869	1374	1	2
71.869	1375	4	1
71.984	1376	3	1
71.984	1377	1	3
72.100	1378	1	1
72.100	1379	2	1
72.100	1380	4	2
72.215	1381	3	1
72.331	1382	1	2
72.331	1383	2	1
72.331	1384	4	3
72.446	1385	3	1
72.561	1386	2	2
72.561	1387	4	2
72.561	1388	1	3
72.677	1389	3	1
72.677	1390	4	3
72.734	1391	1	1
72.792	1392	3	1
72.792	1393	4	2
72.792	1394	2	3
72.907	1395	2	1
73.023	1396	1	1
73.023	1397	3	2
73.023	1398	4	3
73.138	1399	2	1
73.138	1400	4	1
73.138	1401	3	3
73.254	1402	4	2
73.369	1403	1	1
73.369	1404	2	1
73.369	1405	4	3
73.484	1406	3	2
73.484	1407	4	1
73.600	1408	2	1
73.600	1409	3	3
73.715	1410	1	1
73.715	1411	4	2
73.831	1412	1	1
73.831	1413	3	1
73.946	1414	1	2
73.946	1415	2	2
73.946	1416	3	1
73.946	1417	4	3
74.061	1418	4	1
74.177	1419	3	1
74.177	1420	4	1
74.177	1421	1	3
74.177	1422	2	3
74.292	1423	1	1
74.407	1424	2	1
74.407	1425	4	1
74.523	1426	3	1
74.638	1427	1	1
74.638	1428	2	1
74.638	1429	4	1
74.754	1430	3	1
74.869	1431	1	1
74.869	1432	4	1
74.984	1433	2	1
74.984	1434	3	1
75.100	1435	1	1
75.100	1436	4	1
75.215	1437	2	1
75.331	1438	3	1
75.331	1439	4	1
75.446	1440	1	1
75.446	1441	2	1
75.561	1442	4	1
75.677	1443	1	1
75.677	1444	3	1
75.792	1445	2	1
75.850	1446	4	1
75.907	1447	2	1
75.965	1448	4	1
76.023	1449	1	1
76.023	1450	3	1
76.138	1451	2	1
76.254	1452	1	1
76.254	1453	4	1
76.369	1454	2	1
76.484	1455	1	1
76.484	1456	3	1
76.600	1457	4	1
76.715	1458	1	2
76.715	1459	3	1
76.831	1460	4	1
76.946	1461	2	1
76.946	1462	3	1
77.061	1463	4	1
77.177	1464	3	1
77.292	1465	4	1
77.407	1466	2	1
77.523	1467	3	1
77.638	1468	2	1
77.638	1469	4	1
77.638	1470	1	3
77.754	1471	1	1
77.754	1472	3	1
77.869	1473	2	1
77.869	1474	4	1
77.984	1475	1	1
77.984	1476	3	1
78.100	1477	3	1
78.100	1478	4	1
78.215	1479	1	1
78.215	1480	2	1
78.331	1481	3	2
78.446	1482	1	1
78.446	1483	4	1
78.561	1484	1	1
78.561	1485	2	1
78.561	1486	4	2
78.677	1487	2	1
78.792	1488	1	1
78.907	1489	2	1
79.023	1490	1	1
79.023	1491	2	1
79.138	1492	1	1
79.254	1493	2	1
79.369	1494	1	1
79.484	1495	1	1
79.484	1496	2	1
79.484	1497	3	3
79.484	1498	4	3
79.600	1499	3	1
79.600	1500	4	1
79.715	1501	1	1
79.715	1502	2	1
79.831	1503	3	1
79.831	1504	4	1
79.946	1505	1	1
79.946	1506	4	1
80.061	1507	2	1
80.061	1508	3	1
80.177	1509	1	2
80.177	1510	4	1
80.292	1511	3	1
80.407	1512	2	1
80.407	1513	4	2
80.407	1514	1	3
80.638	1515	1	1
80.638	1516	3	1
80.754	1517	1	1
80.984	1518	1	1
80.984	1519	3	1
81.100	1520	2	1
81.157	1521	1	1
81.215	1522	3	1
81.273	1523	2	1
81.331	1524	1	1
81.331	1525	3	1
81.331	1526	4	3
81.446	1527	2	1
81.446	1528	4	1
81.561	1529	1	1
81.561	1530	3	1
81.677	1531	1	1
81.734	1532	4	1
81.792	1533	2	1
81.792	1534	3	1
81.907	1535	1	1
81.907	1536	4	1
82.023	1537	2	1
82.023	1538	3	1
82.138	1539	1	1
82.138	1540	4	1
82.196	1541	2	1
82.254	1542	1	1
82.254	1543	3	1
82.369	1544	2	1
82.369	1545	4	1
82.484	1546	1	1
82.484	1547	3	1
82.600	1548	2	1
82.657	1549	4	1
82.715	1550	1	1
82.715	1551	3	1
82.831	1552	2	1
82.831	1553	4	1
82.946	1554	1	1
82.946	1555	3	1
83.061	1556	2	1
83.119	1557	4	1
83.177	1558	3	1
83.234	1559	1	1
83.292	1560	3	1
83.350	1561	1	1
83.407	1562	2	1
83.407	1563	4	1
83.523	1564	1	1
83.581	1565	2	1
83.638	1566	3	1
83.638	1567	4	1
83.754	1568	1	1
83.754	1569	2	1
83.869	1570	3	1
83.869	1571	4	1
83.984	1572	1	1
84.042	1573	2	1
84.100	1574	3	1
84.100	1575	4	1
84.215	1576	1	1
84.215	1577	2	1
84.331	1578	3	1
84.331	1579	4	2
84.446	1580	1	1
84.504	1581	2	1
84.561	1582	3	1
84.619	1583	1	1
84.677	1584	2	1
84.734	1585	3	1
84.792	1586	1	1
84.850	1587	3	1
84.907	1588	2	1
84.965	1589	1	1
85.023	1590	2	1
85.023	1591	3	1
85.023	1592	4	3
85.138	1593	1	1
85.254	1594	2	1
85.254	1595	4	1
85.369	1596	1	1
85.427	1597	2	1
85.484	1598	1	1
85.484	1599	3	1
85.600	1600	2	1
85.715	1601	3	2
85.715	1602	4	1
85.831	1603	1	1
85.888	1604	2	1
85.946	1605	1	1
85.946	1606	4	2
85.946	1607	3	3
86.061	1608	3	1
86.177	1609	1	1
86.177	1610	2	1
86.292	1611	3	1
86.350	1612	2	1
86.407	1613	1	1
86.407	1614	3	1
86.523	1615	2	1
86.638	1616	1	1
86.638	1617	3	1
86.754	1618	2	1
86.811	1619	3	1
86.869	1620	1	1
86.869	1621	2	1
86.869	1622	4	3
86.984	1623	4	1
87.100	1624	1	1
87.100	1625	3	1
87.215	1626	2	1
87.273	1627	3	1
87.331	1628	1	1
87.331	1629	4	1
87.446	1630	2	1
87.561	1631	3	1
87.561	1632	4	1
87.677	1633	1	1
87.734	1634	3	1
87.792	1635	2	2
87.792	1636	4	1
87.907	1637	1	1
88.023	1638	3	1
88.023	1639	4	1
88.081	1640	1	1
88.138	1641	4	1
88.196	1642	1	1
88.254	1643	4	1
88.311	1644	3	1
88.369	1645	4	1
88.427	1646	1	1
88.484	1647	3	1
88.542	1648	4	1
88.600	1649	1	1
88.657	1650	3	1
88.715	1651	1	1
88.715	1652	4	2
88.715	1653	2	3
88.946	1654	1	1
88.946	1655	2	1
88.946	1656	3	1
88.946	1657	4	3
89.061	1658	4	1
89.177	1659	1	2
89.177	1660	2	1
89.177	1661	3	1
89.407	1662	2	1
89.407	1663	3	1
89.407	1664	4	1
89.407	1665	1	3
89.523	1666	1	1
89.638	1667	2	1
89.638	1668	3	1
89.638	1669	4	2
89.869	1670	1	1
89.869	1671	2	1
89.869	1672	3	1
89.869	1673	4	3
89.984	1674	4	1
90.042	1675	3	1
90.100	1676	1	2
90.100	1677	4	1
90.215	1678	3	1
90.331	1679	2	1
90.331	1680	4	1
90.331	1681	1	3
90.388	1682	3	1
90.446	1683	1	1
90.446	1684	2	1
90.504	1685	3	1
90.561	1686	1	1
90.561	1687	4	2
90.792	1688	1	1
90.792	1689	2	1
90.792	1690	3	1
90.792	1691	4	3
90.907	1692	4	1
91.023	1693	1	2
91.023	1694	2	1
91.023	1695	3	1
91.254	1696	2	1
91.254	1697	3	1
91.254	1698	4	1
91.254	1699	1	3
91.369	1700	1	1
91.484	1701	2	1
91.484	1702	3	1
91.484	1703	4	2
91.715	1704	1	1
91.715	1705	3	1
91.715	1706	4	3
91.831	1707	1	1
91.946	1708	2	1
91.946	1709	3	1
92.061	1710	2	1
92.177	1711	3	1
92.177	1712	4	1
92.292	1713	2	1
92.350	1714	3	1
92.407	1715	1	1
92.407	1716	2	1
92.407	1717	4	2
92.638	1718	1	1
92.638	1719	2	1
92.638	1720	3	1
92.638	1721	4	3
92.754	1722	4	1
92.869	1723	1	2
92.869	1724	2	1
92.869	1725	3	1
92.984	1726	4	1
93.042	1727	2	1
93.100	1728	3	1
93.100	1729	4	2
93.100	1730	1	3
93.215	1731	1	1
93.215	1732	2	1
93.331	1733	1	1
93.331	1734	3	1
93.561	1735	1	1
93.561	1736	2	1
93.561	1737	3	2
93.561	1738	4	3
93.677	1739	4	1
93.792	1740	1	2
93.792	1741	4	1
93.792	1742	3	3
93.907	1743	3	1
94.023	1744	2	2
94.023	1745	4	1
94.023	1746	1	3
94.081	1747	3	1
94.138	1748	1	1
94.138	1749	4	1
94.254	1750	3	2
94.254	1751	4	1
94.254	1752	2	3
94.484	1753	1	1
94.484	1754	2	1
94.484	1755	4	2
94.484	1756	3	3
94.600	1757	1	1
94.600	1758	3	1
94.715	1759	2	2
94.715	1760	3	1
94.715	1761	4	3
94.831	1762	2	3
94.888	1763	1	1
94.946	1764	2	1
94.946	1765	3	1
94.946	1766	4	2
95.061	1767	1	1
95.177	1768	2	1
95.177	1769	3	2
95.407	1770	1	2
95.407	1771	2	1
95.407	1772	3	3
95.407	1773	4	3
95.523	1774	3	1
95.638	1775	2	1
95.638	1776	4	2
95.638	1777	1	3
95.754	1778	1	1
95.869	1779	2	1
95.869	1780	3	1
95.869	1781	4	3
95.927	1782	1	1
95.927	1783	4	1
95.984	1784	2	1
95.984	1785	3	1
96.042	1786	4	1
96.100	1787	1	2
96.100	1788	2	1
96.215	1789	3	1
96.331	1790	2	1
96.331	1791	3	1
96.331	1792	4	1
96.331	1793	1	3
96.446	1794	1	1
96.561	1795	2	1
96.561	1796	3	1
96.561	1797	4	2
96.792	1798	1	1
96.792	1799	2	1
96.792	1800	3	1
96.792	1801	4	3
96.907	1802	4	1
97.023	1803	1	2
97.023	1804	2	1
97.023	1805	3	1
97.254	1806	2	1
97.254	1807	3	1
97.254	1808	4	1
97.254	1809	1	3
97.369	1810	1	1
97.484	1811	2	1
97.484	1812	3	1
97.484	1813	4	2
97.715	1814	1	2
97.715	1815	2	1
97.715	1816	4	3
97.773	1817	4	1
97.831	1818	3	1
97.946	1819	2	1
97.946	1820	4	2
97.946	1821	1	3
98.177	1822	1	1
98.177	1823	2	1
98.177	1824	3	1
98.177	1825	4	3
98.292	1826	4	1
98.407	1827	1	2
98.407	1828	2	1
98.407	1829	3	1
98.638	1830	2	1
98.638	1831	3	1
98.638	1832	4	1
98.638	1833	1	3
98.754	1834	1	1
98.869	1835	2	1
98.869	1836	3	1
98.869	1837	4	2
99.100	1838	1	1
99.100	1839	2	1
99.100	1840	3	1
99.100	1841	4	3
99.215	1842	4	1
99.331	1843	1	2
99.331	1844	2	1
99.331	1845	3	1
99.446	1846	4	1
99.561	1847	2	2
99.561	1848	3	1
99.561	1849	1	3
99.677	1850	1	1
99.677	1851	4	1
99.677	1852	2	3
99.734	1853	2	1
99.792	1854	3	2
99.792	1855	4	1
99.907	1856	2	1
99.907	1857	3	3
99.965	1858	1	1
100.023	1859	3	2
100.138	1860	1	1
100.138	1861	4	1
100.254	1862	1	1
100.254	1863	2	1
100.254	1864	4	2
100.254	1865	3	3
100.369	1866	2	2
100.484	1867	1	1
100.484	1868	3	2
100.484	1869	2	3
100.484	1870	4	3
100.600	1871	1	1
100.600	1872	4	1
100.715	1873	1	1
100.715	1874	2	2
100.715	1875	3	3
100.831	1876	4	1
100.831	1877	2	3
100.888	1878	3	1
100.946	1879	1	2
100.946	1880	2	1
101.061	1881	3	1
101.061	1882	1	3
101.119	1883	2	1
101.177	1884	1	1
101.177	1885	4	2
101.292	1886	2	1
101.292	1887	4	3
101.350	1888	3	1
101.407	1889	2	1
101.407	1890	4	1
101.484	1891	1	1
101.484	1892	3	1
101.523	1893	2	1
101.523	1894	4	1
101.581	1895	1	1
101.581	1896	3	1
101.638	1897	4	1
101.754	1898	1	1
101.811	1899	2	1
101.869	1900	1	1
101.869	1901	3	1
101.869	1902	4	1
101.984	1903	2	1
102.042	1904	1	1
102.100	1905	3	1
102.100	1906	4	1
102.215	1907	2	1
102.273	1908	1	1
102.331	1909	2	1
102.331	1910	3	1
102.446	1911	1	1
102.446	1912	4	1
102.561	1913	3	1
102.561	1914	4	1
102.619	1915	1	1
102.619	1916	2	1
102.677	1917	3	1
102.734	1918	2	1
102.792	1919	4	1
102.850	1920	1	1
102.907	1921	3	1
102.965	1922	2	1
103.023	1923	3	1
103.023	1924	4	1
103.081	1925	1	1
103.138	1926	2	1
103.138	1927	4	1
103.196	1928	3	1
103.254	1929	1	1
103.311	1930	2	1
103.369	1931	3	1
103.369	1932	4	1
103.427	1933	1	1
103.484	1934	2	1
103.484	1935	4	1
103.542	1936	3	1
103.600	1937	2	1
103.657	1938	3	1
103.715	1939	4	1
103.773	1940	1	1
103.831	1941	3	1
103.888	1942	2	1
103.946	1943	4	1
104.061	1944	3	1
104.177	1945	1	1
104.234	1946	2	1
104.292	1947	4	1
104.350	1948	3	1
104.407	1949	1	1
104.465	1950	2	1
104.523	1951	4	1
104.581	1952	3	1
104.638	1953	1	1
104.754	1954	2	1
104.869	1955	3	1
104.927	1956	4	1
104.984	1957	2	1
105.042	1958	1	1
105.100	1959	3	1
105.215	1960	2	1
105.331	1961	3	1
105.388	1962	2	1
105.446	1963	3	1
105.504	1964	2	1
105.561	1965	4	1
105.619	1966	1	1
105.677	1967	3	1
105.734	1968	2	1
105.792	1969	1	1
105.792	1970	3	1
105.792	1971	4	1
105.907	1972	4	1
106.023	1973	1	1
106.023	1974	3	1
106.081	1975	2	1
106.138	1976	4	1
106.196	1977	3	1
106.254	1978	1	1
106.254	1979	4	1
106.311	1980	2	1
106.369	1981	4	1
106.427	1982	3	1
106.484	1983	1	1
106.484	1984	2	1
106.600	1985	2	1
106.600	1986	4	1
106.715	1987	1	1
106.715	1988	2	1
106.715	1989	3	1
106.773	1990	4	1
106.831	1991	2	1
106.888	1992	1	1
106.946	1993	3	1
106.946	1994	4	1
107.061	1995	2	1
107.177	1996	1	1
107.177	1997	3	1
107.177	1998	4	1
107.234	1999	2	1
107.292	2000	3	1
107.350	2001	2	1
107.407	2002	1	1
107.407	2003	4	1
107.465	2004	2	1
107.523	2005	3	1
107.523	2006	4	1
107.581	2007	2	1
107.638	2008	1	1
107.638	2009	4	1
107.754	2010	3	1
107.869	2011	1	1
107.869	2012	4	1
107.927	2013	2	1
107.984	2014	4	1
108.042	2015	3	1
108.100	2016	1	1
108.100	2017	2	1
108.157	2018	3	1
108.215	2019	4	1
108.273	2020	3	1
108.331	2021	1	1
108.331	2022	2	1
108.446	2023	2	1
108.561	2024	1	1
108.561	2025	3	1
108.619	2026	4	1
108.677	2027	2	1
108.734	2028	1	1
108.792	2029	3	1
108.792	2030	4	1
108.907	2031	2	1
109.023	2032	1	1
109.023	2033	4	1
109.081	2034	2	1
109.138	2035	3	1
109.196	2036	2	1
109.254	2037	4	1
109.311	2038	1	1
109.369	2039	3	1
109.427	2040	2	1
109.484	2041	1	1
109.484	2042	3	1
109.484	2043	4	1
109.600	2044	3	1
109.715	2045	1	1
109.715	2046	4	1
109.773	2047	2	1
109.831	2048	4	1
109.888	2049	3	1
109.946	2050	1	1
109.946	2051	2	1
110.004	2052	3	1
110.004	2053	4	1
110.061	2054	1	1
110.061	2055	2	1
110.119	2056	3	1
110.177	2057	1	1
110.292	2058	2	1
110.407	2059	1	1
110.407	2060	3	1
110.465	2061	4	1
110.523	2062	2	1
110.523	2063	3	1
110.581	2064	1	1
110.638	2065	3	1
110.638	2066	4	1
110.754	2067	1	1
110.754	2068	2	1
110.754	2069	4	1
110.869	2070	1	1
110.869	2071	3	1
110.869	2072	4	1
110.927	2073	2	1
110.984	2074	3	1
111.042	2075	2	1
111.100	2076	4	1
111.157	2077	1	1
111.215	2078	3	1
111.273	2079	2	1
111.331	2080	4	1
111.446	2081	3	1
111.561	2082	1	1
111.619	2083	2	1
111.677	2084	4	1
111.734	2085	3	1
111.792	2086	1	1
111.850	2087	2	1
111.907	2088	4	1
111.965	2089	3	1
112.023	2090	1	1
112.138	2091	2	1
112.254	2092	3	1
112.311	2093	4	1
112.369	2094	2	1
112.427	2095	1	1
112.484	2096	3	1
112.600	2097	2	1
112.715	2098	3	1
112.773	2099	2	1
112.831	2100	3	1
112.888	2101	2	1
112.946	2102	4	1
113.004	2103	1	1
113.061	2104	3	1
113.061	2105	4	1
113.119	2106	2	1
113.177	2107	4	1
113.292	2108	3	1
113.407	2109	1	1
113.407	2110	4	1
113.465	2111	2	1
113.523	2112	4	1
113.581	2113	3	1
113.638	2114	1	1
113.638	2115	2	1
113.638	2116	4	1
113.696	2117	3	1
113.754	2118	4	1
113.811	2119	3	1
113.869	2120	1	1
113.869	2121	2	1
113.984	2122	2	1
114.100	2123	1	1
114.100	2124	3	1
114.100	2125	4	1
114.157	2126	2	1
114.215	2127	3	1
114.273	2128	1	1
114.331	2129	2	1
114.331	2130	3	1
114.331	2131	4	1
114.446	2132	2	1
114.561	2133	1	1
114.561	2134	4	1
114.619	2135	2	1
114.677	2136	3	1
114.734	2137	2	1
114.792	2138	4	1
114.850	2139	1	1
114.907	2140	3	1
114.965	2141	2	1
115.023	2142	4	1
115.138	2143	3	1
115.254	2144	1	1
115.311	2145	2	1
115.369	2146	4	1
115.427	2147	3	1
115.484	2148	1	1
115.542	2149	2	1
115.600	2150	4	1
115.657	2151	3	1
115.715	2152	1	1
115.831	2153	2	1
115.946	2154	3	1
116.004	2155	4	1
116.061	2156	2	1
116.119	2157	1	1
116.177	2158	3	1
116.292	2159	2	1
116.407	2160	1	1
116.407	2161	3	1
116.407	2162	4	1
116.465	2163	2	1
116.523	2164	3	1
116.581	2165	2	1
116.638	2166	4	1
116.696	2167	1	1
116.754	2168	3	1
116.811	2169	2	1
116.869	2170	1	1
116.869	2171	4	1
116.984	2172	3	1
117.100	2173	1	1
117.100	2174	4	1
117.157	2175	2	1
117.215	2176	4	1
117.273	2177	3	1
117.331	2178	1	1
117.331	2179	2	1
117.388	2180	3	1
117.446	2181	1	1
117.504	2182	3	1
117.561	2183	1	1
117.561	2184	4	1
117.677	2185	2	1
117.792	2186	1	1
117.792	2187	2	1
117.792	2188	3	1
117.850	2189	4	1
117.907	2190	2	1
117.965	2191	1	1
118.023	2192	3	1
118.023	2193	4	1
118.138	2194	2	1
118.254	2195	1	1
118.254	2196	3	1
118.254	2197	4	1
118.311	2198	2	1
118.369	2199	3	1
118.427	2200	2	1
118.484	2201	4	1
118.542	2202	1	1
118.600	2203	3	1
118.657	2204	2	1
118.715	2205	4	1
118.831	2206	3	1
118.946	2207	1	1
119.004	2208	2	1
119.061	2209	4	1
119.119	2210	3	1
119.177	2211	1	1
119.234	2212	2	1
119.292	2213	4	1
119.350	2214	3	1
119.407	2215	1	1
119.523	2216	2	1
119.638	2217	3	1
119.696	2218	4	1
119.754	2219	2	1
119.811	2220	1	1
119.869	2221	3	1
119.984	2222	2	1
120.100	2223	3	1
120.157	2224	2	1
120.215	2225	3	1
120.273	2226	2	1
120.331	2227	4	1
120.388	2228	1	1
120.446	2229	3	1
120.504	2230	2	1
120.561	2231	1	1
120.561	2232	3	1
120.561	2233	4	1
120.677	2234	3	1
120.792	2235	1	1
120.792	2236	4	1
120.850	2237	2	1
120.907	2238	4	1
120.965	2239	3	1
121.023	2240	1	1
121.023	2241	4	1
121.081	2242	2	1
121.138	2243	4	1
121.196	2244	3	1
121.254	2245	1	1
121.254	2246	2	1
121.369	2247	2	1
121.369	2248	4	1
121.484	2249	1	1
121.484	2250	2	1
121.484	2251	3	1
121.542	2252	4	1
121.600	2253	2	1
121.657	2254	1	1
121.715	2255	3	1
121.715	2256	4	1
121.831	2257	2	1
121.946	2258	1	1
121.946	2259	3	1
121.946	2260	4	1
122.004	2261	2	1
122.061	2262	3	1
122.119	2263	2	1
122.177	2264	3	1
122.177	2265	4	1
122.234	2266	1	1
122.292	2267	3	1
122.292	2268	4	1
122.350	2269	2	1
122.407	2270	1	1
122.407	2271	4	1
122.523	2272	3	1
122.638	2273	1	1
122.638	2274	4	1
122.696	2275	2	1
122.754	2276	4	1
122.811	2277	3	1
122.869	2278	1	1
122.869	2279	4	1
122.927	2280	2	1
122.984	2281	4	1
123.042	2282	3	1
123.100	2283	1	1
123.100	2284	2	1
123.215	2285	2	1
123.331	2286	1	1
123.331	2287	3	1
123.388	2288	4	1
123.446	2289	2	1
123.504	2290	1	1
123.561	2291	3	1
123.561	2292	4	1
123.677	2293	2	1
123.792	2294	1	1
123.792	2295	4	1
123.850	2296	2	1
123.907	2297	3	1
123.965	2298	2	1
124.023	2299	4	1
124.081	2300	1	1
124.138	2301	3	1
124.196	2302	2	1
124.254	2303	1	1
124.254	2304	3	1
124.254	2305	4	1
124.369	2306	3	1
124.484	2307	1	1
124.484	2308	4	1
124.542	2309	2	1
124.600	2310	4	1
124.657	2311	3	1
124.715	2312	1	1
124.715	2313	4	1
124.773	2314	2	1
124.831	2315	4	1
124.888	2316	3	1
124.946	2317	1	1
124.946	2318	2	1
125.061	2319	2	1
125.061	2320	4	1
125.177	2321	1	1
125.177	2322	3	1
125.234	2323	4	1
125.292	2324	2	1
125.350	2325	1	1
125.407	2326	2	1
125.407	2327	3	1
125.407	2328	4	1
125.523	2329	1	1
125.523	2330	2	1
125.523	2331	3	1
125.638	2332	1	1
125.638	2333	3	1
125.638	2334	4	1
125.696	2335	2	1
125.754	2336	3	1
125.811	2337	2	1
125.869	2338	4	1
125.927	2339	1	1
125.984	2340	3	1
126.042	2341	2	1
126.100	2342	1	1
126.100	2343	4	1
126.215	2344	3	1
126.331	2345	1	1
126.331	2346	4	1
126.388	2347	2	1
126.446	2348	4	1
126.504	2349	3	1
126.561	2350	1	1
126.619	2351	2	1
126.677	2352	4	1
126.734	2353	3	1
126.792	2354	1	1
126.792	2355	4	1
126.907	2356	2	1
127.023	2357	1	1
127.023	2358	3	1
127.081	2359	4	1
127.138	2360	2	1
127.196	2361	1	1
127.254	2362	3	1
127.254	2363	4	1
127.369	2364	2	1
127.369	2365	3	1
127.484	2366	1	1
127.484	2367	4	1
127.542	2368	2	1
127.600	2369	3	1
127.657	2370	2	1
127.715	2371	4	1
127.773	2372	1	1
127.831	2373	3	1
127.831	2374	4	1
127.888	2375	2	1
127.946	2376	1	1
127.946	2377	4	1
128.061	2378	3	1
128.177	2379	1	1
128.177	2380	4	1
128.234	2381	2	1
128.292	2382	1	1
128.292	2383	4	1
128.350	2384	3	1
128.407	2385	1	1
128.407	2386	2	1
128.407	2387	4	1
128.465	2388	3	1
128.523	2389	2	1
128.581	2390	3	1
128.638	2391	1	1
128.638	2392	4	1
128.754	2393	2	1
128.869	2394	1	1
128.869	2395	3	1
128.869	2396	4	1
128.927	2397	2	1
128.984	2398	4	1
129.042	2399	1	1
129.100	2400	2	1
129.100	2401	3	1
129.215	2402	2	1
129.215	2403	4	1
129.331	2404	1	1
129.331	2405	3	1
129.331	2406	4	1
129.388	2407	2	1
129.446	2408	3	1
129.504	2409	2	1
129.561	2410	4	1
129.619	2411	1	1
129.677	2412	3	1
129.734	2413	2	1
129.792	2414	4	1
129.907	2415	3	1
130.023	2416	1	1
130.081	2417	2	1
130.138	2418	4	1
130.196	2419	3	1
130.254	2420	1	1
130.311	2421	2	1
130.369	2422	4	1
130.427	2423	3	1
130.484	2424	1	1
130.600	2425	2	1
130.715	2426	3	1
130.773	2427	4	1
130.831	2428	2	1
130.888	2429	1	1
130.946	2430	3	1
131.061	2431	2	1
131.177	2432	1	1
131.177	2433	3	1
131.177	2434	4	1
131.234	2435	2	1
131.292	2436	3	1
131.350	2437	2	1
131.407	2438	4	1
131.465	2439	1	1
131.523	2440	3	1
131.581	2441	2	1
131.638	2442	4	1
131.754	2443	3	1
131.869	2444	1	1
131.927	2445	2	1
131.984	2446	4	1
132.042	2447	3	1
132.100	2448	1	1
132.157	2449	2	1
132.215	2450	4	1
132.273	2451	3	1
132.331	2452	1	1
132.446	2453	2	1
132.561	2454	3	1
132.619	2455	4	1
132.677	2456	2	1
132.734	2457	1	1
132.792	2458	3	1
132.907	2459	2	1
133.023	2460	1	1
133.023	2461	3	1
133.023	2462	4	1
133.138	2463	4	1
133.254	2464	3	1
133.369	2465	3	1
133.484	2466	1	2
133.831	2467	2	1
133.831	2468	1	3
133.946	2469	3	1
133.946	2470	4	1
134.004	2471	2	1
134.061	2472	1	1
134.119	2473	4	1
134.177	2474	3	1
134.292	2475	3	1
134.407	2476	1	1
134.407	2477	4	1
134.523	2478	2	1
134.638	2479	1	1
134.715	2480	2	1
134.792	2481	3	1
134.869	2482	1	1
134.869	2483	4	1
134.984	2484	4	1
135.100	2485	3	1
135.215	2486	3	1
135.331	2487	1	2
135.677	2488	2	1
135.677	2489	1	3
135.792	2490	3	1
135.792	2491	4	1
135.850	2492	2	1
135.907	2493	1	1
135.965	2494	4	1
136.023	2495	3	1
136.138	2496	3	1
136.254	2497	1	1
136.254	2498	4	1
136.369	2499	2	1
136.484	2500	1	1
136.561	2501	2	1
136.638	2502	3	1
136.715	2503	1	1
136.715	2504	4	1
136.831	2505	4	1
136.946	2506	3	1
137.061	2507	3	1
137.177	2508	1	2
137.523	2509	2	1
137.523	2510	1	3
137.638	2511	3	1
137.638	2512	4	1
137.696	2513	2	1
137.754	2514	1	1
137.811	2515	4	1
137.869	2516	3	1
137.984	2517	2	1
138.100	2518	1	1
138.100	2519	4	1
138.215	2520	3	1
138.331	2521	1	1
138.407	2522	2	1
138.484	2523	3	1
138.561	2524	1	1
138.561	2525	4	1
138.677	2526	4	1
138.792	2527	3	1
138.907	2528	3	1
139.023	2529	1	2
139.369	2530	2	1
139.484	2531	3	1
139.484	2532	4	1
139.484	2533	1	3
139.542	2534	2	1
139.600	2535	1	1
139.657	2536	4	1
139.715	2537	3	1
139.831	2538	2	1
139.946	2539	1	1
139.946	2540	4	1
140.061	2541	2	1
140.061	2542	3	1
140.177	2543	1	1
140.177	2544	4	1
140.292	2545	2	1
140.292	2546	3	1
140.407	2547	1	1
140.407	2548	4	1
140.523	2549	4	1
140.638	2550	3	1
140.754	2551	3	1
140.869	2552	1	2
141.215	2553	2	1
141.215	2554	1	3
141.331	2555	3	1
141.331	2556	4	1
141.388	2557	2	1
141.446	2558	1	1
141.504	2559	4	1
141.561	2560	3	1
141.677	2561	2	1
141.792	2562	1	1
141.792	2563	4	1
141.907	2564	3	1
142.023	2565	1	1
142.100	2566	2	1
142.177	2567	3	1
142.254	2568	1	1
142.254	2569	4	1
142.369	2570	4	1
142.484	2571	3	1
142.600	2572	3	1
142.715	2573	1	2
143.061	2574	2	1
143.061	2575	1	3
143.177	2576	3	1
143.177	2577	4	1
143.234	2578	2	1
143.292	2579	1	1
143.350	2580	4	1
143.407	2581	3	1
143.523	2582	2	1
143.638	2583	1	1
143.638	2584	4	1
143.754	2585	3	1
143.869	2586	1	1
143.869	2587	4	1
143.946	2588	2	1
144.023	2589	3	1
144.100	2590	1	1
144.100	2591	4	1
144.215	2592	4	1
144.331	2593	3	1
144.446	2594	3	1
144.561	2595	1	2
144.907	2596	2	1
144.907	2597	1	3
145.023	2598	3	1
145.023	2599	4	1
145.081	2600	2	1
145.138	2601	1	1
145.196	2602	4	1
145.254	2603	3	1
145.369	2604	2	1
145.484	2605	1	1
145.484	2606	4	1
145.600	2607	3	1
145.715	2608	1	1
145.792	2609	2	1
145.869	2610	3	1
145.946	2611	1	1
145.946	2612	4	1
146.061	2613	3	1
146.177	2614	4	1
146.292	2615	1	1
146.407	2616	2	1
146.407	2617	3	1
146.523	2618	4	1
146.638	2619	1	1
146.754	2620	2	1
146.811	2621	3	1
146.869	2622	1	1
146.869	2623	4	1
146.984	2624	1	1
146.984	2625	2	1
147.100	2626	3	1
147.100	2627	4	1
147.215	2628	1	1
147.215	2629	4	1
147.331	2630	2	1
147.331	2631	3	1
147.446	2632	1	1
147.446	2633	2	1
147.561	2634	3	1
147.561	2635	4	1
147.677	2636	1	1
147.677	2637	3	1
147.792	2638	1	1
147.792	2639	4	1
147.850	2640	2	1
147.907	2641	3	1
147.965	2642	2	1
148.023	2643	4	1
148.081	2644	3	1
148.138	2645	1	1
148.196	2646	2	1
148.254	2647	3	1
148.254	2648	4	1
148.369	2649	2	1
148.484	2650	1	1
148.484	2651	4	1
148.600	2652	2	1
148.600	2653	3	1
148.715	2654	1	1
148.715	2655	4	1
148.831	2656	3	1
148.946	2657	1	1
148.946	2658	2	1
149.061	2659	3	1
149.119	2660	1	1
149.177	2661	3	1
149.177	2662	4	1
149.292	2663	1	1
149.292	2664	2	1
149.407	2665	3	1
149.407	2666	4	1
149.465	2667	1	1
149.465	2668	2	1
149.523	2669	3	1
149.523	2670	4	1
149.581	2671	1	1
149.581	2672	2	1
149.638	2673	3	1
149.638	2674	4	1
149.754	2675	1	1
149.754	2676	2	1
149.811	2677	3	1
149.869	2678	1	1
149.869	2679	4	1
149.984	2680	2	1
149.984	2681	3	1
150.100	2682	3	1
150.100	2683	4	1
150.215	2684	1	1
150.331	2685	4	1
150.446	2686	1	1
150.446	2687	3	1
150.561	2688	2	1
150.561	2689	3	1
150.677	2690	1	1
150.792	2691	3	1
150.792	2692	4	1
150.907	2693	1	1
150.907	2694	4	1
151.023	2695	1	1
151.023	2696	2	1
151.023	2697	3	1
151.138	2698	4	1
151.254	2699	3	1
151.254	2700	4	1
151.311	2701	1	1
151.369	2702	2	1
151.369	2703	3	1
151.427	2704	1	1
151.427	2705	4	1
151.484	2706	2	1
151.484	2707	3	1
151.600	2708	1	1
151.600	2709	4	1
151.715	2710	3	1
151.715	2711	4	1
151.773	2712	1	1
151.831	2713	2	1
151.831	2714	3	1
151.946	2715	1	1
151.946	2716	2	1
151.946	2717	4	1
152.061	2718	3	1
152.177	2719	1	1
152.177	2720	4	1
152.234	2721	2	1
152.292	2722	3	1
152.292	2723	4	1
152.407	2724	1	1
152.407	2725	2	1
152.523	2726	2	1
152.523	2727	4	1
152.638	2728	1	1
152.638	2729	3	1
152.754	2730	2	1
152.754	2731	4	1
152.869	2732	1	1
152.869	2733	3	1
152.869	2734	4	1
152.984	2735	2	1
153.100	2736	1	1
153.100	2737	3	1
153.157	2738	2	1
153.215	2739	4	1
153.273	2740	3	1
153.331	2741	1	1
153.331	2742	2	1
153.388	2743	4	1
153.446	2744	1	1
153.561	2745	3	1
153.561	2746	4	1
153.677	2747	1	1
153.734	2748	2	1
153.792	2749	3	1
153.792	2750	4	1
153.907	2751	2	1
154.023	2752	3	1
154.138	2753	2	1
154.196	2754	1	1
154.254	2755	3	1
154.254	2756	4	1
154.369	2757	2	1
154.369	2758	3	1
154.484	2759	1	1
154.484	2760	4	1
154.542	2761	2	1
154.600	2762	3	1
154.600	2763	4	1
154.715	2764	1	1
154.715	2765	2	1
154.773	2766	3	1
154.831	2767	1	1
154.831	2768	2	1
154.946	2769	3	1
154.946	2770	4	1
155.004	2771	1	1
155.061	2772	2	1
155.061	2773	4	1
155.119	2774	3	1
155.177	2775	1	1
155.177	2776	4	1
155.234	2777	2	1
155.292	2778	3	1
155.292	2779	4	1
155.407	2780	1	1
155.407	2781	2	1
155.523	2782	3	1
155.638	2783	1	1
155.638	2784	4	1
155.754	2785	2	1
155.869	2786	3	1
155.984	2787	1	1
155.984	2788	2	1
156.100	2789	1	1
156.100	2790	4	1
156.215	2791	2	1
156.215	2792	3	1
156.331	2793	3	1
156.331	2794	4	1
156.446	2795	1	1
156.446	2796	4	1
156.561	2797	2	1
156.561	2798	3	1
156.677	2799	1	1
156.677	2800	3	1
156.792	2801	1	1
156.792	2802	2	1
156.850	2803	3	1
156.907	2804	2	1
156.907	2805	4	1
156.965	2806	1	1
157.023	2807	3	1
157.023	2808	4	1
157.138	2809	1	1
157.138	2810	3	1
157.254	2811	1	1
157.254	2812	2	1
157.369	2813	2	1
157.369	2814	4	1
157.484	2815	1	1
157.484	2816	3	1
157.484	2817	4	1
157.600	2818	2	1
157.715	2819	1	1
157.831	2820	3	1
157.831	2821	4	1
157.946	2822	1	1
157.946	2823	4	1
158.061	2824	1	1
158.061	2825	2	1
158.177	2826	2	1
158.177	2827	3	1
158.292	2828	2	1
158.292	2829	4	1
158.407	2830	1	1
158.407	2831	3	1
158.407	2832	4	1
158.523	2833	1	1
158.523	2834	2	1
158.638	2835	2	1
158.638	2836	4	1
158.715	2837	3	1
158.754	2838	1	1
158.754	2839	2	1
158.811	2840	3	1
158.811	2841	4	1
158.869	2842	1	1
158.869	2843	2	1
158.984	2844	1	1
158.984	2845	4	1
159.100	2846	2	1
159.100	2847	3	1
159.157	2848	1	1
159.215	2849	4	1
159.331	2850	1	1
159.331	2851	2	1
159.331	2852	3	1
159.446	2853	1	1
159.446	2854	4	1
159.561	2855	3	1
159.677	2856	1	1
159.677	2857	2	1
159.792	2858	2	1
159.792	2859	4	1
159.907	2860	3	1
159.907	2861	4	1
160.023	2862	1	1
160.023	2863	3	1
160.138	2864	1	1
160.138	2865	2	1
160.254	2866	2	1
160.254	2867	3	1
160.254	2868	4	1
160.369	2869	1	1
160.369	2870	4	1
160.484	2871	2	1
160.484	2872	3	1
160.542	2873	1	1
160.600	2874	2	1
160.600	2875	4	1
160.657	2876	3	1
160.715	2877	1	1
160.715	2878	2	1
160.831	2879	1	1
160.831	2880	2	1
160.831	2881	4	1
160.946	2882	2	1
160.946	2883	3	1
160.946	2884	4	1
161.061	2885	1	1
161.061	2886	3	1
161.061	2887	4	1
161.177	2888	1	1
161.177	2889	2	1
161.234	2890	3	1
161.234	2891	4	1
161.292	2892	1	1
161.292	2893	2	1
161.407	2894	3	1
161.407	2895	4	1
161.523	2896	1	1
161.523	2897	2	1
161.581	2898	3	1
161.581	2899	4	1
161.638	2900	1	1
161.638	2901	2	1
161.754	2902	3	1
161.754	2903	4	1
161.811	2904	2	1
161.869	2905	1	1
161.869	2906	4	1
161.984	2907	2	1
161.984	2908	3	1
162.100	2909	1	1
162.157	2910	4	1
162.215	2911	1	1
162.273	2912	4	1
162.331	2913	2	1
162.388	2914	3	1
162.446	2915	1	1
162.504	2916	3	1
162.561	2917	1	1
162.561	2918	2	1
162.561	2919	4	1
162.677	2920	1	1
162.677	2921	2	1
162.792	2922	3	1
162.792	2923	4	1
162.907	2924	3	1
162.907	2925	4	1
163.023	2926	1	2
163.023	2927	2	2
163.023	2928	4	1
163.369	2929	3	1
163.369	2930	4	1
163.369	2931	1	3
163.369	2932	2	3
163.484	2933	2	1
163.484	2934	4	1
163.600	2935	1	1
163.600	2936	3	1
163.715	2937	1	1
163.715	2938	2	1
163.831	2939	2	1
163.831	2940	4	1
163.946	2941	1	1
163.946	2942	2	1
163.946	2943	3	1
164.061	2944	1	1
164.061	2945	4	1
164.177	2946	3	1
164.177	2947	4	1
164.292	2948	1	1
164.292	2949	3	1
164.350	2950	4	1
164.407	2951	1	1
164.407	2952	2	1
164.523	2953	1	1
164.523	2954	2	1
164.638	2955	3	1
164.638	2956	4	1
164.754	2957	3	1
164.754	2958	4	1
164.869	2959	1	2
164.869	2960	2	2
164.869	2961	3	1
165.215	2962	3	1
165.215	2963	4	1
165.331	2964	3	1
165.331	2965	4	1
165.331	2966	1	3
165.331	2967	2	3
165.446	2968	1	1
165.446	2969	3	1
165.561	2970	1	1
165.561	2971	2	1
165.677	2972	2	1
165.677	2973	4	1
165.792	2974	2	1
165.792	2975	3	1
165.907	2976	3	1
165.907	2977	4	1
166.023	2978	1	1
166.023	2979	4	1
166.138	2980	2	1
166.138	2981	3	1
166.196	2982	1	1
166.254	2983	2	1
166.254	2984	4	1
166.369	2985	3	1
166.369	2986	4	1
166.484	2987	3	1
166.484	2988	4	1
166.600	2989	1	1
166.600	2990	2	1
166.715	2991	1	1
166.715	2992	2	1
166.715	2993	3	2
166.715	2994	4	2
167.061	2995	1	1
167.177	2996	1	1
167.177	2997	2	1
167.177	2998	3	3
167.177	2999	4	3
167.292	3000	2	1
167.292	3001	4	1
167.407	3002	3	1
167.407	3003	4	1
167.523	3004	1	1
167.523	3005	3	1
167.638	3006	1	1
167.638	3007	2	1
167.638	3008	3	1
167.754	3009	2	1
167.754	3010	4	1
167.869	3011	1	1
167.869	3012	3	1
167.869	3013	4	1
167.984	3014	1	1
167.984	3015	2	1
167.984	3016	3	1
168.100	3017	1	1
168.100	3018	2	1
168.100	3019	4	1
168.215	3020	3	1
168.215	3021	4	1
168.331	3022	3	1
168.331	3023	4	1
168.446	3024	1	1
168.446	3025	2	1
168.561	3026	2	1
168.561	3027	3	2
168.561	3028	4	2
168.907	3029	1	1
168.907	3030	2	1
169.023	3031	1	1
169.023	3032	2	1
169.023	3033	3	3
169.023	3034	4	3
169.138	3035	1	1
169.138	3036	4	1
169.254	3037	3	1
169.254	3038	4	1
169.311	3039	2	1
169.369	3040	1	1
169.369	3041	3	1
169.484	3042	1	1
169.484	3043	2	1
169.600	3044	3	1
169.600	3045	4	1
169.657	3046	2	1
169.715	3047	1	1
169.715	3048	3	1
169.831	3049	2	1
169.831	3050	4	1
169.946	3051	1	1
169.946	3052	3	2
169.946	3053	4	2
170.177	3054	1	1
170.177	3055	2	1
170.177	3056	3	3
170.177	3057	4	3
170.234	3058	3	1
170.292	3059	2	1
170.292	3060	4	1
170.407	3061	1	2
170.407	3062	2	2
170.407	3063	3	1
170.638	3064	3	1
170.638	3065	4	1
170.638	3066	1	3
170.638	3067	2	3
170.696	3068	1	1
170.754	3069	3	1
170.754	3070	4	1
170.869	3071	1	1
170.869	3072	2	2
170.869	3073	4	1
171.100	3074	1	1
171.100	3075	3	1
171.100	3076	2	3
171.157	3077	4	1
171.215	3078	1	1
171.215	3079	2	1
171.331	3080	1	1
171.331	3081	3	1
171.331	3082	4	2
171.561	3083	1	1
171.561	3084	2	2
171.677	3085	3	1
171.792	3086	1	2
171.792	3087	3	1
171.792	3088	2	3
171.792	3089	4	3
172.023	3090	3	1
172.023	3091	4	1
172.023	3092	1	3
172.081	3093	2	1
172.138	3094	1	1
172.138	3095	4	1
172.254	3096	1	1
172.254	3097	2	1
172.254	3098	3	2
172.254	3099	4	2
172.369	3100	2	1
172.427	3101	1	1
172.484	3102	2	1
172.600	3103	1	1
172.715	3104	1	1
172.715	3105	2	2
172.715	3106	3	3
172.715	3107	4	3
172.946	3108	3	1
172.946	3109	4	1
173.004	3110	1	1
173.061	3111	3	1
173.177	3112	1	2
173.177	3113	4	1
173.177	3114	2	3
173.407	3115	3	1
173.407	3116	4	1
173.523	3117	2	1
173.523	3118	4	2
173.638	3119	2	1
173.638	3120	3	2
173.638	3121	1	3
173.638	3122	4	3
173.869	3123	1	1
173.869	3124	4	1
173.869	3125	3	3
173.927	3126	2	1
173.984	3127	1	1
173.984	3128	3	1
174.100	3129	1	1
174.100	3130	2	1
174.100	3131	4	2
174.331	3132	1	1
174.331	3133	2	1
174.331	3134	4	3
174.388	3135	3	1
174.446	3136	1	1
174.446	3137	2	1
174.561	3138	1	1
174.561	3139	2	2
174.561	3140	3	1
174.792	3141	3	1
174.792	3142	4	1
174.850	3143	1	1
174.907	3144	3	1
174.907	3145	4	1
175.023	3146	1	2
175.023	3147	3	1
175.254	3148	3	1
175.254	3149	4	1
175.369	3150	3	1
175.484	3151	3	1
175.484	3152	4	2
175.484	3153	1	3
175.484	3154	2	3
175.715	3155	1	1
175.715	3156	2	1
175.715	3157	4	3
175.773	3158	3	1
175.831	3159	1	1
175.831	3160	4	1
175.946	3161	2	2
175.946	3162	3	1
176.061	3163	1	1
176.177	3164	3	1
176.177	3165	4	1
176.177	3166	2	3
176.234	3167	1	1
176.292	3168	3	1
176.292	3169	4	1
176.407	3170	1	1
176.407	3171	2	2
176.407	3172	4	1
176.638	3173	3	1
176.638	3174	4	2
176.638	3175	2	3
176.696	3176	1	1
176.754	3177	2	1
176.869	3178	1	1
176.869	3179	3	1
176.927	3180	2	1
176.984	3181	1	1
176.984	3182	3	1
177.100	3183	2	2
177.100	3184	3	1
177.100	3185	4	3
177.215	3186	1	1
177.215	3187	4	1
177.215	3188	2	3
177.331	3189	2	1
177.331	3190	3	2
177.331	3191	4	2
177.561	3192	1	1
177.561	3193	3	3
177.561	3194	4	3
177.619	3195	2	1
177.619	3196	3	1
177.677	3197	4	1
177.792	3198	1	2
177.792	3199	2	2
177.792	3200	3	1
178.023	3201	3	1
178.023	3202	4	1
178.023	3203	1	3
178.023	3204	2	3
178.081	3205	2	1
178.138	3206	1	1
178.138	3207	4	1
178.254	3208	2	1
178.254	3209	3	2
178.254	3210	4	2
178.484	3211	1	1
178.484	3212	2	1
178.484	3213	3	3
178.484	3214	4	3
178.542	3215	3	1
178.600	3216	1	1
178.600	3217	2	1
178.715	3218	1	1
178.715	3219	3	2
178.715	3220	4	2
178.946	3221	1	1
178.946	3222	2	2
178.946	3223	3	3
178.946	3224	4	3
179.061	3225	3	2
179.061	3226	4	1
179.061	3227	2	3
179.177	3228	1	2
179.177	3229	2	1
179.177	3230	4	1
179.177	3231	3	3
179.407	3232	3	1
179.407	3233	4	1
179.407	3234	1	3
179.465	3235	2	1
179.523	3236	1	1
179.523	3237	4	1
179.638	3238	2	1
179.638	3239	4	2
179.754	3240	1	1
179.811	3241	1	1
179.869	3242	2	2
179.869	3243	3	1
179.869	3244	4	3
179.984	3245	1	1
179.984	3246	4	1
180.100	3247	1	2
180.100	3248	3	1
180.100	3249	2	3
180.331	3250	3	1
180.331	3251	4	1
180.331	3252	1	3
180.388	3253	2	1
180.446	3254	1	1
180.446	3255	3	1
180.504	3256	4	1
180.561	3257	1	1
180.561	3258	2	2
180.561	3259	3	2
180.792	3260	1	1
180.792	3261	4	1
180.792	3262	2	3
180.792	3263	3	3
180.907	3264	1	1
180.907	3265	4	1
181.023	3266	2	1
181.023	3267	3	1
181.023	3268	4	2
181.254	3269	1	1
181.254	3270	3	1
181.254	3271	4	3
181.311	3272	2	1
181.369	3273	3	1
181.369	3274	4	1
181.484	3275	1	1
181.484	3276	2	2
181.484	3277	4	1
181.715	3278	3	1
181.715	3279	4	1
181.715	3280	2	3
181.773	3281	1	1
181.831	3282	2	1
181.831	3283	4	1
181.946	3284	2	1
181.946	3285	3	1
181.946	3286	4	1
182.177	3287	3	1
182.177	3288	4	1
182.234	3289	2	1
182.292	3290	3	1
182.407	3291	1	2
182.407	3292	2	1
182.407	3293	4	1
182.638	3294	3	1
182.638	3295	4	1
182.638	3296	1	3
182.754	3297	2	1
182.754	3298	4	1
182.869	3299	1	1
182.869	3300	3	2
182.869	3301	4	1
183.100	3302	1	1
183.100	3303	4	1
183.100	3304	3	3
183.157	3305	2	1
183.215	3306	1	1
183.215	3307	3	1
183.331	3308	1	1
183.331	3309	2	1
183.331	3310	4	2
183.446	3311	3	1
183.504	3312	2	1
183.561	3313	1	1
183.561	3314	3	1
183.561	3315	4	3
183.619	3316	4	1
183.677	3317	1	1
183.677	3318	2	1
183.792	3319	1	1
183.792	3320	3	1
183.792	3321	4	2
183.850	3322	2	1
183.907	3323	3	1
183.965	3324	1	1
184.023	3325	2	1
184.023	3326	4	3
184.081	3327	3	1
184.138	3328	1	1
184.138	3329	4	1
184.196	3330	2	1
184.196	3331	3	1
184.254	3332	1	1
184.254	3333	4	1
184.311	3334	3	1
184.369	3335	1	1
184.427	3336	2	1
184.484	3337	3	1
184.484	3338	4	1
184.542	3339	1	1
184.600	3340	3	1
184.657	3341	2	1
184.715	3342	1	2
184.715	3343	3	1
184.715	3344	4	1
184.946	3345	2	1
184.946	3346	4	1
184.946	3347	1	3
185.004	3348	3	1
185.061	3349	2	1
185.061	3350	4	1
185.119	3351	1	1
185.177	3352	2	1
185.177	3353	3	2
185.177	3354	4	1
185.407	3355	1	1
185.407	3356	4	1
185.407	3357	3	3
185.465	3358	2	1
185.523	3359	1	1
185.523	3360	3	1
185.581	3361	4	1
185.638	3362	1	1
185.638	3363	2	2
185.638	3364	3	1
185.869	3365	1	1
185.869	3366	4	1
185.869	3367	2	3
185.927	3368	3	1
185.984	3369	2	1
185.984	3370	4	1
186.042	3371	3	1
186.100	3372	1	1
186.100	3373	2	1
186.100	3374	4	2
186.331	3375	1	1
186.331	3376	3	1
186.331	3377	4	3
186.388	3378	2	1
186.446	3379	3	1
186.446	3380	4	1
186.504	3381	2	1
186.561	3382	1	2
186.561	3383	3	1
186.561	3384	4	1
186.792	3385	2	1
186.792	3386	4	1
186.792	3387	1	3
186.850	3388	3	1
186.907	3389	2	1
186.907	3390	4	1
186.965	3391	1	1
187.023	3392	2	1
187.023	3393	3	2
187.023	3394	4	1
187.254	3395	1	1
187.254	3396	4	1
187.254	3397	3	3
187.311	3398	2	1
187.369	3399	1	1
187.369	3400	3	1
187.427	3401	4	1
187.484	3402	1	1
187.484	3403	2	2
187.484	3404	3	1
187.600	3405	1	1
187.600	3406	4	1
187.715	3407	1	1
187.715	3408	4	1
187.715	3409	2	3
187.773	3410	3	1
187.831	3411	2	1
187.831	3412	4	1
187.888	3413	3	1
187.946	3414	1	1
187.946	3415	2	1
187.946	3416	4	2
188.177	3417	1	1
188.177	3418	3	1
188.177	3419	4	3
188.234	3420	2	1
188.292	3421	3	1
188.292	3422	4	1
188.350	3423	2	1
188.407	3424	1	2
188.407	3425	3	1
188.407	3426	4	1
188.523	3427	2	1
188.523	3428	3	1
188.638	3429	2	1
188.638	3430	4	1
188.638	3431	1	3
188.696	3432	3	1
188.754	3433	1	1
188.754	3434	4	1
188.811	3435	3	1
188.869	3436	1	1
188.869	3437	2	1
188.869	3438	4	1
189.100	3439	3	2
189.100	3440	4	1
189.215	3441	1	1
189.215	3442	4	1
189.331	3443	1	1
189.331	3444	2	2
189.331	3445	4	1
189.331	3446	3	3
189.446	3447	3	1
189.446	3448	4	1
189.561	3449	1	1
189.561	3450	2	3
189.619	3451	3	1
189.677	3452	1	1
189.734	3453	3	1
189.792	3454	1	1
189.792	3455	2	1
189.792	3456	4	2
190.023	3457	1	1
190.023	3458	2	1
190.023	3459	4	3
190.081	3460	3	1
190.138	3461	2	1
190.196	3462	3	1
190.254	3463	1	2
190.254	3464	2	1
190.254	3465	4	1
190.484	3466	2	1
190.484	3467	4	1
190.484	3468	1	3
190.542	3469	3	1
190.600	3470	1	1
190.600	3471	4	1
190.657	3472	3	1
190.715	3473	1	1
190.715	3474	2	2
190.715	3475	4	1
190.946	3476	3	1
190.946	3477	4	1
190.946	3478	2	3
191.004	3479	1	1
191.061	3480	2	1
191.061	3481	4	1
191.119	3482	1	1
191.177	3483	2	1
191.177	3484	3	1
191.177	3485	4	1
191.292	3486	1	1
191.292	3487	2	1
191.292	3488	3	1
191.407	3489	1	1
191.407	3490	2	1
191.407	3491	4	1
191.523	3492	1	1
191.523	3493	3	1
191.523	3494	4	1
191.638	3495	2	1
191.638	3496	3	1
191.754	3497	1	1
191.754	3498	4	1
191.869	3499	2	1
191.869	3500	3	1
191.984	3501	2	1
191.984	3502	4	1
192.100	3503	1	2
192.100	3504	3	1
192.100	3505	4	1
192.331	3506	2	1
192.331	3507	4	1
192.331	3508	1	3
192.388	3509	3	1
192.446	3510	2	1
192.446	3511	4	1
192.504	3512	1	1
192.561	3513	2	1
192.561	3514	3	2
192.561	3515	4	1
192.792	3516	1	1
192.792	3517	4	1
192.792	3518	3	3
192.850	3519	2	1
192.907	3520	1	1
192.907	3521	3	1
192.965	3522	4	1
193.023	3523	1	1
193.023	3524	2	2
193.023	3525	3	1
193.138	3526	1	1
193.138	3527	4	1
193.254	3528	1	1
193.254	3529	4	1
193.254	3530	2	3
193.311	3531	3	1
193.369	3532	2	1
193.369	3533	4	1
193.427	3534	3	1
193.484	3535	1	1
193.484	3536	2	1
193.484	3537	4	2
193.715	3538	1	1
193.715	3539	3	1
193.715	3540	4	3
193.773	3541	2	1
193.831	3542	3	1
193.831	3543	4	1
193.888	3544	2	1
193.946	3545	1	2
193.946	3546	3	1
193.946	3547	4	1
194.177	3548	2	1
194.177	3549	4	1
194.177	3550	1	3
194.234	3551	3	1
194.292	3552	2	1
194.292	3553	4	1
194.350	3554	1	1
194.407	3555	2	1
194.407	3556	3	2
194.407	3557	4	1
194.638	3558	1	1
194.638	3559	4	1
194.638	3560	3	3
194.696	3561	2	1
194.754	3562	1	1
194.754	3563	3	1
194.811	3564	4	1
194.869	3565	1	1
194.869	3566	2	2
194.869	3567	3	1
194.984	3568	1	1
194.984	3569	4	1
195.100	3570	1	1
195.100	3571	4	1
195.100	3572	2	3
195.157	3573	3	1
195.215	3574	2	1
195.215	3575	4	1
195.273	3576	3	1
195.331	3577	1	1
195.331	3578	2	1
195.331	3579	4	2
195.561	3580	1	1
195.561	3581	3	1
195.561	3582	4	3
195.619	3583	2	1
195.677	3584	3	1
195.677	3585	4	1
195.734	3586	2	1
195.792	3587	1	2
195.792	3588	3	1
195.792	3589	4	1
195.907	3590	2	1
195.907	3591	3	1
196.023	3592	2	1
196.023	3593	4	1
196.023	3594	1	3
196.081	3595	3	1
196.138	3596	1	1
196.138	3597	4	1
196.196	3598	3	1
196.254	3599	1	1
196.254	3600	2	1
196.254	3601	4	1
196.484	3602	3	2
196.484	3603	4	1
196.600	3604	1	1
196.600	3605	4	1
196.715	3606	1	1
196.715	3607	2	2
196.715	3608	4	1
196.715	3609	3	3
196.831	3610	3	1
196.831	3611	4	1
196.946	3612	1	1
196.946	3613	2	3
197.004	3614	3	1
197.061	3615	1	1
197.119	3616	3	1
197.177	3617	1	1
197.177	3618	2	1
197.177	3619	4	2
197.407	3620	1	1
197.407	3621	2	1
197.407	3622	4	3
197.465	3623	3	1
197.523	3624	2	1
197.581	3625	3	1
197.638	3626	1	2
197.638	3627	2	1
197.638	3628	4	1
197.869	3629	2	1
197.869	3630	4	1
197.869	3631	1	3
197.927	3632	3	1
197.984	3633	1	1
197.984	3634	4	1
198.042	3635	3	1
198.100	3636	1	1
198.100	3637	2	2
198.100	3638	4	1
198.331	3639	3	1
198.331	3640	4	1
198.331	3641	2	3
198.388	3642	1	1
198.446	3643	2	1
198.446	3644	4	1
198.504	3645	1	1
198.561	3646	2	1
198.561	3647	3	1
198.561	3648	4	1
198.677	3649	1	1
198.677	3650	2	1
198.677	3651	3	1
198.734	3652	4	1
198.792	3653	1	1
198.792	3654	2	1
198.792	3655	3	1
198.907	3656	1	1
198.907	3657	2	1
198.907	3658	4	1
199.023	3659	3	1
199.023	3660	4	1
199.138	3661	1	1
199.138	3662	2	1
199.254	3663	2	1
199.254	3664	3	1
199.311	3665	1	1
199.311	3666	4	1
199.369	3667	2	1
199.427	3668	3	1
199.484	3669	1	1
199.484	3670	4	2
199.715	3671	1	2
199.715	3672	4	3
199.946	3673	3	2
199.946	3674	4	1
199.946	3675	1	3
200.177	3676	1	2
200.177	3677	3	3
200.407	3678	2	2
200.407	3679	4	1
200.407	3680	1	3
200.638	3681	1	2
200.638	3682	2	3
200.869	3683	3	1
200.869	3684	4	2
200.869	3685	1	3
201.100	3686	1	2
201.100	3687	4	3
201.331	3688	2	2
201.331	3689	3	1
201.331	3690	1	3
201.561	3691	3	2
201.561	3692	2	3
201.792	3693	1	1
201.792	3694	4	2
201.792	3695	3	3
202.023	3696	1	2
202.023	3697	2	1
202.023	3698	4	3
202.254	3699	3	2
202.254	3700	4	1
202.254	3701	1	3
202.484	3702	4	2
202.484	3703	3	3
202.715	3704	1	1
202.715	3705	3	2
202.715	3706	4	3
202.946	3707	2	2
202.946	3708	3	3
203.177	3709	1	1
203.177	3710	4	2
203.177	3711	2	3
203.407	3712	1	2
203.407	3713	4	3
203.638	3714	3	2
203.638	3715	4	1
203.638	3716	1	3
203.869	3717	1	2
203.869	3718	3	3
204.100	3719	2	2
204.100	3720	4	1
204.100	3721	1	3
204.331	3722	1	2
204.331	3723	2	3
204.561	3724	3	1
204.561	3725	4	2
204.561	3726	1	3
204.792	3727	1	2
204.792	3728	2	1
204.792	3729	4	3
204.907	3730	3	1
204.907	3731	4	1
205.023	3732	2	2
205.023	3733	4	1
205.023	3734	1	3
205.254	3735	1	2
205.254	3736	2	3
205.484	3737	3	1
205.484	3738	4	2
205.484	3739	1	3
205.715	3740	1	2
205.715	3741	4	3
205.946	3742	3	2
205.946	3743	4	1
205.946	3744	1	3
206.177	3745	1	2
206.177	3746	2	1
206.177	3747	3	3
206.292	3748	3	1
206.292	3749	4	1
206.350	3750	2	1
206.407	3751	3	1
206.407	3752	4	1
206.407	3753	1	3
206.523	3754	2	1
206.638	3755	1	1
206.638	3756	4	1
206.754	3757	3	1
206.869	3758	1	1
206.869	3759	2	1
206.869	3760	4	2
207.100	3761	1	2
207.100	3762	4	3
207.331	3763	3	2
207.331	3764	4	1
207.331	3765	1	3
207.561	3766	1	2
207.561	3767	3	3
207.792	3768	2	2
207.792	3769	3	1
207.792	3770	4	1
207.792	3771	1	3
208.023	3772	1	2
208.023	3773	2	3
208.254	3774	3	1
208.254	3775	4	2
208.254	3776	1	3
208.484	3777	1	2
208.484	3778	4	3
208.715	3779	2	2
208.715	3780	3	1
208.715	3781	1	3
208.946	3782	3	2
208.946	3783	2	3
209.177	3784	1	1
209.177	3785	4	2
209.177	3786	3	3
209.407	3787	1	2
209.407	3788	3	1
209.407	3789	4	3
209.523	3790	2	1
209.638	3791	2	1
209.638	3792	3	2
209.638	3793	4	1
209.638	3794	1	3
209.869	3795	4	2
209.869	3796	3	3
209.984	3797	2	1
210.100	3798	1	1
210.100	3799	3	2
210.100	3800	4	3
210.215	3801	4	1
210.331	3802	1	1
210.331	3803	2	2
210.331	3804	3	3
210.561	3805	1	1
210.561	3806	3	1
210.561	3807	4	2
210.561	3808	2	3
210.792	3809	1	2
210.792	3810	4	3
211.023	3811	3	2
211.023	3812	4	1
211.023	3813	1	3
211.254	3814	1	2
211.254	3815	3	3
211.484	3816	2	2
211.484	3817	3	1
211.484	3818	4	1
211.484	3819	1	3
211.715	3820	1	2
211.715	3821	2	3
211.946	3822	3	1
211.946	3823	4	2
211.946	3824	1	3
212.177	3825	1	2
212.177	3826	2	1
212.177	3827	4	3
212.407	3828	2	2
212.407	3829	4	1
212.407	3830	1	3
212.638	3831	1	2
212.638	3832	2	3
212.869	3833	3	1
212.869	3834	4	2
212.869	3835	1	3
213.100	3836	1	2
213.100	3837	2	1
213.100	3838	4	3
213.215	3839	3	1
213.331	3840	2	1
213.331	3841	3	2
213.331	3842	4	1
213.331	3843	1	3
213.561	3844	1	2
213.561	3845	2	1
213.561	3846	3	3
213.677	3847	3	1
213.677	3848	4	1
213.792	3849	3	1
213.792	3850	4	1
213.792	3851	1	3
213.907	3852	2	1
214.023	3853	1	1
214.023	3854	4	1
214.138	3855	2	1
214.254	3856	1	1
214.254	3857	3	1
214.254	3858	4	2
214.427	3859	4	3
214.715	3860	3	2
214.888	3861	3	3
215.177	3862	2	2
215.350	3863	2	3
215.638	3864	1	2
215.811	3865	1	3
216.100	3866	4	2
216.273	3867	4	3
216.561	3868	3	2
216.734	3869	3	3
217.023	3870	2	2
217.196	3871	2	3
217.484	3872	1	2
217.657	3873	1	3
217.946	3874	1	2
218.119	3875	1	3
218.407	3876	2	2
218.581	3877	2	3
218.869	3878	3	2
219.042	3879	3	3
219.331	3880	4	2
219.504	3881	4	3
219.792	3882	1	2
219.965	3883	1	3
220.254	3884	2	2
220.427	3885	2	3
220.715	3886	3	2
220.888	3887	3	3
221.177	3888	4	2
221.350	3889	4	3
221.638	3890	4	2
221.811	3891	4	3
222.100	3892	3	2
222.273	3893	3	3
222.561	3894	2	2
222.734	3895	2	3
223.023	3896	1	2
223.196	3897	1	3
223.484	3898	4	2
223.657	3899	4	3
223.946	3900	3	2
224.119	3901	3	3
224.407	3902	2	2
224.581	3903	2	3
224.869	3904	1	2
225.042	3905	1	3
225.331	3906	1	2
225.504	3907	1	3
225.792	3908	2	2
225.965	3909	2	3
226.254	3910	3	2
226.427	3911	3	3
226.715	3912	4	2
226.888	3913	4	3
227.177	3914	1	2
227.350	3915	1	3
227.638	3916	2	2
227.811	3917	2	3
228.100	3918	3	2
228.273	3919	3	3
228.561	3920	4	2
228.734	3921	4	3
229.023	3922	4	2
229.254	3923	3	2
229.254	3924	4	3
229.484	3925	2	2
229.484	3926	3	3
229.715	3927	1	2
229.715	3928	2	3
229.946	3929	4	2
229.946	3930	1	3
230.177	3931	3	2
230.177	3932	4	3
230.407	3933	2	2
230.407	3934	3	3
230.638	3935	1	2
230.638	3936	2	3
230.869	3937	4	2
230.869	3938	1	3
231.100	3939	3	2
231.100	3940	4	3
231.331	3941	2	2
231.331	3942	3	3
231.561	3943	1	2
231.561	3944	2	3
231.792	3945	3	2
231.792	3946	1	3
232.023	3947	2	2
232.023	3948	3	3
232.254	3949	4	2
232.254	3950	2	3
232.484	3951	3	2
232.484	3952	4	3
232.715	3953	4	2
232.715	3954	3	3
232.946	3955	3	2
232.946	3956	4	3
233.177	3957	2	2
233.177	3958	3	3
233.407	3959	1	2
233.407	3960	2	3
233.638	3961	4	2
233.638	3962	1	3
233.869	3963	3	2
233.869	3964	4	3
234.100	3965	2	2
234.100	3966	3	3
234.331	3967	1	2
234.331	3968	2	3
234.561	3969	4	2
234.561	3970	1	3
234.792	3971	3	2
234.792	3972	4	3
235.023	3973	2	2
235.023	3974	3	3
235.254	3975	1	2
235.254	3976	2	3
235.484	3977	3	2
235.484	3978	1	3
235.715	3979	2	2
235.715	3980	3	3
235.946	3981	4	2
235.946	3982	2	3
236.177	3983	3	2
236.177	3984	4	3
236.407	3985	4	2
236.407	3986	3	3
236.638	3987	3	2
236.638	3988	4	3
236.869	3989	2	2
236.869	3990	3	3
237.100	3991	1	2
237.100	3992	2	3
237.331	3993	4	2
237.331	3994	1	3
237.561	3995	3	2
237.561	3996	4	3
237.792	3997	2	2
237.792	3998	3	3
238.023	3999	1	2
238.023	4000	2	3
238.254	4001	4	2
238.254	4002	1	3
238.484	4003	3	2
238.484	4004	4	3
238.715	4005	2	2
238.715	4006	3	3
238.946	4007	1	2
238.946	4008	2	3
239.177	4009	3	2
239.177	4010	1	3
239.407	4011	2	2
239.407	4012	3	3
239.638	4013	4	2
239.638	4014	2	3
239.869	4015	3	2
239.869	4016	4	3
240.100	4017	4	2
240.100	4018	3	3
241.946	4019	2	2
241.946	4020	4	3
242.869	4021	2	3
242.984	4022	2	2
243.042	4023	2	3
243.215	4024	2	2
243.273	4025	2	3
243.446	4026	2	2
243.504	4027	2	3
243.561	4028	3	2
243.619	4029	3	3
243.677	4030	2	2
243.734	4031	2	3
243.792	4032	1	1
243.792	4033	4	1
243.850	4034	3	1
243.907	4035	2	1
243.965	4036	1	1
244.023	4037	3	1
244.023	4038	4	1
244.081	4039	2	1
244.138	4040	1	1
244.196	4041	4	1
244.254	4042	2	1
244.254	4043	3	1
244.311	4044	1	1
244.369	4045	4	1
244.427	4046	3	1
244.484	4047	1	1
244.484	4048	2	1
244.542	4049	4	1
244.600	4050	3	1
244.657	4051	2	1
244.715	4052	1	1
244.715	4053	4	1
244.773	4054	3	1
244.831	4055	2	1
244.888	4056	1	1
244.946	4057	3	1
244.946	4058	4	1
245.004	4059	2	1
245.061	4060	1	1
245.119	4061	4	1
245.177	4062	2	1
245.177	4063	3	1
245.234	4064	1	1
245.292	4065	4	1
245.350	4066	3	1
245.407	4067	1	1
245.407	4068	2	1
245.465	4069	4	1
245.523	4070	3	1
245.581	4071	2	1
245.638	4072	1	1
245.638	4073	4	1
245.696	4074	3	1
245.754	4075	2	1
245.811	4076	1	1
245.869	4077	3	1
245.869	4078	4	1
245.927	4079	2	1
245.984	4080	1	1
246.042	4081	4	1
246.100	4082	2	1
246.100	4083	3	1
246.157	4084	1	1
246.215	4085	4	1
246.273	4086	3	1
246.331	4087	1	1
246.331	4088	2	1
246.388	4089	4	1
246.446	4090	3	1
246.504	4091	2	1
246.561	4092	1	1
246.561	4093	4	1
246.677	4094	3	1
246.792	4095	1	1
246.792	4096	2	1
246.907	4097	3	1
246.965	4098	4	1
247.023	4099	1	1
247.023	4100	2	1
247.081	4101	3	1
247.138	4102	4	1
247.196	4103	1	1
247.254	4104	2	1
247.311	4105	3	1
247.369	4106	4	1
247.427	4107	1	1
247.484	4108	2	1
247.484	4109	3	1
247.542	4110	4	1
247.600	4111	1	1
247.657	4112	2	1
247.715	4113	3	1
247.715	4114	4	1
247.773	4115	1	1
247.831	4116	2	1
247.888	4117	3	1
247.946	4118	1	1
247.946	4119	4	1
248.004	4120	2	1
248.061	4121	3	1
248.119	4122	4	1
248.177	4123	1	1
248.177	4124	2	1
248.234	4125	3	1
248.292	4126	4	1
248.350	4127	1	1
248.407	4128	2	1
248.407	4129	3	1
248.465	4130	4	1
248.523	4131	1	1
248.581	4132	2	1
248.638	4133	3	1
248.638	4134	4	1
248.696	4135	1	1
248.754	4136	2	1
248.811	4137	3	1
248.869	4138	1	1
248.869	4139	4	1
248.927	4140	2	1
248.984	4141	3	1
249.042	4142	4	1
249.100	4143	1	1
249.100	4144	2	1
249.157	4145	3	1
249.215	4146	4	1
249.273	4147	1	1
249.331	4148	2	1
249.331	4149	3	1
249.388	4150	4	1
249.446	4151	1	1
249.504	4152	2	1
249.561	4153	3	1
249.561	4154	4	1
249.619	4155	1	1
249.677	4156	2	1
249.734	4157	3	1
249.792	4158	1	1
249.792	4159	4	1
249.850	4160	2	1
249.907	4161	3	1
249.965	4162	4	1
250.023	4163	1	1
250.023	4164	2	1
250.081	4165	3	1
250.138	4166	4	1
250.196	4167	1	1
250.254	4168	2	1
250.254	4169	3	1
250.369	4170	1	1
250.484	4171	3	1
250.484	4172	4	1
250.542	4173	2	1
250.600	4174	1	1
250.657	4175	4	1
250.715	4176	3	1
250.773	4177	2	1
250.831	4178	1	1
250.888	4179	4	1
250.946	4180	3	1
251.004	4181	2	1
251.061	4182	1	1
251.119	4183	4	1
251.177	4184	2	1
251.177	4185	3	1
251.234	4186	1	1
251.292	4187	4	1
251.350	4188	3	1
251.407	4189	1	1
251.407	4190	2	1
251.465	4191	4	1
251.523	4192	3	1
251.581	4193	2	1
251.638	4194	1	1
251.638	4195	4	1
251.696	4196	3	1
251.754	4197	2	1
251.811	4198	1	1
251.869	4199	3	1
251.869	4200	4	1
251.927	4201	2	1
251.984	4202	1	1
252.042	4203	4	1
252.100	4204	2	1
252.100	4205	3	1
252.157	4206	1	1
252.215	4207	4	1
252.273	4208	3	1
252.331	4209	1	1
252.331	4210	2	1
252.388	4211	4	1
252.446	4212	3	1
252.504	4213	2	1
252.561	4214	1	1
252.561	4215	4	1
252.619	4216	3	1
252.677	4217	2	1
252.734	4218	1	1
252.792	4219	3	1
252.792	4220	4	1
252.850	4221	2	1
252.907	4222	1	1
252.965	4223	4	1
253.023	4224	2	1
253.023	4225	3	1
253.081	4226	1	1
253.138	4227	4	1
253.196	4228	3	1
253.254	4229	1	1
253.254	4230	2	1
253.311	4231	4	1
253.369	4232	3	1
253.427	4233	2	1
253.484	4234	1	1
253.484	4235	4	1
253.542	4236	3	1
253.600	4237	2	1
253.657	4238	1	1
253.715	4239	3	1
253.715	4240	4	1
253.773	4241	2	1
253.831	4242	1	1
253.888	4243	4	1
253.946	4244	2	1
253.946	4245	3	1
254.061	4246	1	1
254.177	4247	2	1
254.177	4248	3	1
254.292	4249	4	1
254.407	4250	1	1
254.407	4251	2	1
254.465	4252	3	1
254.523	4253	4	1
254.581	4254	1	1
254.638	4255	2	1
254.696	4256	3	1
254.754	4257	4	1
254.811	4258	1	1
254.869	4259	2	1
254.869	4260	3	1
254.927	4261	4	1
254.984	4262	1	1
255.042	4263	2	1
255.100	4264	3	1
255.100	4265	4	1
255.157	4266	1	1
255.215	4267	2	1
255.273	4268	3	1
255.331	4269	1	1
255.331	4270	4	1
255.388	4271	2	1
255.446	4272	3	1
255.504	4273	4	1
255.561	4274	1	1
255.561	4275	2	1
255.619	4276	3	1
255.677	4277	4	1
255.734	4278	1	1
255.792	4279	2	1
255.792	4280	3	1
255.850	4281	4	1
255.907	4282	1	1
255.965	4283	2	1
256.023	4284	3	1
256.023	4285	4	1
256.081	4286	1	1
256.138	4287	2	1
256.196	4288	3	1
256.254	4289	1	1
256.254	4290	4	1
256.311	4291	2	1
256.369	4292	3	1
256.427	4293	4	1
256.484	4294	1	1
256.484	4295	2	1
256.542	4296	3	1
256.600	4297	4	1
256.657	4298	1	1
256.715	4299	2	1
256.715	4300	3	1
256.773	4301	4	1
256.831	4302	1	1
256.888	4303	2	1
256.946	4304	3	1
256.946	4305	4	1
257.004	4306	1	1
257.061	4307	2	1
257.119	4308	3	1
257.177	4309	1	1
257.177	4310	4	1
257.234	4311	2	1
257.292	4312	3	1
257.350	4313	4	1
257.407	4314	1	1
257.407	4315	2	1
257.465	4316	3	1
257.523	4317	4	1
257.581	4318	1	1
257.638	4319	2	1
257.638	4320	3	1
257.754	4321	4	1
257.869	4322	2	1
257.869	4323	3	1
257.927	4324	1	1
257.984	4325	4	1
258.042	4326	3	1
258.100	4327	2	1
258.157	4328	1	1
258.215	4329	4	1
258.273	4330	3	1
258.331	4331	2	1
258.388	4332	1	1
258.446	4333	4	1
258.504	4334	3	1
258.561	4335	1	2
258.561	4336	2	1
258.561	4337	4	1
258.869	4338	2	1
258.869	4339	4	1
258.869	4340	1	3
259.023	4341	2	2
259.023	4342	3	1
259.023	4343	4	1
259.177	4344	1	1
259.177	4345	4	1
259.331	4346	1	1
259.331	4347	3	1
259.331	4348	2	3
259.484	4349	2	1
259.484	4350	4	2
259.792	4351	1	1
259.792	4352	3	1
259.792	4353	4	3
259.946	4354	2	2
259.946	4355	3	1
259.946	4356	4	1
260.254	4357	3	1
260.254	4358	2	3
260.407	4359	1	2
260.407	4360	4	1
260.715	4361	2	1
260.715	4362	4	1
260.715	4363	1	3
260.869	4364	2	1
260.869	4365	3	1
260.869	4366	4	1
261.023	4367	1	1
261.023	4368	2	1
261.177	4369	2	1
261.177	4370	3	1
261.331	4371	2	1
261.331	4372	4	2
261.638	4373	1	1
261.638	4374	3	1
261.638	4375	4	3
261.792	4376	1	1
261.792	4377	2	1
261.792	4378	4	1
261.946	4379	2	1
261.946	4380	3	1
262.100	4381	3	1
262.100	4382	4	1
262.254	4383	1	2
262.254	4384	4	1
262.561	4385	2	1
262.561	4386	4	1
262.561	4387	1	3
262.715	4388	2	2
262.715	4389	3	1
262.715	4390	4	1
262.869	4391	1	1
262.869	4392	4	1
263.023	4393	1	1
263.023	4394	3	1
263.023	4395	2	3
263.177	4396	2	1
263.177	4397	4	2
263.484	4398	1	1
263.484	4399	3	1
263.484	4400	4	3
263.638	4401	2	2
263.638	4402	3	1
263.638	4403	4	1
263.946	4404	3	1
263.946	4405	2	3
264.100	4406	1	1
264.100	4407	4	1
264.254	4408	1	1
264.407	4409	2	1
264.407	4410	4	1
264.561	4411	2	2
264.561	4412	3	1
264.561	4413	4	1
264.715	4414	1	1
264.715	4415	3	1
264.869	4416	3	1
264.869	4417	4	1
264.869	4418	2	3
265.023	4419	2	1
265.023	4420	4	2
265.331	4421	1	1
265.331	4422	3	1
265.331	4423	4	3
265.484	4424	1	1
265.484	4425	2	1
265.484	4426	4	1
265.638	4427	2	1
265.638	4428	3	1
265.792	4429	1	1
265.792	4430	3	1
265.946	4431	1	2
265.946	4432	2	1
265.946	4433	4	1
266.254	4434	4	1
266.254	4435	1	3
266.407	4436	2	2
266.407	4437	3	1
266.715	4438	1	1
266.715	4439	3	1
266.715	4440	2	3
266.869	4441	2	1
266.869	4442	3	1
266.869	4443	4	2
267.177	4444	1	1
267.177	4445	3	1
267.177	4446	4	3
267.331	4447	2	2
267.331	4448	4	1
267.638	4449	1	1
267.638	4450	3	1
267.638	4451	2	3
267.792	4452	1	2
267.792	4453	2	1
267.792	4454	4	1
268.100	4455	2	1
268.100	4456	4	1
268.100	4457	1	3
268.254	4458	2	1
268.254	4459	3	1
268.254	4460	4	1
268.407	4461	1	1
268.407	4462	2	1
268.561	4463	2	1
268.561	4464	3	1
268.715	4465	1	1
268.715	4466	2	1
268.715	4467	4	2
269.023	4468	1	1
269.023	4469	3	1
269.023	4470	4	3
269.177	4471	1	1
269.177	4472	2	2
269.177	4473	4	1
269.484	4474	1	1
269.484	4475	3	1
269.484	4476	4	1
269.484	4477	2	3
269.638	4478	1	2
269.638	4479	3	1
269.946	4480	2	1
269.946	4481	4	1
269.946	4482	1	3
270.100	4483	2	2
270.100	4484	3	1
270.407	4485	1	1
270.407	4486	4	1
270.407	4487	2	3
270.561	4488	2	1
270.561	4489	3	1
270.561	4490	4	2
270.869	4491	1	1
270.869	4492	3	1
270.869	4493	4	3
271.023	4494	2	2
271.023	4495	4	1
271.331	4496	3	1
271.331	4497	2	3
271.484	4498	1	1
271.484	4499	3	1
271.484	4500	4	1
271.638	4501	1	1
271.792	4502	2	1
271.946	4503	2	2
271.946	4504	4	1
272.254	4505	3	1
272.254	4506	2	3
272.407	4507	2	1
272.407	4508	4	2
272.715	4509	1	1
272.715	4510	4	3
272.869	4511	2	2
272.869	4512	3	1
273.177	4513	1	1
273.177	4514	2	3
273.331	4515	3	1
273.331	4516	4	1
273.446	4517	1	1
273.446	4518	3	1
273.561	4519	1	1
273.561	4520	2	1
273.677	4521	3	1
273.677	4522	4	1
273.792	4523	1	1
273.792	4524	3	2
273.792	4525	4	2
274.138	4526	3	3
274.138	4527	4	3
274.254	4528	1	1
274.254	4529	2	1
274.369	4530	2	1
274.369	4531	3	1
274.484	4532	3	1
274.484	4533	4	1
274.600	4534	1	1
274.600	4535	2	1
274.715	4536	1	2
274.715	4537	2	2
274.715	4538	4	1
274.946	4539	3	1
274.946	4540	4	1
275.061	4541	3	1
275.061	4542	4	1
275.061	4543	1	3
275.061	4544	2	3
275.177	4545	1	1
275.177	4546	2	1
275.177	4547	3	1
275.292	4548	2	1
275.292	4549	4	1
275.407	4550	1	1
275.407	4551	3	1
275.523	4552	3	1
275.523	4553	4	1
275.638	4554	1	2
275.638	4555	2	2
275.638	4556	4	1
275.869	4557	3	2
275.869	4558	2	3
276.100	4559	2	2
276.100	4560	4	1
276.100	4561	1	3
276.100	4562	3	3
276.331	4563	1	2
276.331	4564	2	3
276.446	4565	4	1
276.561	4566	2	1
276.561	4567	3	1
276.561	4568	1	3
276.677	4569	4	1
276.792	4570	3	1
276.907	4571	2	1
277.023	4572	1	1
277.023	4573	3	2
277.023	4574	4	2
277.254	4575	1	1
277.254	4576	2	1
277.254	4577	3	3
277.254	4578	4	3
277.369	4579	1	1
277.369	4580	2	1
277.484	4581	3	1
277.484	4582	4	1
277.600	4583	3	1
277.600	4584	4	1
277.715	4585	1	1
277.715	4586	2	1
277.831	4587	3	1
277.831	4588	4	1
277.946	4589	3	2
277.946	4590	4	2
278.177	4591	1	1
278.177	4592	2	1
278.177	4593	3	3
278.177	4594	4	3
278.292	4595	1	1
278.292	4596	2	1
278.407	4597	3	1
278.407	4598	4	1
278.523	4599	1	1
278.523	4600	2	1
278.638	4601	1	1
278.638	4602	2	1
278.754	4603	3	1
278.754	4604	4	1
278.869	4605	1	2
278.869	4606	2	2
278.869	4607	3	1
278.984	4608	4	2
278.984	4609	2	3
279.100	4610	3	2
279.100	4611	1	3
279.100	4612	4	3
279.215	4613	2	2
279.331	4614	1	1
279.331	4615	4	2
279.331	4616	2	3
279.331	4617	3	3
279.446	4618	1	2
279.561	4619	3	2
279.561	4620	1	3
279.561	4621	4	3
279.677	4622	2	2
279.677	4623	3	3
279.792	4624	1	1
279.792	4625	4	1
279.792	4626	2	3
279.850	4627	3	1
279.907	4628	2	1
279.907	4629	4	1
279.965	4630	1	1
280.023	4631	3	1
280.023	4632	4	1
280.081	4633	2	1
280.138	4634	1	1
280.196	4635	4	1
280.254	4636	2	1
280.254	4637	3	1
280.311	4638	1	1
280.369	4639	4	1
280.427	4640	3	1
280.484	4641	1	1
280.484	4642	2	1
280.600	4643	1	1
280.600	4644	2	1
280.715	4645	3	1
280.715	4646	4	1
280.831	4647	1	1
280.831	4648	3	1
280.946	4649	1	1
280.946	4650	2	1
281.061	4651	3	1
281.061	4652	4	1
281.177	4653	1	1
281.177	4654	3	2
281.177	4655	4	2
281.523	4656	3	3
281.523	4657	4	3
281.638	4658	1	1
281.638	4659	2	1
281.754	4660	2	1
281.754	4661	3	1
281.869	4662	3	1
281.869	4663	4	1
281.984	4664	1	1
281.984	4665	2	1
282.100	4666	1	2
282.100	4667	2	2
282.100	4668	4	1
282.331	4669	3	1
282.331	4670	4	1
282.446	4671	3	1
282.446	4672	4	1
282.446	4673	1	3
282.446	4674	2	3
282.561	4675	1	1
282.561	4676	2	1
282.561	4677	3	1
282.677	4678	2	1
282.677	4679	4	1
282.792	4680	1	1
282.792	4681	3	1
282.907	4682	3	1
282.907	4683	4	1
283.023	4684	1	2
283.023	4685	2	2
283.023	4686	4	1
283.254	4687	3	2
283.254	4688	2	3
283.484	4689	2	2
283.484	4690	4	1
283.484	4691	1	3
283.484	4692	3	3
283.715	4693	1	2
283.715	4694	2	3
283.831	4695	4	1
283.946	4696	2	1
283.946	4697	3	1
283.946	4698	1	3
284.061	4699	4	1
284.177	4700	3	1
284.292	4701	2	1
284.407	4702	1	1
284.407	4703	3	2
284.407	4704	4	2
284.638	4705	1	1
284.638	4706	2	1
284.638	4707	3	3
284.638	4708	4	3
284.754	4709	1	1
284.754	4710	2	1
284.869	4711	3	1
284.869	4712	4	1
284.984	4713	3	1
284.984	4714	4	1
285.100	4715	1	1
285.100	4716	2	1
285.215	4717	3	1
285.215	4718	4	1
285.331	4719	1	1
285.331	4720	3	2
285.331	4721	4	2
285.561	4722	1	1
285.561	4723	2	1
285.561	4724	3	3
285.561	4725	4	3
285.677	4726	1	1
285.677	4727	2	1
285.792	4728	3	1
285.792	4729	4	1
285.907	4730	1	1
285.907	4731	2	1
286.023	4732	1	1
286.023	4733	2	1
286.138	4734	3	1
286.138	4735	4	1
286.254	4736	1	2
286.254	4737	2	2
286.254	4738	3	1
286.369	4739	4	2
286.369	4740	2	3
286.484	4741	3	2
286.484	4742	1	3
286.484	4743	4	3
286.600	4744	2	2
286.715	4745	1	1
286.715	4746	4	2
286.715	4747	2	3
286.715	4748	3	3
286.831	4749	1	2
286.946	4750	3	2
286.946	4751	1	3
286.946	4752	4	3
287.061	4753	2	2
287.061	4754	3	3
287.177	4755	1	1
287.177	4756	4	1
287.177	4757	2	3
287.234	4758	3	1
287.292	4759	2	1
287.292	4760	4	1
287.350	4761	1	1
287.407	4762	3	1
287.407	4763	4	1
287.465	4764	2	1
287.523	4765	1	1
287.581	4766	4	1
287.638	4767	2	1
287.638	4768	3	1
287.696	4769	1	1
287.754	4770	4	1
287.811	4771	3	1
287.869	4772	1	1
287.869	4773	2	1
287.984	4774	1	1
287.984	4775	2	1
288.100	4776	2	1
288.100	4777	3	1
288.100	4778	4	2
288.331	4779	1	1
288.331	4780	3	1
288.331	4781	4	3
288.446	4782	2	1
288.561	4783	1	1
288.561	4784	4	1
288.677	4785	3	1
288.792	4786	1	2
289.023	4787	2	1
289.023	4788	3	1
289.023	4789	4	2
289.023	4790	1	3
289.138	4791	4	3
289.254	4792	4	1
289.369	4793	4	2
289.484	4794	1	1
289.484	4795	2	1
289.484	4796	3	1
289.484	4797	4	3
289.600	4798	4	1
289.715	4799	2	1
289.715	4800	4	2
289.946	4801	1	1
289.946	4802	3	2
289.946	4803	4	3
290.177	4804	2	1
290.177	4805	4	1
290.177	4806	3	3
290.292	4807	1	1
290.407	4808	3	1
290.407	4809	4	1
290.523	4810	2	1
290.638	4811	1	2
290.869	4812	2	1
290.869	4813	3	2
290.869	4814	4	1
290.869	4815	1	3
290.984	4816	3	3
291.100	4817	3	1
291.215	4818	3	2
291.331	4819	1	1
291.331	4820	2	1
291.331	4821	4	1
291.331	4822	3	3
291.446	4823	3	1
291.561	4824	1	1
291.561	4825	3	2
291.619	4826	2	1
291.677	4827	4	1
291.734	4828	1	1
291.792	4829	2	2
291.792	4830	4	1
291.792	4831	3	3
292.023	4832	1	1
292.023	4833	4	1
292.023	4834	2	3
292.138	4835	3	1
292.254	4836	1	1
292.254	4837	2	1
292.369	4838	4	1
292.484	4839	1	2
292.715	4840	2	2
292.715	4841	3	1
292.715	4842	1	3
292.946	4843	1	1
292.946	4844	4	1
292.946	4845	2	3
293.061	4846	3	1
293.177	4847	1	1
293.177	4848	2	1
293.292	4849	4	1
293.407	4850	1	2
293.638	4851	2	1
293.638	4852	3	1
293.638	4853	4	2
293.638	4854	1	3
293.869	4855	1	1
293.869	4856	3	1
293.869	4857	4	3
293.984	4858	2	1
294.100	4859	1	1
294.100	4860	4	1
294.215	4861	3	1
294.331	4862	1	2
294.561	4863	2	1
294.561	4864	4	2
294.561	4865	1	3
294.677	4866	3	1
294.677	4867	4	3
294.792	4868	2	1
294.907	4869	1	1
294.907	4870	4	2
295.023	4871	3	1
295.023	4872	4	3
295.138	4873	2	1
295.254	4874	1	1
295.254	4875	4	2
295.369	4876	2	1
295.369	4877	3	1
295.484	4878	1	2
295.484	4879	3	1
295.484	4880	4	3
295.715	4881	3	1
295.715	4882	4	1
295.715	4883	1	3
295.831	4884	2	1
295.946	4885	1	1
295.946	4886	4	1
296.061	4887	3	1
296.177	4888	1	2
296.407	4889	2	1
296.407	4890	3	1
296.407	4891	4	2
296.407	4892	1	3
296.523	4893	4	3
296.638	4894	4	1
296.754	4895	4	2
296.869	4896	1	1
296.869	4897	2	1
296.869	4898	3	1
296.869	4899	4	3
296.984	4900	4	1
297.100	4901	2	1
297.100	4902	4	2
297.331	4903	1	1
297.331	4904	3	2
297.331	4905	4	3
297.561	4906	2	1
297.561	4907	4	1
297.561	4908	3	3
297.677	4909	1	1
297.792	4910	3	1
297.792	4911	4	1
297.907	4912	2	1
298.023	4913	1	2
298.254	4914	2	1
298.254	4915	3	2
298.254	4916	4	1
298.254	4917	1	3
298.369	4918	3	3
298.484	4919	3	1
298.600	4920	3	2
298.715	4921	1	1
298.715	4922	2	1
298.715	4923	4	1
298.715	4924	3	3
298.831	4925	3	1
298.946	4926	1	1
298.946	4927	3	2
299.004	4928	2	1
299.061	4929	4	1
299.119	4930	1	1
299.177	4931	2	2
299.177	4932	4	1
299.177	4933	3	3
299.407	4934	1	1
299.407	4935	4	1
299.407	4936	2	3
299.523	4937	3	1
299.638	4938	1	1
299.638	4939	2	1
299.754	4940	4	1
299.869	4941	1	2
300.100	4942	2	2
300.100	4943	3	1
300.100	4944	1	3
300.331	4945	1	1
300.331	4946	4	1
300.331	4947	2	3
300.446	4948	3	1
300.561	4949	1	1
300.561	4950	2	1
300.677	4951	4	1
300.792	4952	1	2
301.023	4953	2	1
301.023	4954	3	1
301.023	4955	4	2
301.023	4956	1	3
301.254	4957	1	1
301.254	4958	3	1
301.254	4959	4	3
301.369	4960	2	1
301.484	4961	1	1
301.484	4962	4	1
301.600	4963	3	1
301.715	4964	1	2
301.946	4965	2	1
301.946	4966	4	2
301.946	4967	1	3
302.061	4968	3	1
302.061	4969	4	3
302.177	4970	2	1
302.292	4971	1	1
302.292	4972	4	2
302.407	4973	3	1
302.407	4974	4	3
302.465	4975	2	1
302.523	4976	1	1
302.581	4977	4	1
302.638	4978	3	1
302.696	4979	2	1
302.754	4980	3	1
302.811	4981	1	1
302.869	4982	2	1
302.869	4983	3	1
302.869	4984	4	1
302.927	4985	1	1
302.984	4986	2	1
303.042	4987	3	1
303.100	4988	1	1
303.100	4989	2	1
303.100	4990	4	1
303.157	4991	3	1
303.215	4992	4	1
303.273	4993	2	1
303.331	4994	1	1
303.331	4995	4	1
303.388	4996	2	1
303.446	4997	1	1
303.504	4998	3	1
303.561	4999	1	1
303.561	5000	2	1
303.561	5001	4	1
303.619	5002	3	1
303.677	5003	2	1
303.734	5004	3	1
303.792	5005	1	1
303.792	5006	4	1
303.850	5007	2	1
303.907	5008	3	1
303.907	5009	4	1
303.965	5010	2	1
304.023	5011	1	1
304.023	5012	3	1
304.023	5013	4	1
304.081	5014	2	1
304.138	5015	1	1
304.138	5016	3	1
304.196	5017	4	1
304.254	5018	1	1
304.254	5019	2	1
304.254	5020	3	1
304.311	5021	4	1
304.369	5022	1	1
304.369	5023	2	1
304.427	5024	3	1
304.484	5025	1	1
304.484	5026	2	1
304.484	5027	4	1
304.542	5028	3	1
304.600	5029	2	1
304.600	5030	4	1
304.657	5031	1	1
304.715	5032	2	1
304.715	5033	3	1
304.773	5034	1	1
304.831	5035	2	1
304.888	5036	3	1
304.946	5037	1	1
304.946	5038	2	1
304.946	5039	4	1
305.004	5040	3	1
305.061	5041	4	1
305.119	5042	2	1
305.177	5043	1	1
305.177	5044	4	1
305.234	5045	2	1
305.292	5046	1	1
305.350	5047	3	1
305.407	5048	1	1
305.407	5049	2	1
305.407	5050	4	1
305.465	5051	3	1
305.523	5052	2	1
305.581	5053	3	1
305.638	5054	1	1
305.638	5055	4	1
305.696	5056	2	1
305.754	5057	3	1
305.754	5058	4	1
305.811	5059	2	1
305.869	5060	1	1
305.869	5061	3	1
305.869	5062	4	1
305.927	5063	2	1
305.984	5064	1	1
305.984	5065	3	1
306.042	5066	4	1
306.100	5067	1	1
306.100	5068	2	1
306.100	5069	3	1
306.157	5070	4	1
306.215	5071	1	1
306.215	5072	2	1
306.273	5073	3	1
306.331	5074	1	1
306.331	5075	2	1
306.331	5076	4	1
306.388	5077	3	1
306.446	5078	2	1
306.446	5079	4	1
306.504	5080	1	1
306.561	5081	2	1
306.561	5082	3	1
306.619	5083	4	1
306.677	5084	3	1
306.734	5085	2	1
306.792	5086	1	1
306.792	5087	3	1
306.792	5088	4	1
306.850	5089	2	1
306.907	5090	1	1
306.965	5091	3	1
307.023	5092	1	1
307.023	5093	4	1
307.081	5094	3	1
307.138	5095	4	1
307.196	5096	2	1
307.254	5097	1	1
307.254	5098	3	1
307.254	5099	4	1
307.311	5100	2	1
307.369	5101	3	1
307.427	5102	2	1
307.484	5103	1	1
307.484	5104	4	1
307.542	5105	3	1
307.600	5106	1	1
307.600	5107	2	1
307.657	5108	3	1
307.715	5109	1	1
307.715	5110	2	1
307.715	5111	4	1
307.773	5112	3	1
307.831	5113	2	1
307.831	5114	4	1
307.888	5115	1	1
307.946	5116	2	1
307.946	5117	3	1
307.946	5118	4	1
308.004	5119	1	1
308.061	5120	3	1
308.061	5121	4	1
308.119	5122	2	1
308.177	5123	1	1
308.177	5124	3	1
308.177	5125	4	1
308.234	5126	2	1
308.292	5127	1	1
308.292	5128	3	1
308.350	5129	4	1
308.407	5130	2	1
308.407	5131	3	1
308.465	5132	1	1
308.523	5133	2	1
308.581	5134	3	1
308.638	5135	1	1
308.638	5136	2	1
308.638	5137	4	1
308.696	5138	3	1
308.754	5139	4	1
308.811	5140	2	1
308.869	5141	1	1
308.869	5142	4	1
308.927	5143	2	1
308.984	5144	1	1
309.042	5145	3	1
309.100	5146	1	1
309.100	5147	2	1
309.100	5148	4	1
309.157	5149	3	1
309.215	5150	1	1
309.215	5151	2	1
309.215	5152	4	1
309.273	5153	3	1
309.331	5154	2	1
309.331	5155	4	1
309.388	5156	1	1
309.446	5157	2	1
309.504	5158	1	1
309.561	5159	3	1
309.561	5160	4	1
309.619	5161	2	1
309.677	5162	1	1
309.734	5163	4	1
309.792	5164	2	1
309.792	5165	3	1
309.850	5166	1	1
309.907	5167	2	1
309.965	5168	3	1
310.023	5169	1	1
310.023	5170	4	1
310.081	5171	2	1
310.138	5172	3	1
310.196	5173	4	1
310.254	5174	2	1
310.254	5175	3	1
310.311	5176	1	1
310.369	5177	2	1
310.427	5178	3	1
310.484	5179	1	1
310.484	5180	2	1
310.484	5181	4	1
310.542	5182	3	1
310.600	5183	4	1
310.657	5184	2	1
310.715	5185	1	1
310.715	5186	4	1
310.773	5187	2	1
310.831	5188	1	1
310.888	5189	3	1
310.946	5190	1	1
310.946	5191	2	1
310.946	5192	4	1
311.004	5193	3	1
311.061	5194	2	1
311.119	5195	3	1
311.177	5196	1	1
311.177	5197	4	1
311.234	5198	2	1
311.292	5199	3	1
311.292	5200	4	1
311.350	5201	2	1
311.407	5202	1	1
311.407	5203	3	1
311.407	5204	4	1
311.465	5205	2	1
311.523	5206	1	1
311.523	5207	3	1
311.581	5208	4	1
311.638	5209	1	1
311.638	5210	2	1
311.638	5211	3	1
311.696	5212	4	1
311.754	5213	1	1
311.754	5214	2	1
311.811	5215	3	1
311.869	5216	1	1
311.869	5217	2	1
311.869	5218	4	1
311.927	5219	3	1
311.984	5220	2	1
311.984	5221	4	1
312.042	5222	1	1
312.100	5223	2	1
312.100	5224	3	1
312.157	5225	1	1
312.215	5226	2	1
312.273	5227	3	1
312.331	5228	1	1
312.331	5229	2	1
312.331	5230	4	1
312.388	5231	3	1
312.446	5232	4	1
312.504	5233	2	1
312.561	5234	1	1
312.561	5235	4	1
312.619	5236	2	1
312.677	5237	1	1
312.734	5238	3	1
312.792	5239	1	1
312.792	5240	2	1
312.792	5241	4	1
312.850	5242	3	1
312.907	5243	2	1
312.965	5244	3	1
313.023	5245	1	1
313.023	5246	4	1
313.081	5247	2	1
313.138	5248	3	1
313.138	5249	4	1
313.196	5250	2	1
313.254	5251	1	1
313.254	5252	3	1
313.254	5253	4	1
313.311	5254	2	1
313.369	5255	1	1
313.369	5256	3	1
313.427	5257	4	1
313.484	5258	1	1
313.484	5259	2	1
313.484	5260	3	1
313.542	5261	4	1
313.600	5262	1	1
313.600	5263	2	1
313.657	5264	3	1
313.715	5265	1	1
313.715	5266	2	1
313.715	5267	4	1
313.773	5268	3	1
313.831	5269	2	1
313.831	5270	4	1
313.888	5271	1	1
313.946	5272	2	1
313.946	5273	3	1
314.004	5274	4	1
314.061	5275	3	1
314.119	5276	2	1
314.177	5277	1	1
314.177	5278	3	1
314.177	5279	4	1
314.234	5280	2	1
314.292	5281	1	1
314.350	5282	3	1
314.407	5283	1	1
314.407	5284	4	1
314.465	5285	3	1
314.523	5286	4	1
314.581	5287	2	1
314.638	5288	1	1
314.638	5289	3	1
314.638	5290	4	1
314.696	5291	2	1
314.754	5292	3	1
314.811	5293	2	1
314.869	5294	1	1
314.869	5295	4	1
314.927	5296	3	1
314.984	5297	1	1
314.984	5298	2	1
315.042	5299	3	1
315.100	5300	1	1
315.100	5301	2	1
315.100	5302	4	1
315.157	5303	3	1
315.215	5304	2	1
315.215	5305	4	1
315.273	5306	1	1
315.331	5307	2	1
315.331	5308	3	1
315.331	5309	4	1
315.388	5310	1	1
315.446	5311	3	1
315.446	5312	4	1
315.504	5313	2	1
315.561	5314	1	1
315.561	5315	3	1
315.561	5316	4	1
315.619	5317	2	1
315.677	5318	1	1
315.677	5319	3	1
315.734	5320	4	1
315.792	5321	2	1
315.792	5322	3	1
315.850	5323	1	1
315.907	5324	2	1
315.965	5325	3	1
316.023	5326	1	1
316.023	5327	2	1
316.023	5328	4	1
316.081	5329	3	1
316.138	5330	4	1
316.196	5331	2	1
316.254	5332	1	1
316.254	5333	4	1
316.311	5334	2	1
316.369	5335	1	1
316.427	5336	3	1
316.484	5337	1	1
316.484	5338	2	1
316.484	5339	4	1
316.542	5340	3	1
316.600	5341	1	1
316.600	5342	2	1
316.600	5343	4	1
316.657	5344	3	1
316.715	5345	2	1
316.715	5346	4	1
316.773	5347	1	1
316.831	5348	2	1
316.888	5349	1	1
316.946	5350	3	1
316.946	5351	4	1
317.004	5352	2	1
317.061	5353	1	1
317.119	5354	4	1
317.177	5355	2	1
317.177	5356	3	1
317.234	5357	1	1
317.292	5358	2	1
317.350	5359	3	1
317.407	5360	1	1
317.407	5361	2	1
317.407	5362	4	1
317.465	5363	3	1
317.523	5364	1	1
317.581	5365	4	1
317.638	5366	1	1
317.638	5367	2	2
317.638	5368	3	1
317.869	5369	3	1
317.869	5370	2	3
318.100	5371	1	1
318.100	5372	3	2
318.100	5373	4	1
318.331	5374	2	1
318.331	5375	3	3
318.446	5376	1	1
318.561	5377	1	2
318.561	5378	2	1
318.561	5379	3	1
318.792	5380	3	1
318.792	5381	1	3
319.023	5382	1	1
319.023	5383	2	2
319.023	5384	3	1
319.254	5385	1	1
319.254	5386	2	3
319.427	5387	3	1
319.484	5388	1	1
319.484	5389	4	2
319.715	5390	2	1
319.715	5391	4	3
319.946	5392	1	1
319.946	5393	4	2
320.177	5394	1	1
320.177	5395	2	1
320.177	5396	4	3
320.292	5397	1	1
320.292	5398	2	1
320.407	5399	1	1
320.407	5400	3	2
320.407	5401	4	2
320.638	5402	1	1
320.638	5403	2	1
320.638	5404	3	3
320.638	5405	4	3
320.754	5406	1	1
320.869	5407	2	2
320.869	5408	4	2
320.984	5409	3	1
321.100	5410	1	2
321.100	5411	2	3
321.100	5412	4	3
321.331	5413	2	1
321.331	5414	3	2
321.331	5415	4	2
321.331	5416	1	3
321.561	5417	1	1
321.561	5418	2	1
321.561	5419	3	3
321.561	5420	4	3
321.792	5421	1	2
322.023	5422	3	1
322.023	5423	1	3
322.254	5424	3	2
322.254	5425	4	2
322.484	5426	2	1
322.484	5427	3	3
322.484	5428	4	3
322.715	5429	1	2
322.715	5430	3	2
322.946	5431	2	1
322.946	5432	1	3
322.946	5433	3	3
323.177	5434	3	2
323.177	5435	4	2
323.407	5436	2	1
323.407	5437	3	3
323.407	5438	4	3
323.638	5439	1	2
323.638	5440	3	1
323.638	5441	4	2
323.869	5442	2	1
323.869	5443	1	3
323.869	5444	4	3
323.984	5445	3	1
324.100	5446	1	1
324.100	5447	2	2
324.100	5448	4	2
324.331	5449	1	1
324.331	5450	2	3
324.331	5451	4	3
324.446	5452	1	1
324.561	5453	2	1
324.561	5454	3	2
324.561	5455	4	2
324.677	5456	2	1
324.792	5457	1	2
324.792	5458	4	3
324.907	5459	4	1
325.023	5460	2	1
325.023	5461	4	2
325.023	5462	1	3
325.023	5463	3	3
325.254	5464	2	1
325.484	5465	1	2
325.484	5466	3	1
325.484	5467	4	3
325.715	5468	2	1
325.715	5469	1	3
325.946	5470	1	1
325.946	5471	3	2
325.946	5472	4	2
326.177	5473	2	1
326.177	5474	3	3
326.177	5475	4	3
326.407	5476	1	2
326.407	5477	4	2
326.638	5478	3	1
326.638	5479	1	3
326.638	5480	4	3
326.869	5481	2	2
326.869	5482	4	2
327.100	5483	1	1
327.100	5484	2	3
327.100	5485	4	3
327.331	5486	2	1
327.331	5487	3	2
327.331	5488	4	2
327.561	5489	1	1
327.561	5490	2	1
327.561	5491	3	3
327.561	5492	4	3
327.677	5493	3	1
327.792	5494	2	1
327.792	5495	3	2
327.792	5496	4	1
328.023	5497	2	1
328.023	5498	4	2
328.138	5499	1	1
328.254	5500	2	2
328.254	5501	3	3
328.254	5502	4	3
328.369	5503	1	1
328.484	5504	3	1
328.484	5505	4	2
328.484	5506	2	3
328.715	5507	1	2
328.715	5508	2	1
328.715	5509	3	2
328.715	5510	4	3
328.946	5511	4	2
328.946	5512	3	3
329.177	5513	2	1
329.177	5514	3	2
329.177	5515	1	3
329.177	5516	4	3
329.407	5517	1	1
329.407	5518	3	3
329.638	5519	2	1
329.638	5520	3	2
329.638	5521	4	2
329.869	5522	1	1
329.869	5523	3	3
329.869	5524	4	3
330.100	5525	2	2
330.100	5526	4	2
330.331	5527	1	1
330.331	5528	2	3
330.331	5529	4	3
330.561	5530	2	1
330.561	5531	3	2
330.561	5532	4	2
330.792	5533	1	1
330.792	5534	3	3
330.792	5535	4	3
331.023	5536	2	2
331.023	5537	3	1
331.023	5538	4	2
331.254	5539	1	1
331.254	5540	2	3
331.254	5541	4	3
331.484	5542	2	1
331.484	5543	3	2
331.484	5544	4	2
331.561	5545	1	1
331.638	5546	2	1
331.715	5547	1	2
331.715	5548	3	3
331.715	5549	4	3
331.831	5550	3	1
331.946	5551	2	2
331.946	5552	3	1
331.946	5553	4	2
331.946	5554	1	3
332.023	5555	1	1
332.100	5556	3	1
332.177	5557	1	1
332.177	5558	2	3
332.177	5559	4	3
332.292	5560	1	1
332.292	5561	2	1
332.407	5562	2	1
332.407	5563	3	1
332.407	5564	4	2
332.638	5565	4	3
332.869	5566	1	2
332.869	5567	3	1
332.869	5568	4	2
333.100	5569	1	3
333.100	5570	4	3
333.331	5571	1	1
333.331	5572	3	2
333.331	5573	4	2
333.561	5574	3	3
333.561	5575	4	3
333.792	5576	2	2
333.792	5577	3	2
333.792	5578	4	1
334.023	5579	2	3
334.023	5580	3	3
334.254	5581	2	1
334.254	5582	3	2
334.254	5583	4	2
334.484	5584	3	3
334.484	5585	4	3
334.715	5586	1	2
334.715	5587	3	1
334.715	5588	4	2
334.946	5589	3	1
334.946	5590	1	3
334.946	5591	4	3
335.061	5592	3	1
335.177	5593	1	1
335.177	5594	3	2
335.177	5595	4	2
335.407	5596	1	2
335.407	5597	2	1
335.407	5598	3	3
335.407	5599	4	3
335.523	5600	2	1
335.638	5601	3	2
335.638	5602	4	2
335.638	5603	1	3
335.754	5604	2	1
335.869	5605	1	1
335.869	5606	3	3
335.869	5607	4	3
336.100	5608	2	2
336.100	5609	3	1
336.100	5610	4	2
336.331	5611	1	1
336.331	5612	2	3
336.331	5613	4	3
336.561	5614	1	1
336.561	5615	3	2
336.561	5616	4	2
336.792	5617	1	1
336.792	5618	3	3
336.792	5619	4	3
337.023	5620	1	1
337.023	5621	2	2
337.023	5622	4	2
337.254	5623	1	1
337.254	5624	2	3
337.254	5625	4	3
337.484	5626	1	2
337.484	5627	2	2
337.484	5628	3	1
337.715	5629	3	1
337.715	5630	1	3
337.715	5631	2	3
337.946	5632	2	1
337.946	5633	3	2
337.946	5634	4	2
338.177	5635	1	1
338.177	5636	3	3
338.177	5637	4	3
338.407	5638	2	2
338.407	5639	3	1
338.407	5640	4	2
338.638	5641	1	1
338.638	5642	2	3
338.638	5643	4	3
338.754	5644	2	1
338.754	5645	3	1
338.869	5646	2	2
338.869	5647	3	2
338.869	5648	4	1
339.100	5649	1	1
339.100	5650	2	3
339.100	5651	3	3
339.215	5652	1	1
339.331	5653	2	1
339.331	5654	3	1
339.446	5655	4	1
339.561	5656	1	2
339.561	5657	3	1
339.792	5658	2	1
339.792	5659	3	2
339.792	5660	4	2
339.792	5661	1	3
340.023	5662	1	2
340.023	5663	3	3
340.023	5664	4	3
340.254	5665	2	2
340.254	5666	3	2
340.254	5667	1	3
340.484	5668	4	2
340.484	5669	2	3
340.484	5670	3	3
340.715	5671	1	2
340.715	5672	3	2
340.715	5673	4	3
340.946	5674	2	2
340.946	5675	1	3
340.946	5676	3	3
341.177	5677	3	2
341.177	5678	4	2
341.177	5679	2	3
341.407	5680	1	2
341.407	5681	3	3
341.407	5682	4	3
341.638	5683	2	2
341.638	5684	4	2
341.638	5685	1	3
341.869	5686	1	2
341.869	5687	2	3
341.869	5688	4	3
342.100	5689	3	2
342.100	5690	4	2
342.100	5691	1	3
342.331	5692	1	1
342.331	5693	2	2
342.331	5694	3	3
342.331	5695	4	3
342.446	5696	3	1
342.561	5697	1	2
342.561	5698	3	1
342.561	5699	4	2
342.561	5700	2	3
342.792	5701	2	2
342.792	5702	3	1
342.792	5703	1	3
342.792	5704	4	3
342.907	5705	1	1
343.023	5706	1	2
343.023	5707	2	3
343.138	5708	3	1
343.254	5709	3	2
343.254	5710	4	2
343.254	5711	1	3
343.484	5712	1	1
343.484	5713	2	2
343.484	5714	3	3
343.484	5715	4	3
343.946	5716	1	1
343.946	5717	3	2
343.946	5718	4	2
343.946	5719	2	3
344.177	5720	3	3
344.177	5721	4	3
344.407	5722	1	1
344.407	5723	2	2
344.407	5724	4	2
344.638	5725	1	1
344.638	5726	2	3
344.638	5727	4	3
344.869	5728	1	1
344.869	5729	2	2
344.869	5730	3	2
345.100	5731	4	1
345.100	5732	2	3
345.100	5733	3	3
345.331	5734	1	1
345.331	5735	3	2
345.331	5736	4	2
345.561	5737	1	1
345.561	5738	3	3
345.561	5739	4	3
345.792	5740	2	1
345.792	5741	3	2
345.792	5742	4	1
346.023	5743	1	1
346.138	5744	1	1
346.138	5745	2	1
346.254	5746	1	1
346.254	5747	4	1
346.254	5748	3	3
346.331	5749	2	1
346.331	5750	3	1
346.407	5751	1	1
346.484	5752	3	1
346.484	5753	4	2
346.600	5754	2	1
346.715	5755	1	1
346.715	5756	3	2
346.715	5757	4	3
346.792	5758	2	1
346.869	5759	1	1
346.946	5760	2	1
346.946	5761	4	1
346.946	5762	3	3
347.061	5763	1	1
347.061	5764	2	1
347.061	5765	3	1
347.177	5766	1	1
347.177	5767	2	1
347.177	5768	3	1
347.177	5769	4	2
347.407	5770	1	2
347.407	5771	2	1
347.407	5772	4	3
347.638	5773	3	2
347.638	5774	4	1
347.638	5775	1	3
347.869	5776	1	2
347.869	5777	2	1
347.869	5778	3	3
348.100	5779	2	1
348.100	5780	3	1
348.100	5781	4	2
348.100	5782	1	3
348.331	5783	1	2
348.331	5784	2	1
348.331	5785	4	3
348.561	5786	3	2
348.561	5787	4	1
348.561	5788	1	3
348.792	5789	1	2
348.792	5790	2	1
348.792	5791	3	3
349.023	5792	2	1
349.023	5793	3	1
349.023	5794	4	2
349.023	5795	1	3
349.254	5796	1	2
349.254	5797	2	1
349.254	5798	4	3
349.484	5799	3	2
349.484	5800	4	1
349.484	5801	1	3
349.715	5802	1	2
349.715	5803	2	1
349.715	5804	3	3
349.946	5805	2	1
349.946	5806	3	1
349.946	5807	4	2
349.946	5808	1	3
350.177	5809	1	2
350.177	5810	2	1
350.177	5811	4	3
350.407	5812	3	2
350.407	5813	4	1
350.407	5814	1	3
350.638	5815	1	2
350.638	5816	2	1
350.638	5817	3	3
350.696	5818	4	1
350.754	5819	3	1
350.811	5820	2	1
350.869	5821	3	1
350.869	5822	4	2
350.869	5823	1	3
351.100	5824	1	1
351.100	5825	2	2
351.100	5826	4	3
351.331	5827	1	2
351.331	5828	3	1
351.331	5829	2	3
351.561	5830	2	2
351.561	5831	4	1
351.561	5832	1	3
351.792	5833	1	1
351.792	5834	3	1
351.792	5835	4	2
351.792	5836	2	3
352.023	5837	1	1
352.023	5838	2	2
352.023	5839	4	3
352.254	5840	1	2
352.254	5841	3	1
352.254	5842	2	3
352.484	5843	2	2
352.484	5844	4	1
352.484	5845	1	3
352.715	5846	1	1
352.715	5847	3	1
352.715	5848	4	2
352.715	5849	2	3
352.946	5850	1	1
352.946	5851	2	2
352.946	5852	4	3
353.177	5853	1	2
353.177	5854	3	1
353.177	5855	2	3
353.407	5856	2	2
353.407	5857	4	1
353.407	5858	1	3
353.638	5859	1	1
353.638	5860	3	1
353.638	5861	4	2
353.638	5862	2	3
353.869	5863	1	1
353.869	5864	2	2
353.869	5865	4	3
354.100	5866	1	2
354.100	5867	3	1
354.100	5868	2	3
354.331	5869	3	1
354.331	5870	4	1
354.331	5871	1	3
354.388	5872	1	1
354.388	5873	2	1
354.446	5874	3	1
354.446	5875	4	1
354.504	5876	2	1
354.561	5877	1	2
354.561	5878	3	1
354.561	5879	4	1
354.792	5880	2	1
354.792	5881	3	2
354.792	5882	1	3
355.023	5883	1	1
355.023	5884	4	2
355.023	5885	3	3
355.254	5886	2	1
355.254	5887	3	2
355.254	5888	4	3
355.484	5889	1	2
355.484	5890	2	1
355.484	5891	4	1
355.484	5892	3	3
355.715	5893	2	1
355.715	5894	3	2
355.715	5895	1	3
355.946	5896	1	1
355.946	5897	4	2
355.946	5898	3	3
356.177	5899	2	1
356.177	5900	3	2
356.177	5901	4	3
356.407	5902	1	2
356.407	5903	2	1
356.407	5904	4	1
356.407	5905	3	3
356.638	5906	2	1
356.638	5907	3	2
356.638	5908	1	3
356.869	5909	1	1
356.869	5910	4	2
356.869	5911	3	3
357.100	5912	2	1
357.100	5913	3	2
357.100	5914	4	3
357.331	5915	1	2
357.331	5916	2	1
357.331	5917	4	1
357.331	5918	3	3
357.561	5919	2	1
357.561	5920	3	2
357.561	5921	1	3
357.792	5922	1	1
357.792	5923	2	1
357.792	5924	4	2
357.792	5925	3	3
358.023	5926	1	1
358.023	5927	2	1
358.023	5928	3	2
358.023	5929	4	3
358.254	5930	1	2
358.254	5931	2	1
358.254	5932	4	1
358.254	5933	3	3
358.484	5934	2	2
358.484	5935	3	1
358.484	5936	1	3
358.715	5937	1	1
358.715	5938	3	2
358.715	5939	2	3
358.946	5940	1	1
358.946	5941	4	2
358.946	5942	3	3
359.177	5943	1	2
359.177	5944	2	1
359.177	5945	3	1
359.177	5946	4	3
359.407	5947	2	2
359.407	5948	3	1
359.407	5949	1	3
359.638	5950	1	1
359.638	5951	3	2
359.638	5952	2	3
359.869	5953	1	1
359.869	5954	4	2
359.869	5955	3	3
360.100	5956	1	2
360.100	5957	2	1
360.100	5958	3	1
360.100	5959	4	3
360.331	5960	2	2
360.331	5961	3	1
360.331	5962	1	3
360.561	5963	1	1
360.561	5964	3	2
360.561	5965	2	3
360.792	5966	1	1
360.792	5967	4	2
360.792	5968	3	3
361.023	5969	1	2
361.023	5970	2	1
361.023	5971	3	1
361.023	5972	4	3
361.138	5973	2	1
361.138	5974	4	1
361.254	5975	2	2
361.254	5976	3	1
361.254	5977	1	3
361.369	5978	1	1
361.369	5979	3	1
361.369	5980	4	1
361.484	5981	1	1
361.484	5982	4	2
361.484	5983	2	3
361.600	5984	2	1
361.600	5985	3	1
361.715	5986	1	1
361.715	5987	3	2
361.715	5988	4	3
361.831	5989	2	1
361.831	5990	4	1
361.946	5991	1	1
361.946	5992	2	1
361.946	5993	4	2
361.946	5994	3	3
362.177	5995	1	2
362.177	5996	2	1
362.177	5997	4	3
362.407	5998	3	2
362.407	5999	4	1
362.407	6000	1	3
362.638	6001	1	2
362.638	6002	2	1
362.638	6003	3	3
362.869	6004	2	1
362.869	6005	3	1
362.869	6006	4	2
362.869	6007	1	3
363.100	6008	1	2
363.100	6009	2	1
363.100	6010	4	3
363.331	6011	3	2
363.331	6012	4	1
363.331	6013	1	3
363.561	6014	1	2
363.561	6015	2	1
363.561	6016	3	3
363.792	6017	2	1
363.792	6018	3	1
363.792	6019	4	2
363.792	6020	1	3
364.023	6021	1	2
364.023	6022	2	1
364.023	6023	4	3
364.254	6024	3	2
364.254	6025	4	1
364.254	6026	1	3
364.484	6027	1	2
364.484	6028	2	1
364.484	6029	3	3
364.715	6030	2	1
364.715	6031	3	1
364.715	6032	4	2
364.715	6033	1	3
364.946	6034	1	2
364.946	6035	2	1
364.946	6036	4	3
365.177	6037	3	2
365.177	6038	4	1
365.177	6039	1	3
365.407	6040	1	2
365.407	6041	2	1
365.407	6042	3	3
365.465	6043	4	1
365.523	6044	3	1
365.581	6045	2	1
365.638	6046	3	1
365.638	6047	4	2
365.638	6048	1	3
365.869	6049	1	1
365.869	6050	2	2
365.869	6051	4	3
366.100	6052	1	2
366.100	6053	3	1
366.100	6054	2	3
366.331	6055	2	2
366.331	6056	4	1
366.331	6057	1	3
366.561	6058	1	1
366.561	6059	3	1
366.561	6060	4	2
366.561	6061	2	3
366.792	6062	1	1
366.792	6063	2	2
366.792	6064	4	3
367.023	6065	1	2
367.023	6066	3	1
367.023	6067	2	3
367.254	6068	2	2
367.254	6069	4	1
367.254	6070	1	3
367.484	6071	1	1
367.484	6072	3	1
367.484	6073	4	2
367.484	6074	2	3
367.715	6075	1	1
367.715	6076	2	2
367.715	6077	4	3
367.946	6078	1	2
367.946	6079	3	1
367.946	6080	2	3
368.177	6081	2	2
368.177	6082	4	1
368.177	6083	1	3
368.407	6084	1	1
368.407	6085	3	1
368.407	6086	4	2
368.407	6087	2	3
368.638	6088	1	1
368.638	6089	2	2
368.638	6090	4	3
368.869	6091	1	2
368.869	6092	3	1
368.869	6093	2	3
369.100	6094	3	1
369.100	6095	4	1
369.100	6096	1	3
369.157	6097	1	1
369.157	6098	2	1
369.215	6099	3	1
369.215	6100	4	1
369.273	6101	2	1
369.331	6102	1	2
369.331	6103	3	1
369.331	6104	4	1
369.561	6105	2	1
369.561	6106	3	2
369.561	6107	1	3
369.792	6108	1	1
369.792	6109	4	2
369.792	6110	3	3
370.023	6111	2	1
370.023	6112	3	2
370.023	6113	4	3
370.254	6114	1	2
370.254	6115	2	1
370.254	6116	4	1
370.254	6117	3	3
370.484	6118	2	1
370.484	6119	3	2
370.484	6120	1	3
370.715	6121	1	1
370.715	6122	4	2
370.715	6123	3	3
370.946	6124	2	1
370.946	6125	3	2
370.946	6126	4	3
371.177	6127	1	2
371.177	6128	2	1
371.177	6129	4	1
371.177	6130	3	3
371.407	6131	2	1
371.407	6132	3	2
371.407	6133	1	3
371.638	6134	1	1
371.638	6135	4	2
371.638	6136	3	3
371.869	6137	2	1
371.869	6138	3	2
371.869	6139	4	3
372.100	6140	1	2
372.100	6141	2	1
372.100	6142	4	1
372.100	6143	3	3
372.331	6144	2	1
372.331	6145	3	2
372.331	6146	1	3
372.561	6147	1	1
372.561	6148	2	1
372.561	6149	4	2
372.561	6150	3	3
372.792	6151	1	1
372.792	6152	2	1
372.792	6153	3	2
372.792	6154	4	3
373.023	6155	1	2
373.023	6156	2	1
373.023	6157	4	1
373.023	6158	3	3
373.254	6159	2	2
373.254	6160	3	1
373.254	6161	1	3
373.484	6162	1	1
373.484	6163	3	2
373.484	6164	2	3
373.715	6165	1	1
373.715	6166	4	2
373.715	6167	3	3
373.946	6168	1	2
373.946	6169	2	1
373.946	6170	3	1
373.946	6171	4	3
374.177	6172	2	2
374.177	6173	3	1
374.177	6174	1	3
374.407	6175	1	1
374.407	6176	3	2
374.407	6177	2	3
374.638	6178	1	1
374.638	6179	4	2
374.638	6180	3	3
374.869	6181	1	2
374.869	6182	2	1
374.869	6183	3	1
374.869	6184	4	3
375.100	6185	2	2
375.100	6186	3	1
375.100	6187	1	3
375.331	6188	1	1
375.331	6189	3	2
375.331	6190	2	3
375.561	6191	1	1
375.561	6192	4	2
375.561	6193	3	3
375.792	6194	1	1
375.792	6195	2	1
375.792	6196	3	1
375.792	6197	4	3
375.907	6198	2	1
376.023	6199	1	1
376.023	6200	3	1
376.023	6201	4	1
376.138	6202	3	1
376.254	6203	1	1
376.254	6204	2	1
376.254	6205	4	1
376.369	6206	1	1
376.484	6207	2	1
376.484	6208	3	1
376.484	6209	4	1
376.600	6210	4	1
376.715	6211	1	1
376.715	6212	2	1
376.715	6213	3	1