Song Name	The Best of Cametek Mashup [EXTENDED CUT] (Hard) by Camellia (Arranged by HimitsuHiketsu)
Difficulty	34
Primary Color	Rush
Secondary Color	Rush
Audio Asset ID	rbxassetid://9060591401
Audio File	9060591401.ogg
Last Note Time	414.971
Total Notes	6585
Fever Fill	1726
Fever Time	62.245650
Long Notes	1402
BPM	205
Song Length	415.971000000

Timing Points
0.005	300.000000
61.805	300.000000
93.005	300.000000
121.805	300.000000
122.405	300.000000
339.605	256.410256
339.605	256.410256
359.989	300.000000
388.790	272.727273
388.790	272.727273


Song Data
0.005	1	1	1
0.005	2	2	1
0.005	3	3	1
0.005	4	4	1
0.305	5	1	2
0.380	6	2	1
0.380	7	1	3
0.455	8	4	2
0.530	9	2	1
0.530	10	4	3
0.567	11	3	2
0.905	12	2	1
0.905	13	3	3
0.980	14	1	2
1.055	15	1	3
1.130	16	2	1
1.167	17	3	2
1.505	18	2	1
1.505	19	3	3
1.542	20	4	2
1.730	21	3	2
1.730	22	4	3
1.955	23	2	2
1.955	24	3	3
2.030	25	2	3
2.105	26	1	1
2.180	27	3	2
2.255	28	3	3
2.330	29	1	1
2.367	30	2	2
2.630	31	2	3
2.705	32	1	2
2.780	33	2	1
2.780	34	1	3
2.855	35	4	2
2.930	36	2	1
2.930	37	4	3
2.967	38	3	2
3.305	39	2	1
3.305	40	3	3
3.380	41	1	2
3.455	42	1	3
3.530	43	2	1
3.567	44	3	2
3.905	45	2	1
3.905	46	3	3
3.942	47	4	2
4.130	48	3	2
4.130	49	4	3
4.355	50	2	2
4.355	51	3	3
4.430	52	2	3
4.505	53	1	1
4.580	54	2	2
4.655	55	1	1
4.655	56	2	3
4.730	57	3	1
4.767	58	4	2
4.805	59	1	1
4.880	60	2	1
4.955	61	3	1
5.030	62	2	1
5.030	63	4	3
5.105	64	1	2
5.180	65	2	1
5.180	66	1	3
5.255	67	4	2
5.330	68	2	1
5.330	69	4	3
5.367	70	3	2
5.405	71	1	1
5.480	72	2	1
5.555	73	4	1
5.630	74	1	1
5.705	75	2	1
5.705	76	3	3
5.780	77	1	2
5.817	78	3	1
5.855	79	2	1
5.855	80	1	3
5.892	81	4	1
5.930	82	3	2
5.967	83	2	1
6.005	84	1	1
6.080	85	2	1
6.155	86	4	1
6.230	87	1	1
6.305	88	2	1
6.305	89	3	3
6.342	90	4	2
6.380	91	1	1
6.455	92	2	1
6.530	93	3	2
6.530	94	4	3
6.605	95	1	1
6.680	96	4	1
6.755	97	2	2
6.755	98	3	3
6.830	99	4	1
6.830	100	2	3
6.905	101	2	1
6.980	102	1	2
7.017	103	3	1
7.055	104	2	1
7.055	105	1	3
7.092	106	4	1
7.130	107	3	1
7.167	108	2	2
7.205	109	1	1
7.280	110	4	1
7.355	111	3	1
7.430	112	4	1
7.430	113	2	3
7.505	114	1	2
7.580	115	2	1
7.580	116	1	3
7.655	117	3	1
7.730	118	2	2
7.805	119	4	1
7.880	120	3	1
7.955	121	1	1
8.030	122	4	1
8.105	123	3	1
8.105	124	2	3
8.142	125	4	1
8.180	126	2	1
8.217	127	1	1
8.255	128	3	1
8.292	129	4	1
8.330	130	2	1
8.367	131	1	1
8.405	132	3	1
8.405	133	4	1
8.480	134	3	1
8.480	135	4	1
8.555	136	1	2
8.930	137	2	1
9.005	138	3	1
9.080	139	4	1
9.155	140	2	1
9.230	141	3	1
9.305	142	4	1
9.305	143	1	3
9.342	144	3	1
9.380	145	2	1
9.417	146	1	1
9.455	147	3	1
9.530	148	2	1
9.605	149	1	1
9.605	150	3	2
9.905	151	1	1
9.905	152	2	2
9.905	153	3	3
10.130	154	4	2
10.130	155	2	3
10.205	156	1	1
10.505	157	1	1
10.505	158	3	2
10.505	159	4	3
10.730	160	1	2
10.730	161	3	3
10.805	162	3	1
11.105	163	3	1
11.405	164	3	1
11.405	165	1	3
11.555	166	1	2
11.630	167	1	3
11.705	168	2	2
11.705	169	4	1
11.780	170	3	2
11.780	171	2	3
11.855	172	3	3
11.930	173	3	2
12.005	174	2	1
12.230	175	3	3
12.305	176	2	1
12.305	177	3	2
12.530	178	4	2
12.530	179	3	3
12.605	180	2	1
12.830	181	4	3
12.905	182	1	1
12.905	183	2	2
13.205	184	1	1
13.205	185	4	2
13.205	186	2	3
13.430	187	1	1
13.430	188	3	2
13.430	189	4	3
13.655	190	2	2
13.655	191	3	3
13.805	192	1	1
13.805	193	3	2
13.805	194	2	3
14.030	195	2	2
14.030	196	3	3
14.105	197	4	1
14.255	198	1	2
14.255	199	2	3
14.405	200	3	2
14.405	201	4	1
14.405	202	1	3
14.705	203	4	1
15.005	204	4	1
15.005	205	3	3
15.155	206	1	2
15.230	207	1	3
15.305	208	2	2
15.305	209	4	1
15.380	210	3	2
15.380	211	2	3
15.455	212	3	3
15.530	213	4	2
15.605	214	2	1
15.905	215	1	2
15.905	216	2	1
15.905	217	4	3
16.055	218	1	3
16.130	219	3	2
16.205	220	2	1
16.505	221	2	1
16.505	222	4	2
16.505	223	3	3
16.730	224	4	3
16.767	225	3	2
16.805	226	4	1
16.880	227	2	2
16.880	228	3	3
16.955	229	1	2
16.955	230	2	3
17.105	231	4	1
17.405	232	4	1
17.405	233	1	3
17.592	234	3	2
17.705	235	2	2
17.705	236	4	1
17.705	237	3	3
17.855	238	1	2
17.855	239	2	3
18.005	240	3	2
18.005	241	4	1
18.005	242	1	3
18.305	243	4	1
18.380	244	1	2
18.380	245	3	3
18.455	246	2	2
18.455	247	1	3
18.530	248	3	2
18.530	249	2	3
18.605	250	4	1
18.905	251	3	3
19.055	252	1	2
19.130	253	2	2
19.130	254	1	3
19.205	255	3	2
19.205	256	4	1
19.205	257	2	3
19.355	258	2	1
19.505	259	1	1
19.505	260	2	2
19.505	261	4	1
19.505	262	3	3
19.655	263	3	1
19.730	264	4	2
19.730	265	2	3
19.805	266	1	1
19.805	267	2	1
19.955	268	3	1
20.105	269	1	1
20.105	270	2	1
20.105	271	3	2
20.105	272	4	3
20.255	273	2	1
20.330	274	1	2
20.330	275	3	3
20.405	276	3	1
20.405	277	4	1
20.555	278	2	1
20.705	279	2	1
20.705	280	3	1
20.705	281	4	1
20.855	282	3	1
21.005	283	2	1
21.005	284	4	1
21.005	285	1	3
21.155	286	1	2
21.230	287	1	3
21.305	288	1	1
21.305	289	2	2
21.305	290	4	1
21.380	291	3	2
21.380	292	2	3
21.455	293	1	1
21.455	294	3	3
21.530	295	3	2
21.605	296	1	1
21.605	297	2	1
21.755	298	4	1
21.830	299	3	3
21.905	300	1	1
21.905	301	2	1
21.905	302	3	2
22.055	303	1	1
22.130	304	4	2
22.130	305	3	3
22.205	306	2	1
22.205	307	3	1
22.355	308	1	1
22.430	309	4	3
22.505	310	1	1
22.505	311	2	2
22.505	312	4	1
22.655	313	3	1
22.805	314	1	1
22.805	315	4	2
22.805	316	2	3
22.955	317	2	1
23.030	318	3	2
23.030	319	4	3
23.105	320	1	1
23.105	321	2	1
23.105	322	4	1
23.255	323	2	2
23.255	324	3	3
23.405	325	1	1
23.405	326	3	2
23.405	327	2	3
23.555	328	4	1
23.630	329	2	2
23.630	330	3	3
23.705	331	1	1
23.705	332	3	1
23.705	333	4	1
23.855	334	1	2
23.855	335	2	3
24.005	336	3	2
24.005	337	4	1
24.005	338	1	3
24.155	339	2	1
24.305	340	1	1
24.305	341	2	1
24.305	342	4	1
24.455	343	2	1
24.605	344	1	1
24.605	345	4	1
24.605	346	3	3
24.755	347	1	2
24.830	348	1	3
24.905	349	1	1
24.905	350	2	1
24.905	351	3	1
24.942	352	4	2
25.055	353	2	1
25.055	354	4	3
25.130	355	3	2
25.205	356	1	1
25.205	357	2	1
25.355	358	4	1
25.505	359	1	1
25.505	360	2	1
25.505	361	4	1
25.505	362	3	3
25.542	363	3	2
25.655	364	1	1
25.655	365	3	3
25.730	366	2	2
25.805	367	1	1
25.805	368	3	1
25.955	369	4	1
26.105	370	1	1
26.105	371	3	2
26.105	372	4	1
26.105	373	2	3
26.255	374	1	1
26.255	375	3	3
26.292	376	2	1
26.330	377	3	1
26.367	378	4	1
26.405	379	1	1
26.405	380	2	1
26.480	381	3	1
26.555	382	1	2
26.630	383	2	1
26.705	384	3	1
26.705	385	1	3
26.780	386	4	1
26.855	387	2	1
26.930	388	1	1
27.005	389	3	1
27.080	390	2	1
27.155	391	3	1
27.192	392	4	2
27.230	393	1	1
27.305	394	2	2
27.305	395	4	3
27.380	396	1	2
27.380	397	2	3
27.455	398	3	1
27.455	399	1	3
27.530	400	2	2
27.605	401	4	1
27.680	402	3	1
27.680	403	2	3
27.755	404	2	1
27.830	405	1	1
27.905	406	2	2
27.980	407	3	1
28.055	408	4	1
28.130	409	3	2
28.130	410	2	3
28.205	411	2	1
28.280	412	1	1
28.355	413	4	1
28.430	414	2	1
28.505	415	4	2
28.505	416	3	3
28.580	417	2	1
28.655	418	3	1
28.730	419	1	1
28.730	420	4	3
28.767	421	2	2
28.805	422	4	1
28.880	423	3	1
28.880	424	2	3
28.955	425	1	2
29.030	426	2	1
29.105	427	3	1
29.105	428	1	3
29.180	429	4	1
29.255	430	2	1
29.330	431	1	1
29.405	432	3	1
29.480	433	2	1
29.555	434	3	1
29.592	435	4	2
29.630	436	1	1
29.705	437	2	2
29.705	438	4	3
29.780	439	1	2
29.780	440	2	3
29.855	441	4	1
29.855	442	1	3
29.930	443	2	2
30.005	444	3	1
30.005	445	4	1
30.080	446	1	1
30.155	447	4	1
30.155	448	2	3
30.230	449	1	2
30.230	450	2	1
30.230	451	3	1
30.305	452	4	1
30.380	453	3	1
30.380	454	1	3
30.455	455	1	1
30.455	456	2	2
30.455	457	4	1
30.605	458	1	2
30.605	459	3	2
30.605	460	4	2
30.605	461	2	3
30.755	462	3	3
30.905	463	4	3
31.055	464	1	3
31.205	465	1	1
31.205	466	2	1
31.205	467	3	1
31.205	468	4	2
31.355	469	1	1
31.355	470	2	1
31.505	471	1	1
31.505	472	2	1
31.655	473	1	1
31.655	474	2	1
31.805	475	1	1
31.805	476	2	1
31.955	477	1	1
31.955	478	2	1
32.105	479	1	1
32.105	480	2	1
32.255	481	1	1
32.255	482	2	1
32.405	483	1	1
32.405	484	2	1
32.555	485	1	1
32.555	486	2	1
32.705	487	1	1
32.705	488	2	1
32.855	489	1	1
32.855	490	2	1
32.855	491	4	3
33.005	492	1	1
33.005	493	3	2
33.005	494	4	1
33.155	495	1	1
33.155	496	4	1
33.305	497	1	1
33.305	498	4	1
33.305	499	3	3
33.455	500	1	2
33.455	501	3	1
33.455	502	4	1
33.605	503	3	1
33.605	504	4	1
33.755	505	3	1
33.755	506	4	1
33.905	507	3	1
33.905	508	4	1
34.055	509	3	1
34.055	510	4	1
34.205	511	3	1
34.205	512	4	1
34.355	513	3	1
34.355	514	4	1
34.505	515	3	1
34.505	516	4	1
34.655	517	3	1
34.655	518	4	1
34.805	519	3	1
34.805	520	4	1
34.955	521	3	1
34.955	522	4	1
35.105	523	3	1
35.105	524	4	1
35.255	525	3	1
35.255	526	4	1
35.405	527	3	1
35.405	528	4	1
35.405	529	1	3
35.555	530	3	1
35.555	531	4	1
35.705	532	3	1
35.705	533	4	1
35.855	534	3	1
35.855	535	4	1
36.005	536	2	1
36.005	537	3	1
36.005	538	4	2
36.080	539	1	1
36.155	540	2	1
36.155	541	3	1
36.230	542	1	1
36.305	543	2	1
36.305	544	3	1
36.380	545	1	1
36.455	546	2	1
36.455	547	3	1
36.530	548	1	1
36.530	549	4	3
36.605	550	3	1
36.605	551	4	2
36.680	552	1	1
36.680	553	2	1
36.680	554	4	3
36.755	555	3	1
36.755	556	4	2
36.830	557	1	1
36.830	558	2	1
36.830	559	4	3
36.905	560	3	1
36.905	561	4	2
36.980	562	1	1
36.980	563	2	1
36.980	564	4	3
37.055	565	3	1
37.055	566	4	2
37.130	567	1	1
37.130	568	2	1
37.130	569	4	3
37.205	570	3	1
37.205	571	4	2
37.280	572	1	1
37.280	573	2	1
37.280	574	4	3
37.355	575	3	1
37.355	576	4	2
37.430	577	1	1
37.430	578	2	1
37.430	579	4	3
37.505	580	3	1
37.505	581	4	2
37.580	582	1	1
37.580	583	2	1
37.580	584	4	3
37.655	585	3	1
37.655	586	4	2
37.730	587	1	1
37.730	588	2	1
37.730	589	4	3
37.805	590	3	1
37.805	591	4	2
37.880	592	1	1
37.880	593	2	1
37.880	594	4	3
37.955	595	3	1
37.955	596	4	2
38.030	597	1	1
38.030	598	2	1
38.030	599	4	3
38.105	600	3	1
38.105	601	4	2
38.180	602	1	1
38.180	603	2	1
38.180	604	4	3
38.255	605	3	1
38.255	606	4	2
38.330	607	1	1
38.330	608	2	1
38.330	609	4	3
38.405	610	3	1
38.405	611	4	1
38.455	612	2	1
38.505	613	1	1
38.555	614	3	1
38.555	615	4	1
38.605	616	2	1
38.655	617	1	1
38.705	618	4	1
38.742	619	3	1
38.780	620	2	1
38.817	621	1	1
38.855	622	4	1
38.892	623	3	1
38.930	624	2	1
38.967	625	1	1
39.005	626	4	1
39.042	627	3	1
39.080	628	2	1
39.117	629	1	1
39.155	630	4	1
39.192	631	3	1
39.230	632	2	1
39.267	633	1	1
39.305	634	4	1
39.342	635	3	1
39.380	636	2	1
39.417	637	1	1
39.455	638	4	1
39.492	639	3	1
39.530	640	2	1
39.567	641	1	1
39.605	642	3	1
39.605	643	4	2
39.755	644	1	1
39.830	645	2	1
39.905	646	3	1
39.980	647	2	1
40.055	648	1	1
40.055	649	4	3
40.205	650	3	2
40.355	651	1	1
40.405	652	2	1
40.455	653	4	1
40.505	654	2	1
40.505	655	3	3
40.655	656	1	2
40.805	657	2	2
40.805	658	3	2
40.805	659	4	1
40.805	660	1	3
40.955	661	2	3
40.955	662	3	3
41.105	663	2	2
41.105	664	3	2
41.105	665	4	1
41.255	666	1	2
41.255	667	4	2
41.255	668	2	3
41.255	669	3	3
41.405	670	2	1
41.405	671	3	1
41.555	672	2	2
41.555	673	3	2
41.555	674	1	3
41.555	675	4	3
41.705	676	1	1
41.705	677	4	1
41.705	678	2	3
41.705	679	3	3
41.855	680	1	2
41.855	681	2	2
42.005	682	3	1
42.005	683	4	1
42.005	684	1	3
42.005	685	2	3
42.155	686	1	2
42.155	687	2	2
42.305	688	3	2
42.305	689	4	2
42.305	690	1	3
42.305	691	2	3
42.455	692	3	3
42.455	693	4	3
42.605	694	1	2
42.605	695	3	1
42.605	696	4	2
42.755	697	2	2
42.755	698	1	3
42.905	699	1	2
42.905	700	3	2
42.905	701	2	3
42.905	702	4	3
43.055	703	4	2
43.055	704	3	3
43.205	705	2	2
43.205	706	3	2
43.205	707	1	3
43.205	708	4	3
43.355	709	2	3
43.355	710	3	3
43.505	711	1	1
43.505	712	3	2
43.505	713	4	2
43.655	714	1	2
43.655	715	2	2
43.655	716	3	3
43.655	717	4	3
43.805	718	3	1
43.805	719	4	1
43.955	720	3	2
43.955	721	4	2
43.955	722	1	3
43.955	723	2	3
44.105	724	1	1
44.105	725	2	1
44.105	726	3	3
44.105	727	4	3
44.255	728	1	2
44.255	729	4	2
44.405	730	2	1
44.405	731	3	1
44.405	732	1	3
44.405	733	4	3
44.555	734	2	2
44.555	735	4	2
44.705	736	1	2
44.705	737	3	2
44.705	738	2	3
44.705	739	4	3
44.855	740	2	2
44.855	741	4	2
44.855	742	1	3
44.855	743	3	3
45.005	744	1	1
45.005	745	3	1
45.005	746	2	3
45.005	747	4	3
45.155	748	3	2
45.155	749	4	2
45.305	750	1	1
45.305	751	2	1
45.305	752	3	3
45.305	753	4	3
45.455	754	3	1
45.530	755	4	1
45.605	756	1	1
45.605	757	2	2
45.605	758	3	2
45.755	759	2	3
45.755	760	3	3
45.905	761	2	2
45.905	762	3	2
45.905	763	4	1
46.055	764	1	2
46.055	765	4	2
46.055	766	2	3
46.055	767	3	3
46.205	768	2	1
46.205	769	3	1
46.355	770	2	2
46.355	771	3	2
46.355	772	1	3
46.355	773	4	3
46.505	774	1	1
46.505	775	4	1
46.505	776	2	3
46.505	777	3	3
46.655	778	1	1
46.655	779	2	1
46.730	780	1	1
46.730	781	2	1
46.805	782	3	1
46.805	783	4	1
46.955	784	1	2
46.955	785	2	2
47.105	786	3	2
47.105	787	4	2
47.105	788	1	3
47.105	789	2	3
47.255	790	3	3
47.255	791	4	3
47.405	792	1	1
47.405	793	2	2
47.405	794	4	2
47.555	795	3	2
47.555	796	2	3
47.705	797	1	2
47.705	798	2	2
47.705	799	3	3
47.705	800	4	3
47.855	801	3	1
47.855	802	4	1
47.855	803	1	3
47.855	804	2	3
47.930	805	3	1
47.930	806	4	1
48.005	807	1	1
48.005	808	2	1
48.155	809	3	1
48.155	810	4	1
48.305	811	1	1
48.305	812	2	1
48.455	813	3	1
48.455	814	4	1
48.605	815	1	1
48.605	816	2	1
48.755	817	3	1
48.755	818	4	1
48.905	819	1	1
48.905	820	2	1
48.980	821	3	1
48.980	822	4	1
49.055	823	1	1
49.055	824	2	1
49.130	825	3	1
49.130	826	4	1
49.205	827	1	1
49.205	828	2	1
49.355	829	1	2
49.430	830	2	2
49.430	831	1	3
49.505	832	3	2
49.505	833	2	3
49.580	834	4	2
49.580	835	3	3
49.655	836	2	2
49.655	837	4	3
49.730	838	3	2
49.730	839	2	3
49.805	840	4	2
49.805	841	3	3
49.880	842	2	2
49.880	843	4	3
49.955	844	3	2
49.955	845	2	3
50.030	846	1	2
50.030	847	3	3
50.105	848	4	2
50.105	849	1	3
50.180	850	2	2
50.180	851	4	3
50.255	852	1	2
50.255	853	2	3
50.330	854	3	2
50.330	855	1	3
50.405	856	1	1
50.405	857	2	1
50.405	858	4	2
50.405	859	3	3
50.555	860	1	1
50.555	861	3	1
50.705	862	1	1
50.705	863	2	1
50.855	864	1	1
50.855	865	3	1
51.005	866	1	1
51.005	867	2	1
51.155	868	1	1
51.155	869	3	1
51.305	870	1	1
51.305	871	2	1
51.455	872	1	1
51.455	873	3	1
51.605	874	1	1
51.605	875	2	1
51.755	876	1	1
51.755	877	3	1
51.905	878	1	1
51.905	879	2	1
52.055	880	1	1
52.055	881	3	1
52.055	882	4	3
52.205	883	1	1
52.205	884	3	2
52.205	885	4	1
52.355	886	2	1
52.355	887	4	1
52.505	888	1	1
52.505	889	4	1
52.505	890	3	3
52.655	891	1	2
52.655	892	2	1
52.655	893	4	1
52.805	894	3	1
52.805	895	4	1
52.955	896	2	1
52.955	897	4	1
53.105	898	3	1
53.105	899	4	1
53.255	900	2	1
53.255	901	4	1
53.405	902	3	1
53.405	903	4	1
53.555	904	2	2
53.555	905	4	1
53.705	906	3	2
53.705	907	4	1
53.705	908	2	3
53.855	909	2	1
53.855	910	4	1
53.855	911	3	3
54.005	912	3	1
54.005	913	4	1
54.155	914	2	1
54.155	915	4	1
54.305	916	3	1
54.305	917	4	1
54.455	918	2	1
54.455	919	4	1
54.605	920	3	1
54.605	921	4	1
54.605	922	1	3
54.755	923	2	1
54.755	924	4	1
54.905	925	3	1
54.905	926	4	1
55.055	927	2	1
55.055	928	4	1
55.205	929	2	1
55.205	930	3	1
55.205	931	4	2
55.280	932	1	1
55.355	933	2	1
55.355	934	3	1
55.430	935	1	1
55.505	936	2	1
55.505	937	3	1
55.580	938	1	1
55.655	939	2	1
55.655	940	3	1
55.730	941	1	1
55.730	942	4	3
55.805	943	3	1
55.805	944	4	2
55.880	945	1	1
55.880	946	2	1
55.880	947	4	3
55.955	948	3	1
55.955	949	4	2
56.030	950	1	1
56.030	951	2	1
56.030	952	4	3
56.105	953	3	1
56.105	954	4	2
56.180	955	1	1
56.180	956	2	1
56.180	957	4	3
56.255	958	3	1
56.255	959	4	2
56.330	960	1	1
56.330	961	2	1
56.330	962	4	3
56.405	963	3	1
56.405	964	4	2
56.480	965	1	1
56.480	966	2	1
56.480	967	4	3
56.555	968	3	1
56.555	969	4	2
56.630	970	1	1
56.630	971	2	1
56.630	972	4	3
56.705	973	3	1
56.705	974	4	2
56.780	975	1	1
56.780	976	2	1
56.780	977	4	3
56.855	978	3	1
56.855	979	4	2
56.930	980	1	1
56.930	981	2	1
56.930	982	4	3
57.005	983	3	1
57.005	984	4	2
57.080	985	1	1
57.080	986	2	1
57.080	987	4	3
57.155	988	3	1
57.155	989	4	2
57.230	990	1	1
57.230	991	2	1
57.230	992	4	3
57.305	993	3	1
57.305	994	4	2
57.380	995	1	1
57.380	996	2	1
57.380	997	4	3
57.455	998	3	1
57.455	999	4	2
57.530	1000	1	1
57.530	1001	2	1
57.530	1002	4	3
57.605	1003	3	1
57.605	1004	4	1
57.655	1005	2	1
57.705	1006	1	1
57.755	1007	3	1
57.755	1008	4	1
57.805	1009	2	1
57.855	1010	1	1
57.905	1011	4	1
57.942	1012	3	1
57.980	1013	2	1
58.017	1014	1	1
58.055	1015	4	1
58.092	1016	3	1
58.130	1017	2	1
58.167	1018	1	1
58.205	1019	4	1
58.242	1020	3	1
58.280	1021	2	1
58.317	1022	1	1
58.355	1023	4	1
58.392	1024	3	1
58.430	1025	2	1
58.467	1026	1	1
58.505	1027	4	1
58.542	1028	3	1
58.580	1029	2	1
58.617	1030	1	1
58.655	1031	4	1
58.692	1032	3	1
58.730	1033	2	1
58.767	1034	1	1
58.805	1035	3	1
58.805	1036	4	2
58.955	1037	1	1
59.030	1038	2	1
59.105	1039	3	1
59.180	1040	2	1
59.255	1041	1	1
59.255	1042	4	3
59.405	1043	3	2
59.555	1044	1	1
59.605	1045	2	1
59.655	1046	4	1
59.705	1047	2	1
59.705	1048	3	3
59.855	1049	1	2
60.005	1050	2	1
60.005	1051	3	1
60.005	1052	4	1
60.005	1053	1	3
60.605	1054	3	1
61.205	1055	3	1
61.805	1056	3	1
61.805	1057	4	2
62.405	1058	3	1
63.005	1059	3	1
63.005	1060	4	3
63.605	1061	3	1
64.205	1062	2	2
64.205	1063	4	2
64.355	1064	4	3
64.505	1065	1	2
64.655	1066	1	3
64.805	1067	3	2
65.405	1068	1	1
65.405	1069	4	1
65.405	1070	3	3
66.605	1071	3	2
66.605	1072	4	2
66.605	1073	2	3
66.905	1074	2	2
66.905	1075	4	3
67.055	1076	1	2
67.055	1077	2	3
67.205	1078	4	2
67.205	1079	1	3
67.805	1080	1	1
67.805	1081	4	3
68.405	1082	4	2
69.005	1083	1	2
69.005	1084	2	2
69.005	1085	3	3
69.005	1086	4	3
69.305	1087	3	2
69.305	1088	1	3
69.455	1089	1	2
69.455	1090	3	3
69.605	1091	4	2
69.605	1092	1	3
70.205	1093	1	1
70.205	1094	4	3
71.255	1095	1	2
71.405	1096	3	2
71.405	1097	4	2
71.405	1098	1	3
71.405	1099	2	3
71.705	1100	2	2
71.705	1101	4	3
71.855	1102	1	2
71.855	1103	2	3
72.005	1104	2	1
72.005	1105	4	2
72.005	1106	1	3
72.155	1107	2	1
72.305	1108	2	1
72.455	1109	2	1
72.605	1110	1	2
72.605	1111	2	1
72.605	1112	4	3
72.755	1113	2	1
72.905	1114	2	1
72.905	1115	1	3
73.055	1116	2	1
73.205	1117	2	1
73.205	1118	4	2
73.355	1119	2	1
73.505	1120	2	1
73.655	1121	2	1
73.805	1122	1	2
73.805	1123	2	1
73.805	1124	3	3
73.805	1125	4	3
73.955	1126	3	1
74.105	1127	4	2
74.105	1128	1	3
74.255	1129	2	1
74.405	1130	1	2
74.405	1131	3	1
74.405	1132	4	3
74.555	1133	2	1
74.705	1134	3	1
74.705	1135	4	1
74.855	1136	4	2
74.855	1137	1	3
75.005	1138	1	2
75.005	1139	4	3
75.155	1140	3	1
75.305	1141	2	1
75.305	1142	3	1
75.305	1143	4	2
75.305	1144	1	3
75.455	1145	2	1
75.605	1146	1	2
75.605	1147	3	1
75.605	1148	4	3
75.755	1149	2	1
75.905	1150	3	1
76.055	1151	4	2
76.055	1152	1	3
76.205	1153	1	2
76.205	1154	2	1
76.205	1155	3	1
76.205	1156	4	3
76.355	1157	3	1
76.505	1158	4	2
76.505	1159	1	3
76.655	1160	2	1
76.805	1161	1	2
76.805	1162	3	1
76.805	1163	4	3
76.955	1164	2	1
77.105	1165	3	1
77.105	1166	4	1
77.255	1167	4	2
77.255	1168	1	3
77.292	1169	3	1
77.330	1170	2	1
77.405	1171	1	2
77.405	1172	4	3
77.555	1173	3	1
77.555	1174	4	1
77.705	1175	3	1
77.705	1176	4	1
77.855	1177	2	1
78.005	1178	3	1
78.005	1179	4	2
78.005	1180	1	3
78.155	1181	1	1
78.305	1182	2	1
78.455	1183	3	1
78.605	1184	1	2
78.605	1185	2	1
78.605	1186	3	1
78.605	1187	4	3
78.755	1188	3	1
78.905	1189	4	2
78.905	1190	1	3
79.055	1191	2	1
79.205	1192	1	2
79.205	1193	3	1
79.205	1194	4	3
79.355	1195	2	1
79.505	1196	3	1
79.505	1197	4	1
79.655	1198	4	2
79.655	1199	1	3
79.805	1200	1	2
79.805	1201	4	3
79.955	1202	3	1
80.105	1203	2	1
80.105	1204	3	1
80.105	1205	4	2
80.105	1206	1	3
80.255	1207	2	1
80.405	1208	1	2
80.405	1209	3	1
80.405	1210	4	3
80.555	1211	2	1
80.705	1212	3	1
80.855	1213	4	2
80.855	1214	1	3
81.005	1215	1	2
81.005	1216	2	1
81.005	1217	3	1
81.005	1218	4	3
81.155	1219	3	1
81.305	1220	4	2
81.305	1221	1	3
81.455	1222	2	1
81.605	1223	1	2
81.605	1224	3	1
81.605	1225	4	3
81.755	1226	2	1
81.905	1227	3	1
81.905	1228	4	1
82.055	1229	2	2
82.055	1230	1	3
82.205	1231	4	2
82.205	1232	2	3
82.355	1233	1	2
82.355	1234	2	2
82.430	1235	1	3
82.430	1236	2	3
82.505	1237	1	2
82.505	1238	2	2
82.730	1239	4	3
82.805	1240	3	1
82.805	1241	4	1
82.805	1242	1	3
82.805	1243	2	3
83.105	1244	4	2
83.255	1245	1	1
83.255	1246	4	3
83.330	1247	2	1
83.405	1248	1	1
83.405	1249	3	2
83.405	1250	4	2
83.480	1251	2	1
83.555	1252	1	1
83.630	1253	2	1
83.630	1254	3	3
83.630	1255	4	3
83.705	1256	3	1
83.705	1257	4	1
83.780	1258	2	1
83.855	1259	1	1
83.930	1260	2	2
84.005	1261	4	1
84.080	1262	3	1
84.155	1263	1	1
84.230	1264	3	2
84.230	1265	2	3
84.305	1266	4	1
84.380	1267	2	1
84.455	1268	1	1
84.530	1269	4	1
84.530	1270	3	3
84.605	1271	1	2
84.605	1272	2	2
84.605	1273	3	1
84.680	1274	4	1
84.755	1275	3	1
84.830	1276	4	1
84.830	1277	1	3
84.830	1278	2	3
84.905	1279	3	1
84.980	1280	2	1
85.055	1281	1	1
85.055	1282	4	1
85.130	1283	3	1
85.205	1284	2	1
85.280	1285	1	1
85.355	1286	4	1
85.430	1287	2	1
85.505	1288	3	2
85.580	1289	4	1
85.655	1290	2	1
85.730	1291	1	1
85.730	1292	3	3
85.805	1293	2	1
85.805	1294	3	2
85.805	1295	4	2
85.880	1296	1	1
85.955	1297	2	1
86.030	1298	1	1
86.030	1299	3	3
86.030	1300	4	3
86.105	1301	2	1
86.180	1302	1	1
86.255	1303	4	1
86.330	1304	1	2
86.405	1305	3	1
86.480	1306	2	1
86.555	1307	4	1
86.630	1308	2	2
86.630	1309	1	3
86.705	1310	4	1
86.780	1311	3	1
86.855	1312	1	1
86.930	1313	4	2
86.930	1314	2	3
87.005	1315	3	1
87.080	1316	2	1
87.155	1317	1	1
87.230	1318	3	1
87.305	1319	2	1
87.305	1320	4	3
87.380	1321	1	1
87.455	1322	4	1
87.530	1323	3	1
87.605	1324	2	1
87.680	1325	1	1
87.755	1326	4	2
87.830	1327	3	1
87.905	1328	2	1
87.980	1329	1	1
88.055	1330	3	1
88.130	1331	2	1
88.205	1332	1	1
88.205	1333	3	1
88.205	1334	4	3
88.280	1335	1	1
88.355	1336	3	1
88.430	1337	3	1
88.505	1338	2	1
88.580	1339	2	1
88.655	1340	4	1
88.730	1341	4	1
88.805	1342	1	1
88.880	1343	1	1
88.955	1344	2	1
89.030	1345	2	1
89.105	1346	3	1
89.180	1347	3	1
89.255	1348	4	1
89.330	1349	4	1
89.405	1350	1	1
89.480	1351	1	1
89.555	1352	3	1
89.630	1353	3	1
89.705	1354	2	1
89.780	1355	2	1
89.855	1356	4	1
89.930	1357	4	1
90.005	1358	1	1
90.080	1359	1	1
90.155	1360	2	1
90.230	1361	2	1
90.305	1362	3	1
90.380	1363	3	1
90.455	1364	4	1
90.530	1365	4	1
90.605	1366	1	2
90.605	1367	2	2
90.605	1368	3	1
90.680	1369	4	1
90.755	1370	3	1
90.830	1371	4	1
90.830	1372	1	3
90.830	1373	2	3
90.905	1374	1	2
90.905	1375	2	2
90.905	1376	3	1
90.980	1377	4	1
91.055	1378	3	1
91.055	1379	1	3
91.055	1380	2	3
91.130	1381	1	2
91.130	1382	2	2
91.130	1383	4	1
91.205	1384	3	1
91.280	1385	4	1
91.280	1386	1	3
91.280	1387	2	3
91.355	1388	1	2
91.355	1389	2	2
91.355	1390	3	1
91.430	1391	4	1
91.505	1392	3	1
91.505	1393	1	3
91.505	1394	2	3
91.580	1395	1	2
91.580	1396	2	2
91.580	1397	4	1
91.655	1398	3	1
91.730	1399	4	1
91.805	1400	3	1
91.805	1401	1	3
91.805	1402	2	3
91.955	1403	4	2
92.255	1404	1	2
92.255	1405	4	3
92.555	1406	3	2
92.555	1407	1	3
92.705	1408	4	1
92.705	1409	3	3
92.780	1410	1	1
92.855	1411	2	1
92.930	1412	3	1
93.005	1413	1	2
93.005	1414	2	1
93.005	1415	4	1
93.080	1416	1	3
93.155	1417	1	2
93.230	1418	1	3
93.305	1419	1	1
93.305	1420	2	1
93.305	1421	4	2
93.380	1422	4	3
93.455	1423	3	2
93.530	1424	3	3
93.605	1425	2	2
93.680	1426	2	3
93.755	1427	1	2
93.755	1428	4	1
93.830	1429	1	3
93.905	1430	1	1
93.905	1431	2	1
93.905	1432	3	2
93.980	1433	3	3
94.055	1434	3	2
94.130	1435	3	3
94.205	1436	3	2
94.205	1437	4	1
94.280	1438	3	3
94.355	1439	1	2
94.430	1440	1	3
94.505	1441	1	1
94.505	1442	2	1
94.505	1443	4	2
94.580	1444	4	3
94.655	1445	3	2
94.730	1446	3	3
94.805	1447	2	2
94.880	1448	2	3
94.955	1449	1	2
94.955	1450	4	1
95.030	1451	1	3
95.105	1452	1	1
95.105	1453	2	1
95.105	1454	3	2
95.180	1455	3	3
95.255	1456	3	2
95.255	1457	4	1
95.330	1458	3	3
95.405	1459	1	2
95.405	1460	4	1
95.480	1461	1	3
95.555	1462	1	2
95.630	1463	1	3
95.705	1464	1	1
95.705	1465	2	1
95.705	1466	4	2
95.780	1467	4	3
95.855	1468	3	2
95.930	1469	3	3
96.005	1470	2	2
96.080	1471	2	3
96.155	1472	1	2
96.155	1473	4	1
96.230	1474	1	3
96.305	1475	1	1
96.305	1476	2	1
96.305	1477	3	2
96.380	1478	3	3
96.455	1479	3	2
96.530	1480	3	3
96.605	1481	3	2
96.605	1482	4	1
96.680	1483	3	3
96.755	1484	4	2
96.830	1485	4	3
96.905	1486	1	1
96.905	1487	2	1
96.905	1488	3	2
96.980	1489	3	3
97.055	1490	2	2
97.130	1491	2	3
97.205	1492	1	2
97.205	1493	4	1
97.280	1494	1	3
97.355	1495	3	2
97.355	1496	4	1
97.430	1497	3	3
97.505	1498	1	1
97.505	1499	2	1
97.505	1500	4	2
97.580	1501	4	3
97.655	1502	1	1
97.655	1503	2	1
97.655	1504	4	2
97.730	1505	4	3
97.805	1506	1	2
97.805	1507	4	1
97.880	1508	1	3
97.955	1509	1	2
98.030	1510	1	3
98.105	1511	1	1
98.105	1512	2	1
98.105	1513	4	2
98.180	1514	4	3
98.255	1515	3	2
98.330	1516	3	3
98.405	1517	2	2
98.480	1518	2	3
98.555	1519	1	2
98.555	1520	4	1
98.630	1521	1	3
98.705	1522	1	1
98.705	1523	2	1
98.705	1524	3	2
98.780	1525	3	3
98.855	1526	3	2
98.930	1527	3	3
99.005	1528	3	2
99.005	1529	4	1
99.080	1530	3	3
99.155	1531	1	2
99.230	1532	1	3
99.305	1533	1	1
99.305	1534	2	1
99.305	1535	4	2
99.380	1536	4	3
99.455	1537	3	2
99.530	1538	3	3
99.605	1539	2	2
99.680	1540	2	3
99.755	1541	1	2
99.755	1542	4	1
99.830	1543	1	3
99.905	1544	1	1
99.905	1545	2	1
99.905	1546	3	2
99.980	1547	3	3
100.055	1548	3	2
100.055	1549	4	1
100.130	1550	3	3
100.205	1551	1	2
100.205	1552	4	1
100.280	1553	1	3
100.355	1554	1	2
100.430	1555	1	3
100.505	1556	1	1
100.505	1557	2	1
100.505	1558	4	2
100.580	1559	4	3
100.655	1560	3	2
100.730	1561	3	3
100.805	1562	2	2
100.880	1563	2	3
100.955	1564	1	2
100.955	1565	4	1
101.030	1566	1	3
101.105	1567	1	1
101.105	1568	2	1
101.105	1569	3	2
101.180	1570	3	3
101.255	1571	3	2
101.330	1572	3	3
101.405	1573	3	2
101.405	1574	4	1
101.480	1575	3	3
101.555	1576	4	2
101.630	1577	4	3
101.705	1578	1	1
101.705	1579	2	1
101.705	1580	3	2
101.780	1581	3	3
101.855	1582	2	2
101.930	1583	2	3
102.005	1584	3	1
102.005	1585	4	2
102.080	1586	4	3
102.155	1587	3	2
102.155	1588	4	1
102.230	1589	3	3
102.305	1590	1	1
102.305	1591	2	2
102.305	1592	4	1
102.380	1593	2	3
102.455	1594	1	2
102.455	1595	2	1
102.455	1596	4	1
102.530	1597	1	3
102.605	1598	1	2
102.605	1599	4	1
102.680	1600	1	3
102.755	1601	1	2
102.830	1602	1	3
102.905	1603	1	1
102.905	1604	2	1
102.905	1605	4	2
102.980	1606	4	3
103.055	1607	3	2
103.130	1608	3	3
103.205	1609	2	2
103.280	1610	2	3
103.355	1611	1	2
103.355	1612	4	1
103.430	1613	1	3
103.505	1614	1	1
103.505	1615	2	1
103.505	1616	3	2
103.580	1617	3	3
103.655	1618	3	2
103.730	1619	3	3
103.805	1620	3	2
103.805	1621	4	1
103.880	1622	3	3
103.955	1623	1	2
104.030	1624	1	3
104.105	1625	1	1
104.105	1626	2	1
104.105	1627	4	2
104.180	1628	4	3
104.255	1629	3	2
104.330	1630	3	3
104.405	1631	2	2
104.480	1632	2	3
104.555	1633	1	2
104.555	1634	4	1
104.630	1635	1	3
104.705	1636	1	1
104.705	1637	2	1
104.705	1638	3	2
104.780	1639	3	3
104.855	1640	3	2
104.855	1641	4	1
104.930	1642	3	3
105.005	1643	1	2
105.005	1644	4	1
105.080	1645	1	3
105.155	1646	1	2
105.230	1647	1	3
105.305	1648	1	1
105.305	1649	2	1
105.305	1650	4	2
105.380	1651	4	3
105.455	1652	3	2
105.530	1653	3	3
105.605	1654	2	2
105.680	1655	2	3
105.755	1656	1	2
105.755	1657	4	1
105.830	1658	1	3
105.905	1659	1	1
105.905	1660	2	1
105.905	1661	3	2
105.980	1662	3	3
106.055	1663	3	2
106.130	1664	3	3
106.205	1665	3	2
106.205	1666	4	1
106.280	1667	3	3
106.355	1668	4	2
106.430	1669	4	3
106.505	1670	1	1
106.505	1671	2	1
106.505	1672	3	2
106.580	1673	3	3
106.655	1674	2	2
106.730	1675	2	3
106.805	1676	1	2
106.805	1677	4	1
106.880	1678	1	3
106.955	1679	3	2
106.955	1680	4	1
107.030	1681	3	3
107.105	1682	1	1
107.105	1683	2	1
107.105	1684	4	2
107.180	1685	4	3
107.255	1686	1	1
107.255	1687	2	1
107.255	1688	4	2
107.330	1689	4	3
107.405	1690	1	2
107.405	1691	4	1
107.480	1692	1	3
107.555	1693	1	2
107.630	1694	1	3
107.705	1695	1	1
107.705	1696	2	1
107.705	1697	4	2
107.780	1698	4	3
107.855	1699	3	2
107.930	1700	3	3
108.005	1701	2	2
108.080	1702	2	3
108.155	1703	1	2
108.155	1704	4	1
108.230	1705	1	3
108.305	1706	1	1
108.305	1707	2	1
108.305	1708	3	2
108.380	1709	3	3
108.455	1710	3	2
108.530	1711	3	3
108.605	1712	3	2
108.605	1713	4	1
108.680	1714	3	3
108.755	1715	1	2
108.830	1716	1	3
108.905	1717	1	1
108.905	1718	2	1
108.905	1719	4	2
108.980	1720	4	3
109.055	1721	3	2
109.130	1722	3	3
109.205	1723	2	2
109.280	1724	2	3
109.355	1725	1	2
109.355	1726	4	1
109.430	1727	1	3
109.505	1728	1	1
109.505	1729	2	1
109.505	1730	3	2
109.580	1731	3	3
109.655	1732	3	2
109.655	1733	4	1
109.730	1734	3	3
109.805	1735	1	2
109.805	1736	4	1
109.880	1737	1	3
109.955	1738	1	2
110.030	1739	1	3
110.105	1740	1	1
110.105	1741	2	1
110.105	1742	4	2
110.180	1743	4	3
110.255	1744	3	2
110.330	1745	3	3
110.405	1746	2	2
110.480	1747	2	3
110.555	1748	1	2
110.555	1749	4	1
110.630	1750	1	3
110.705	1751	1	1
110.705	1752	2	1
110.705	1753	3	2
110.780	1754	3	3
110.855	1755	3	2
110.930	1756	3	3
111.005	1757	3	2
111.005	1758	4	1
111.080	1759	3	3
111.155	1760	4	2
111.230	1761	2	1
111.230	1762	4	3
111.305	1763	3	2
111.380	1764	3	3
111.455	1765	2	2
111.530	1766	1	1
111.530	1767	2	3
111.605	1768	4	2
111.680	1769	2	1
111.680	1770	4	3
111.755	1771	3	2
111.830	1772	1	1
111.830	1773	3	3
111.905	1774	2	2
112.055	1775	3	2
112.055	1776	2	3
112.205	1777	1	2
112.205	1778	2	1
112.205	1779	4	1
112.205	1780	3	3
112.280	1781	1	3
112.355	1782	1	2
112.430	1783	1	3
112.505	1784	4	2
112.580	1785	4	3
112.655	1786	3	2
112.730	1787	3	3
112.805	1788	1	1
112.805	1789	2	2
112.805	1790	3	1
112.880	1791	2	3
112.955	1792	1	2
113.030	1793	1	3
113.105	1794	3	2
113.180	1795	3	3
113.255	1796	3	2
113.330	1797	3	3
113.405	1798	3	2
113.405	1799	4	1
113.480	1800	3	3
113.555	1801	1	2
113.630	1802	1	3
113.705	1803	4	2
113.780	1804	4	3
113.855	1805	3	2
113.930	1806	3	3
114.005	1807	1	1
114.005	1808	2	2
114.005	1809	3	1
114.080	1810	2	3
114.155	1811	1	2
114.230	1812	1	3
114.305	1813	2	2
114.455	1814	3	2
114.455	1815	2	3
114.605	1816	1	2
114.605	1817	4	1
114.605	1818	3	3
114.680	1819	1	3
114.755	1820	1	2
114.830	1821	1	3
114.905	1822	4	2
114.980	1823	4	3
115.055	1824	3	2
115.130	1825	3	3
115.205	1826	1	1
115.205	1827	2	2
115.205	1828	3	1
115.280	1829	2	3
115.355	1830	1	2
115.430	1831	1	3
115.505	1832	3	2
115.580	1833	3	3
115.655	1834	3	2
115.730	1835	3	3
115.805	1836	3	2
115.805	1837	4	1
115.880	1838	3	3
115.955	1839	4	2
116.030	1840	4	3
116.105	1841	3	2
116.180	1842	3	3
116.255	1843	2	2
116.330	1844	2	3
116.405	1845	1	2
116.405	1846	2	1
116.405	1847	3	1
116.480	1848	1	3
116.555	1849	3	2
116.630	1850	3	3
116.705	1851	2	2
116.855	1852	3	2
116.855	1853	2	3
117.005	1854	1	2
117.005	1855	2	1
117.005	1856	4	1
117.005	1857	3	3
117.080	1858	1	3
117.155	1859	1	2
117.155	1860	2	1
117.230	1861	1	3
117.305	1862	3	1
117.305	1863	4	2
117.380	1864	4	3
117.455	1865	1	1
117.455	1866	3	2
117.455	1867	4	1
117.530	1868	3	3
117.605	1869	1	1
117.605	1870	2	2
117.680	1871	2	3
117.755	1872	1	2
117.755	1873	2	1
117.830	1874	1	3
117.905	1875	1	1
117.905	1876	3	2
117.905	1877	4	1
117.980	1878	3	3
118.055	1879	3	2
118.055	1880	4	1
118.130	1881	3	3
118.205	1882	1	1
118.205	1883	2	1
118.205	1884	3	2
118.280	1885	3	3
118.355	1886	1	2
118.355	1887	2	1
118.430	1888	1	3
118.505	1889	3	1
118.505	1890	4	2
118.580	1891	4	3
118.655	1892	1	1
118.655	1893	3	2
118.655	1894	4	1
118.730	1895	3	3
118.805	1896	1	1
118.805	1897	2	2
118.880	1898	2	3
118.955	1899	1	2
118.955	1900	2	1
119.030	1901	1	3
119.105	1902	1	1
119.105	1903	2	2
119.105	1904	4	1
119.255	1905	3	2
119.255	1906	4	1
119.255	1907	2	3
119.405	1908	1	2
119.405	1909	2	1
119.405	1910	4	1
119.405	1911	3	3
119.480	1912	1	3
119.555	1913	1	2
119.555	1914	2	1
119.630	1915	1	3
119.705	1916	3	1
119.705	1917	4	2
119.780	1918	4	3
119.855	1919	1	1
119.855	1920	3	2
119.855	1921	4	1
119.930	1922	3	3
120.005	1923	1	1
120.005	1924	2	2
120.080	1925	2	3
120.155	1926	1	2
120.155	1927	2	1
120.230	1928	1	3
120.305	1929	1	1
120.305	1930	3	2
120.305	1931	4	1
120.380	1932	3	3
120.455	1933	3	2
120.455	1934	4	1
120.530	1935	3	3
120.605	1936	1	1
120.605	1937	2	1
120.605	1938	4	1
120.680	1939	3	1
120.755	1940	1	1
120.755	1941	2	1
120.830	1942	4	1
120.905	1943	1	1
120.905	1944	2	1
120.905	1945	3	1
120.980	1946	4	1
121.055	1947	1	1
121.055	1948	2	1
121.130	1949	3	1
121.205	1950	1	1
121.205	1951	2	1
121.205	1952	4	1
121.280	1953	3	1
121.355	1954	1	1
121.355	1955	2	1
121.430	1956	4	1
121.505	1957	1	2
121.505	1958	2	2
121.505	1959	3	1
121.805	1960	3	2
121.805	1961	4	1
121.805	1962	1	3
121.805	1963	2	3
122.105	1964	1	1
122.405	1965	4	1
122.705	1966	1	1
122.855	1967	4	2
122.855	1968	3	3
123.005	1969	3	1
123.305	1970	1	1
123.605	1971	1	2
123.605	1972	2	1
123.605	1973	4	3
123.905	1974	4	1
124.055	1975	2	2
124.055	1976	1	3
124.205	1977	1	1
124.505	1978	4	1
124.805	1979	1	1
125.105	1980	4	1
125.255	1981	4	2
125.255	1982	2	3
125.405	1983	1	1
125.630	1984	1	1
125.705	1985	2	1
125.705	1986	3	2
125.705	1987	4	3
126.005	1988	1	1
126.005	1989	2	2
126.005	1990	3	3
126.305	1991	4	1
126.455	1992	3	2
126.455	1993	2	3
126.605	1994	1	1
126.905	1995	4	1
127.205	1996	1	1
127.505	1997	4	1
127.655	1998	1	2
127.655	1999	3	3
127.805	2000	2	2
127.805	2001	4	1
127.805	2002	1	3
127.955	2003	3	2
127.955	2004	2	3
128.030	2005	2	1
128.105	2006	1	1
128.105	2007	4	2
128.105	2008	3	3
128.255	2009	2	2
128.255	2010	4	3
128.405	2011	1	1
128.405	2012	4	2
128.405	2013	2	3
128.555	2014	3	2
128.555	2015	4	3
128.705	2016	4	1
128.855	2017	2	2
128.855	2018	3	3
129.005	2019	1	1
129.305	2020	4	1
129.605	2021	1	1
129.905	2022	4	1
130.205	2023	3	2
130.355	2024	2	3
130.355	2025	3	3
130.805	2026	1	1
130.805	2027	2	1
130.805	2028	3	1
130.805	2029	4	1
131.105	2030	1	1
131.105	2031	2	1
131.255	2032	1	1
131.255	2033	3	1
131.255	2034	4	1
131.405	2035	1	1
131.405	2036	2	1
131.705	2037	1	1
131.705	2038	3	1
131.705	2039	4	1
132.005	2040	1	1
132.005	2041	2	1
132.005	2042	4	1
132.305	2043	3	1
132.305	2044	4	1
132.455	2045	1	1
132.455	2046	2	1
132.455	2047	4	1
132.605	2048	3	1
132.605	2049	4	1
132.905	2050	1	1
132.905	2051	2	1
132.905	2052	4	1
133.205	2053	1	1
133.205	2054	3	1
133.205	2055	4	1
133.505	2056	1	1
133.505	2057	2	1
133.655	2058	1	1
133.655	2059	3	1
133.655	2060	4	1
133.805	2061	1	1
133.805	2062	2	1
134.105	2063	1	1
134.105	2064	3	1
134.105	2065	4	1
134.405	2066	1	1
134.405	2067	2	1
134.405	2068	4	1
134.705	2069	3	1
134.705	2070	4	1
134.855	2071	1	1
134.855	2072	2	1
134.855	2073	4	1
135.005	2074	3	1
135.005	2075	4	1
135.305	2076	1	1
135.305	2077	2	1
135.305	2078	4	1
135.605	2079	1	1
135.605	2080	2	1
135.605	2081	3	1
135.605	2082	4	1
135.755	2083	1	1
135.755	2084	2	1
135.905	2085	1	1
135.905	2086	3	1
135.905	2087	4	1
136.055	2088	3	1
136.055	2089	4	1
136.205	2090	1	1
136.205	2091	2	1
136.205	2092	4	1
136.355	2093	1	1
136.355	2094	2	1
136.505	2095	1	1
136.505	2096	3	1
136.505	2097	4	1
136.655	2098	3	1
136.655	2099	4	1
136.805	2100	1	1
136.805	2101	2	1
136.805	2102	4	1
136.955	2103	1	1
136.955	2104	2	1
137.105	2105	1	1
137.105	2106	3	1
137.105	2107	4	1
137.255	2108	3	1
137.255	2109	4	1
137.405	2110	1	1
137.405	2111	2	1
137.405	2112	4	1
137.555	2113	1	1
137.555	2114	2	1
137.705	2115	1	1
137.705	2116	3	1
137.705	2117	4	1
137.855	2118	3	1
137.855	2119	4	1
138.005	2120	1	1
138.005	2121	2	1
138.005	2122	4	1
138.155	2123	1	1
138.155	2124	2	1
138.305	2125	1	1
138.305	2126	3	1
138.305	2127	4	1
138.455	2128	3	1
138.455	2129	4	1
138.605	2130	1	1
138.605	2131	2	1
138.605	2132	4	1
138.755	2133	1	1
138.755	2134	2	1
138.905	2135	1	1
138.905	2136	3	1
138.905	2137	4	1
139.055	2138	3	1
139.055	2139	4	1
139.205	2140	1	1
139.205	2141	2	1
139.205	2142	4	1
139.355	2143	1	1
139.355	2144	2	1
139.505	2145	1	1
139.505	2146	3	1
139.505	2147	4	1
139.655	2148	3	1
139.655	2149	4	1
139.805	2150	1	1
139.805	2151	2	1
139.805	2152	4	1
139.955	2153	1	1
139.955	2154	2	1
140.105	2155	1	1
140.105	2156	3	1
140.105	2157	4	1
140.255	2158	3	1
140.255	2159	4	1
140.405	2160	1	1
140.405	2161	2	1
140.405	2162	4	1
140.480	2163	3	1
140.555	2164	1	1
140.555	2165	2	1
140.630	2166	4	1
140.705	2167	1	1
140.705	2168	2	1
140.705	2169	3	1
140.780	2170	4	1
140.855	2171	1	1
140.855	2172	3	1
140.930	2173	2	1
141.005	2174	1	1
141.005	2175	3	1
141.005	2176	4	1
141.080	2177	2	1
141.155	2178	3	1
141.155	2179	4	1
141.230	2180	1	1
141.305	2181	2	1
141.305	2182	3	1
141.305	2183	4	1
141.380	2184	1	1
141.455	2185	2	1
141.455	2186	4	1
141.530	2187	3	1
141.605	2188	1	1
141.605	2189	2	1
141.605	2190	4	1
141.680	2191	3	1
141.755	2192	1	1
141.755	2193	2	1
141.830	2194	4	1
141.905	2195	1	1
141.905	2196	2	1
141.905	2197	3	1
141.980	2198	4	1
142.055	2199	1	1
142.055	2200	3	1
142.130	2201	2	1
142.205	2202	1	1
142.205	2203	3	1
142.205	2204	4	1
142.280	2205	2	1
142.355	2206	3	1
142.355	2207	4	1
142.430	2208	1	1
142.505	2209	2	1
142.505	2210	3	1
142.505	2211	4	1
142.580	2212	1	1
142.655	2213	2	1
142.655	2214	4	1
142.730	2215	3	1
142.805	2216	4	2
142.880	2217	1	1
142.955	2218	4	3
143.030	2219	1	1
143.105	2220	2	1
143.105	2221	4	2
143.255	2222	3	2
143.255	2223	4	3
143.330	2224	1	1
143.405	2225	2	1
143.405	2226	3	3
143.480	2227	3	1
143.555	2228	1	2
143.555	2229	4	1
143.630	2230	2	1
143.705	2231	3	1
143.705	2232	1	3
143.780	2233	4	1
143.855	2234	3	1
143.930	2235	1	1
144.005	2236	2	2
144.005	2237	4	1
144.155	2238	3	1
144.155	2239	2	3
144.230	2240	2	1
144.305	2241	1	1
144.380	2242	4	1
144.455	2243	1	1
144.455	2244	3	1
144.530	2245	2	1
144.605	2246	3	1
144.605	2247	4	1
144.680	2248	2	1
144.755	2249	1	1
144.755	2250	4	1
144.830	2251	3	1
144.905	2252	1	1
144.905	2253	2	1
144.942	2254	4	1
144.980	2255	3	1
145.017	2256	2	1
145.055	2257	1	1
145.092	2258	4	1
145.130	2259	3	1
145.167	2260	2	1
145.205	2261	1	2
145.205	2262	4	2
145.505	2263	3	2
145.505	2264	1	3
145.505	2265	4	3
145.730	2266	2	2
145.805	2267	1	2
145.805	2268	4	2
145.805	2269	2	3
145.805	2270	3	3
146.105	2271	3	2
146.105	2272	1	3
146.105	2273	4	3
146.255	2274	1	1
146.255	2275	3	3
146.292	2276	2	1
146.330	2277	3	1
146.367	2278	4	1
146.405	2279	1	1
146.480	2280	2	1
146.555	2281	3	1
146.555	2282	4	1
146.630	2283	1	1
146.630	2284	2	1
146.705	2285	3	2
146.705	2286	4	2
147.005	2287	1	1
147.005	2288	2	1
147.005	2289	3	3
147.005	2290	4	3
147.080	2291	3	1
147.080	2292	4	1
147.155	2293	1	1
147.230	2294	2	1
147.305	2295	3	1
147.380	2296	4	1
147.455	2297	1	2
147.455	2298	2	2
147.530	2299	1	3
147.530	2300	2	3
147.605	2301	1	2
147.605	2302	2	2
147.680	2303	1	3
147.680	2304	2	3
147.755	2305	1	1
147.755	2306	2	2
147.830	2307	3	2
147.905	2308	1	1
147.905	2309	4	1
147.905	2310	2	3
147.905	2311	3	3
147.980	2312	3	1
148.055	2313	1	1
148.055	2314	2	1
148.130	2315	3	1
148.130	2316	4	1
148.205	2317	1	2
148.205	2318	2	1
148.205	2319	4	2
148.280	2320	1	3
148.280	2321	4	3
148.355	2322	1	2
148.355	2323	4	2
148.505	2324	2	2
148.505	2325	3	2
148.505	2326	1	3
148.505	2327	4	3
148.580	2328	2	3
148.580	2329	3	3
148.655	2330	1	2
148.655	2331	3	1
148.655	2332	4	2
148.805	2333	2	2
148.805	2334	3	2
148.805	2335	1	3
148.805	2336	4	3
148.880	2337	2	3
148.880	2338	3	3
148.955	2339	1	1
148.955	2340	4	1
149.030	2341	1	2
149.030	2342	4	2
149.105	2343	2	2
149.105	2344	3	2
149.105	2345	1	3
149.105	2346	4	3
149.180	2347	2	3
149.180	2348	3	3
149.255	2349	1	2
149.255	2350	4	2
149.405	2351	2	1
149.405	2352	3	1
149.405	2353	1	3
149.405	2354	4	3
149.555	2355	1	2
149.555	2356	2	2
149.555	2357	4	1
149.780	2358	4	1
150.005	2359	3	2
150.005	2360	4	2
150.005	2361	1	3
150.005	2362	2	3
150.080	2363	1	2
150.230	2364	1	3
150.230	2365	3	3
150.230	2366	4	3
150.305	2367	1	2
150.305	2368	2	2
150.380	2369	4	2
150.530	2370	1	3
150.530	2371	2	3
150.530	2372	4	3
150.605	2373	1	1
150.605	2374	4	1
150.642	2375	3	1
150.680	2376	2	1
150.717	2377	1	1
150.755	2378	4	1
150.792	2379	3	1
150.830	2380	2	1
150.867	2381	1	1
150.905	2382	4	1
150.942	2383	3	1
150.980	2384	2	1
151.017	2385	1	1
151.055	2386	3	2
151.055	2387	4	2
151.355	2388	1	1
151.355	2389	2	1
151.355	2390	3	3
151.355	2391	4	3
151.505	2392	1	2
151.505	2393	4	2
151.580	2394	2	1
151.580	2395	3	1
151.730	2396	1	3
151.730	2397	4	3
151.805	2398	1	1
151.805	2399	3	1
151.805	2400	4	1
151.905	2401	3	1
151.905	2402	4	1
152.005	2403	1	1
152.005	2404	2	1
152.105	2405	1	1
152.105	2406	2	1
152.255	2407	1	2
152.255	2408	2	2
152.555	2409	3	2
152.555	2410	4	1
152.555	2411	1	3
152.555	2412	2	3
152.630	2413	2	2
152.630	2414	3	3
152.705	2415	1	1
152.705	2416	4	2
152.705	2417	2	3
152.780	2418	3	2
152.780	2419	4	3
152.855	2420	1	2
152.855	2421	3	3
153.005	2422	2	1
153.005	2423	3	1
153.005	2424	4	2
153.005	2425	1	3
153.155	2426	3	2
153.155	2427	4	3
153.230	2428	2	2
153.230	2429	3	3
153.305	2430	4	2
153.305	2431	2	3
153.380	2432	3	2
153.380	2433	4	3
153.455	2434	1	2
153.455	2435	2	2
153.455	2436	3	3
153.605	2437	3	1
153.605	2438	4	2
153.605	2439	2	3
153.755	2440	3	2
153.755	2441	4	3
153.830	2442	4	2
153.830	2443	3	3
153.905	2444	2	2
153.905	2445	4	3
153.980	2446	3	2
153.980	2447	2	3
154.055	2448	2	2
154.055	2449	3	3
154.205	2450	3	2
154.205	2451	4	1
154.205	2452	1	3
154.205	2453	2	3
154.430	2454	4	1
154.655	2455	4	1
154.805	2456	1	1
154.805	2457	4	1
154.805	2458	3	3
154.880	2459	2	2
154.880	2460	3	2
155.030	2461	2	3
155.030	2462	3	3
155.255	2463	1	1
155.292	2464	2	1
155.330	2465	3	1
155.367	2466	4	1
155.405	2467	2	2
155.480	2468	2	3
155.555	2469	2	2
155.630	2470	2	3
155.705	2471	1	1
155.705	2472	2	1
155.855	2473	2	2
155.855	2474	3	2
156.155	2475	1	1
156.155	2476	4	1
156.155	2477	2	3
156.155	2478	3	3
156.305	2479	3	2
156.305	2480	4	2
156.380	2481	1	1
156.380	2482	2	1
156.455	2483	3	3
156.455	2484	4	3
156.530	2485	2	1
156.605	2486	1	1
156.605	2487	3	1
156.605	2488	4	1
156.755	2489	3	1
156.830	2490	4	1
156.905	2491	3	1
157.055	2492	1	2
157.055	2493	2	2
157.355	2494	3	1
157.355	2495	4	1
157.355	2496	1	3
157.355	2497	2	3
157.430	2498	2	1
157.505	2499	1	1
157.505	2500	4	1
157.580	2501	3	1
157.655	2502	1	2
157.655	2503	4	2
157.730	2504	1	3
157.730	2505	4	3
157.805	2506	1	2
157.805	2507	2	1
157.805	2508	4	2
157.880	2509	1	3
157.880	2510	4	3
157.955	2511	1	2
157.955	2512	4	2
158.105	2513	2	2
158.105	2514	3	2
158.105	2515	1	3
158.105	2516	4	3
158.180	2517	2	3
158.180	2518	3	3
158.255	2519	1	2
158.255	2520	3	1
158.255	2521	4	2
158.405	2522	2	2
158.405	2523	3	2
158.405	2524	1	3
158.405	2525	4	3
158.480	2526	2	3
158.480	2527	3	3
158.555	2528	1	1
158.555	2529	4	1
158.630	2530	1	2
158.630	2531	4	2
158.705	2532	2	2
158.705	2533	3	2
158.705	2534	1	3
158.705	2535	4	3
158.780	2536	2	3
158.780	2537	3	3
158.855	2538	1	2
158.855	2539	4	2
159.005	2540	2	1
159.005	2541	3	1
159.005	2542	1	3
159.005	2543	4	3
159.155	2544	1	2
159.155	2545	2	2
159.155	2546	4	1
159.230	2547	3	1
159.455	2548	3	1
159.530	2549	4	1
159.605	2550	3	1
159.605	2551	1	3
159.605	2552	2	3
159.655	2553	4	1
159.705	2554	1	1
159.755	2555	2	1
159.805	2556	3	1
159.855	2557	4	1
159.905	2558	1	2
159.980	2559	1	3
160.055	2560	1	2
160.130	2561	1	3
160.205	2562	1	1
160.205	2563	2	2
160.205	2564	4	1
160.280	2565	2	3
160.355	2566	2	2
160.430	2567	2	3
160.505	2568	3	2
160.580	2569	3	3
160.655	2570	1	1
160.655	2571	3	2
160.730	2572	3	3
160.805	2573	4	2
160.880	2574	4	3
160.955	2575	1	1
160.955	2576	4	2
161.030	2577	4	3
161.105	2578	3	2
161.180	2579	1	1
161.180	2580	2	1
161.180	2581	3	3
161.255	2582	3	2
161.330	2583	3	3
161.405	2584	1	1
161.405	2585	2	2
161.405	2586	4	1
161.480	2587	2	3
161.555	2588	2	2
161.630	2589	2	3
161.705	2590	1	2
161.780	2591	1	3
161.855	2592	1	2
161.930	2593	1	3
162.005	2594	1	2
162.005	2595	3	1
162.080	2596	2	2
162.080	2597	1	3
162.155	2598	3	2
162.155	2599	2	3
162.230	2600	2	1
162.230	2601	4	2
162.230	2602	3	3
162.305	2603	1	2
162.305	2604	4	3
162.380	2605	2	2
162.380	2606	1	3
162.455	2607	1	1
162.455	2608	3	2
162.455	2609	2	3
162.530	2610	4	2
162.530	2611	3	3
162.605	2612	1	2
162.605	2613	3	1
162.605	2614	4	3
162.680	2615	2	2
162.680	2616	1	3
162.755	2617	3	2
162.755	2618	2	3
162.830	2619	2	1
162.830	2620	4	2
162.830	2621	3	3
162.905	2622	1	2
162.905	2623	4	3
162.980	2624	2	2
162.980	2625	1	3
163.055	2626	1	1
163.055	2627	3	2
163.055	2628	2	3
163.130	2629	4	2
163.130	2630	3	3
163.205	2631	1	2
163.205	2632	3	1
163.205	2633	4	3
163.280	2634	2	2
163.280	2635	1	3
163.355	2636	3	2
163.355	2637	2	3
163.430	2638	2	1
163.430	2639	4	2
163.430	2640	3	3
163.505	2641	1	2
163.505	2642	4	3
163.580	2643	2	2
163.580	2644	1	3
163.655	2645	1	1
163.655	2646	3	2
163.655	2647	2	3
163.730	2648	4	2
163.730	2649	3	3
163.805	2650	2	2
163.805	2651	4	3
163.955	2652	1	2
163.955	2653	2	3
164.105	2654	2	2
164.105	2655	1	3
164.255	2656	3	2
164.255	2657	2	3
164.405	2658	1	1
164.405	2659	4	2
164.405	2660	3	3
164.555	2661	2	1
164.705	2662	1	1
164.705	2663	3	1
164.855	2664	2	1
164.930	2665	3	1
165.005	2666	1	1
165.080	2667	2	1
165.155	2668	3	1
165.305	2669	1	1
165.305	2670	3	1
165.455	2671	2	1
165.605	2672	1	1
165.755	2673	1	1
165.905	2674	2	1
166.055	2675	1	1
166.055	2676	3	1
166.130	2677	2	1
166.205	2678	3	1
166.280	2679	1	1
166.355	2680	2	1
166.430	2681	3	1
166.505	2682	1	2
166.505	2683	2	1
166.505	2684	4	3
166.655	2685	3	1
166.805	2686	2	1
166.805	2687	4	2
166.805	2688	1	3
166.955	2689	2	1
167.105	2690	1	1
167.105	2691	3	1
167.255	2692	2	1
167.330	2693	1	1
167.405	2694	3	1
167.480	2695	2	1
167.555	2696	1	1
167.705	2697	1	1
167.705	2698	3	1
167.855	2699	2	1
168.005	2700	1	1
168.155	2701	1	1
168.305	2702	1	1
168.305	2703	3	1
168.455	2704	3	2
168.455	2705	4	3
168.530	2706	1	1
168.605	2707	2	1
168.680	2708	4	1
168.755	2709	1	1
168.905	2710	1	2
168.905	2711	4	1
168.905	2712	3	3
169.055	2713	2	1
169.205	2714	3	1
169.205	2715	4	2
169.205	2716	1	3
169.355	2717	2	1
169.430	2718	1	1
169.505	2719	2	1
169.505	2720	3	1
169.655	2721	2	1
169.730	2722	1	1
169.805	2723	3	1
169.880	2724	2	1
169.955	2725	1	1
170.105	2726	2	1
170.105	2727	3	1
170.255	2728	1	1
170.330	2729	2	1
170.405	2730	3	1
170.555	2731	3	1
170.705	2732	2	1
170.855	2733	1	1
170.855	2734	3	1
170.930	2735	2	1
171.005	2736	3	1
171.080	2737	1	1
171.155	2738	2	1
171.305	2739	1	1
171.305	2740	2	2
171.305	2741	4	3
171.455	2742	4	1
171.605	2743	1	1
171.605	2744	3	2
171.605	2745	2	3
171.680	2746	4	1
171.755	2747	2	1
171.830	2748	1	1
171.905	2749	4	1
171.980	2750	2	1
172.055	2751	1	1
172.130	2752	4	1
172.205	2753	2	1
172.280	2754	1	1
172.355	2755	4	1
172.430	2756	2	1
172.505	2757	1	1
172.505	2758	4	2
172.505	2759	3	3
172.580	2760	3	1
172.655	2761	2	1
172.730	2762	1	1
172.805	2763	3	1
172.805	2764	4	3
172.842	2765	2	1
172.880	2766	1	1
172.917	2767	4	1
172.955	2768	3	1
172.992	2769	2	1
173.030	2770	1	1
173.067	2771	4	1
173.105	2772	3	1
173.142	2773	2	1
173.180	2774	1	1
173.217	2775	4	1
173.255	2776	3	1
173.292	2777	2	1
173.330	2778	1	1
173.367	2779	4	1
173.405	2780	2	2
173.705	2781	3	2
174.005	2782	1	2
174.005	2783	4	2
174.005	2784	2	3
174.005	2785	3	3
174.605	2786	2	1
174.605	2787	1	3
174.605	2788	4	3
174.680	2789	4	1
174.717	2790	3	1
174.755	2791	2	1
174.792	2792	1	1
174.830	2793	4	1
174.905	2794	1	1
174.942	2795	4	1
174.980	2796	3	1
175.055	2797	1	1
175.092	2798	4	1
175.130	2799	3	1
175.205	2800	1	2
175.205	2801	2	2
175.505	2802	1	3
175.505	2803	2	3
175.655	2804	3	2
175.655	2805	4	2
175.955	2806	3	3
175.955	2807	4	3
176.105	2808	1	2
176.105	2809	2	2
176.705	2810	3	1
176.705	2811	1	3
176.705	2812	2	3
176.780	2813	1	1
176.817	2814	2	1
176.855	2815	4	1
176.892	2816	3	1
176.930	2817	2	1
176.967	2818	1	1
177.005	2819	3	1
177.042	2820	4	1
177.080	2821	1	1
177.117	2822	2	1
177.155	2823	4	1
177.192	2824	3	1
177.230	2825	2	1
177.267	2826	1	1
177.305	2827	3	2
177.305	2828	4	2
177.380	2829	3	3
177.380	2830	4	3
177.455	2831	3	2
177.455	2832	4	2
177.530	2833	3	3
177.530	2834	4	3
177.605	2835	1	2
177.605	2836	2	2
177.905	2837	1	3
177.905	2838	2	3
178.055	2839	3	2
178.055	2840	4	2
178.355	2841	3	3
178.355	2842	4	3
178.505	2843	2	2
178.505	2844	3	2
179.105	2845	1	2
179.105	2846	2	3
179.105	2847	3	3
179.180	2848	4	2
179.255	2849	1	3
179.255	2850	4	3
179.330	2851	3	1
179.367	2852	2	1
179.405	2853	1	1
179.442	2854	4	1
179.480	2855	2	1
179.517	2856	3	1
179.555	2857	1	1
179.592	2858	2	1
179.630	2859	3	1
179.667	2860	4	1
179.705	2861	2	1
179.742	2862	1	1
179.855	2863	1	1
179.892	2864	2	1
179.930	2865	3	1
179.967	2866	4	1
180.005	2867	1	2
180.005	2868	2	2
180.305	2869	1	3
180.305	2870	2	3
180.455	2871	3	2
180.455	2872	4	2
180.755	2873	3	3
180.755	2874	4	3
180.905	2875	2	2
180.905	2876	3	2
181.205	2877	2	3
181.355	2878	1	1
181.355	2879	2	1
181.505	2880	1	1
181.505	2881	2	1
181.505	2882	4	1
181.955	2883	1	1
181.955	2884	2	1
182.105	2885	1	1
182.105	2886	2	1
182.105	2887	4	1
182.555	2888	1	1
182.555	2889	2	1
182.705	2890	1	1
182.705	2891	2	1
182.705	2892	4	1
183.155	2893	1	1
183.155	2894	2	1
183.305	2895	1	1
183.305	2896	2	1
183.305	2897	4	1
183.605	2898	1	1
183.605	2899	2	1
183.605	2900	4	1
183.605	2901	3	3
183.755	2902	3	1
183.755	2903	4	1
183.905	2904	1	1
183.905	2905	2	1
184.055	2906	3	1
184.055	2907	4	1
184.205	2908	1	1
184.205	2909	2	1
184.355	2910	3	1
184.355	2911	4	1
184.505	2912	1	1
184.505	2913	2	1
184.655	2914	3	1
184.655	2915	4	1
184.805	2916	1	1
184.805	2917	2	1
184.955	2918	3	1
184.955	2919	4	1
185.105	2920	1	1
185.105	2921	2	1
185.255	2922	3	1
185.255	2923	4	1
185.405	2924	1	1
185.405	2925	2	1
185.555	2926	3	1
185.555	2927	4	1
185.705	2928	1	1
185.705	2929	2	1
185.855	2930	3	1
185.855	2931	4	1
186.005	2932	1	1
186.005	2933	2	1
186.080	2934	3	1
186.080	2935	4	1
186.155	2936	1	1
186.155	2937	2	1
186.230	2938	3	1
186.230	2939	4	1
186.305	2940	1	1
186.305	2941	2	1
186.380	2942	3	1
186.380	2943	4	1
186.455	2944	1	1
186.455	2945	2	1
186.530	2946	3	1
186.530	2947	4	1
186.605	2948	1	1
186.642	2949	2	1
186.680	2950	3	1
186.717	2951	4	1
186.755	2952	1	1
186.830	2953	3	1
186.867	2954	4	1
186.905	2955	1	1
186.905	2956	2	1
186.942	2957	3	1
186.980	2958	4	1
187.017	2959	1	1
187.055	2960	2	1
187.130	2961	3	1
187.205	2962	1	1
187.205	2963	4	1
187.505	2964	3	1
187.580	2965	4	1
187.955	2966	4	1
188.030	2967	4	1
188.105	2968	3	1
188.180	2969	3	1
188.255	2970	2	1
188.330	2971	2	1
188.405	2972	1	2
188.405	2973	3	2
188.405	2974	4	1
188.705	2975	4	2
188.705	2976	1	3
188.705	2977	3	3
188.855	2978	1	1
188.855	2979	2	2
188.855	2980	3	1
188.855	2981	4	3
189.080	2982	3	1
189.080	2983	4	1
189.080	2984	2	3
189.155	2985	2	1
189.305	2986	1	1
189.305	2987	3	1
189.305	2988	4	1
189.455	2989	1	2
189.455	2990	4	1
189.530	2991	2	2
189.530	2992	1	3
189.605	2993	4	2
189.605	2994	2	3
189.680	2995	3	2
189.680	2996	4	3
189.755	2997	2	2
189.755	2998	3	3
189.830	2999	3	1
189.830	3000	4	1
189.830	3001	2	3
189.905	3002	1	2
189.905	3003	2	2
189.905	3004	4	2
190.055	3005	1	3
190.205	3006	2	3
190.355	3007	1	1
190.355	3008	2	1
190.355	3009	4	3
190.430	3010	4	2
190.505	3011	1	1
190.505	3012	2	1
190.505	3013	3	1
190.655	3014	2	2
190.655	3015	4	3
190.730	3016	3	1
190.805	3017	1	2
190.805	3018	4	2
190.805	3019	2	3
190.955	3020	3	1
191.105	3021	2	2
191.105	3022	1	3
191.105	3023	4	3
191.180	3024	1	2
191.180	3025	2	3
191.255	3026	2	1
191.255	3027	3	1
191.255	3028	4	1
191.255	3029	1	3
191.330	3030	1	2
191.480	3031	3	1
191.480	3032	4	1
191.480	3033	1	3
191.555	3034	2	2
191.705	3035	1	1
191.705	3036	3	2
191.705	3037	4	1
191.705	3038	2	3
191.855	3039	4	1
191.855	3040	3	3
191.930	3041	3	1
192.005	3042	1	1
192.005	3043	2	1
192.080	3044	4	2
192.155	3045	3	2
192.155	3046	4	3
192.230	3047	1	1
192.230	3048	2	1
192.230	3049	3	3
192.305	3050	1	1
192.305	3051	3	1
192.305	3052	4	1
192.380	3053	2	2
192.455	3054	3	2
192.455	3055	2	3
192.530	3056	1	1
192.530	3057	2	1
192.530	3058	3	3
192.605	3059	4	1
192.680	3060	3	1
192.755	3061	1	1
192.755	3062	2	1
192.905	3063	2	1
192.905	3064	4	1
192.955	3065	1	1
192.955	3066	3	1
193.005	3067	2	1
193.055	3068	3	1
193.055	3069	4	1
193.130	3070	1	1
193.205	3071	2	1
193.205	3072	3	2
193.205	3073	4	2
193.505	3074	1	1
193.505	3075	2	2
193.505	3076	3	3
193.505	3077	4	3
193.655	3078	1	1
193.730	3079	3	1
193.730	3080	4	1
193.730	3081	2	3
193.805	3082	1	1
193.805	3083	2	1
193.805	3084	4	2
193.955	3085	3	2
194.105	3086	2	2
194.255	3087	1	2
194.255	3088	2	3
194.255	3089	3	3
194.255	3090	4	3
194.330	3091	2	2
194.330	3092	1	3
194.405	3093	4	2
194.405	3094	2	3
194.480	3095	3	2
194.480	3096	4	3
194.555	3097	2	2
194.555	3098	3	3
194.630	3099	1	2
194.630	3100	2	3
194.705	3101	3	2
194.705	3102	4	2
194.705	3103	1	3
194.855	3104	2	1
194.855	3105	3	3
194.855	3106	4	3
194.930	3107	1	2
195.005	3108	2	2
195.005	3109	3	2
195.005	3110	4	1
195.005	3111	1	3
195.155	3112	4	2
195.155	3113	2	3
195.155	3114	3	3
195.230	3115	1	2
195.230	3116	4	3
195.305	3117	3	2
195.305	3118	1	3
195.380	3119	2	2
195.380	3120	3	3
195.455	3121	1	2
195.455	3122	2	3
195.530	3123	3	2
195.530	3124	1	3
195.605	3125	1	2
195.605	3126	2	1
195.605	3127	4	2
195.605	3128	3	3
195.755	3129	3	1
195.905	3130	2	2
195.905	3131	1	3
195.905	3132	4	3
196.055	3133	1	1
196.130	3134	3	1
196.130	3135	4	1
196.130	3136	2	3
196.205	3137	1	1
196.205	3138	2	1
196.205	3139	4	1
196.280	3140	3	2
196.355	3141	2	1
196.430	3142	3	3
196.505	3143	3	2
196.655	3144	2	1
196.655	3145	3	3
196.730	3146	3	2
196.880	3147	3	3
196.955	3148	3	2
197.105	3149	1	1
197.105	3150	2	1
197.105	3151	3	3
197.180	3152	3	2
197.255	3153	2	1
197.330	3154	1	1
197.330	3155	3	3
197.405	3156	3	1
197.405	3157	4	1
197.455	3158	2	1
197.505	3159	1	1
197.555	3160	3	1
197.605	3161	2	1
197.655	3162	1	1
197.705	3163	4	1
197.755	3164	3	1
197.805	3165	2	1
197.855	3166	1	1
197.955	3167	3	1
198.005	3168	1	1
198.005	3169	2	2
198.005	3170	4	2
198.155	3171	2	3
198.155	3172	4	3
198.305	3173	2	2
198.305	3174	4	2
198.380	3175	2	3
198.380	3176	4	3
198.455	3177	2	1
198.455	3178	4	2
198.530	3179	2	1
198.605	3180	1	1
198.605	3181	3	1
198.605	3182	4	3
198.755	3183	2	2
198.755	3184	4	2
198.830	3185	2	3
198.905	3186	2	2
198.905	3187	4	3
198.980	3188	2	3
199.055	3189	2	1
199.055	3190	4	1
199.130	3191	2	1
199.130	3192	4	1
199.205	3193	4	2
199.280	3194	2	1
199.355	3195	2	1
199.355	3196	4	3
199.505	3197	1	1
199.505	3198	3	1
199.580	3199	2	1
199.580	3200	4	2
199.730	3201	2	1
199.805	3202	1	1
199.805	3203	3	1
199.805	3204	4	3
199.880	3205	2	1
199.955	3206	4	2
200.030	3207	2	1
200.105	3208	1	2
200.105	3209	3	1
200.105	3210	4	3
200.180	3211	2	1
200.255	3212	3	2
200.255	3213	4	1
200.255	3214	1	3
200.330	3215	2	1
200.405	3216	1	2
200.405	3217	4	2
200.405	3218	3	3
200.555	3219	1	3
200.555	3220	4	3
200.705	3221	1	2
200.705	3222	4	1
200.780	3223	1	3
200.855	3224	1	1
200.855	3225	4	2
200.930	3226	1	1
201.005	3227	2	1
201.005	3228	3	1
201.005	3229	4	3
201.155	3230	1	2
201.155	3231	4	2
201.230	3232	1	3
201.305	3233	1	2
201.305	3234	4	3
201.380	3235	1	3
201.455	3236	1	1
201.455	3237	4	1
201.530	3238	1	1
201.530	3239	4	1
201.605	3240	4	2
201.680	3241	1	1
201.755	3242	1	2
201.755	3243	4	3
201.905	3244	2	1
201.905	3245	4	1
201.905	3246	1	3
202.055	3247	2	1
202.055	3248	4	2
202.130	3249	2	1
202.205	3250	1	1
202.205	3251	3	1
202.205	3252	4	3
202.280	3253	2	1
202.355	3254	1	1
202.355	3255	4	2
202.430	3256	2	1
202.505	3257	1	1
202.505	3258	3	2
202.505	3259	4	3
202.580	3260	4	1
202.655	3261	1	2
202.655	3262	3	3
202.730	3263	3	1
202.730	3264	1	3
202.805	3265	1	1
202.805	3266	2	2
202.805	3267	4	2
202.955	3268	2	3
202.955	3269	4	3
203.105	3270	4	1
203.255	3271	3	1
203.255	3272	4	2
203.330	3273	2	1
203.405	3274	1	2
203.405	3275	3	1
203.405	3276	4	3
203.555	3277	2	1
203.555	3278	4	2
203.555	3279	1	3
203.592	3280	3	1
203.630	3281	2	1
203.667	3282	3	1
203.705	3283	1	2
203.705	3284	4	3
203.855	3285	4	1
203.855	3286	1	3
203.930	3287	4	1
204.005	3288	1	2
204.005	3289	4	2
204.155	3290	2	1
204.155	3291	1	3
204.155	3292	4	3
204.192	3293	3	1
204.230	3294	2	1
204.267	3295	3	1
204.305	3296	1	2
204.305	3297	4	1
204.455	3298	4	2
204.455	3299	1	3
204.605	3300	1	2
204.605	3301	2	1
204.605	3302	3	1
204.605	3303	4	3
204.755	3304	4	2
204.755	3305	1	3
204.830	3306	3	1
204.905	3307	1	2
204.905	3308	4	3
204.980	3309	2	1
205.055	3310	3	2
205.055	3311	1	3
205.130	3312	2	1
205.205	3313	1	2
205.205	3314	4	2
205.205	3315	3	3
205.355	3316	2	1
205.355	3317	1	3
205.355	3318	4	3
205.505	3319	4	1
205.580	3320	2	1
205.655	3321	4	2
205.730	3322	2	1
205.805	3323	1	1
205.805	3324	3	1
205.805	3325	4	3
205.880	3326	2	1
205.955	3327	4	2
206.105	3328	1	1
206.105	3329	4	3
206.255	3330	4	1
206.330	3331	4	1
206.405	3332	4	2
206.555	3333	2	1
206.555	3334	4	3
206.705	3335	1	1
206.705	3336	2	1
206.855	3337	1	1
206.855	3338	4	2
206.930	3339	2	1
207.005	3340	1	1
207.005	3341	3	1
207.005	3342	4	3
207.080	3343	2	1
207.155	3344	4	2
207.230	3345	3	1
207.305	3346	2	2
207.305	3347	4	3
207.380	3348	4	1
207.455	3349	1	2
207.455	3350	2	3
207.530	3351	3	1
207.605	3352	2	1
207.605	3353	4	1
207.605	3354	1	3
207.755	3355	4	1
207.905	3356	3	1
208.055	3357	4	1
208.205	3358	3	1
208.355	3359	4	1
208.505	3360	2	1
208.655	3361	4	1
208.805	3362	1	1
208.955	3363	3	1
209.105	3364	2	1
209.255	3365	3	1
209.405	3366	1	1
209.555	3367	3	1
209.705	3368	2	1
209.855	3369	3	1
210.005	3370	1	1
210.155	3371	4	1
210.305	3372	3	1
210.455	3373	4	1
210.605	3374	1	1
210.755	3375	4	1
210.905	3376	2	1
211.055	3377	4	1
211.205	3378	2	1
211.205	3379	4	1
211.505	3380	1	1
211.505	3381	3	1
211.805	3382	2	1
211.805	3383	4	1
211.880	3384	1	1
211.955	3385	2	1
212.030	3386	4	1
212.105	3387	1	1
212.105	3388	3	1
212.255	3389	2	1
212.405	3390	3	2
212.555	3391	4	1
212.705	3392	2	2
212.705	3393	3	3
212.855	3394	1	1
213.005	3395	4	2
213.005	3396	2	3
213.155	3397	3	1
213.305	3398	1	1
213.305	3399	4	3
213.455	3400	2	1
213.605	3401	4	2
213.755	3402	3	1
213.755	3403	4	3
213.905	3404	2	2
214.055	3405	4	1
214.205	3406	1	2
214.205	3407	2	3
214.355	3408	3	1
214.505	3409	2	1
214.505	3410	1	3
214.655	3411	1	2
214.805	3412	3	2
214.805	3413	1	3
214.955	3414	2	2
214.955	3415	3	3
215.105	3416	3	2
215.105	3417	2	3
215.255	3418	1	1
215.255	3419	3	3
215.330	3420	4	2
215.405	3421	3	1
215.555	3422	2	1
215.555	3423	4	3
215.705	3424	1	1
215.855	3425	2	2
216.005	3426	3	2
216.005	3427	4	1
216.005	3428	2	3
216.155	3429	1	1
216.305	3430	2	1
216.305	3431	4	2
216.305	3432	3	3
216.455	3433	1	1
216.605	3434	2	2
216.605	3435	3	1
216.605	3436	4	3
216.755	3437	4	1
216.905	3438	3	1
216.905	3439	2	3
217.055	3440	2	2
217.205	3441	1	1
217.205	3442	3	2
217.205	3443	2	3
217.355	3444	2	1
217.505	3445	4	1
217.505	3446	3	3
217.655	3447	1	1
217.805	3448	4	2
217.955	3449	2	1
218.105	3450	3	2
218.105	3451	4	3
218.255	3452	1	1
218.255	3453	3	3
218.405	3454	4	2
218.555	3455	3	1
218.705	3456	2	2
218.705	3457	4	3
218.855	3458	4	1
219.005	3459	1	2
219.005	3460	2	3
219.155	3461	3	1
219.305	3462	1	3
219.455	3463	1	2
219.605	3464	3	2
219.605	3465	1	3
219.755	3466	2	2
219.755	3467	3	3
219.905	3468	4	1
219.905	3469	2	3
220.055	3470	1	1
220.130	3471	4	2
220.205	3472	2	1
220.355	3473	3	2
220.355	3474	4	3
220.505	3475	1	1
220.505	3476	3	3
220.655	3477	2	2
220.805	3478	4	1
220.805	3479	2	3
220.955	3480	2	1
221.105	3481	1	1
221.105	3482	4	1
221.155	3483	3	1
221.255	3484	2	1
221.355	3485	3	1
221.405	3486	2	1
221.405	3487	4	1
221.505	3488	2	1
221.555	3489	1	1
221.555	3490	3	1
221.655	3491	2	1
221.705	3492	1	2
221.705	3493	4	2
221.855	3494	2	1
221.855	3495	3	1
221.855	3496	1	3
221.855	3497	4	3
222.005	3498	1	1
222.005	3499	4	1
222.155	3500	3	1
222.305	3501	2	1
222.380	3502	1	1
222.455	3503	4	1
222.530	3504	2	2
222.605	3505	3	1
222.755	3506	4	2
222.830	3507	1	2
222.830	3508	4	3
222.905	3509	4	1
222.905	3510	1	3
222.905	3511	2	3
222.980	3512	3	2
223.055	3513	2	1
223.205	3514	4	1
223.205	3515	3	3
223.355	3516	3	1
223.505	3517	2	1
223.580	3518	1	1
223.655	3519	4	1
223.730	3520	2	2
223.805	3521	3	1
223.880	3522	4	2
223.955	3523	3	2
223.955	3524	4	3
224.030	3525	1	2
224.030	3526	3	3
224.105	3527	4	1
224.105	3528	1	3
224.105	3529	2	3
224.180	3530	3	2
224.255	3531	2	1
224.405	3532	4	1
224.405	3533	3	3
224.555	3534	3	1
224.705	3535	2	1
224.780	3536	1	1
224.855	3537	4	1
224.930	3538	2	2
225.005	3539	3	1
225.155	3540	1	1
225.305	3541	4	1
225.305	3542	2	3
225.455	3543	2	2
225.605	3544	4	1
225.605	3545	2	3
225.755	3546	3	2
225.830	3547	3	3
225.905	3548	2	1
225.980	3549	1	2
226.055	3550	4	1
226.055	3551	1	3
226.130	3552	2	2
226.205	3553	3	1
226.355	3554	4	2
226.430	3555	3	2
226.430	3556	4	3
226.505	3557	1	2
226.505	3558	2	3
226.505	3559	3	3
226.655	3560	4	1
226.655	3561	1	3
226.805	3562	1	1
226.805	3563	4	1
226.955	3564	3	1
227.105	3565	2	1
227.105	3566	4	1
227.180	3567	1	1
227.255	3568	4	1
227.330	3569	2	2
227.405	3570	1	2
227.480	3571	3	2
227.480	3572	1	3
227.555	3573	3	3
227.630	3574	1	2
227.705	3575	3	1
227.705	3576	4	1
227.705	3577	1	3
227.705	3578	2	3
227.780	3579	2	2
227.855	3580	1	1
228.005	3581	1	1
228.005	3582	4	1
228.005	3583	2	3
228.080	3584	2	2
228.155	3585	3	1
228.305	3586	3	2
228.305	3587	2	3
228.380	3588	1	2
228.455	3589	4	2
228.455	3590	1	3
228.530	3591	2	2
228.530	3592	3	3
228.530	3593	4	3
228.605	3594	1	1
228.605	3595	3	1
228.680	3596	4	2
228.680	3597	2	3
228.830	3598	1	2
228.830	3599	4	3
228.905	3600	2	1
228.905	3601	4	1
228.905	3602	1	3
229.055	3603	2	1
229.130	3604	3	1
229.205	3605	1	1
229.205	3606	2	2
229.205	3607	4	2
229.355	3608	2	3
229.355	3609	4	3
229.430	3610	1	2
229.430	3611	2	2
229.430	3612	4	1
229.580	3613	1	3
229.580	3614	2	3
229.805	3615	1	1
229.805	3616	3	2
229.805	3617	4	2
229.955	3618	3	3
229.955	3619	4	3
230.030	3620	1	2
230.030	3621	3	2
230.030	3622	4	1
230.180	3623	1	3
230.180	3624	3	3
230.405	3625	1	2
230.405	3626	2	2
230.405	3627	4	1
230.855	3628	3	2
230.855	3629	1	3
230.855	3630	2	3
231.305	3631	2	2
231.305	3632	3	3
231.505	3633	4	2
231.605	3634	1	2
231.605	3635	3	2
231.605	3636	2	3
231.605	3637	4	3
231.755	3638	4	2
231.755	3639	1	3
231.755	3640	3	3
231.905	3641	3	1
231.905	3642	4	3
232.005	3643	2	1
232.055	3644	3	1
232.205	3645	2	1
232.355	3646	3	1
232.455	3647	2	1
232.505	3648	3	1
232.605	3649	2	2
232.605	3650	4	2
232.805	3651	1	2
232.805	3652	3	2
232.805	3653	2	3
232.805	3654	4	3
232.955	3655	4	2
232.955	3656	1	3
232.955	3657	3	3
233.105	3658	2	1
233.105	3659	4	3
233.205	3660	3	1
233.255	3661	1	1
233.305	3662	2	2
233.405	3663	3	1
233.555	3664	1	1
233.655	3665	3	1
233.705	3666	2	3
233.805	3667	2	2
233.805	3668	4	2
234.005	3669	1	2
234.005	3670	3	2
234.005	3671	2	3
234.005	3672	4	3
234.155	3673	4	2
234.155	3674	1	3
234.155	3675	3	3
234.305	3676	2	1
234.305	3677	4	3
234.405	3678	3	2
234.455	3679	1	1
234.505	3680	4	1
234.505	3681	3	3
234.555	3682	2	2
234.605	3683	3	1
234.755	3684	1	1
234.855	3685	3	1
234.905	3686	4	1
234.955	3687	2	3
235.005	3688	2	2
235.005	3689	4	2
235.205	3690	1	2
235.205	3691	3	2
235.205	3692	2	3
235.205	3693	4	3
235.355	3694	4	1
235.355	3695	1	3
235.355	3696	3	3
235.405	3697	2	1
235.455	3698	3	1
235.505	3699	1	1
235.555	3700	4	1
235.605	3701	2	1
235.655	3702	3	1
235.705	3703	1	1
235.755	3704	2	1
235.805	3705	4	1
235.855	3706	3	1
235.905	3707	2	2
235.955	3708	1	1
236.055	3709	3	1
236.105	3710	4	1
236.205	3711	3	1
236.255	3712	1	1
236.355	3713	4	1
236.405	3714	1	2
236.405	3715	3	2
236.405	3716	2	3
236.555	3717	4	1
236.605	3718	2	1
236.605	3719	1	3
236.605	3720	3	3
236.805	3721	2	2
236.805	3722	4	2
237.005	3723	1	2
237.005	3724	3	2
237.005	3725	2	3
237.005	3726	4	3
237.155	3727	4	1
237.205	3728	2	1
237.205	3729	1	3
237.205	3730	3	3
237.305	3731	3	1
237.405	3732	2	2
237.405	3733	4	2
237.605	3734	1	2
237.605	3735	3	2
237.605	3736	2	3
237.605	3737	4	3
237.755	3738	4	1
237.805	3739	2	1
237.805	3740	1	3
237.805	3741	3	3
238.005	3742	2	2
238.005	3743	4	2
238.205	3744	1	2
238.205	3745	3	2
238.205	3746	2	3
238.205	3747	4	3
238.355	3748	4	1
238.405	3749	2	1
238.405	3750	1	3
238.405	3751	3	3
238.605	3752	2	2
238.605	3753	4	2
238.805	3754	1	2
238.805	3755	3	2
238.805	3756	2	3
238.805	3757	4	3
238.905	3758	4	2
238.905	3759	3	3
239.005	3760	2	2
239.005	3761	1	3
239.005	3762	4	3
239.105	3763	1	2
239.105	3764	3	2
239.105	3765	2	3
239.205	3766	4	2
239.205	3767	3	3
239.305	3768	2	2
239.305	3769	1	3
239.305	3770	4	3
239.405	3771	1	2
239.405	3772	3	2
239.405	3773	2	3
239.505	3774	4	2
239.505	3775	3	3
239.605	3776	2	2
239.605	3777	1	3
239.605	3778	4	3
239.705	3779	1	2
239.705	3780	3	2
239.705	3781	2	3
239.805	3782	4	2
239.805	3783	3	3
239.905	3784	2	2
239.905	3785	1	3
239.905	3786	4	3
240.005	3787	3	1
240.005	3788	4	1
240.005	3789	2	3
240.155	3790	4	1
240.305	3791	4	1
240.455	3792	1	1
240.605	3793	4	1
240.755	3794	1	1
240.905	3795	4	1
241.055	3796	2	1
241.130	3797	3	1
241.205	3798	1	1
241.205	3799	2	2
241.205	3800	4	2
241.355	3801	3	1
241.355	3802	2	3
241.355	3803	4	3
241.505	3804	1	1
241.505	3805	2	1
241.505	3806	4	1
241.655	3807	3	1
241.805	3808	1	1
241.805	3809	2	2
241.955	3810	3	1
241.955	3811	2	3
242.030	3812	2	2
242.105	3813	1	1
242.105	3814	3	1
242.105	3815	4	1
242.180	3816	2	3
242.255	3817	2	2
242.405	3818	3	1
242.405	3819	4	1
242.405	3820	2	3
242.555	3821	2	1
242.705	3822	1	1
242.705	3823	3	1
242.705	3824	4	1
242.855	3825	3	1
243.005	3826	1	1
243.005	3827	2	1
243.080	3828	2	1
243.155	3829	3	1
243.230	3830	3	1
243.305	3831	1	1
243.305	3832	2	2
243.305	3833	4	1
243.455	3834	3	2
243.455	3835	2	3
243.605	3836	2	2
243.605	3837	4	2
243.605	3838	3	3
243.755	3839	3	1
243.755	3840	2	3
243.755	3841	4	3
243.905	3842	1	1
243.905	3843	2	1
243.905	3844	4	1
244.055	3845	3	1
244.205	3846	1	1
244.205	3847	2	2
244.355	3848	3	1
244.355	3849	2	3
244.430	3850	2	2
244.505	3851	1	1
244.505	3852	3	1
244.505	3853	4	1
244.580	3854	2	3
244.655	3855	2	2
244.805	3856	1	1
244.805	3857	3	1
244.805	3858	2	3
244.955	3859	1	1
245.105	3860	1	1
245.105	3861	2	1
245.105	3862	3	1
245.255	3863	4	1
245.405	3864	1	1
245.405	3865	3	1
245.555	3866	4	1
245.705	3867	1	1
245.705	3868	3	2
245.705	3869	4	2
245.855	3870	3	3
245.855	3871	4	3
246.005	3872	2	2
246.005	3873	4	2
246.155	3874	3	1
246.155	3875	2	3
246.155	3876	4	3
246.305	3877	1	1
246.305	3878	2	1
246.305	3879	4	1
246.455	3880	3	1
246.605	3881	1	1
246.605	3882	2	2
246.755	3883	3	1
246.755	3884	2	3
246.830	3885	2	2
246.905	3886	1	1
246.905	3887	3	1
246.905	3888	4	1
246.980	3889	2	3
247.055	3890	2	2
247.205	3891	3	1
247.205	3892	4	1
247.205	3893	2	3
247.355	3894	2	1
247.505	3895	1	1
247.505	3896	3	1
247.505	3897	4	1
247.655	3898	3	1
247.805	3899	1	1
247.805	3900	2	1
247.880	3901	2	1
247.955	3902	3	1
248.030	3903	3	1
248.105	3904	1	1
248.105	3905	2	2
248.105	3906	4	1
248.255	3907	3	2
248.255	3908	2	3
248.405	3909	2	1
248.405	3910	4	1
248.405	3911	3	3
248.555	3912	3	1
248.705	3913	1	1
248.705	3914	2	1
248.705	3915	4	1
248.855	3916	3	1
249.005	3917	1	1
249.005	3918	2	2
249.155	3919	3	1
249.155	3920	2	3
249.230	3921	2	2
249.305	3922	1	1
249.305	3923	3	1
249.305	3924	4	1
249.380	3925	2	3
249.455	3926	2	2
249.605	3927	3	1
249.605	3928	4	1
249.605	3929	2	3
249.755	3930	2	1
249.905	3931	1	1
249.905	3932	3	1
249.905	3933	4	1
250.055	3934	3	1
250.205	3935	2	1
250.205	3936	4	1
250.355	3937	3	1
250.505	3938	1	1
250.505	3939	2	1
250.505	3940	4	1
250.655	3941	3	1
250.805	3942	1	1
250.805	3943	2	2
250.805	3944	4	2
250.955	3945	3	1
250.955	3946	2	3
250.955	3947	4	3
251.105	3948	1	1
251.105	3949	2	1
251.105	3950	4	1
251.255	3951	3	1
251.405	3952	1	1
251.405	3953	2	2
251.555	3954	3	1
251.555	3955	2	3
251.630	3956	2	2
251.705	3957	1	1
251.705	3958	3	1
251.705	3959	4	1
251.780	3960	2	3
251.855	3961	2	2
252.005	3962	3	1
252.005	3963	4	1
252.005	3964	2	3
252.155	3965	2	1
252.305	3966	1	1
252.305	3967	3	1
252.305	3968	4	1
252.455	3969	3	1
252.605	3970	1	1
252.605	3971	2	1
252.680	3972	2	1
252.755	3973	3	1
252.830	3974	3	1
252.905	3975	1	1
252.905	3976	2	2
252.905	3977	4	1
253.055	3978	3	2
253.055	3979	2	3
253.205	3980	2	2
253.205	3981	4	2
253.205	3982	3	3
253.355	3983	3	1
253.355	3984	2	3
253.355	3985	4	3
253.505	3986	1	1
253.505	3987	2	1
253.505	3988	4	1
253.655	3989	3	1
253.805	3990	1	1
253.805	3991	2	2
253.955	3992	3	1
253.955	3993	2	3
254.030	3994	2	2
254.105	3995	1	1
254.105	3996	3	1
254.105	3997	4	1
254.180	3998	2	3
254.255	3999	2	2
254.405	4000	1	1
254.405	4001	3	1
254.405	4002	2	3
254.555	4003	1	1
254.705	4004	1	1
254.705	4005	2	1
254.705	4006	3	1
254.855	4007	4	1
255.005	4008	1	1
255.005	4009	3	1
255.155	4010	4	1
255.305	4011	1	1
255.355	4012	2	1
255.405	4013	3	1
255.455	4014	4	1
255.505	4015	1	1
255.555	4016	2	1
255.605	4017	3	1
255.605	4018	4	1
255.905	4019	1	1
255.905	4020	3	1
255.905	4021	4	1
256.055	4022	2	1
256.130	4023	2	1
256.205	4024	1	1
256.205	4025	3	1
256.355	4026	2	1
256.505	4027	1	1
256.505	4028	3	1
256.505	4029	4	1
256.655	4030	2	1
256.730	4031	2	1
256.805	4032	1	1
256.805	4033	3	1
256.955	4034	2	1
257.105	4035	1	1
257.105	4036	3	1
257.105	4037	4	1
257.255	4038	2	1
257.330	4039	2	1
257.405	4040	1	1
257.405	4041	3	1
257.555	4042	2	1
257.705	4043	1	1
257.705	4044	3	1
257.705	4045	4	1
257.855	4046	2	1
257.930	4047	2	1
258.005	4048	1	1
258.005	4049	3	1
258.005	4050	4	1
258.230	4051	1	1
258.230	4052	3	1
258.230	4053	4	1
258.455	4054	1	1
258.455	4055	3	1
258.455	4056	4	1
258.605	4057	1	1
258.605	4058	2	1
258.605	4059	4	1
258.830	4060	1	1
258.830	4061	2	1
258.830	4062	4	1
259.055	4063	1	1
259.055	4064	2	1
259.055	4065	4	1
259.205	4066	1	1
259.205	4067	2	1
259.205	4068	3	1
259.430	4069	1	1
259.430	4070	2	1
259.430	4071	3	1
259.655	4072	1	1
259.655	4073	2	1
259.655	4074	3	1
259.805	4075	1	1
259.842	4076	2	1
259.880	4077	3	1
259.917	4078	4	1
259.955	4079	1	1
259.992	4080	2	1
260.030	4081	3	1
260.067	4082	4	1
260.105	4083	1	1
260.142	4084	2	1
260.180	4085	3	1
260.217	4086	4	1
260.255	4087	1	1
260.292	4088	2	1
260.330	4089	3	1
260.367	4090	4	1
260.405	4091	1	1
260.405	4092	2	2
260.705	4093	1	1
260.705	4094	2	3
260.855	4095	2	2
261.005	4096	2	3
261.155	4097	4	2
261.305	4098	3	2
261.305	4099	4	3
261.905	4100	1	2
261.905	4101	3	3
262.205	4102	2	2
262.205	4103	1	3
262.505	4104	3	2
262.505	4105	2	3
262.805	4106	4	2
262.805	4107	3	3
263.105	4108	3	1
263.105	4109	4	3
263.255	4110	4	2
263.405	4111	4	3
263.555	4112	3	2
263.705	4113	2	2
263.705	4114	3	3
264.005	4115	4	1
264.155	4116	3	1
264.305	4117	4	2
264.305	4118	2	3
264.455	4119	2	1
264.605	4120	3	2
264.605	4121	4	3
264.755	4122	2	1
264.905	4123	1	2
264.905	4124	3	3
265.055	4125	3	1
265.205	4126	2	2
265.205	4127	1	3
265.355	4128	3	1
265.505	4129	1	1
265.505	4130	2	3
265.655	4131	2	2
265.805	4132	3	1
265.805	4133	2	3
265.955	4134	4	2
266.105	4135	3	2
266.105	4136	4	3
266.255	4137	2	1
266.405	4138	4	1
266.555	4139	2	1
266.705	4140	4	1
266.705	4141	3	3
266.855	4142	2	1
267.005	4143	3	1
267.155	4144	2	1
267.305	4145	3	1
267.455	4146	2	1
267.605	4147	3	1
267.755	4148	2	1
267.905	4149	3	1
268.055	4150	2	1
268.205	4151	3	1
268.355	4152	2	1
268.505	4153	3	1
268.655	4154	2	1
268.805	4155	3	1
268.955	4156	2	1
269.105	4157	3	1
269.255	4158	2	1
269.405	4159	3	1
269.555	4160	2	1
269.705	4161	3	1
269.855	4162	2	1
270.005	4163	1	2
270.005	4164	3	1
270.005	4165	4	1
270.155	4166	2	2
270.155	4167	1	3
270.305	4168	3	2
270.305	4169	2	3
270.455	4170	4	2
270.455	4171	3	3
270.605	4172	3	2
270.605	4173	4	3
270.755	4174	2	2
270.755	4175	3	3
270.905	4176	1	2
270.905	4177	2	3
271.055	4178	2	2
271.055	4179	1	3
271.205	4180	3	2
271.205	4181	2	3
271.355	4182	4	2
271.355	4183	3	3
271.505	4184	2	2
271.505	4185	4	3
271.655	4186	3	2
271.655	4187	2	3
271.805	4188	4	2
271.805	4189	3	3
271.955	4190	1	2
271.955	4191	4	3
272.105	4192	3	2
272.105	4193	1	3
272.255	4194	2	2
272.255	4195	3	3
272.405	4196	1	2
272.405	4197	2	3
272.555	4198	2	2
272.555	4199	1	3
272.705	4200	3	2
272.705	4201	2	3
272.855	4202	4	2
272.855	4203	3	3
273.005	4204	3	2
273.005	4205	4	3
273.155	4206	2	2
273.155	4207	3	3
273.305	4208	1	2
273.305	4209	2	3
273.455	4210	2	2
273.455	4211	1	3
273.605	4212	3	2
273.605	4213	2	3
273.755	4214	4	2
273.755	4215	3	3
273.905	4216	3	2
273.905	4217	4	3
274.055	4218	2	2
274.055	4219	3	3
274.205	4220	1	2
274.205	4221	2	3
274.355	4222	2	2
274.355	4223	1	3
274.505	4224	4	2
274.505	4225	2	3
274.655	4226	3	2
274.655	4227	4	3
274.805	4228	1	2
274.805	4229	3	3
274.955	4230	2	2
274.955	4231	1	3
275.105	4232	3	2
275.105	4233	2	3
275.255	4234	4	2
275.255	4235	3	3
275.405	4236	3	2
275.405	4237	4	3
275.555	4238	2	2
275.555	4239	3	3
275.705	4240	1	2
275.705	4241	2	3
275.855	4242	2	2
275.855	4243	1	3
276.005	4244	3	2
276.005	4245	2	3
276.155	4246	4	2
276.155	4247	3	3
276.305	4248	2	2
276.305	4249	4	3
276.455	4250	3	2
276.455	4251	2	3
276.605	4252	4	2
276.605	4253	3	3
276.755	4254	1	2
276.755	4255	4	3
276.905	4256	3	2
276.905	4257	1	3
277.055	4258	2	2
277.055	4259	3	3
277.205	4260	1	2
277.205	4261	2	3
277.355	4262	2	2
277.355	4263	1	3
277.505	4264	3	2
277.505	4265	2	3
277.655	4266	4	2
277.655	4267	3	3
277.805	4268	3	2
277.805	4269	4	3
277.955	4270	2	2
277.955	4271	3	3
278.105	4272	1	2
278.105	4273	2	3
278.255	4274	2	2
278.255	4275	1	3
278.405	4276	3	2
278.405	4277	2	3
278.555	4278	4	2
278.555	4279	3	3
278.705	4280	3	2
278.705	4281	4	3
278.855	4282	2	2
278.855	4283	3	3
279.005	4284	1	1
279.005	4285	2	3
279.305	4286	1	2
279.605	4287	2	1
279.605	4288	3	1
279.605	4289	4	2
279.605	4290	1	3
279.905	4291	2	1
279.905	4292	3	1
280.205	4293	2	1
280.205	4294	3	1
280.505	4295	2	1
280.505	4296	3	1
280.805	4297	2	1
280.805	4298	3	1
281.105	4299	2	1
281.105	4300	3	1
281.255	4301	4	3
281.405	4302	1	1
281.405	4303	3	1
281.405	4304	4	2
281.555	4305	2	2
281.555	4306	4	3
281.705	4307	1	2
281.705	4308	3	1
281.705	4309	4	1
281.705	4310	2	3
281.855	4311	4	2
281.855	4312	1	3
282.005	4313	1	1
282.005	4314	2	1
282.155	4315	3	2
282.155	4316	4	3
282.305	4317	1	2
282.305	4318	2	1
282.305	4319	4	1
282.305	4320	3	3
282.605	4321	2	1
282.605	4322	4	1
282.905	4323	2	1
282.905	4324	4	1
283.205	4325	2	1
283.205	4326	4	1
283.505	4327	2	1
283.505	4328	4	1
283.655	4329	1	3
283.805	4330	1	2
283.805	4331	3	1
283.805	4332	4	1
284.105	4333	2	2
284.105	4334	3	1
284.105	4335	4	1
284.105	4336	1	3
284.405	4337	1	1
284.405	4338	3	1
284.405	4339	4	2
284.405	4340	2	3
284.705	4341	1	1
284.705	4342	3	1
285.005	4343	1	1
285.005	4344	3	1
285.305	4345	1	1
285.305	4346	2	2
285.305	4347	3	1
285.305	4348	4	3
285.455	4349	3	2
285.455	4350	2	3
285.605	4351	1	1
285.605	4352	4	1
285.905	4353	1	1
285.905	4354	4	1
286.205	4355	1	1
286.205	4356	4	1
286.355	4357	1	2
286.355	4358	3	3
286.505	4359	2	1
286.505	4360	3	1
286.505	4361	4	2
286.505	4362	1	3
286.655	4363	3	2
286.655	4364	4	3
286.805	4365	1	1
286.805	4366	2	1
287.105	4367	1	1
287.105	4368	2	1
287.405	4369	1	1
287.405	4370	2	1
287.705	4371	1	1
287.705	4372	2	1
288.005	4373	1	1
288.005	4374	2	1
288.305	4375	1	1
288.305	4376	2	1
288.380	4377	2	1
288.455	4378	4	1
288.530	4379	4	1
288.605	4380	1	1
288.605	4381	2	1
288.680	4382	2	1
288.755	4383	4	1
288.830	4384	4	1
288.905	4385	1	1
288.905	4386	2	1
288.980	4387	2	1
289.055	4388	4	1
289.130	4389	4	1
289.205	4390	1	1
289.205	4391	2	1
289.205	4392	3	3
289.355	4393	3	1
289.505	4394	2	1
289.505	4395	4	1
289.655	4396	3	1
289.805	4397	2	1
289.805	4398	4	1
289.955	4399	2	1
290.105	4400	2	1
290.105	4401	4	1
290.255	4402	1	1
290.405	4403	3	1
290.405	4404	4	1
290.555	4405	2	1
290.705	4406	3	1
290.705	4407	4	1
290.855	4408	2	1
291.005	4409	3	1
291.005	4410	4	1
291.155	4411	3	1
291.305	4412	1	2
291.305	4413	4	2
291.605	4414	2	1
291.605	4415	3	1
291.605	4416	1	3
291.605	4417	4	3
291.755	4418	3	1
291.905	4419	2	1
291.905	4420	4	1
292.055	4421	3	1
292.205	4422	2	1
292.205	4423	4	1
292.355	4424	2	1
292.505	4425	2	1
292.505	4426	4	1
292.655	4427	1	1
292.805	4428	3	1
292.880	4429	2	1
292.955	4430	3	1
293.030	4431	2	1
293.105	4432	3	1
293.180	4433	3	1
293.255	4434	2	1
293.330	4435	2	1
293.405	4436	3	1
293.480	4437	2	1
293.555	4438	3	1
293.630	4439	2	1
293.705	4440	3	1
293.780	4441	2	1
293.855	4442	3	1
293.930	4443	2	1
294.005	4444	1	1
294.005	4445	3	1
294.005	4446	4	1
294.155	4447	1	1
294.155	4448	2	1
294.305	4449	3	1
294.305	4450	4	1
294.455	4451	1	1
294.455	4452	2	1
294.605	4453	3	1
294.605	4454	4	1
294.755	4455	1	1
294.755	4456	2	1
294.905	4457	3	1
294.905	4458	4	1
295.055	4459	1	1
295.055	4460	2	1
295.205	4461	3	1
295.205	4462	4	1
295.355	4463	1	1
295.355	4464	2	1
295.505	4465	3	1
295.505	4466	4	1
295.655	4467	1	1
295.655	4468	2	1
295.805	4469	3	1
295.805	4470	4	1
295.955	4471	1	1
295.955	4472	2	1
296.105	4473	3	1
296.105	4474	4	1
296.255	4475	1	1
296.255	4476	2	1
296.405	4477	3	1
296.405	4478	4	1
296.480	4479	1	1
296.480	4480	2	1
296.555	4481	3	1
296.555	4482	4	1
296.630	4483	1	1
296.630	4484	2	1
296.705	4485	3	1
296.705	4486	4	1
296.780	4487	1	1
296.780	4488	2	1
296.855	4489	3	1
296.855	4490	4	1
296.930	4491	1	1
296.930	4492	2	1
297.005	4493	3	1
297.005	4494	4	1
297.080	4495	1	1
297.080	4496	2	1
297.155	4497	3	1
297.155	4498	4	1
297.230	4499	1	1
297.230	4500	2	1
297.305	4501	3	1
297.305	4502	4	1
297.380	4503	1	1
297.380	4504	2	1
297.455	4505	3	1
297.455	4506	4	1
297.530	4507	1	1
297.530	4508	2	1
297.605	4509	3	1
297.605	4510	4	1
297.680	4511	1	1
297.680	4512	2	1
297.755	4513	3	1
297.755	4514	4	1
297.830	4515	1	1
297.830	4516	2	1
297.905	4517	3	1
297.905	4518	4	1
297.980	4519	1	1
297.980	4520	2	1
298.055	4521	3	1
298.055	4522	4	1
298.130	4523	1	1
298.130	4524	2	1
298.205	4525	3	1
298.205	4526	4	1
298.280	4527	1	1
298.280	4528	2	1
298.355	4529	3	1
298.355	4530	4	1
298.430	4531	1	1
298.430	4532	2	1
298.505	4533	3	1
298.505	4534	4	1
298.580	4535	1	1
298.580	4536	2	1
298.655	4537	3	1
298.655	4538	4	1
298.730	4539	1	1
298.730	4540	2	1
298.805	4541	3	1
298.842	4542	4	1
298.880	4543	2	1
298.917	4544	1	1
298.955	4545	3	1
298.992	4546	4	1
299.030	4547	2	1
299.067	4548	1	1
299.105	4549	3	1
299.142	4550	4	1
299.180	4551	2	1
299.217	4552	1	1
299.255	4553	3	1
299.292	4554	4	1
299.330	4555	2	1
299.367	4556	1	1
299.405	4557	3	1
299.442	4558	4	1
299.480	4559	2	1
299.517	4560	1	1
299.555	4561	3	1
299.592	4562	4	1
299.630	4563	2	1
299.667	4564	1	1
299.705	4565	3	1
299.742	4566	4	1
299.780	4567	2	1
299.817	4568	1	1
299.855	4569	3	1
299.892	4570	4	1
299.930	4571	2	1
299.967	4572	1	1
300.005	4573	3	1
300.005	4574	4	1
300.155	4575	1	1
300.230	4576	2	1
300.305	4577	3	1
300.380	4578	4	1
300.455	4579	2	1
300.530	4580	3	1
300.605	4581	2	1
300.680	4582	3	1
300.755	4583	1	2
300.830	4584	2	2
300.830	4585	1	3
300.905	4586	3	2
300.905	4587	2	3
300.980	4588	4	2
300.980	4589	3	3
301.055	4590	2	2
301.055	4591	4	3
301.130	4592	3	2
301.130	4593	2	3
301.205	4594	1	1
301.205	4595	2	1
301.205	4596	4	1
301.355	4597	2	1
301.505	4598	1	1
301.505	4599	4	1
301.655	4600	2	1
301.805	4601	1	1
301.805	4602	4	1
301.805	4603	3	3
301.955	4604	2	1
302.030	4605	1	1
302.067	4606	2	1
302.105	4607	3	2
302.105	4608	4	1
302.180	4609	4	2
302.180	4610	3	3
302.255	4611	2	2
302.255	4612	4	3
302.330	4613	3	2
302.330	4614	2	3
302.405	4615	1	1
302.405	4616	4	1
302.555	4617	2	1
302.705	4618	1	1
302.705	4619	4	1
302.855	4620	2	1
303.005	4621	1	1
303.005	4622	4	1
303.005	4623	3	3
303.155	4624	2	1
303.230	4625	1	1
303.267	4626	2	1
303.305	4627	3	2
303.305	4628	4	1
303.380	4629	4	2
303.380	4630	3	3
303.455	4631	2	2
303.455	4632	4	3
303.530	4633	4	2
303.530	4634	2	3
303.605	4635	1	1
303.605	4636	3	1
303.755	4637	2	1
303.905	4638	1	1
303.905	4639	3	1
304.055	4640	2	1
304.205	4641	1	1
304.205	4642	3	1
304.205	4643	4	3
304.355	4644	2	1
304.430	4645	1	1
304.467	4646	2	1
304.505	4647	3	2
304.505	4648	4	1
304.580	4649	4	2
304.580	4650	3	3
304.655	4651	2	2
304.655	4652	4	3
304.730	4653	3	1
304.730	4654	4	1
304.730	4655	2	3
304.805	4656	1	1
304.805	4657	2	1
304.880	4658	3	1
304.880	4659	4	1
305.030	4660	1	1
305.030	4661	2	1
305.105	4662	3	1
305.105	4663	4	1
305.255	4664	1	1
305.255	4665	2	1
305.330	4666	3	1
305.330	4667	4	1
305.405	4668	1	1
305.405	4669	2	1
305.405	4670	4	2
305.555	4671	2	1
305.630	4672	1	1
305.705	4673	2	2
305.705	4674	4	3
305.780	4675	3	1
305.855	4676	4	1
305.930	4677	1	1
306.005	4678	3	1
306.005	4679	4	2
306.005	4680	2	3
306.305	4681	1	1
306.305	4682	2	1
306.605	4683	1	1
306.605	4684	2	1
306.905	4685	1	1
306.905	4686	2	1
307.205	4687	1	1
307.205	4688	2	1
307.505	4689	1	1
307.505	4690	2	1
307.805	4691	1	1
307.805	4692	2	1
308.105	4693	1	1
308.105	4694	2	1
308.405	4695	1	1
308.405	4696	3	1
308.505	4697	2	1
308.605	4698	1	1
308.705	4699	2	1
308.705	4700	3	1
308.805	4701	1	1
308.905	4702	2	1
309.005	4703	1	1
309.005	4704	3	1
309.105	4705	2	1
309.205	4706	1	1
309.305	4707	2	1
309.305	4708	3	1
309.405	4709	1	1
309.505	4710	2	1
309.605	4711	1	1
309.605	4712	3	1
309.605	4713	4	3
309.642	4714	2	1
309.680	4715	4	1
309.717	4716	3	1
309.755	4717	1	1
309.792	4718	2	1
309.830	4719	4	1
309.867	4720	3	1
309.905	4721	1	1
309.942	4722	2	1
309.980	4723	4	1
310.017	4724	3	1
310.055	4725	1	1
310.092	4726	2	1
310.130	4727	4	1
310.167	4728	3	1
310.205	4729	1	1
310.305	4730	2	1
310.405	4731	3	1
310.505	4732	4	1
310.605	4733	3	1
310.705	4734	2	1
310.805	4735	1	2
310.805	4736	3	1
310.805	4737	4	2
310.955	4738	3	2
311.030	4739	3	3
311.105	4740	3	2
311.105	4741	1	3
311.105	4742	4	3
311.180	4743	3	3
311.255	4744	1	2
311.255	4745	2	2
311.405	4746	3	1
311.405	4747	4	1
311.405	4748	1	3
311.405	4749	2	3
311.555	4750	2	1
311.630	4751	2	1
311.705	4752	1	1
311.705	4753	4	1
311.780	4754	2	2
311.855	4755	2	3
311.930	4756	2	1
312.005	4757	2	1
312.080	4758	2	2
312.155	4759	2	3
312.230	4760	2	1
312.305	4761	1	1
312.305	4762	4	1
312.380	4763	2	2
312.455	4764	2	3
312.530	4765	2	1
312.605	4766	3	1
312.605	4767	4	1
312.755	4768	1	2
312.755	4769	2	2
312.905	4770	1	3
312.905	4771	2	3
312.980	4772	1	2
312.980	4773	2	2
313.130	4774	1	3
313.130	4775	2	3
313.205	4776	1	2
313.205	4777	4	2
313.355	4778	2	2
313.505	4779	3	2
313.505	4780	1	3
313.505	4781	2	3
313.505	4782	4	3
313.655	4783	1	2
313.655	4784	2	2
313.655	4785	3	3
313.805	4786	3	1
313.805	4787	4	1
313.805	4788	1	3
313.805	4789	2	3
313.955	4790	2	2
314.105	4791	1	1
314.105	4792	4	1
314.105	4793	2	3
314.180	4794	1	1
314.255	4795	1	2
314.330	4796	1	3
314.405	4797	1	1
314.480	4798	1	1
314.555	4799	1	2
314.630	4800	1	3
314.705	4801	1	1
314.705	4802	4	1
314.780	4803	1	1
314.855	4804	1	1
314.930	4805	2	1
315.005	4806	1	1
315.005	4807	4	2
315.080	4808	3	2
315.080	4809	4	3
315.155	4810	2	2
315.155	4811	3	3
315.230	4812	1	2
315.230	4813	2	3
315.305	4814	4	2
315.305	4815	1	3
315.380	4816	3	2
315.380	4817	4	3
315.455	4818	2	2
315.455	4819	3	3
315.530	4820	1	2
315.530	4821	2	3
315.605	4822	2	1
315.605	4823	3	1
315.605	4824	4	1
315.605	4825	1	3
315.755	4826	1	1
315.755	4827	2	1
315.905	4828	3	1
315.905	4829	4	1
316.055	4830	1	1
316.055	4831	2	1
316.205	4832	3	1
316.205	4833	4	1
316.355	4834	1	1
316.355	4835	2	1
316.505	4836	3	1
316.505	4837	4	1
316.655	4838	1	1
316.655	4839	2	1
316.805	4840	3	1
316.805	4841	4	1
316.955	4842	1	1
316.955	4843	2	1
317.105	4844	3	1
317.105	4845	4	1
317.255	4846	1	1
317.255	4847	2	1
317.405	4848	3	1
317.405	4849	4	1
317.555	4850	1	1
317.555	4851	2	1
317.705	4852	3	1
317.705	4853	4	1
317.855	4854	1	1
317.855	4855	2	1
318.005	4856	3	1
318.005	4857	4	1
318.080	4858	1	1
318.080	4859	2	1
318.155	4860	3	1
318.155	4861	4	1
318.230	4862	1	1
318.230	4863	2	1
318.305	4864	3	1
318.305	4865	4	1
318.380	4866	1	1
318.380	4867	2	1
318.455	4868	3	1
318.455	4869	4	1
318.530	4870	1	1
318.530	4871	2	1
318.605	4872	3	1
318.605	4873	4	1
318.680	4874	1	1
318.680	4875	2	1
318.755	4876	3	1
318.755	4877	4	1
318.830	4878	1	1
318.830	4879	2	1
318.905	4880	3	1
318.905	4881	4	1
318.980	4882	1	1
318.980	4883	2	1
319.055	4884	3	1
319.055	4885	4	1
319.130	4886	1	1
319.130	4887	2	1
319.205	4888	3	1
319.205	4889	4	1
319.355	4890	2	1
319.505	4891	3	1
319.655	4892	2	1
319.805	4893	3	1
319.955	4894	2	1
320.030	4895	3	1
320.255	4896	2	1
320.330	4897	3	1
320.405	4898	1	1
320.405	4899	2	1
320.405	4900	4	1
320.480	4901	3	1
320.555	4902	2	1
320.630	4903	1	1
320.705	4904	3	1
320.705	4905	4	1
320.780	4906	2	1
320.855	4907	1	1
320.930	4908	4	1
321.005	4909	2	1
321.005	4910	3	1
321.080	4911	1	1
321.155	4912	4	1
321.230	4913	3	1
321.305	4914	1	1
321.305	4915	2	1
321.380	4916	4	1
321.455	4917	3	1
321.530	4918	2	1
321.605	4919	1	1
321.605	4920	4	1
321.680	4921	3	1
321.755	4922	2	1
321.830	4923	1	1
321.905	4924	3	1
321.905	4925	4	1
321.980	4926	2	1
322.055	4927	1	1
322.130	4928	4	1
322.205	4929	2	1
322.205	4930	3	1
322.280	4931	1	1
322.355	4932	4	1
322.430	4933	3	1
322.505	4934	1	1
322.505	4935	2	1
322.580	4936	4	1
322.655	4937	3	1
322.730	4938	2	1
322.805	4939	1	1
322.805	4940	4	1
322.880	4941	2	1
322.955	4942	3	1
323.030	4943	4	1
323.105	4944	1	1
323.105	4945	2	1
323.180	4946	3	1
323.255	4947	4	1
323.330	4948	1	1
323.405	4949	2	1
323.405	4950	3	1
323.480	4951	4	1
323.555	4952	1	1
323.630	4953	2	1
323.705	4954	3	1
323.705	4955	4	1
323.780	4956	1	1
323.855	4957	2	1
323.930	4958	3	1
324.005	4959	1	1
324.005	4960	4	1
324.080	4961	2	1
324.155	4962	3	1
324.230	4963	4	1
324.305	4964	1	1
324.305	4965	2	1
324.380	4966	3	1
324.455	4967	4	1
324.530	4968	1	1
324.605	4969	2	1
324.605	4970	3	1
324.680	4971	4	1
324.755	4972	1	1
324.830	4973	2	1
324.905	4974	3	1
324.905	4975	4	1
324.980	4976	1	1
325.055	4977	2	1
325.130	4978	3	1
325.205	4979	1	1
325.205	4980	4	1
325.280	4981	3	1
325.355	4982	2	1
325.430	4983	1	1
325.505	4984	3	1
325.505	4985	4	1
325.580	4986	2	1
325.655	4987	1	1
325.730	4988	4	1
325.805	4989	2	1
325.805	4990	3	1
325.880	4991	1	1
325.955	4992	4	1
326.030	4993	3	1
326.105	4994	1	1
326.105	4995	2	1
326.180	4996	4	1
326.255	4997	3	1
326.330	4998	2	1
326.405	4999	1	1
326.405	5000	4	1
326.480	5001	3	1
326.555	5002	2	1
326.630	5003	1	1
326.705	5004	3	1
326.705	5005	4	1
326.780	5006	2	1
326.855	5007	1	1
326.930	5008	4	1
327.005	5009	2	1
327.005	5010	3	1
327.080	5011	1	1
327.155	5012	4	1
327.230	5013	3	1
327.305	5014	1	1
327.305	5015	2	1
327.380	5016	4	1
327.455	5017	3	1
327.530	5018	2	1
327.605	5019	4	1
327.680	5020	4	1
327.755	5021	3	1
327.830	5022	3	1
327.905	5023	2	1
327.980	5024	2	1
328.055	5025	1	1
328.130	5026	1	1
328.205	5027	4	1
328.280	5028	4	1
328.355	5029	3	1
328.430	5030	3	1
328.505	5031	2	1
328.580	5032	2	1
328.655	5033	1	1
328.730	5034	1	1
328.805	5035	4	1
328.880	5036	4	1
328.955	5037	1	1
329.030	5038	1	1
329.105	5039	2	1
329.180	5040	2	1
329.255	5041	3	1
329.330	5042	3	1
329.405	5043	4	1
329.480	5044	4	1
329.555	5045	1	1
329.630	5046	1	1
329.705	5047	2	1
329.780	5048	2	1
329.855	5049	3	1
329.930	5050	3	1
330.005	5051	1	1
330.005	5052	2	1
330.005	5053	4	1
330.080	5054	3	1
330.155	5055	2	1
330.230	5056	2	1
330.305	5057	1	1
330.380	5058	4	1
330.455	5059	1	1
330.530	5060	4	1
330.605	5061	1	1
330.605	5062	2	1
330.680	5063	2	1
330.755	5064	1	1
330.830	5065	4	1
330.905	5066	1	2
330.980	5067	2	2
330.980	5068	1	3
331.055	5069	4	2
331.055	5070	2	3
331.130	5071	3	1
331.130	5072	4	3
331.205	5073	1	1
331.205	5074	2	1
331.205	5075	4	1
331.280	5076	3	1
331.355	5077	2	1
331.430	5078	2	1
331.505	5079	1	1
331.580	5080	4	1
331.655	5081	1	1
331.730	5082	4	1
331.805	5083	1	1
331.805	5084	2	1
331.880	5085	1	1
331.955	5086	2	1
332.030	5087	2	1
332.105	5088	1	2
332.180	5089	2	1
332.180	5090	1	3
332.255	5091	4	2
332.330	5092	3	2
332.330	5093	4	3
332.405	5094	1	1
332.405	5095	2	1
332.405	5096	4	1
332.405	5097	3	3
332.480	5098	3	1
332.555	5099	2	1
332.630	5100	2	1
332.705	5101	1	1
332.780	5102	4	1
332.855	5103	1	1
332.930	5104	4	1
333.005	5105	1	1
333.005	5106	2	1
333.080	5107	2	1
333.155	5108	1	1
333.230	5109	4	1
333.305	5110	1	2
333.380	5111	2	2
333.380	5112	1	3
333.455	5113	4	2
333.455	5114	2	3
333.530	5115	3	1
333.530	5116	4	3
333.605	5117	1	1
333.605	5118	2	1
333.605	5119	4	1
333.680	5120	3	1
333.755	5121	2	1
333.830	5122	2	1
333.905	5123	1	1
333.980	5124	4	1
334.055	5125	1	1
334.130	5126	4	1
334.205	5127	1	1
334.205	5128	2	1
334.280	5129	1	1
334.355	5130	2	1
334.430	5131	2	1
334.505	5132	1	2
334.580	5133	2	1
334.580	5134	1	3
334.655	5135	4	2
334.730	5136	3	2
334.730	5137	4	3
334.805	5138	1	1
334.805	5139	4	1
334.805	5140	3	3
334.880	5141	2	2
334.955	5142	3	2
334.955	5143	4	1
334.955	5144	2	3
335.030	5145	2	1
335.030	5146	3	3
335.105	5147	1	1
335.105	5148	4	1
335.180	5149	3	2
335.255	5150	1	1
335.255	5151	4	2
335.255	5152	3	3
335.330	5153	3	1
335.330	5154	4	3
335.405	5155	2	1
335.405	5156	4	1
335.480	5157	1	2
335.555	5158	2	2
335.555	5159	4	1
335.555	5160	1	3
335.630	5161	3	2
335.630	5162	2	3
335.705	5163	2	1
335.705	5164	4	1
335.705	5165	3	3
335.780	5166	1	2
335.855	5167	2	2
335.855	5168	3	1
335.855	5169	1	3
335.930	5170	4	2
335.930	5171	2	3
336.005	5172	2	1
336.005	5173	3	1
336.005	5174	4	3
336.080	5175	1	2
336.155	5176	2	1
336.155	5177	3	2
336.155	5178	1	3
336.230	5179	4	2
336.230	5180	3	3
336.305	5181	1	1
336.305	5182	3	1
336.305	5183	4	3
336.380	5184	2	2
336.455	5185	1	1
336.455	5186	3	2
336.455	5187	2	3
336.530	5188	4	2
336.530	5189	3	3
336.605	5190	2	1
336.605	5191	3	1
336.605	5192	4	3
336.680	5193	1	2
336.755	5194	2	2
336.755	5195	4	1
336.755	5196	1	3
336.830	5197	3	2
336.830	5198	2	3
336.905	5199	1	1
336.905	5200	4	1
336.905	5201	3	3
336.980	5202	2	2
337.055	5203	1	1
337.055	5204	3	2
337.055	5205	2	3
337.130	5206	4	2
337.130	5207	3	3
337.205	5208	1	1
337.205	5209	2	1
337.205	5210	4	3
337.280	5211	3	2
337.280	5212	4	1
337.355	5213	1	1
337.355	5214	2	2
337.355	5215	3	3
337.430	5216	3	2
337.430	5217	4	1
337.430	5218	2	3
337.505	5219	1	1
337.505	5220	2	1
337.505	5221	3	3
337.580	5222	3	1
337.580	5223	4	2
337.655	5224	1	2
337.655	5225	2	1
337.655	5226	4	3
337.730	5227	3	1
337.730	5228	4	2
337.730	5229	1	3
337.805	5230	1	1
337.805	5231	2	1
337.805	5232	4	3
337.880	5233	3	2
337.880	5234	4	1
337.955	5235	1	1
337.955	5236	2	2
337.955	5237	3	3
338.030	5238	3	2
338.030	5239	4	1
338.030	5240	2	3
338.105	5241	1	1
338.105	5242	2	1
338.105	5243	3	3
338.180	5244	3	1
338.180	5245	4	2
338.255	5246	1	2
338.255	5247	2	1
338.255	5248	4	3
338.330	5249	3	1
338.330	5250	4	2
338.330	5251	1	3
338.405	5252	1	1
338.405	5253	2	2
338.405	5254	4	3
338.505	5255	3	2
338.505	5256	2	3
338.605	5257	4	2
338.605	5258	3	3
338.705	5259	1	1
338.855	5260	2	2
338.855	5261	4	3
338.930	5262	1	1
339.080	5263	1	1
339.155	5264	3	1
339.155	5265	2	3
339.305	5266	2	1
339.380	5267	3	1
339.455	5268	4	1
339.605	5269	1	2
339.605	5270	2	2
339.605	5271	3	1
339.605	5272	4	1
339.989	5273	3	1
339.989	5274	4	1
339.989	5275	1	3
339.989	5276	2	3
340.117	5277	1	1
340.117	5278	2	2
340.117	5279	4	1
340.181	5280	2	3
340.246	5281	2	2
340.310	5282	2	3
340.374	5283	2	2
340.438	5284	2	3
340.502	5285	2	2
340.566	5286	2	3
340.630	5287	1	1
340.630	5288	2	2
340.694	5289	2	3
340.758	5290	2	2
340.822	5291	2	3
340.887	5292	2	2
340.951	5293	2	3
341.015	5294	2	2
341.079	5295	2	3
341.143	5296	1	1
341.143	5297	2	2
341.143	5298	4	1
341.271	5299	3	2
341.271	5300	2	3
341.399	5301	1	2
341.399	5302	3	3
341.528	5303	4	2
341.528	5304	1	3
341.656	5305	1	2
341.656	5306	2	2
341.656	5307	3	1
341.656	5308	4	3
341.784	5309	1	3
341.784	5310	2	3
341.912	5311	1	2
341.912	5312	2	2
342.040	5313	1	3
342.040	5314	2	3
342.169	5315	1	1
342.169	5316	2	2
342.169	5317	4	1
342.233	5318	2	3
342.297	5319	2	2
342.361	5320	2	3
342.425	5321	2	2
342.489	5322	2	3
342.553	5323	2	2
342.617	5324	2	3
342.681	5325	1	1
342.681	5326	2	2
342.746	5327	2	3
342.810	5328	2	2
342.874	5329	2	3
342.938	5330	2	2
343.002	5331	2	3
343.066	5332	2	2
343.130	5333	2	3
343.194	5334	1	1
343.194	5335	3	1
343.194	5336	4	2
343.451	5337	1	2
343.451	5338	4	3
343.707	5339	3	1
343.707	5340	4	2
343.707	5341	1	3
344.092	5342	3	2
344.092	5343	4	3
344.156	5344	2	2
344.156	5345	3	3
344.220	5346	1	2
344.220	5347	3	1
344.220	5348	4	1
344.220	5349	2	3
344.391	5350	4	2
344.391	5351	1	3
344.562	5352	3	2
344.562	5353	4	3
344.733	5354	2	2
344.733	5355	3	3
344.904	5356	4	2
344.904	5357	2	3
344.989	5358	1	1
344.989	5359	2	1
345.075	5360	3	2
345.075	5361	4	3
345.246	5362	1	2
345.246	5363	2	1
345.246	5364	4	1
345.246	5365	3	3
345.416	5366	4	2
345.416	5367	1	3
345.587	5368	2	2
345.587	5369	4	3
345.758	5370	1	2
345.758	5371	4	1
345.758	5372	2	3
346.015	5373	3	2
346.015	5374	1	3
346.271	5375	1	1
346.271	5376	2	1
346.271	5377	4	2
346.271	5378	3	3
346.442	5379	3	2
346.442	5380	4	3
346.613	5381	2	2
346.613	5382	3	3
346.784	5383	4	2
346.784	5384	2	3
346.955	5385	3	2
346.955	5386	4	3
347.040	5387	2	1
347.040	5388	4	1
347.126	5389	1	2
347.126	5390	3	3
347.297	5391	2	1
347.297	5392	3	1
347.297	5393	4	2
347.297	5394	1	3
347.468	5395	3	2
347.468	5396	4	3
347.810	5397	1	2
347.810	5398	2	1
347.810	5399	4	2
347.810	5400	3	3
348.066	5401	3	1
348.066	5402	1	3
348.066	5403	4	3
348.258	5404	2	2
348.322	5405	1	1
348.322	5406	3	1
348.322	5407	4	1
348.322	5408	2	3
348.515	5409	3	2
348.579	5410	1	2
348.579	5411	2	2
348.579	5412	3	3
348.835	5413	3	2
348.835	5414	4	2
348.835	5415	1	3
348.835	5416	2	3
349.028	5417	3	3
349.028	5418	4	3
349.092	5419	2	1
349.092	5420	3	2
349.092	5421	4	2
349.284	5422	3	3
349.284	5423	4	3
349.348	5424	1	1
349.348	5425	2	1
349.348	5426	4	1
349.540	5427	1	1
349.540	5428	4	1
349.605	5429	2	1
349.605	5430	3	1
349.797	5431	2	1
349.797	5432	4	1
349.861	5433	1	2
349.861	5434	3	1
349.989	5435	2	2
350.310	5436	3	2
350.310	5437	1	3
350.310	5438	2	3
350.374	5439	1	1
350.374	5440	2	1
350.374	5441	4	1
350.374	5442	3	3
350.566	5443	2	2
350.630	5444	3	2
350.630	5445	4	2
350.630	5446	2	3
350.822	5447	1	1
350.822	5448	2	1
350.822	5449	3	3
350.822	5450	4	3
350.887	5451	4	2
351.079	5452	1	1
351.079	5453	2	1
351.079	5454	4	3
351.143	5455	3	1
351.143	5456	4	2
351.271	5457	2	1
351.335	5458	3	1
351.335	5459	4	3
351.399	5460	1	1
351.399	5461	2	2
351.399	5462	4	1
351.656	5463	3	2
351.656	5464	2	3
351.912	5465	1	1
351.912	5466	4	2
351.912	5467	3	3
352.040	5468	3	1
352.169	5469	1	1
352.297	5470	3	1
352.361	5471	2	1
352.425	5472	1	1
352.553	5473	3	1
352.681	5474	1	1
352.746	5475	2	1
352.810	5476	3	1
352.938	5477	1	1
352.938	5478	2	1
353.066	5479	3	1
353.130	5480	2	1
353.194	5481	1	1
353.322	5482	3	1
353.451	5483	1	1
353.515	5484	2	1
353.579	5485	3	1
353.707	5486	1	2
353.771	5487	3	2
353.771	5488	1	3
353.835	5489	1	2
353.835	5490	3	3
353.899	5491	2	2
353.899	5492	1	3
353.963	5493	3	2
353.963	5494	2	3
353.963	5495	4	3
354.028	5496	2	1
354.028	5497	3	3
354.092	5498	1	1
354.220	5499	4	1
354.348	5500	3	2
354.412	5501	2	1
354.412	5502	3	3
354.476	5503	1	1
354.605	5504	4	1
354.733	5505	3	2
354.797	5506	2	1
354.797	5507	3	3
354.861	5508	1	1
354.989	5509	1	1
354.989	5510	3	1
355.053	5511	2	1
355.117	5512	4	2
355.181	5513	4	3
355.246	5514	2	2
355.310	5515	2	3
355.374	5516	4	2
355.438	5517	3	2
355.438	5518	4	3
355.502	5519	4	2
355.502	5520	3	3
355.566	5521	4	3
355.630	5522	2	2
355.694	5523	2	3
355.758	5524	3	2
355.822	5525	3	3
355.887	5526	2	1
356.015	5527	1	1
356.015	5528	2	1
356.015	5529	4	2
356.079	5530	3	1
356.143	5531	1	1
356.271	5532	3	1
356.399	5533	1	1
356.528	5534	2	1
356.528	5535	3	1
356.656	5536	1	1
356.784	5537	3	1
356.912	5538	2	1
356.976	5539	3	1
357.040	5540	1	1
357.040	5541	2	1
357.169	5542	3	1
357.297	5543	1	1
357.425	5544	3	1
357.553	5545	1	1
357.553	5546	2	1
357.681	5547	3	1
357.810	5548	2	1
357.874	5549	1	2
357.938	5550	3	2
357.938	5551	1	3
358.002	5552	2	2
358.002	5553	3	3
358.066	5554	1	1
358.066	5555	3	2
358.066	5556	2	3
358.066	5557	4	3
358.130	5558	3	3
358.194	5559	4	2
358.258	5560	4	3
358.322	5561	2	2
358.387	5562	2	3
358.451	5563	4	2
358.515	5564	4	3
358.579	5565	1	1
358.579	5566	3	1
358.707	5567	2	2
358.771	5568	2	3
358.835	5569	4	2
358.899	5570	4	3
358.963	5571	2	2
359.028	5572	4	1
359.028	5573	2	3
359.092	5574	1	1
359.092	5575	3	2
359.156	5576	3	3
359.220	5577	1	2
359.284	5578	1	3
359.348	5579	3	2
359.412	5580	2	1
359.412	5581	3	3
359.476	5582	1	2
359.540	5583	4	1
359.540	5584	1	3
359.604	5585	2	2
359.925	5586	3	2
359.989	5587	1	1
359.989	5588	4	1
359.989	5589	2	3
359.989	5590	3	3
360.064	5591	2	1
360.139	5592	3	2
360.214	5593	4	1
360.289	5594	1	1
360.289	5595	2	1
360.289	5596	3	3
360.364	5597	4	1
360.439	5598	3	2
360.514	5599	2	1
360.589	5600	1	1
360.589	5601	4	1
360.589	5602	3	3
360.664	5603	2	1
360.739	5604	3	2
360.814	5605	4	1
360.889	5606	1	1
360.889	5607	2	1
360.889	5608	3	3
360.964	5609	4	1
361.039	5610	3	2
361.114	5611	2	1
361.189	5612	1	1
361.189	5613	4	1
361.189	5614	3	3
361.264	5615	2	1
361.339	5616	3	2
361.414	5617	4	1
361.489	5618	1	1
361.489	5619	2	1
361.489	5620	3	3
361.564	5621	4	1
361.639	5622	3	2
361.714	5623	2	1
361.789	5624	1	1
361.789	5625	4	1
361.789	5626	3	3
361.864	5627	2	1
361.939	5628	3	1
362.014	5629	4	1
362.089	5630	1	1
362.089	5631	2	1
362.164	5632	4	1
362.239	5633	3	1
362.314	5634	2	1
362.389	5635	1	1
362.389	5636	4	1
362.464	5637	2	1
362.539	5638	3	1
362.614	5639	4	1
362.689	5640	1	1
362.689	5641	2	1
362.764	5642	4	1
362.839	5643	3	1
362.914	5644	2	1
362.989	5645	1	1
362.989	5646	4	1
363.064	5647	2	1
363.139	5648	3	1
363.214	5649	4	1
363.289	5650	1	1
363.289	5651	2	1
363.364	5652	4	1
363.439	5653	3	1
363.514	5654	2	1
363.589	5655	1	1
363.589	5656	4	1
363.664	5657	2	1
363.739	5658	3	1
363.814	5659	1	1
363.814	5660	4	1
363.889	5661	2	1
363.889	5662	3	1
363.964	5663	4	1
364.039	5664	1	1
364.039	5665	2	1
364.114	5666	3	1
364.189	5667	1	1
364.189	5668	2	1
364.264	5669	2	1
364.339	5670	3	1
364.414	5671	3	1
364.489	5672	1	1
364.489	5673	2	2
364.564	5674	3	1
364.564	5675	2	3
364.639	5676	2	2
364.714	5677	3	1
364.714	5678	2	3
364.789	5679	1	1
364.789	5680	2	1
364.789	5681	4	1
364.864	5682	3	1
364.939	5683	1	1
364.939	5684	4	1
365.014	5685	3	1
365.089	5686	2	1
365.089	5687	4	1
365.164	5688	3	1
365.239	5689	2	1
365.239	5690	4	1
365.314	5691	3	1
365.389	5692	1	1
365.389	5693	4	1
365.464	5694	2	1
365.539	5695	1	1
365.539	5696	4	1
365.614	5697	2	1
365.689	5698	1	1
365.689	5699	3	1
365.764	5700	2	1
365.839	5701	1	1
365.839	5702	3	1
365.914	5703	2	1
365.989	5704	1	1
365.989	5705	4	1
366.064	5706	3	1
366.139	5707	1	1
366.139	5708	4	1
366.214	5709	3	1
366.289	5710	2	1
366.289	5711	4	1
366.364	5712	3	1
366.439	5713	2	1
366.439	5714	4	1
366.514	5715	3	1
366.589	5716	1	1
366.589	5717	4	1
366.664	5718	2	1
366.739	5719	1	1
366.739	5720	4	1
366.814	5721	2	1
366.889	5722	1	1
366.889	5723	3	1
366.964	5724	2	1
367.039	5725	1	1
367.039	5726	3	1
367.114	5727	2	1
367.189	5728	3	1
367.189	5729	4	1
367.264	5730	3	1
367.339	5731	1	1
367.339	5732	2	1
367.414	5733	2	1
367.489	5734	1	1
367.489	5735	3	1
367.564	5736	1	1
367.639	5737	2	1
367.639	5738	4	1
367.714	5739	4	1
367.789	5740	1	1
367.789	5741	3	1
367.864	5742	3	1
367.939	5743	2	1
367.939	5744	4	1
368.014	5745	2	1
368.089	5746	1	1
368.089	5747	3	1
368.164	5748	1	1
368.239	5749	2	1
368.239	5750	4	1
368.314	5751	4	1
368.389	5752	3	1
368.426	5753	2	1
368.464	5754	1	1
368.501	5755	4	1
368.539	5756	2	1
368.539	5757	3	1
368.614	5758	3	1
368.689	5759	2	1
368.689	5760	4	1
368.764	5761	2	1
368.838	5762	1	1
368.838	5763	3	1
368.913	5764	1	1
368.988	5765	4	1
369.026	5766	3	1
369.063	5767	2	1
369.101	5768	1	1
369.138	5769	4	1
369.176	5770	3	1
369.213	5771	2	1
369.251	5772	1	1
369.288	5773	4	1
369.326	5774	3	1
369.363	5775	2	1
369.401	5776	1	1
369.438	5777	4	1
369.476	5778	3	1
369.513	5779	2	1
369.551	5780	1	1
369.588	5781	4	1
370.188	5782	4	2
370.788	5783	4	3
371.388	5784	4	2
371.988	5785	4	3
372.588	5786	4	2
373.188	5787	4	3
373.788	5788	4	2
374.388	5789	1	2
374.388	5790	3	2
374.388	5791	4	3
374.688	5792	2	1
374.688	5793	4	1
374.688	5794	1	3
374.688	5795	3	3
374.763	5796	1	1
374.838	5797	2	1
374.913	5798	1	1
374.988	5799	2	1
374.988	5800	4	1
375.063	5801	1	1
375.138	5802	2	1
375.213	5803	1	1
375.288	5804	2	1
375.288	5805	4	1
375.363	5806	1	1
375.438	5807	2	1
375.513	5808	1	1
375.588	5809	2	1
375.588	5810	4	1
375.638	5811	3	1
375.688	5812	2	1
375.738	5813	3	2
375.888	5814	2	1
375.888	5815	4	1
375.888	5816	3	3
375.963	5817	1	1
376.038	5818	2	1
376.113	5819	1	1
376.188	5820	2	1
376.188	5821	4	1
376.263	5822	1	1
376.338	5823	2	1
376.413	5824	1	1
376.488	5825	2	1
376.488	5826	4	1
376.563	5827	1	1
376.638	5828	2	1
376.676	5829	3	1
376.713	5830	4	1
376.751	5831	1	1
376.788	5832	2	1
376.826	5833	3	1
376.863	5834	4	1
377.013	5835	1	1
377.013	5836	3	1
377.088	5837	2	1
377.088	5838	4	2
377.163	5839	1	1
377.238	5840	2	1
377.313	5841	1	1
377.313	5842	3	2
377.388	5843	2	1
377.388	5844	4	3
377.463	5845	1	1
377.538	5846	2	1
377.538	5847	4	2
377.613	5848	1	1
377.613	5849	3	3
377.688	5850	2	1
377.763	5851	1	1
377.763	5852	3	2
377.838	5853	2	1
377.838	5854	4	3
377.913	5855	1	1
377.988	5856	2	1
377.988	5857	4	2
378.063	5858	3	3
378.213	5859	3	2
378.288	5860	2	1
378.288	5861	4	3
378.363	5862	1	1
378.438	5863	2	1
378.438	5864	4	2
378.513	5865	1	1
378.513	5866	3	3
378.588	5867	2	1
378.663	5868	1	1
378.663	5869	3	2
378.738	5870	2	1
378.738	5871	4	3
378.813	5872	1	1
378.888	5873	2	1
378.888	5874	4	2
378.888	5875	3	3
378.963	5876	1	1
379.038	5877	2	1
379.113	5878	1	1
379.188	5879	2	1
379.188	5880	3	2
379.188	5881	4	3
379.338	5882	4	2
379.338	5883	3	3
379.488	5884	2	1
379.488	5885	3	2
379.488	5886	4	3
379.563	5887	1	1
379.638	5888	2	1
379.638	5889	3	3
379.713	5890	1	1
379.788	5891	2	1
379.788	5892	3	1
379.863	5893	1	1
379.863	5894	4	2
379.938	5895	2	1
380.013	5896	1	1
380.013	5897	4	3
380.088	5898	2	1
380.088	5899	3	2
380.163	5900	1	1
380.238	5901	2	1
380.238	5902	4	2
380.238	5903	3	3
380.313	5904	1	1
380.388	5905	3	2
380.388	5906	4	3
380.538	5907	4	2
380.538	5908	3	3
380.688	5909	2	1
380.688	5910	3	2
380.688	5911	4	3
380.763	5912	1	1
380.838	5913	2	1
380.838	5914	4	1
380.838	5915	3	3
380.913	5916	1	1
380.988	5917	2	1
380.988	5918	3	1
381.063	5919	1	1
381.063	5920	4	2
381.138	5921	2	1
381.213	5922	1	1
381.213	5923	4	3
381.288	5924	2	1
381.288	5925	3	2
381.363	5926	1	1
381.438	5927	2	1
381.513	5928	1	1
381.588	5929	4	2
381.588	5930	3	3
381.888	5931	2	1
381.963	5932	1	1
382.038	5933	1	1
382.113	5934	2	1
382.188	5935	1	1
382.188	5936	3	1
382.263	5937	1	1
382.338	5938	2	1
382.413	5939	1	1
382.488	5940	1	1
382.488	5941	3	1
382.488	5942	4	3
382.563	5943	2	1
382.638	5944	3	1
382.713	5945	4	1
382.788	5946	1	1
382.788	5947	2	1
382.863	5948	3	1
382.938	5949	2	1
383.013	5950	3	1
383.013	5951	4	1
383.088	5952	2	1
383.163	5953	3	1
383.238	5954	1	1
383.238	5955	2	1
383.313	5956	3	1
383.388	5957	2	1
383.463	5958	3	1
383.463	5959	4	1
383.651	5960	1	1
383.651	5961	2	1
383.688	5962	3	1
383.688	5963	4	1
383.838	5964	3	1
383.838	5965	4	1
383.988	5966	1	1
383.988	5967	2	1
383.988	5968	4	1
384.063	5969	3	1
384.138	5970	2	1
384.213	5971	1	1
384.213	5972	4	1
384.288	5973	3	1
384.363	5974	1	1
384.438	5975	2	1
384.438	5976	4	1
384.513	5977	1	1
384.513	5978	3	1
384.588	5979	2	1
384.588	5980	4	1
384.663	5981	3	1
384.738	5982	2	1
384.813	5983	1	1
384.813	5984	4	1
384.888	5985	3	1
384.963	5986	1	1
385.038	5987	2	1
385.038	5988	4	1
385.113	5989	1	1
385.113	5990	3	1
385.188	5991	2	1
385.188	5992	4	1
385.263	5993	3	1
385.338	5994	2	1
385.413	5995	1	1
385.413	5996	4	1
385.488	5997	3	1
385.563	5998	1	1
385.638	5999	2	1
385.638	6000	4	1
385.713	6001	1	1
385.713	6002	3	1
385.788	6003	2	1
385.788	6004	4	1
385.863	6005	3	1
385.938	6006	2	1
386.013	6007	1	1
386.013	6008	4	1
386.088	6009	3	1
386.163	6010	1	1
386.238	6011	2	1
386.238	6012	4	1
386.313	6013	1	1
386.313	6014	3	1
386.388	6015	2	1
386.388	6016	4	1
386.463	6017	4	1
386.538	6018	1	1
386.538	6019	3	1
386.613	6020	3	1
386.688	6021	2	1
386.688	6022	4	1
386.763	6023	2	1
386.838	6024	1	1
386.838	6025	3	1
386.913	6026	1	1
386.988	6027	2	1
386.988	6028	4	1
387.063	6029	4	1
387.138	6030	1	1
387.138	6031	3	1
387.213	6032	3	1
387.288	6033	2	1
387.288	6034	4	1
387.363	6035	2	1
387.438	6036	1	1
387.438	6037	3	1
387.513	6038	1	1
387.588	6039	4	1
387.663	6040	1	1
387.738	6041	4	1
387.813	6042	1	1
387.888	6043	4	1
387.963	6044	1	1
388.038	6045	4	1
388.113	6046	1	1
388.188	6047	3	1
388.263	6048	2	1
388.338	6049	3	1
388.413	6050	2	1
388.488	6051	1	2
388.488	6052	4	2
388.563	6053	3	1
388.563	6054	1	3
388.563	6055	4	3
388.638	6056	2	1
388.713	6057	3	1
388.788	6058	1	1
388.790	6059	2	1
388.790	6060	4	1
388.926	6061	1	1
388.926	6062	2	1
388.926	6063	4	1
389.062	6064	1	1
389.062	6065	2	2
389.062	6066	4	2
389.199	6067	3	1
389.199	6068	2	3
389.335	6069	1	2
389.335	6070	2	1
389.335	6071	3	2
389.335	6072	4	3
389.471	6073	4	1
389.471	6074	1	3
389.608	6075	1	1
389.608	6076	2	2
389.608	6077	4	2
389.608	6078	3	3
389.744	6079	3	1
389.744	6080	4	3
389.880	6081	1	2
389.880	6082	3	2
389.880	6083	4	1
389.880	6084	2	3
390.017	6085	2	1
390.017	6086	1	3
390.153	6087	1	1
390.153	6088	2	2
390.153	6089	4	2
390.153	6090	3	3
390.290	6091	3	1
390.290	6092	4	3
390.426	6093	1	2
390.426	6094	3	2
390.426	6095	4	1
390.426	6096	2	3
390.562	6097	2	1
390.562	6098	3	3
390.699	6099	2	2
390.699	6100	3	1
390.699	6101	4	2
390.699	6102	1	3
390.835	6103	1	1
390.835	6104	2	3
390.971	6105	1	2
390.971	6106	2	1
390.971	6107	3	2
390.971	6108	4	3
391.108	6109	4	1
391.108	6110	1	3
391.244	6111	1	1
391.244	6112	2	2
391.244	6113	4	2
391.244	6114	3	3
391.380	6115	3	1
391.380	6116	4	3
391.517	6117	1	2
391.517	6118	3	2
391.517	6119	4	1
391.517	6120	2	3
391.653	6121	2	1
391.653	6122	3	3
391.790	6123	2	2
391.790	6124	3	1
391.790	6125	4	2
391.790	6126	1	3
391.926	6127	1	1
391.926	6128	4	3
392.062	6129	1	1
392.062	6130	3	2
392.062	6131	4	2
392.062	6132	2	3
392.199	6133	2	1
392.199	6134	3	3
392.335	6135	1	1
392.335	6136	2	2
392.335	6137	3	2
392.335	6138	4	3
392.471	6139	4	1
392.471	6140	2	3
392.608	6141	1	2
392.608	6142	2	2
392.608	6143	4	1
392.608	6144	3	3
392.744	6145	3	1
392.744	6146	1	3
392.880	6147	1	1
392.880	6148	3	2
392.880	6149	4	2
392.880	6150	2	3
393.017	6151	2	1
393.017	6152	4	3
393.153	6153	1	1
393.153	6154	2	1
393.153	6155	3	3
393.221	6156	3	1
393.221	6157	4	1
393.290	6158	2	1
393.358	6159	3	1
393.358	6160	4	1
393.426	6161	1	1
393.426	6162	2	2
393.426	6163	4	2
393.562	6164	3	1
393.562	6165	2	3
393.699	6166	1	2
393.699	6167	2	1
393.699	6168	3	2
393.699	6169	4	3
393.835	6170	4	1
393.835	6171	1	3
393.971	6172	1	1
393.971	6173	2	2
393.971	6174	4	2
393.971	6175	3	3
394.108	6176	3	1
394.108	6177	4	3
394.244	6178	1	2
394.244	6179	3	2
394.244	6180	4	1
394.244	6181	2	3
394.380	6182	2	1
394.380	6183	1	3
394.517	6184	1	1
394.517	6185	2	2
394.517	6186	4	2
394.517	6187	3	3
394.653	6188	3	1
394.653	6189	4	3
394.790	6190	1	2
394.790	6191	3	2
394.790	6192	4	1
394.790	6193	2	3
394.926	6194	2	1
394.926	6195	3	3
395.062	6196	2	2
395.062	6197	4	1
395.062	6198	1	3
395.130	6199	1	1
395.199	6200	3	1
395.267	6201	4	1
395.335	6202	1	1
395.335	6203	3	2
395.335	6204	2	3
395.403	6205	4	1
395.471	6206	1	1
395.540	6207	2	1
395.608	6208	1	1
395.608	6209	4	2
395.608	6210	3	3
395.676	6211	3	1
395.744	6212	2	1
395.812	6213	3	1
395.880	6214	1	2
395.880	6215	2	1
395.880	6216	4	3
395.949	6217	4	1
396.017	6218	2	1
396.085	6219	4	1
396.153	6220	2	1
396.153	6221	3	2
396.153	6222	1	3
396.221	6223	1	1
396.290	6224	4	1
396.358	6225	2	1
396.426	6226	1	1
396.426	6227	4	2
396.426	6228	3	3
396.494	6229	3	1
396.562	6230	1	1
396.630	6231	2	1
396.699	6232	1	1
396.699	6233	3	2
396.699	6234	4	3
396.767	6235	4	1
396.835	6236	1	1
396.903	6237	2	1
396.971	6238	1	2
396.971	6239	4	1
396.971	6240	3	3
397.040	6241	2	1
397.108	6242	3	1
397.176	6243	4	1
397.244	6244	2	2
397.244	6245	3	1
397.244	6246	1	3
397.312	6247	4	1
397.380	6248	3	1
397.449	6249	1	1
397.517	6250	3	2
397.517	6251	4	1
397.517	6252	2	3
397.585	6253	3	3
397.653	6254	2	2
397.721	6255	3	2
397.721	6256	2	3
397.790	6257	1	1
397.790	6258	2	2
397.790	6259	4	2
397.790	6260	3	3
397.926	6261	3	1
397.926	6262	2	3
398.062	6263	1	2
398.062	6264	2	1
398.062	6265	3	2
398.062	6266	4	3
398.199	6267	4	1
398.199	6268	1	3
398.335	6269	1	1
398.335	6270	2	2
398.335	6271	4	2
398.335	6272	3	3
398.471	6273	3	1
398.471	6274	4	3
398.608	6275	1	2
398.608	6276	3	2
398.608	6277	4	1
398.608	6278	2	3
398.744	6279	2	1
398.744	6280	1	3
398.880	6281	1	1
398.880	6282	2	2
398.880	6283	4	2
398.880	6284	3	3
399.017	6285	3	1
399.017	6286	4	3
399.153	6287	1	2
399.153	6288	3	2
399.153	6289	4	1
399.153	6290	2	3
399.290	6291	2	1
399.290	6292	3	3
399.426	6293	2	2
399.426	6294	3	1
399.426	6295	4	2
399.426	6296	1	3
399.562	6297	1	1
399.562	6298	2	3
399.699	6299	1	1
399.699	6300	2	1
399.699	6301	4	3
399.835	6302	2	2
399.903	6303	3	2
399.903	6304	2	3
399.971	6305	1	1
399.971	6306	2	2
399.971	6307	4	2
399.971	6308	3	3
400.108	6309	3	1
400.108	6310	4	3
400.244	6311	1	2
400.244	6312	3	2
400.244	6313	4	1
400.244	6314	2	3
400.380	6315	2	1
400.380	6316	3	3
400.517	6317	2	2
400.517	6318	3	1
400.517	6319	4	2
400.517	6320	1	3
400.653	6321	1	1
400.653	6322	4	3
400.790	6323	1	1
400.790	6324	3	1
400.790	6325	4	1
400.790	6326	2	3
400.971	6327	1	1
400.971	6328	3	1
400.971	6329	4	1
401.153	6330	1	1
401.153	6331	3	1
401.153	6332	4	1
401.335	6333	1	1
401.335	6334	2	1
401.403	6335	3	1
401.471	6336	4	1
401.608	6337	2	1
401.744	6338	4	1
401.880	6339	1	2
401.880	6340	2	1
401.880	6341	3	2
402.017	6342	4	1
402.017	6343	1	3
402.153	6344	2	2
402.153	6345	4	2
402.153	6346	3	3
402.290	6347	1	1
402.290	6348	3	1
402.290	6349	2	3
402.426	6350	1	2
402.426	6351	3	2
402.426	6352	4	3
402.562	6353	4	1
402.562	6354	1	3
402.699	6355	1	1
402.699	6356	2	2
402.699	6357	4	2
402.699	6358	3	3
402.835	6359	3	1
402.835	6360	4	3
402.903	6361	4	1
402.971	6362	1	2
402.971	6363	3	2
402.971	6364	2	3
403.108	6365	2	1
403.108	6366	1	3
403.244	6367	2	2
403.244	6368	4	2
403.244	6369	3	3
403.380	6370	1	1
403.380	6371	3	1
403.380	6372	4	3
403.449	6373	4	1
403.517	6374	1	2
403.517	6375	3	2
403.517	6376	2	3
403.653	6377	2	1
403.653	6378	3	3
403.790	6379	2	2
403.790	6380	3	1
403.790	6381	4	2
403.790	6382	1	3
403.858	6383	1	1
403.926	6384	3	1
403.926	6385	2	3
403.994	6386	1	1
404.062	6387	2	2
404.062	6388	3	2
404.062	6389	4	3
404.199	6390	1	1
404.199	6391	3	3
404.335	6392	3	2
404.335	6393	4	2
404.335	6394	2	3
404.471	6395	1	1
404.471	6396	2	1
404.471	6397	4	3
404.608	6398	1	2
404.608	6399	2	2
404.608	6400	3	3
404.744	6401	3	1
404.744	6402	2	3
404.880	6403	2	1
404.880	6404	3	2
404.880	6405	4	2
404.880	6406	1	3
405.017	6407	1	1
405.017	6408	3	3
405.085	6409	2	1
405.153	6410	1	1
405.153	6411	3	2
405.153	6412	4	3
405.290	6413	1	2
405.358	6414	4	2
405.358	6415	1	3
405.426	6416	2	2
405.426	6417	3	3
405.426	6418	4	3
405.562	6419	1	1
405.562	6420	3	2
405.630	6421	4	2
405.630	6422	3	3
405.699	6423	1	2
405.699	6424	2	3
405.699	6425	4	3
405.835	6426	2	2
405.903	6427	4	2
405.903	6428	2	3
405.971	6429	2	1
405.971	6430	3	2
405.971	6431	1	3
405.971	6432	4	3
406.108	6433	2	2
406.176	6434	1	2
406.176	6435	2	3
406.244	6436	2	1
406.244	6437	4	1
406.244	6438	1	3
406.244	6439	3	3
406.312	6440	3	1
406.380	6441	2	1
406.449	6442	3	1
406.517	6443	2	1
406.653	6444	1	1
406.653	6445	3	1
406.653	6446	4	1
406.721	6447	2	1
406.790	6448	3	1
406.858	6449	2	1
406.926	6450	3	1
407.062	6451	1	1
407.062	6452	2	1
407.062	6453	4	1
407.130	6454	3	1
407.199	6455	2	1
407.267	6456	3	1
407.335	6457	2	1
407.471	6458	1	1
407.471	6459	3	1
407.471	6460	4	1
407.540	6461	2	1
407.608	6462	3	1
407.676	6463	2	1
407.744	6464	3	1
407.880	6465	2	1
407.880	6466	3	1
407.880	6467	4	1
407.949	6468	1	1
408.017	6469	2	1
408.085	6470	1	1
408.153	6471	2	1
408.153	6472	3	1
408.153	6473	4	1
408.221	6474	1	1
408.290	6475	2	1
408.358	6476	1	1
408.426	6477	2	1
408.426	6478	3	1
408.426	6479	4	1
408.494	6480	1	1
408.562	6481	2	1
408.630	6482	1	1
408.699	6483	2	1
408.835	6484	1	1
408.835	6485	2	1
408.835	6486	3	1
408.903	6487	4	1
408.971	6488	3	1
409.040	6489	4	1
409.108	6490	3	1
409.244	6491	2	1
409.244	6492	3	1
409.244	6493	4	1
409.312	6494	1	1
409.380	6495	2	1
409.449	6496	1	1
409.517	6497	2	1
409.653	6498	1	1
409.653	6499	2	1
409.653	6500	3	1
409.721	6501	4	1
409.790	6502	3	1
409.858	6503	4	1
409.926	6504	3	1
410.062	6505	2	2
410.062	6506	3	1
410.062	6507	4	1
410.608	6508	1	1
410.608	6509	3	1
410.608	6510	4	1
410.608	6511	2	3
410.676	6512	2	1
410.744	6513	3	1
410.812	6514	2	1
410.880	6515	3	1
410.949	6516	2	1
411.017	6517	1	1
411.017	6518	3	1
411.017	6519	4	1
411.085	6520	2	1
411.153	6521	3	1
411.221	6522	2	1
411.290	6523	3	1
411.358	6524	2	1
411.426	6525	1	1
411.426	6526	3	1
411.426	6527	4	1
411.494	6528	2	1
411.562	6529	3	1
411.630	6530	2	1
411.699	6531	3	1
411.767	6532	2	1
411.835	6533	1	1
411.835	6534	3	1
411.835	6535	4	1
411.903	6536	2	1
411.971	6537	3	1
412.040	6538	2	1
412.108	6539	3	1
412.176	6540	2	1
412.244	6541	1	1
412.244	6542	3	1
412.244	6543	4	1
412.312	6544	2	1
412.380	6545	3	1
412.449	6546	2	1
412.517	6547	1	1
412.517	6548	3	1
412.517	6549	4	1
412.585	6550	2	1
412.653	6551	3	1
412.721	6552	2	1
412.790	6553	1	1
412.790	6554	3	1
412.790	6555	4	1
413.153	6556	1	1
413.244	6557	2	1
413.335	6558	4	1
413.426	6559	1	1
413.517	6560	2	1
413.608	6561	1	1
413.699	6562	4	1
413.790	6563	1	1
413.880	6564	2	1
413.880	6565	3	1
413.971	6566	1	1
413.971	6567	4	1
414.153	6568	1	1
414.153	6569	4	1
414.244	6570	2	1
414.244	6571	3	1
414.335	6572	4	1
414.426	6573	1	1
414.426	6574	2	1
414.517	6575	3	1
414.517	6576	4	1
414.608	6577	2	1
414.699	6578	3	1
414.699	6579	4	1
414.790	6580	2	1
414.880	6581	1	1
414.971	6582	1	1
414.971	6583	2	1
414.971	6584	3	1
414.971	6585	4	1