Song Name	We Could Get More Machinegun Psystyle! -And More Genre Switches- [EXTENDED CUT] (Hard) by Camellia [Anniversary]
Difficulty	40
Primary Color	Vibe
Secondary Color	Chill
Audio Asset ID	rbxassetid://81278459755268
Audio File	81278459755268.ogg
Last Note Time	318.333
Total Notes	6522
Fever Fill	1741
Fever Time	47.749950
Long Notes	1296
BPM	196
Song Length	319.333000000

Timing Points
0.086	-100.000000
0.086	375.000000
48.453	375.000000
48.453	333.333333
48.786	333.333333
48.786	307.692308
49.093	307.692308
49.093	285.714286
49.378	285.714286
49.378	279.069767
49.657	279.069767
49.657	272.727273
49.929	272.727273
49.929	255.319149
50.184	255.319149
50.184	240.000000
50.424	240.000000
50.424	228.136882
50.652	228.136882
50.652	222.222222
50.874	222.222222
50.874	218.181818
51.092	218.181818
51.092	214.285714
51.306	214.285714
51.306	206.896552
51.512	206.896552
51.512	200.000000
51.712	200.000000
51.712	193.548387
51.905	193.548387
51.905	187.500000
52.092	187.500000
52.092	187.500000
55.092	187.500000
55.092	375.000000
223.467	375.000000
223.467	400.000000
223.867	400.000000
223.867	413.793103
224.280	413.793103
224.280	422.535211
224.702	422.535211
224.702	444.444444
225.146	444.444444
225.146	454.545455
225.600	454.545455
225.600	480.000000
226.080	480.000000
226.080	500.000000
226.580	500.000000
226.580	530.973451
227.110	530.973451
227.110	571.428571
227.681	571.428571
227.681	625.000000
228.306	625.000000
228.306	666.666667
228.972	666.666667
228.972	750.000000
229.347	750.000000
229.347	769.230769
229.731	769.230769
229.731	810.810811
230.136	810.810811
230.136	845.070423
230.347	845.070423
230.347	937.500000
230.581	937.500000
230.581	983.606557
230.826	983.606557
230.826	1034.482759
231.084	1034.482759
231.084	1111.111111
231.361	1111.111111
231.361	1153.846154
231.649	1153.846154
231.649	1237.113402
231.955	1237.113402
231.955	1333.333333
232.288	1333.333333
232.288	1500.000000
232.663	1500.000000
232.663	1714.285714
233.091	1714.285714
233.091	1846.153846
233.552	1846.153846
233.552	1875.000000
236.835	1875.000000
236.835	468.750000
274.335	468.750000
274.335	461.538462
275.258	461.538462
275.258	436.363636
276.130	436.363636
276.130	424.028269
276.978	424.028269
276.978	408.163265
277.794	408.163265
277.794	394.736842
278.583	394.736842
278.583	375.000000
279.333	375.000000


Song Data
0.086	1	1	2
0.226	2	1	3
0.179	3	4	2
0.273	4	4	3
0.320	5	2	1
0.461	6	3	1
0.648	7	2	1
0.836	8	3	1
1.586	9	1	2
1.679	10	1	3
1.679	11	3	2
1.773	12	3	3
1.867	13	2	2
1.961	14	2	3
2.148	15	3	2
2.242	16	3	3
2.336	17	4	2
2.429	18	4	3
2.617	19	3	2
2.711	20	3	3
2.898	21	2	2
2.992	22	2	3
3.086	23	1	2
3.226	24	1	3
3.179	25	4	2
3.273	26	4	3
3.320	27	2	1
3.461	28	3	1
3.648	29	2	1
3.836	30	3	1
4.586	31	1	2
4.679	32	1	3
4.679	33	3	2
4.773	34	3	3
4.867	35	2	2
4.961	36	2	3
5.148	37	3	2
5.242	38	3	3
5.336	39	4	2
5.429	40	4	3
5.617	41	3	2
5.711	42	3	3
5.898	43	2	2
5.992	44	2	3
6.086	45	1	2
6.226	46	1	3
6.179	47	4	2
6.273	48	4	3
6.320	49	2	1
6.461	50	3	1
6.648	51	2	1
6.836	52	3	1
7.586	53	1	2
7.679	54	1	3
7.679	55	3	2
7.773	56	3	3
7.867	57	2	2
7.961	58	2	3
8.148	59	3	2
8.242	60	3	3
8.336	61	4	2
8.429	62	4	3
8.617	63	3	2
8.711	64	3	3
8.898	65	2	2
8.992	66	2	3
9.086	67	1	2
9.226	68	1	3
9.179	69	4	2
9.273	70	4	3
9.320	71	2	1
9.461	72	3	1
9.648	73	2	1
9.836	74	3	1
10.586	75	1	2
10.679	76	1	3
10.679	77	3	2
10.773	78	3	3
10.867	79	2	2
10.961	80	2	3
11.148	81	3	2
11.242	82	3	3
11.336	83	1	2
11.992	84	1	3
11.336	85	4	2
11.429	86	4	3
11.617	87	3	2
11.711	88	3	3
11.711	89	4	2
11.992	90	4	3
11.898	91	2	2
11.992	92	2	3
12.086	93	4	2
12.273	94	4	3
12.086	95	3	2
12.273	96	3	3
12.086	97	1	1
12.367	98	2	2
12.554	99	2	3
12.461	100	1	1
12.461	101	4	1
12.648	102	4	1
12.648	103	1	2
12.742	104	1	3
12.742	105	4	1
12.836	106	1	2
13.023	107	1	3
12.836	108	2	2
13.023	109	2	3
13.117	110	3	2
13.304	111	3	3
13.211	112	1	1
13.211	113	4	1
13.398	114	1	1
13.398	115	4	2
13.492	116	4	3
13.492	117	1	1
13.586	118	4	2
13.773	119	4	3
13.586	120	3	2
13.773	121	3	3
13.867	122	2	2
14.054	123	2	3
13.961	124	4	1
13.961	125	1	1
14.148	126	4	1
14.148	127	1	2
14.242	128	1	3
14.242	129	4	1
14.336	130	1	2
14.429	131	1	3
14.336	132	2	2
14.429	133	2	3
14.617	134	2	1
14.711	135	4	2
14.804	136	4	3
14.711	137	3	1
14.898	138	3	2
15.086	139	3	3
14.992	140	4	2
15.086	141	4	3
15.086	142	2	2
15.273	143	2	3
15.086	144	1	2
15.273	145	1	3
15.367	146	3	2
15.554	147	3	3
15.461	148	4	1
15.461	149	1	1
15.648	150	1	1
15.648	151	4	2
15.742	152	4	3
15.742	153	1	1
15.836	154	4	2
16.023	155	4	3
15.836	156	3	2
16.023	157	3	3
16.117	158	2	2
16.304	159	2	3
16.211	160	4	1
16.211	161	1	1
16.398	162	4	1
16.398	163	1	2
16.492	164	1	3
16.492	165	4	1
16.586	166	1	2
16.773	167	1	3
16.586	168	2	2
16.773	169	2	3
16.867	170	3	2
17.054	171	3	3
16.961	172	1	1
16.961	173	4	1
17.148	174	1	1
17.148	175	4	2
17.242	176	4	3
17.242	177	1	1
17.336	178	4	2
17.476	179	4	3
17.336	180	3	2
17.429	181	3	3
17.523	182	3	2
17.711	183	3	3
17.617	184	4	2
17.711	185	4	3
17.711	186	1	2
17.992	187	1	3
17.711	188	2	2
17.804	189	2	3
17.804	190	3	1
17.898	191	2	2
17.992	192	2	3
17.992	193	3	1
18.086	194	1	2
18.273	195	1	3
18.086	196	2	2
18.273	197	2	3
18.086	198	4	1
18.367	199	3	2
18.554	200	3	3
18.461	201	4	1
18.461	202	1	1
18.648	203	1	1
18.648	204	4	2
18.742	205	4	3
18.742	206	1	1
18.836	207	4	2
19.023	208	4	3
18.836	209	3	2
19.023	210	3	3
19.117	211	2	2
19.304	212	2	3
19.211	213	4	1
19.211	214	1	1
19.398	215	4	1
19.398	216	1	2
19.492	217	1	3
19.492	218	4	1
19.586	219	1	2
19.773	220	1	3
19.586	221	2	2
19.773	222	2	3
19.867	223	3	2
20.054	224	3	3
19.961	225	1	1
19.961	226	4	1
20.148	227	1	1
20.148	228	4	2
20.242	229	4	3
20.242	230	1	1
20.336	231	4	2
20.429	232	4	3
20.336	233	3	2
20.429	234	3	3
20.617	235	3	1
20.711	236	1	2
20.804	237	1	3
20.711	238	2	1
20.898	239	2	2
21.086	240	2	3
20.992	241	1	2
21.086	242	1	3
21.086	243	4	2
21.273	244	4	3
21.086	245	3	2
21.273	246	3	3
21.367	247	2	2
21.554	248	2	3
21.461	249	1	1
21.461	250	4	1
21.648	251	4	1
21.648	252	1	2
21.742	253	1	3
21.742	254	4	1
21.836	255	1	2
22.023	256	1	3
21.836	257	2	2
22.023	258	2	3
22.117	259	3	2
22.304	260	3	3
22.211	261	1	1
22.211	262	4	1
22.398	263	1	1
22.398	264	4	2
22.492	265	4	3
22.492	266	1	1
22.586	267	4	2
22.773	268	4	3
22.586	269	3	2
22.773	270	3	3
22.867	271	2	2
23.054	272	2	3
22.961	273	4	1
22.961	274	1	1
23.148	275	4	1
23.148	276	1	2
23.242	277	1	3
23.242	278	4	1
23.336	279	1	2
23.476	280	1	3
23.336	281	2	2
23.429	282	2	3
23.523	283	2	2
23.711	284	2	3
23.617	285	1	2
23.711	286	1	3
23.711	287	4	2
23.992	288	4	3
23.711	289	3	2
23.804	290	3	3
23.804	291	2	1
23.898	292	3	2
23.992	293	3	3
23.992	294	2	1
24.086	295	4	2
24.273	296	4	3
24.086	297	3	2
24.273	298	3	3
24.086	299	1	2
24.273	300	1	3
24.367	301	4	2
24.554	302	4	3
24.367	303	3	2
24.554	304	3	3
24.367	305	2	2
24.554	306	2	3
24.648	307	4	2
24.742	308	4	3
24.648	309	3	2
24.742	310	3	3
24.648	311	1	2
24.742	312	1	3
24.836	313	2	2
24.929	314	2	3
24.859	315	3	2
25.023	316	3	3
25.023	317	2	1
25.117	318	2	2
25.211	319	2	3
25.140	320	3	2
25.211	321	3	3
25.304	322	3	1
25.304	323	2	1
25.398	324	3	2
25.492	325	3	3
25.398	326	2	2
25.492	327	2	3
25.586	328	4	2
25.773	329	4	3
25.586	330	1	2
25.773	331	1	3
25.586	332	2	2
25.773	333	2	3
25.867	334	2	2
26.054	335	2	3
25.867	336	3	2
26.054	337	3	3
25.867	338	1	2
26.054	339	1	3
26.148	340	4	2
26.242	341	4	3
26.148	342	2	2
26.242	343	2	3
26.148	344	1	2
26.242	345	1	3
26.336	346	3	2
26.523	347	3	3
26.523	348	4	1
26.617	349	4	2
26.711	350	4	3
26.640	351	2	2
26.804	352	2	3
26.804	353	4	1
26.898	354	4	1
26.992	355	1	1
26.992	356	3	1
27.039	357	2	1
27.086	358	1	2
27.273	359	1	3
27.086	360	4	2
27.273	361	4	3
27.086	362	3	2
27.273	363	3	3
27.367	364	3	2
27.554	365	3	3
27.367	366	2	2
27.554	367	2	3
27.367	368	4	2
27.554	369	4	3
27.648	370	1	2
27.742	371	1	3
27.648	372	3	2
27.742	373	3	3
27.648	374	4	2
27.742	375	4	3
27.836	376	2	1
27.859	377	3	1
27.882	378	4	2
28.023	379	4	3
28.023	380	1	1
28.117	381	4	1
28.140	382	3	1
28.164	383	2	2
28.304	384	2	3
28.304	385	1	1
28.398	386	2	1
28.421	387	3	1
28.445	388	4	2
28.586	389	4	3
28.586	390	3	2
28.773	391	3	3
28.586	392	2	2
28.773	393	2	3
28.586	394	1	2
28.773	395	1	3
28.867	396	4	2
29.054	397	4	3
28.867	398	3	2
29.054	399	3	3
28.867	400	2	2
29.054	401	2	3
29.148	402	1	2
29.242	403	1	3
29.148	404	2	2
29.242	405	2	3
29.148	406	3	2
29.242	407	3	3
29.336	408	3	1
29.382	409	2	1
29.429	410	3	1
29.476	411	2	1
29.523	412	4	2
29.617	413	4	3
29.523	414	3	2
29.617	415	3	3
29.523	416	1	2
29.617	417	1	3
29.711	418	3	1
29.711	419	4	1
29.711	420	2	1
29.804	421	3	1
29.804	422	4	1
29.804	423	2	1
29.898	424	4	2
29.992	425	4	3
29.898	426	3	2
29.992	427	3	3
29.898	428	1	2
29.992	429	1	3
30.086	430	1	2
30.273	431	1	3
30.086	432	2	2
30.273	433	2	3
30.086	434	4	2
30.273	435	4	3
30.367	436	1	2
30.554	437	1	3
30.367	438	2	2
30.554	439	2	3
30.367	440	3	2
30.554	441	3	3
30.648	442	1	2
30.742	443	1	3
30.648	444	2	2
30.742	445	2	3
30.648	446	4	2
30.742	447	4	3
30.836	448	3	2
30.929	449	3	3
30.859	450	4	2
31.492	451	4	3
31.023	452	3	1
31.117	453	3	2
31.492	454	3	3
31.304	455	2	1
31.398	456	2	2
31.586	457	2	3
31.586	458	1	2
31.773	459	1	3
31.586	460	4	2
31.773	461	4	3
31.586	462	3	2
31.773	463	3	3
31.867	464	3	2
32.054	465	3	3
31.867	466	2	2
32.054	467	2	3
31.867	468	4	2
32.054	469	4	3
32.148	470	1	2
32.242	471	1	3
32.148	472	3	2
32.242	473	3	3
32.148	474	4	2
32.242	475	4	3
32.336	476	2	2
32.523	477	2	3
32.523	478	1	1
32.617	479	1	2
32.711	480	1	3
32.640	481	3	2
32.804	482	3	3
32.804	483	1	1
32.898	484	1	1
32.992	485	4	1
32.992	486	2	1
33.039	487	3	1
33.086	488	4	2
33.273	489	4	3
33.086	490	1	2
33.273	491	1	3
33.086	492	2	2
33.273	493	2	3
33.367	494	2	2
33.554	495	2	3
33.367	496	3	2
33.554	497	3	3
33.367	498	1	2
33.554	499	1	3
33.648	500	4	2
33.742	501	4	3
33.648	502	2	2
33.742	503	2	3
33.648	504	1	2
33.742	505	1	3
33.836	506	3	1
33.859	507	2	1
33.882	508	1	2
34.023	509	1	3
34.023	510	4	1
34.117	511	1	1
34.140	512	2	1
34.164	513	3	2
34.304	514	3	3
34.304	515	4	1
34.398	516	3	1
34.421	517	2	1
34.445	518	1	2
34.586	519	1	3
34.586	520	2	2
34.773	521	2	3
34.586	522	3	2
34.773	523	3	3
34.586	524	4	2
34.773	525	4	3
34.867	526	1	2
35.054	527	1	3
34.867	528	2	2
35.054	529	2	3
34.867	530	3	2
35.054	531	3	3
35.148	532	4	2
35.242	533	4	3
35.148	534	3	2
35.242	535	3	3
35.148	536	2	2
35.242	537	2	3
35.336	538	4	1
35.336	539	1	1
35.336	540	2	1
35.429	541	4	1
35.523	542	4	2
35.617	543	4	3
35.711	544	3	2
35.804	545	3	3
35.898	546	1	2
35.992	547	1	3
36.086	548	1	2
36.273	549	1	3
36.086	550	2	2
36.273	551	2	3
36.086	552	4	2
36.179	553	4	3
36.273	554	4	1
36.367	555	2	1
36.367	556	4	2
36.461	557	4	3
36.461	558	1	1
36.461	559	2	1
36.461	560	3	1
36.554	561	4	1
36.648	562	2	1
36.648	563	4	2
36.742	564	4	3
36.742	565	2	1
36.836	566	1	2
36.929	567	1	3
36.836	568	4	1
36.836	569	3	1
37.023	570	1	1
37.117	571	3	1
37.117	572	1	2
37.211	573	1	3
37.211	574	4	1
37.211	575	3	1
37.211	576	2	1
37.304	577	1	1
37.398	578	1	2
37.492	579	1	3
37.398	580	3	1
37.492	581	3	1
37.586	582	4	2
37.679	583	4	3
37.586	584	1	1
37.586	585	2	1
37.773	586	4	1
37.867	587	2	1
37.867	588	4	2
37.961	589	4	3
37.961	590	3	1
37.961	591	2	1
37.961	592	1	1
38.054	593	4	1
38.148	594	4	2
38.242	595	4	3
38.148	596	2	1
38.242	597	2	1
38.336	598	4	1
38.336	599	3	1
38.336	600	1	1
38.382	601	2	1
38.429	602	3	1
38.476	603	2	1
38.523	604	4	2
38.617	605	4	3
38.546	606	1	2
38.664	607	1	3
38.617	608	3	1
38.711	609	4	2
38.804	610	4	3
38.734	611	1	2
38.851	612	1	3
38.898	613	4	2
38.992	614	4	3
38.921	615	1	2
39.039	616	1	3
39.086	617	3	2
39.179	618	3	3
39.086	619	4	1
39.086	620	1	1
39.273	621	3	1
39.367	622	1	1
39.367	623	3	2
39.461	624	3	3
39.461	625	4	1
39.461	626	2	1
39.461	627	1	1
39.554	628	3	1
39.648	629	1	1
39.648	630	3	2
39.742	631	3	3
39.742	632	1	1
39.836	633	4	1
39.836	634	3	1
39.836	635	2	2
39.929	636	2	3
40.023	637	2	1
40.117	638	4	1
40.117	639	2	2
40.211	640	2	3
40.211	641	1	1
40.211	642	4	1
40.211	643	3	1
40.304	644	2	1
40.398	645	4	1
40.398	646	2	2
40.492	647	2	3
40.492	648	4	1
40.586	649	1	1
40.586	650	2	1
40.586	651	3	2
40.679	652	3	3
40.773	653	3	1
40.867	654	1	1
40.867	655	3	2
40.961	656	3	3
40.961	657	4	1
40.961	658	2	1
40.961	659	1	1
41.054	660	3	1
41.148	661	1	1
41.148	662	3	2
41.242	663	3	3
41.242	664	1	1
41.336	665	3	2
41.429	666	3	3
41.336	667	4	1
41.382	668	2	2
41.523	669	2	3
41.617	670	3	2
41.711	671	3	3
41.664	672	2	2
41.804	673	2	3
41.898	674	3	2
41.992	675	3	3
41.945	676	2	2
42.015	677	2	3
42.086	678	1	2
42.554	679	1	3
42.086	680	4	1
42.086	681	3	1
42.179	682	4	1
42.179	683	3	1
42.273	684	4	1
42.273	685	3	1
42.367	686	4	1
42.367	687	3	1
42.461	688	4	1
42.461	689	3	1
42.554	690	4	1
42.554	691	3	1
42.648	692	2	1
42.671	693	4	1
42.695	694	1	1
42.742	695	3	1
42.789	696	4	1
42.836	697	1	1
42.836	698	2	1
42.929	699	3	1
42.953	700	2	1
42.976	701	1	1
43.023	702	4	1
43.023	703	3	1
43.117	704	2	1
43.140	705	3	1
43.164	706	4	1
43.211	707	1	1
43.211	708	2	1
43.304	709	2	1
43.304	710	1	1
43.398	711	4	1
43.421	712	2	1
43.445	713	1	1
43.492	714	3	1
43.586	715	4	2
44.054	716	4	3
43.586	717	1	1
43.586	718	2	1
43.679	719	2	1
43.679	720	1	1
43.773	721	1	1
43.773	722	2	1
43.867	723	2	1
43.867	724	1	1
43.961	725	1	1
43.961	726	2	1
44.054	727	2	1
44.054	728	1	1
44.148	729	3	1
44.171	730	1	1
44.195	731	4	1
44.242	732	2	1
44.289	733	1	1
44.336	734	4	1
44.336	735	3	1
44.429	736	2	1
44.453	737	3	1
44.476	738	4	1
44.523	739	1	1
44.523	740	2	1
44.617	741	3	1
44.640	742	2	1
44.664	743	1	1
44.711	744	4	1
44.711	745	3	1
44.804	746	4	1
44.804	747	3	1
44.898	748	1	1
44.921	749	4	1
44.945	750	2	1
44.992	751	3	1
45.039	752	4	1
45.086	753	1	1
45.086	754	2	1
45.179	755	2	1
45.179	756	1	1
45.273	757	4	1
45.296	758	1	1
45.320	759	3	1
45.367	760	2	1
45.414	761	1	1
45.461	762	4	1
45.461	763	3	1
45.554	764	4	1
45.554	765	3	1
45.648	766	1	1
45.671	767	4	1
45.695	768	2	1
45.742	769	3	1
45.789	770	2	1
45.836	771	4	1
45.836	772	1	1
45.929	773	1	1
45.929	774	4	1
46.023	775	3	1
46.046	776	2	1
46.070	777	4	1
46.117	778	1	1
46.164	779	2	1
46.211	780	4	1
46.211	781	3	1
46.304	782	4	1
46.304	783	3	1
46.398	784	2	1
46.445	785	4	1
46.492	786	1	1
46.539	787	3	1
46.586	788	1	1
46.586	789	2	1
46.632	790	4	1
46.632	791	3	1
46.679	792	1	1
46.679	793	2	1
46.726	794	4	1
46.726	795	3	1
46.773	796	1	1
46.773	797	2	1
46.820	798	4	1
46.820	799	3	1
46.867	800	2	1
46.867	801	1	1
46.914	802	4	1
46.914	803	3	1
46.961	804	1	1
46.961	805	2	1
47.007	806	4	1
47.007	807	3	1
47.054	808	1	1
47.054	809	2	1
47.101	810	4	1
47.101	811	3	1
47.148	812	1	1
47.148	813	2	1
47.195	814	4	1
47.195	815	3	1
47.242	816	1	1
47.242	817	2	1
47.289	818	4	1
47.289	819	3	1
47.336	820	2	1
47.336	821	1	1
47.523	822	3	1
47.617	823	3	1
47.711	824	3	2
47.804	825	3	3
47.804	826	1	1
47.898	827	3	2
47.992	828	3	3
47.992	829	2	1
48.086	830	4	2
49.378	831	4	3
48.086	832	1	2
49.378	833	1	3
48.086	834	3	1
48.179	835	3	1
48.273	836	2	1
48.367	837	2	1
48.453	838	3	1
48.536	839	3	1
48.619	840	2	1
48.703	841	2	1
48.786	842	3	1
48.862	843	3	1
48.939	844	2	1
49.016	845	2	1
49.093	846	3	1
49.164	847	3	1
49.235	848	2	1
49.307	849	2	1
49.378	850	3	1
49.447	851	3	1
49.517	852	1	1
49.587	853	1	1
49.657	854	4	1
49.725	855	4	1
49.793	856	2	1
49.861	857	2	1
49.929	858	3	1
49.992	859	3	1
50.056	860	2	1
50.120	861	2	1
50.184	862	4	1
50.244	863	4	1
50.304	864	1	1
50.364	865	1	1
50.424	866	3	1
50.481	867	4	1
50.538	868	3	1
50.595	869	4	1
50.652	870	1	1
50.707	871	2	1
50.763	872	1	1
50.818	873	2	1
50.874	874	3	1
50.928	875	4	1
50.983	876	3	1
51.037	877	1	1
51.092	878	4	1
51.145	879	2	1
51.199	880	1	1
51.252	881	2	1
51.306	882	3	1
51.357	883	1	1
51.409	884	3	1
51.461	885	2	1
51.512	886	4	1
51.562	887	2	1
51.612	888	3	1
51.662	889	1	1
51.712	890	2	1
51.760	891	4	1
51.808	892	2	1
51.857	893	3	1
51.905	894	1	1
51.951	895	3	1
51.998	896	2	1
52.045	897	4	1
52.092	898	3	1
52.138	899	1	1
52.185	900	3	1
52.232	901	2	1
52.279	902	1	1
52.326	903	4	1
52.373	904	1	1
52.420	905	3	1
52.467	906	2	1
52.513	907	3	1
52.560	908	1	1
52.607	909	4	1
52.654	910	1	1
52.701	911	2	1
52.748	912	4	1
52.795	913	3	1
52.842	914	2	1
52.888	915	4	1
52.935	916	2	1
52.982	917	3	1
53.029	918	1	1
53.076	919	3	1
53.123	920	2	1
53.170	921	4	1
53.217	922	2	1
53.263	923	3	1
53.310	924	1	1
53.357	925	3	1
53.404	926	2	1
53.451	927	4	1
53.498	928	2	1
53.545	929	1	1
53.592	930	4	1
53.638	931	3	1
53.685	932	2	1
53.732	933	4	1
53.779	934	2	1
53.826	935	3	1
53.873	936	1	1
53.920	937	4	1
53.967	938	2	1
54.013	939	4	1
54.060	940	3	1
54.107	941	2	1
54.154	942	1	1
54.201	943	2	1
54.248	944	3	1
54.295	945	1	1
54.342	946	3	1
54.388	947	2	1
54.435	948	4	1
54.482	949	1	1
54.529	950	3	1
54.576	951	1	1
54.623	952	2	1
54.670	953	3	1
54.717	954	4	1
54.763	955	3	1
54.810	956	2	1
54.857	957	4	1
54.904	958	1	1
54.951	959	3	1
54.998	960	4	1
55.045	961	2	1
55.092	962	4	1
55.092	963	3	1
55.092	964	1	1
55.185	965	1	1
55.279	966	3	1
55.279	967	2	1
55.279	968	1	1
55.373	969	1	1
55.467	970	4	1
55.467	971	2	1
55.467	972	1	1
55.560	973	1	1
55.654	974	4	1
55.654	975	3	1
55.654	976	1	1
55.748	977	1	1
55.842	978	4	1
55.842	979	3	1
55.842	980	2	1
55.935	981	4	1
56.029	982	1	1
56.029	983	2	1
56.029	984	4	1
56.123	985	4	1
56.217	986	3	1
56.217	987	1	1
56.217	988	4	1
56.310	989	4	1
56.404	990	3	1
56.404	991	2	1
56.404	992	4	1
56.498	993	4	1
56.592	994	1	1
56.592	995	2	1
56.592	996	3	1
56.685	997	2	1
56.779	998	3	1
56.779	999	4	1
56.779	1000	2	1
56.873	1001	2	1
56.967	1002	1	1
56.967	1003	4	1
56.967	1004	2	1
57.060	1005	2	1
57.154	1006	3	1
57.154	1007	4	1
57.154	1008	2	1
57.248	1009	2	1
57.342	1010	4	1
57.342	1011	3	1
57.342	1012	1	1
57.435	1013	3	1
57.529	1014	1	1
57.529	1015	2	1
57.529	1016	3	1
57.623	1017	3	1
57.717	1018	4	1
57.717	1019	1	1
57.717	1020	3	1
57.810	1021	3	1
57.904	1022	1	1
57.904	1023	2	1
57.904	1024	3	1
57.998	1025	3	1
58.092	1026	4	2
58.185	1027	4	3
58.092	1028	2	1
58.092	1029	1	1
58.185	1030	1	1
58.185	1031	2	2
58.279	1032	2	3
58.279	1033	1	2
58.373	1034	1	3
58.279	1035	3	1
58.279	1036	4	1
58.373	1037	4	1
58.373	1038	3	2
58.560	1039	3	3
58.467	1040	4	2
58.560	1041	4	3
58.467	1042	1	1
58.467	1043	2	1
58.560	1044	1	1
58.560	1045	2	2
58.748	1046	2	3
58.654	1047	1	2
58.748	1048	1	3
58.654	1049	4	1
58.654	1050	3	1
58.748	1051	4	1
58.748	1052	3	2
58.842	1053	3	3
58.842	1054	4	2
58.935	1055	4	3
58.842	1056	1	1
58.888	1057	2	1
58.935	1058	1	2
59.123	1059	1	3
58.982	1060	3	1
59.029	1061	2	2
59.170	1062	2	3
59.076	1063	4	1
59.123	1064	3	2
59.217	1065	3	3
59.217	1066	4	2
59.310	1067	4	3
59.217	1068	1	1
59.263	1069	2	1
59.310	1070	1	2
59.545	1071	1	3
59.357	1072	3	1
59.404	1073	2	2
59.592	1074	2	3
59.451	1075	4	1
59.498	1076	3	2
59.592	1077	3	3
59.592	1078	4	2
59.685	1079	4	3
59.615	1080	1	2
59.779	1081	1	3
59.779	1082	4	2
59.849	1083	4	3
59.873	1084	2	1
59.967	1085	4	2
60.060	1086	4	3
59.990	1087	1	2
60.154	1088	1	3
60.154	1089	4	2
60.224	1090	4	3
60.201	1091	2	1
60.248	1092	3	1
60.295	1093	2	1
60.342	1094	1	2
60.998	1095	1	3
60.373	1096	3	2
60.717	1097	3	3
60.717	1098	4	2
60.779	1099	4	3
60.717	1100	2	2
60.810	1101	2	3
60.779	1102	3	1
60.842	1103	4	1
60.904	1104	3	2
60.998	1105	3	3
60.904	1106	2	1
60.951	1107	4	1
60.998	1108	2	1
61.092	1109	4	1
61.092	1110	3	1
61.092	1111	1	1
61.138	1112	2	1
61.185	1113	3	1
61.232	1114	2	1
61.279	1115	4	1
61.326	1116	1	1
61.373	1117	4	1
61.420	1118	1	1
61.467	1119	3	1
61.467	1120	2	1
61.513	1121	4	1
61.560	1122	2	1
61.607	1123	4	1
61.654	1124	1	1
61.654	1125	3	1
61.748	1126	3	1
61.748	1127	1	1
61.842	1128	3	1
61.842	1129	4	1
61.842	1130	2	1
61.935	1131	1	1
61.935	1132	2	1
62.029	1133	3	1
62.029	1134	2	1
62.029	1135	1	1
62.123	1136	4	1
62.123	1137	1	1
62.217	1138	2	1
62.217	1139	4	1
62.217	1140	3	1
62.310	1141	1	1
62.310	1142	2	1
62.404	1143	4	1
62.404	1144	3	1
62.404	1145	1	1
62.498	1146	4	1
62.498	1147	3	1
62.592	1148	4	1
62.592	1149	1	1
62.592	1150	2	1
62.638	1151	3	1
62.685	1152	2	1
62.732	1153	3	1
62.779	1154	1	1
62.826	1155	4	1
62.873	1156	1	1
62.920	1157	4	1
62.967	1158	2	1
62.967	1159	3	1
63.013	1160	1	1
63.060	1161	3	1
63.107	1162	1	1
63.154	1163	4	1
63.154	1164	2	1
63.248	1165	2	1
63.248	1166	4	1
63.342	1167	2	1
63.342	1168	3	1
63.342	1169	1	1
63.435	1170	4	1
63.435	1171	3	1
63.529	1172	2	1
63.529	1173	3	1
63.529	1174	4	1
63.623	1175	4	1
63.623	1176	1	1
63.717	1177	1	1
63.717	1178	2	1
63.717	1179	3	1
63.810	1180	4	1
63.810	1181	3	1
63.904	1182	1	1
63.904	1183	2	1
63.904	1184	4	1
63.998	1185	1	1
63.998	1186	2	1
64.092	1187	4	1
64.092	1188	3	1
64.092	1189	1	1
64.138	1190	2	1
64.185	1191	3	1
64.232	1192	2	1
64.279	1193	4	1
64.326	1194	1	1
64.373	1195	4	1
64.420	1196	1	1
64.467	1197	3	1
64.467	1198	2	1
64.513	1199	4	1
64.560	1200	2	1
64.607	1201	4	1
64.654	1202	1	1
64.654	1203	3	1
64.748	1204	3	1
64.748	1205	1	1
64.842	1206	4	1
64.842	1207	3	1
64.842	1208	2	1
64.935	1209	1	1
64.935	1210	2	1
65.029	1211	3	1
65.029	1212	2	1
65.029	1213	1	1
65.123	1214	4	1
65.123	1215	1	1
65.217	1216	4	1
65.217	1217	3	1
65.217	1218	2	1
65.310	1219	1	1
65.310	1220	2	1
65.404	1221	1	1
65.404	1222	3	1
65.404	1223	4	1
65.498	1224	4	1
65.498	1225	3	1
65.592	1226	4	1
65.592	1227	1	1
65.592	1228	2	1
65.638	1229	3	1
65.685	1230	2	1
65.732	1231	3	1
65.779	1232	1	1
65.826	1233	4	1
65.873	1234	2	1
65.873	1235	1	1
65.920	1236	4	1
65.967	1237	3	1
65.967	1238	2	1
66.013	1239	1	1
66.060	1240	3	1
66.107	1241	1	1
66.154	1242	4	1
66.154	1243	2	1
66.201	1244	3	1
66.248	1245	2	1
66.295	1246	3	1
66.342	1247	1	1
66.342	1248	4	1
66.435	1249	1	1
66.529	1250	1	1
66.623	1251	1	1
66.810	1252	1	1
66.904	1253	1	1
66.998	1254	1	1
67.092	1255	1	1
67.092	1256	2	1
67.092	1257	4	1
67.138	1258	3	1
67.185	1259	2	1
67.232	1260	3	1
67.279	1261	1	1
67.326	1262	4	1
67.373	1263	1	1
67.420	1264	4	1
67.467	1265	2	1
67.467	1266	3	1
67.513	1267	1	1
67.560	1268	3	1
67.607	1269	1	1
67.654	1270	4	1
67.654	1271	2	1
67.748	1272	2	1
67.748	1273	4	1
67.842	1274	2	1
67.842	1275	1	1
67.842	1276	3	1
67.935	1277	4	1
67.935	1278	3	1
68.029	1279	2	1
68.029	1280	3	1
68.029	1281	4	1
68.123	1282	1	1
68.123	1283	4	1
68.217	1284	3	1
68.217	1285	1	1
68.217	1286	2	1
68.310	1287	4	1
68.310	1288	3	1
68.404	1289	1	1
68.404	1290	2	1
68.404	1291	4	1
68.498	1292	1	1
68.498	1293	2	1
68.592	1294	1	1
68.592	1295	4	1
68.592	1296	3	1
68.638	1297	2	1
68.685	1298	3	1
68.732	1299	2	1
68.779	1300	4	1
68.826	1301	1	1
68.873	1302	4	1
68.920	1303	1	1
68.967	1304	3	1
68.967	1305	2	1
69.013	1306	4	1
69.060	1307	2	1
69.107	1308	4	1
69.154	1309	1	1
69.154	1310	3	1
69.248	1311	3	1
69.248	1312	1	1
69.342	1313	3	1
69.342	1314	2	1
69.342	1315	4	1
69.435	1316	1	1
69.435	1317	2	1
69.529	1318	3	1
69.529	1319	2	1
69.529	1320	1	1
69.623	1321	1	1
69.623	1322	4	1
69.717	1323	4	1
69.717	1324	3	1
69.717	1325	2	1
69.810	1326	1	1
69.810	1327	2	1
69.904	1328	4	1
69.904	1329	3	1
69.904	1330	1	1
69.998	1331	4	1
69.998	1332	3	1
70.092	1333	1	1
70.092	1334	2	1
70.092	1335	4	1
70.138	1336	3	1
70.185	1337	2	1
70.232	1338	3	1
70.279	1339	1	1
70.326	1340	4	1
70.373	1341	1	1
70.420	1342	4	1
70.467	1343	2	1
70.467	1344	3	1
70.513	1345	1	1
70.560	1346	3	1
70.607	1347	1	1
70.654	1348	4	1
70.654	1349	2	1
70.748	1350	2	1
70.748	1351	4	1
70.842	1352	1	1
70.842	1353	2	1
70.842	1354	3	1
70.935	1355	4	1
70.935	1356	3	1
71.029	1357	2	1
71.029	1358	3	1
71.029	1359	4	1
71.123	1360	1	1
71.123	1361	4	1
71.217	1362	1	1
71.217	1363	2	1
71.217	1364	3	1
71.310	1365	4	1
71.310	1366	3	1
71.404	1367	4	1
71.404	1368	2	1
71.404	1369	1	1
71.498	1370	1	1
71.498	1371	2	1
71.592	1372	1	1
71.592	1373	4	1
71.592	1374	3	1
71.685	1375	3	1
71.685	1376	4	1
71.779	1377	4	1
71.779	1378	2	1
71.826	1379	1	1
71.873	1380	4	1
71.920	1381	1	1
71.967	1382	2	1
71.967	1383	3	1
72.060	1384	3	1
72.060	1385	2	1
72.154	1386	3	1
72.154	1387	1	1
72.248	1388	3	1
72.248	1389	1	1
72.342	1390	2	1
72.529	1391	1	1
72.529	1392	2	1
72.552	1393	3	1
72.576	1394	4	1
72.717	1395	3	1
72.717	1396	4	1
72.740	1397	2	1
72.763	1398	1	1
72.904	1399	3	1
73.092	1400	1	1
73.092	1401	2	1
73.092	1402	4	1
73.138	1403	3	1
73.185	1404	2	1
73.232	1405	3	1
73.279	1406	1	1
73.326	1407	4	1
73.373	1408	1	1
73.420	1409	4	1
73.467	1410	2	1
73.467	1411	3	1
73.513	1412	1	1
73.560	1413	3	1
73.607	1414	1	1
73.654	1415	4	1
73.654	1416	2	1
73.748	1417	2	1
73.748	1418	4	1
73.842	1419	2	1
73.842	1420	1	1
73.842	1421	3	1
73.935	1422	4	1
73.935	1423	3	1
74.029	1424	3	1
74.029	1425	1	1
74.029	1426	4	1
74.123	1427	1	1
74.123	1428	4	1
74.217	1429	3	1
74.217	1430	1	1
74.217	1431	2	1
74.310	1432	4	1
74.310	1433	3	1
74.404	1434	2	1
74.404	1435	3	1
74.404	1436	4	1
74.498	1437	1	1
74.498	1438	2	1
74.592	1439	1	1
74.592	1440	4	1
74.592	1441	3	1
74.638	1442	2	1
74.685	1443	3	1
74.732	1444	2	1
74.779	1445	4	1
74.826	1446	1	1
74.873	1447	4	1
74.920	1448	1	1
74.967	1449	3	1
74.967	1450	2	1
75.013	1451	4	1
75.060	1452	2	1
75.107	1453	4	1
75.154	1454	1	1
75.154	1455	3	1
75.248	1456	3	1
75.248	1457	1	1
75.342	1458	3	1
75.342	1459	2	1
75.342	1460	4	1
75.435	1461	1	1
75.435	1462	2	1
75.529	1463	4	1
75.529	1464	2	1
75.529	1465	1	1
75.623	1466	1	1
75.623	1467	4	1
75.717	1468	4	1
75.717	1469	3	1
75.717	1470	2	1
75.810	1471	1	1
75.810	1472	2	1
75.904	1473	3	1
75.904	1474	2	1
75.904	1475	1	1
75.998	1476	4	1
75.998	1477	3	1
76.092	1478	1	1
76.092	1479	2	1
76.092	1480	4	1
76.138	1481	3	1
76.185	1482	2	1
76.232	1483	3	1
76.279	1484	1	1
76.326	1485	4	1
76.373	1486	1	1
76.420	1487	4	1
76.467	1488	2	1
76.467	1489	3	1
76.513	1490	1	1
76.560	1491	3	1
76.607	1492	1	1
76.654	1493	4	1
76.654	1494	2	1
76.748	1495	2	1
76.748	1496	4	1
76.842	1497	1	1
76.842	1498	2	1
76.842	1499	3	1
76.935	1500	4	1
76.935	1501	3	1
77.029	1502	1	1
77.029	1503	3	1
77.029	1504	4	1
77.123	1505	1	1
77.123	1506	4	1
77.217	1507	1	1
77.217	1508	2	1
77.217	1509	3	1
77.310	1510	4	1
77.310	1511	3	1
77.404	1512	4	1
77.404	1513	2	1
77.404	1514	3	1
77.498	1515	1	1
77.498	1516	2	1
77.592	1517	1	1
77.592	1518	4	1
77.592	1519	3	1
77.638	1520	2	1
77.685	1521	3	1
77.732	1522	2	1
77.779	1523	4	1
77.826	1524	1	1
77.873	1525	3	1
77.873	1526	4	1
77.920	1527	1	1
77.967	1528	2	1
77.967	1529	3	1
78.013	1530	4	1
78.060	1531	2	1
78.107	1532	4	1
78.154	1533	1	1
78.154	1534	3	1
78.201	1535	2	1
78.248	1536	3	1
78.295	1537	2	1
78.342	1538	4	1
78.342	1539	1	1
78.435	1540	4	1
78.529	1541	4	1
78.623	1542	4	1
78.810	1543	4	1
78.904	1544	4	1
78.998	1545	4	1
79.092	1546	4	1
79.092	1547	3	1
79.092	1548	1	1
79.138	1549	2	1
79.185	1550	3	1
79.232	1551	2	1
79.279	1552	4	1
79.326	1553	1	1
79.373	1554	4	1
79.420	1555	1	1
79.467	1556	3	1
79.467	1557	2	1
79.513	1558	4	1
79.560	1559	2	1
79.607	1560	4	1
79.654	1561	1	1
79.654	1562	3	1
79.748	1563	3	1
79.748	1564	1	1
79.842	1565	3	1
79.842	1566	4	1
79.842	1567	2	1
79.935	1568	1	1
79.935	1569	2	1
80.029	1570	3	1
80.029	1571	1	1
80.123	1572	4	1
80.123	1573	3	1
80.123	1574	2	1
80.217	1575	4	1
80.217	1576	3	1
80.310	1577	4	1
80.310	1578	1	1
80.404	1579	2	1
80.404	1580	1	1
80.404	1581	3	1
80.498	1582	3	1
80.498	1583	4	1
80.592	1584	1	1
80.592	1585	2	1
80.592	1586	4	1
80.638	1587	3	1
80.685	1588	2	1
80.732	1589	3	1
80.779	1590	1	1
80.826	1591	4	1
80.873	1592	1	1
80.920	1593	4	1
80.967	1594	2	1
80.967	1595	3	1
81.013	1596	1	1
81.060	1597	3	1
81.107	1598	1	1
81.154	1599	4	1
81.154	1600	2	1
81.248	1601	2	1
81.248	1602	4	1
81.342	1603	2	1
81.342	1604	1	1
81.342	1605	3	1
81.435	1606	4	1
81.435	1607	3	1
81.529	1608	2	1
81.529	1609	4	1
81.623	1610	1	1
81.623	1611	2	1
81.623	1612	3	1
81.717	1613	1	1
81.717	1614	2	1
81.810	1615	1	1
81.810	1616	4	1
81.904	1617	3	1
81.904	1618	4	1
81.904	1619	2	1
81.998	1620	2	1
81.998	1621	3	1
82.092	1622	4	1
82.092	1623	3	1
82.092	1624	1	1
82.185	1625	4	1
82.185	1626	1	1
82.279	1627	4	1
82.279	1628	3	1
82.326	1629	2	1
82.373	1630	3	1
82.420	1631	4	1
82.467	1632	1	1
82.467	1633	2	1
82.560	1634	1	1
82.560	1635	2	1
82.654	1636	4	1
82.677	1637	1	1
82.701	1638	3	1
82.748	1639	2	1
82.795	1640	1	1
82.842	1641	4	1
82.842	1642	3	1
82.935	1643	2	1
82.959	1644	3	1
82.982	1645	4	1
83.029	1646	1	1
83.029	1647	2	1
83.123	1648	3	1
83.146	1649	2	1
83.170	1650	1	1
83.217	1651	4	1
83.217	1652	3	1
83.310	1653	4	1
83.310	1654	3	1
83.404	1655	1	1
83.427	1656	4	1
83.451	1657	2	1
83.498	1658	3	1
83.545	1659	4	1
83.592	1660	2	2
83.873	1661	2	3
83.592	1662	1	1
83.779	1663	3	2
83.873	1664	3	3
83.967	1665	2	2
84.248	1666	2	3
84.154	1667	3	2
84.248	1668	3	3
84.201	1669	1	1
84.248	1670	4	1
84.295	1671	1	1
84.342	1672	2	2
84.623	1673	2	3
84.342	1674	3	1
84.435	1675	3	1
84.717	1676	4	1
84.717	1677	1	1
84.717	1678	2	1
84.810	1679	2	1
84.810	1680	4	1
84.904	1681	1	1
84.904	1682	3	1
85.092	1683	2	2
85.373	1684	2	3
85.092	1685	4	2
85.185	1686	4	3
85.092	1687	3	2
85.185	1688	3	3
85.092	1689	1	1
85.185	1690	1	1
85.279	1691	3	2
85.373	1692	3	3
85.279	1693	4	1
85.373	1694	1	1
85.373	1695	4	2
85.467	1696	4	3
85.467	1697	3	1
85.467	1698	2	1
85.467	1699	1	1
85.560	1700	3	2
85.748	1701	3	3
85.560	1702	4	1
85.654	1703	4	2
85.748	1704	4	3
85.654	1705	2	2
85.748	1706	2	3
85.748	1707	1	1
85.842	1708	2	2
86.123	1709	2	3
85.842	1710	4	2
85.935	1711	4	3
85.842	1712	3	2
85.935	1713	3	3
85.935	1714	1	1
86.029	1715	3	2
86.123	1716	3	3
86.029	1717	4	1
86.123	1718	1	1
86.123	1719	4	2
86.217	1720	4	3
86.217	1721	3	1
86.217	1722	2	1
86.217	1723	1	1
86.310	1724	4	1
86.310	1725	3	2
86.498	1726	3	3
86.404	1727	4	2
86.498	1728	4	3
86.404	1729	2	2
86.498	1730	2	3
86.498	1731	1	1
86.592	1732	3	2
86.685	1733	3	3
86.592	1734	2	2
86.873	1735	2	3
86.592	1736	4	2
86.685	1737	4	3
86.685	1738	1	1
86.779	1739	4	1
86.779	1740	3	2
86.873	1741	3	3
86.873	1742	4	2
86.967	1743	4	3
86.873	1744	1	1
86.967	1745	2	1
86.967	1746	1	1
86.967	1747	3	1
87.060	1748	4	1
87.060	1749	3	2
87.248	1750	3	3
87.154	1751	2	2
87.248	1752	2	3
87.154	1753	4	2
87.248	1754	4	3
87.248	1755	1	1
87.342	1756	4	2
87.529	1757	4	3
87.342	1758	3	2
87.435	1759	3	3
87.342	1760	2	1
87.435	1761	2	1
87.529	1762	3	1
87.529	1763	1	1
87.623	1764	3	1
87.717	1765	4	1
87.717	1766	1	2
87.810	1767	1	3
87.717	1768	2	2
87.810	1769	2	3
87.810	1770	4	1
87.904	1771	2	2
87.998	1772	2	3
87.904	1773	1	2
87.998	1774	1	3
87.904	1775	3	1
87.998	1776	4	1
88.092	1777	3	2
88.373	1778	3	3
88.092	1779	1	2
88.185	1780	1	3
88.092	1781	2	2
88.185	1782	2	3
88.092	1783	4	1
88.185	1784	4	1
88.279	1785	2	2
88.373	1786	2	3
88.279	1787	1	1
88.373	1788	4	1
88.373	1789	1	2
88.467	1790	1	3
88.467	1791	2	1
88.467	1792	3	1
88.467	1793	4	1
88.560	1794	2	2
88.748	1795	2	3
88.560	1796	1	1
88.654	1797	1	2
88.748	1798	1	3
88.654	1799	3	2
88.748	1800	3	3
88.748	1801	4	1
88.842	1802	3	2
89.123	1803	3	3
88.842	1804	1	2
88.935	1805	1	3
88.842	1806	2	2
88.935	1807	2	3
88.935	1808	4	1
89.029	1809	2	2
89.123	1810	2	3
89.029	1811	1	1
89.123	1812	4	1
89.123	1813	1	2
89.217	1814	1	3
89.217	1815	2	1
89.217	1816	3	1
89.217	1817	4	1
89.310	1818	1	1
89.310	1819	2	2
89.498	1820	2	3
89.404	1821	1	2
89.498	1822	1	3
89.404	1823	3	2
89.498	1824	3	3
89.498	1825	4	1
89.592	1826	2	2
89.685	1827	2	3
89.592	1828	3	2
89.873	1829	3	3
89.592	1830	1	2
89.685	1831	1	3
89.685	1832	4	1
89.779	1833	1	1
89.779	1834	2	2
89.873	1835	2	3
89.873	1836	1	2
89.967	1837	1	3
89.873	1838	4	1
89.967	1839	3	1
89.967	1840	4	1
89.967	1841	2	1
90.060	1842	1	1
90.060	1843	2	2
90.248	1844	2	3
90.154	1845	3	2
90.248	1846	3	3
90.154	1847	1	2
90.248	1848	1	3
90.248	1849	4	1
90.342	1850	1	2
90.529	1851	1	3
90.342	1852	2	2
90.435	1853	2	3
90.342	1854	3	1
90.435	1855	3	2
90.529	1856	3	3
90.529	1857	2	2
90.623	1858	2	3
90.529	1859	4	2
90.623	1860	4	3
90.623	1861	1	1
90.717	1862	4	2
90.904	1863	4	3
90.717	1864	3	2
90.810	1865	3	3
90.717	1866	2	1
90.810	1867	2	1
90.904	1868	3	2
90.998	1869	3	3
90.904	1870	1	2
90.998	1871	1	3
90.998	1872	2	1
91.092	1873	3	2
91.373	1874	3	3
91.092	1875	1	2
91.185	1876	1	3
91.092	1877	2	2
91.185	1878	2	3
91.092	1879	4	1
91.185	1880	4	1
91.279	1881	2	2
91.373	1882	2	3
91.279	1883	1	1
91.373	1884	4	1
91.373	1885	1	2
91.467	1886	1	3
91.467	1887	2	1
91.467	1888	3	1
91.467	1889	4	1
91.560	1890	2	2
91.748	1891	2	3
91.560	1892	1	1
91.654	1893	1	2
91.748	1894	1	3
91.654	1895	3	2
91.748	1896	3	3
91.748	1897	4	1
91.842	1898	3	2
92.123	1899	3	3
91.842	1900	1	2
91.935	1901	1	3
91.842	1902	2	2
91.935	1903	2	3
91.935	1904	4	1
92.029	1905	2	2
92.123	1906	2	3
92.029	1907	1	1
92.123	1908	4	1
92.123	1909	1	2
92.217	1910	1	3
92.217	1911	2	1
92.217	1912	3	1
92.217	1913	4	1
92.310	1914	1	1
92.310	1915	2	2
92.498	1916	2	3
92.404	1917	1	2
92.498	1918	1	3
92.404	1919	3	2
92.498	1920	3	3
92.498	1921	4	1
92.592	1922	2	2
92.685	1923	2	3
92.592	1924	3	2
92.873	1925	3	3
92.592	1926	1	2
92.685	1927	1	3
92.685	1928	4	1
92.779	1929	1	1
92.779	1930	2	2
92.873	1931	2	3
92.873	1932	1	2
92.967	1933	1	3
92.873	1934	4	1
92.967	1935	3	1
92.967	1936	4	1
92.967	1937	2	1
93.013	1938	1	1
93.060	1939	3	1
93.107	1940	1	1
93.154	1941	4	1
93.154	1942	2	1
93.201	1943	3	1
93.248	1944	2	1
93.295	1945	3	1
93.342	1946	2	2
93.435	1947	2	3
93.342	1948	4	1
93.342	1949	1	2
93.529	1950	1	3
93.435	1951	4	1
93.529	1952	2	1
93.529	1953	3	1
93.623	1954	2	1
93.717	1955	1	1
93.717	1956	4	2
93.810	1957	4	3
93.717	1958	3	2
93.810	1959	3	3
93.810	1960	1	1
93.904	1961	3	2
93.998	1962	3	3
93.904	1963	4	2
93.998	1964	4	3
93.904	1965	2	1
93.998	1966	1	1
94.092	1967	1	2
94.279	1968	1	3
94.092	1969	2	2
94.279	1970	2	3
94.092	1971	4	2
94.185	1972	4	3
94.092	1973	3	2
94.185	1974	3	3
94.279	1975	4	1
94.279	1976	3	1
94.373	1977	1	2
94.467	1978	1	3
94.373	1979	2	2
94.467	1980	2	3
94.373	1981	3	2
94.560	1982	3	3
94.373	1983	4	2
94.560	1984	4	3
94.560	1985	2	1
94.560	1986	1	1
94.654	1987	4	2
94.748	1988	4	3
94.654	1989	3	2
94.748	1990	3	3
94.654	1991	2	2
94.748	1992	2	3
94.654	1993	1	2
94.748	1994	1	3
94.842	1995	3	1
94.842	1996	4	1
94.842	1997	2	1
94.842	1998	1	1
94.935	1999	3	1
94.935	2000	4	1
94.935	2001	2	1
94.935	2002	1	1
95.029	2003	4	1
95.029	2004	3	1
95.029	2005	2	1
95.029	2006	1	1
95.123	2007	4	2
95.310	2008	4	3
95.123	2009	1	2
95.310	2010	1	3
95.123	2011	3	2
95.217	2012	3	3
95.123	2013	2	2
95.217	2014	2	3
95.310	2015	2	1
95.310	2016	3	1
95.404	2017	4	2
95.498	2018	4	3
95.404	2019	3	2
95.498	2020	3	3
95.404	2021	2	2
95.498	2022	2	3
95.404	2023	1	2
95.498	2024	1	3
95.592	2025	4	1
95.615	2026	2	1
95.638	2027	1	1
95.685	2028	3	1
95.779	2029	3	1
95.873	2030	3	1
95.896	2031	1	1
95.920	2032	4	1
95.967	2033	2	1
96.060	2034	2	1
96.154	2035	1	1
96.177	2036	3	1
96.201	2037	4	1
96.248	2038	1	1
96.342	2039	2	1
96.435	2040	2	1
96.529	2041	3	1
96.623	2042	3	1
96.717	2043	4	1
96.763	2044	2	1
96.810	2045	3	1
96.857	2046	2	1
96.904	2047	4	1
96.951	2048	2	1
96.998	2049	1	1
97.045	2050	2	1
97.092	2051	4	1
97.092	2052	3	1
97.092	2053	1	1
97.185	2054	4	1
97.279	2055	3	1
97.326	2056	1	1
97.373	2057	3	1
97.467	2058	4	1
97.467	2059	1	1
97.467	2060	2	1
97.560	2061	1	1
97.654	2062	2	1
97.701	2063	4	1
97.748	2064	2	1
97.842	2065	1	1
97.842	2066	4	1
97.842	2067	3	1
97.935	2068	4	1
98.029	2069	3	1
98.076	2070	1	1
98.123	2071	3	1
98.217	2072	4	1
98.217	2073	1	1
98.217	2074	2	1
98.310	2075	1	1
98.404	2076	2	1
98.451	2077	4	1
98.498	2078	2	1
98.592	2079	4	1
98.592	2080	3	1
98.592	2081	1	1
98.685	2082	3	1
98.779	2083	4	1
98.873	2084	2	1
98.967	2085	3	1
98.967	2086	4	1
98.967	2087	1	1
99.060	2088	4	1
99.154	2089	1	1
99.248	2090	3	1
99.342	2091	2	1
99.342	2092	4	1
99.342	2093	1	1
99.435	2094	2	1
99.529	2095	1	1
99.623	2096	3	1
99.717	2097	4	1
99.717	2098	1	1
99.717	2099	2	1
99.810	2100	1	1
99.904	2101	4	1
99.998	2102	2	1
100.092	2103	3	1
100.092	2104	4	1
100.092	2105	1	1
100.185	2106	3	1
100.279	2107	4	1
100.373	2108	4	1
100.467	2109	3	1
100.467	2110	1	1
100.467	2111	2	1
100.560	2112	2	1
100.654	2113	3	1
100.748	2114	3	1
100.842	2115	4	1
100.842	2116	1	1
100.842	2117	2	1
100.935	2118	2	1
101.029	2119	1	1
101.123	2120	1	1
101.217	2121	4	1
101.217	2122	3	1
101.217	2123	2	1
101.310	2124	3	1
101.404	2125	2	1
101.498	2126	2	1
101.592	2127	4	1
101.592	2128	3	1
101.592	2129	1	1
101.685	2130	4	1
101.779	2131	2	1
101.779	2132	1	1
101.873	2133	3	1
101.873	2134	4	1
101.873	2135	1	1
101.967	2136	4	1
101.967	2137	3	1
101.967	2138	2	1
102.060	2139	1	1
102.154	2140	4	1
102.154	2141	3	1
102.154	2142	2	1
102.248	2143	4	1
102.342	2144	2	1
102.342	2145	1	1
102.342	2146	3	1
102.435	2147	1	1
102.435	2148	2	1
102.529	2149	2	1
102.529	2150	1	1
102.623	2151	3	1
102.717	2152	2	1
102.717	2153	1	1
102.717	2154	4	1
102.810	2155	4	1
102.904	2156	2	1
102.904	2157	3	1
102.998	2158	2	1
103.092	2159	4	1
103.092	2160	3	1
103.092	2161	1	1
103.185	2162	1	1
103.279	2163	3	1
103.279	2164	2	1
103.279	2165	1	1
103.373	2166	1	1
103.467	2167	4	1
103.467	2168	2	1
103.467	2169	1	1
103.560	2170	1	1
103.654	2171	4	1
103.654	2172	3	1
103.654	2173	1	1
103.748	2174	1	1
103.842	2175	4	1
103.842	2176	3	1
103.842	2177	2	1
103.935	2178	4	1
104.029	2179	1	1
104.029	2180	2	1
104.029	2181	4	1
104.123	2182	4	1
104.217	2183	3	1
104.217	2184	1	1
104.217	2185	4	1
104.310	2186	4	1
104.404	2187	3	1
104.404	2188	2	1
104.404	2189	4	1
104.498	2190	4	1
104.592	2191	1	1
104.592	2192	2	1
104.592	2193	3	1
104.685	2194	2	1
104.779	2195	3	1
104.779	2196	4	1
104.779	2197	2	1
104.873	2198	2	1
104.967	2199	1	1
104.967	2200	4	1
104.967	2201	2	1
105.060	2202	2	1
105.154	2203	3	1
105.154	2204	4	1
105.154	2205	2	1
105.248	2206	2	1
105.342	2207	4	1
105.342	2208	3	1
105.342	2209	1	1
105.435	2210	3	1
105.529	2211	1	1
105.529	2212	2	1
105.529	2213	3	1
105.623	2214	3	1
105.717	2215	4	1
105.717	2216	1	1
105.717	2217	3	1
105.810	2218	3	1
105.904	2219	1	1
105.904	2220	2	1
105.904	2221	3	1
105.998	2222	3	1
106.092	2223	2	1
106.092	2224	1	1
106.092	2225	4	1
106.185	2226	2	1
106.185	2227	1	1
106.279	2228	1	1
106.279	2229	2	1
106.373	2230	2	1
106.373	2231	1	1
106.467	2232	3	1
106.467	2233	1	1
106.560	2234	1	1
106.560	2235	3	1
106.654	2236	3	1
106.654	2237	1	1
106.748	2238	1	1
106.748	2239	3	1
106.842	2240	4	1
106.842	2241	3	1
106.935	2242	3	1
106.935	2243	4	1
107.029	2244	4	1
107.029	2245	3	1
107.123	2246	3	1
107.123	2247	4	1
107.217	2248	4	1
107.217	2249	2	1
107.310	2250	2	1
107.310	2251	4	1
107.404	2252	4	1
107.404	2253	2	1
107.498	2254	2	1
107.498	2255	4	1
107.592	2256	1	1
107.638	2257	3	1
107.685	2258	2	1
107.732	2259	3	1
107.779	2260	1	1
107.826	2261	4	1
107.873	2262	2	1
107.920	2263	1	1
107.967	2264	3	1
108.013	2265	4	1
108.060	2266	3	1
108.107	2267	2	1
108.154	2268	4	1
108.201	2269	1	1
108.248	2270	3	1
108.295	2271	1	1
108.342	2272	4	1
108.388	2273	2	1
108.435	2274	4	1
108.482	2275	1	1
108.529	2276	2	1
108.576	2277	1	1
108.623	2278	4	1
108.670	2279	3	1
108.717	2280	4	1
108.763	2281	2	1
108.810	2282	3	1
108.857	2283	1	1
108.904	2284	2	1
108.951	2285	1	1
108.998	2286	3	1
109.045	2287	2	1
109.092	2288	4	2
114.998	2289	4	3
113.592	2290	1	2
114.998	2291	1	3
115.092	2292	3	2
115.373	2293	3	3
115.092	2294	4	2
115.467	2295	4	3
115.092	2296	2	2
115.279	2297	2	3
115.092	2298	1	2
115.185	2299	1	3
115.467	2300	3	1
115.467	2301	2	1
115.467	2302	1	1
115.560	2303	4	1
115.560	2304	3	1
115.654	2305	1	1
115.654	2306	4	1
115.748	2307	2	1
115.748	2308	4	1
115.842	2309	1	1
115.842	2310	2	1
115.842	2311	3	1
115.935	2312	4	1
115.935	2313	3	1
116.029	2314	2	1
116.029	2315	4	1
116.123	2316	1	1
116.123	2317	4	1
116.217	2318	3	1
116.217	2319	2	1
116.263	2320	1	1
116.310	2321	3	2
116.498	2322	3	3
116.404	2323	1	1
116.404	2324	4	1
116.498	2325	4	1
116.498	2326	2	1
116.592	2327	3	2
116.779	2328	3	3
116.592	2329	2	1
116.592	2330	1	1
116.779	2331	1	1
116.802	2332	2	1
116.826	2333	4	1
116.873	2334	3	2
116.967	2335	3	3
116.873	2336	1	1
116.967	2337	4	1
116.967	2338	2	1
117.060	2339	2	1
117.060	2340	1	1
117.154	2341	3	2
117.248	2342	3	3
117.154	2343	1	1
117.248	2344	4	1
117.248	2345	1	1
117.342	2346	2	1
117.342	2347	3	1
117.342	2348	4	1
117.435	2349	3	2
117.529	2350	3	3
117.435	2351	1	1
117.529	2352	4	1
117.529	2353	1	1
117.623	2354	2	1
117.623	2355	1	1
117.717	2356	3	2
117.810	2357	3	3
117.717	2358	4	1
117.717	2359	2	1
117.810	2360	4	1
117.810	2361	1	1
117.904	2362	3	1
117.904	2363	1	1
117.998	2364	1	1
117.998	2365	2	1
118.092	2366	3	1
118.092	2367	4	1
118.092	2368	2	1
118.185	2369	3	2
118.373	2370	3	3
118.232	2371	4	2
118.373	2372	4	3
118.279	2373	2	2
118.373	2374	2	3
118.467	2375	3	1
118.467	2376	4	1
118.467	2377	2	1
118.513	2378	1	1
118.560	2379	4	1
118.560	2380	3	1
118.654	2381	4	1
118.654	2382	3	1
118.748	2383	1	1
118.771	2384	4	1
118.842	2385	1	1
118.842	2386	2	1
118.842	2387	3	1
118.935	2388	3	1
118.935	2389	2	1
119.029	2390	3	1
119.052	2391	2	1
119.123	2392	3	1
119.123	2393	1	1
119.217	2394	2	1
119.217	2395	4	1
119.217	2396	1	1
119.310	2397	4	1
119.310	2398	2	1
119.404	2399	2	1
119.404	2400	4	1
119.498	2401	4	1
119.498	2402	2	2
119.592	2403	2	3
119.592	2404	4	1
119.592	2405	3	1
119.592	2406	1	1
119.779	2407	2	2
119.873	2408	2	3
119.779	2409	4	1
119.802	2410	3	1
119.826	2411	1	1
119.873	2412	4	1
119.967	2413	2	1
119.967	2414	1	1
119.967	2415	3	1
120.060	2416	4	1
120.060	2417	3	1
120.107	2418	1	1
120.154	2419	4	1
120.154	2420	2	1
120.201	2421	1	1
120.248	2422	4	1
120.248	2423	3	1
120.342	2424	1	1
120.342	2425	2	1
120.342	2426	3	1
120.435	2427	4	1
120.435	2428	2	1
120.529	2429	4	1
120.529	2430	1	1
120.623	2431	4	1
120.623	2432	2	1
120.717	2433	1	1
120.717	2434	2	1
120.763	2435	4	1
120.810	2436	3	1
120.857	2437	4	1
120.904	2438	2	1
120.951	2439	3	1
120.998	2440	1	1
121.021	2441	2	1
121.092	2442	4	2
121.373	2443	4	3
121.092	2444	3	2
121.373	2445	3	3
121.092	2446	1	2
121.373	2447	1	3
121.467	2448	3	1
121.467	2449	2	1
121.467	2450	1	1
121.560	2451	1	2
121.748	2452	1	3
121.560	2453	4	1
121.654	2454	2	1
121.654	2455	4	1
121.748	2456	4	1
121.748	2457	3	1
121.842	2458	2	1
121.842	2459	3	1
121.888	2460	1	1
121.935	2461	4	1
122.029	2462	1	1
122.029	2463	4	1
122.052	2464	2	1
122.123	2465	4	1
122.123	2466	3	1
122.217	2467	2	1
122.217	2468	1	1
122.263	2469	3	1
122.310	2470	4	1
122.404	2471	2	1
122.404	2472	4	1
122.451	2473	1	1
122.498	2474	4	1
122.592	2475	1	1
122.592	2476	2	1
122.638	2477	3	1
122.685	2478	2	1
122.732	2479	3	1
122.779	2480	4	1
122.802	2481	2	1
122.826	2482	1	1
122.873	2483	4	1
122.967	2484	2	2
123.154	2485	2	3
122.967	2486	1	1
122.967	2487	3	1
123.060	2488	3	2
123.154	2489	3	3
123.060	2490	4	1
123.154	2491	4	2
123.248	2492	4	3
123.154	2493	1	1
123.248	2494	3	1
123.248	2495	2	2
123.342	2496	2	3
123.342	2497	1	2
123.623	2498	1	3
123.342	2499	3	1
123.342	2500	4	1
123.435	2501	2	1
123.529	2502	2	1
123.623	2503	2	1
123.717	2504	1	1
123.717	2505	4	1
123.717	2506	3	1
123.810	2507	1	1
123.810	2508	3	1
123.904	2509	4	1
123.935	2510	2	1
123.967	2511	3	1
123.998	2512	1	1
124.045	2513	2	1
124.092	2514	4	1
124.092	2515	3	1
124.138	2516	1	1
124.185	2517	4	1
124.232	2518	2	1
124.279	2519	1	1
124.279	2520	3	1
124.373	2521	3	1
124.373	2522	1	1
124.467	2523	4	2
124.560	2524	4	3
124.467	2525	3	1
124.467	2526	2	1
124.560	2527	2	1
124.560	2528	1	1
124.654	2529	3	1
124.654	2530	1	1
124.748	2531	4	1
124.748	2532	1	2
124.842	2533	1	3
124.842	2534	2	1
124.842	2535	4	1
124.842	2536	3	1
124.935	2537	2	1
124.935	2538	1	1
125.029	2539	4	2
125.123	2540	4	3
125.029	2541	1	1
125.123	2542	3	1
125.123	2543	1	1
125.217	2544	4	1
125.217	2545	3	1
125.217	2546	2	1
125.310	2547	2	2
125.404	2548	2	3
125.310	2549	1	1
125.404	2550	3	1
125.404	2551	1	1
125.498	2552	4	1
125.498	2553	1	1
125.592	2554	3	2
125.685	2555	3	3
125.592	2556	4	1
125.592	2557	2	1
125.779	2558	4	1
125.802	2559	2	1
125.826	2560	1	1
125.873	2561	4	2
125.967	2562	4	3
125.967	2563	1	1
125.967	2564	2	1
125.967	2565	3	1
126.060	2566	3	1
126.060	2567	4	1
126.154	2568	4	1
126.154	2569	1	2
126.248	2570	1	3
126.248	2571	4	1
126.248	2572	2	1
126.342	2573	2	1
126.342	2574	1	1
126.342	2575	3	1
126.435	2576	3	2
126.529	2577	3	3
126.435	2578	4	1
126.529	2579	1	1
126.529	2580	4	1
126.623	2581	4	1
126.623	2582	2	1
126.717	2583	2	2
126.810	2584	2	3
126.717	2585	1	1
126.717	2586	3	1
126.810	2587	4	2
126.998	2588	4	3
126.857	2589	3	2
126.998	2590	3	3
126.904	2591	1	2
126.998	2592	1	3
127.092	2593	1	2
127.185	2594	1	3
127.092	2595	4	2
127.185	2596	4	3
127.092	2597	3	2
127.373	2598	3	3
127.092	2599	2	1
127.185	2600	2	2
127.373	2601	2	3
127.279	2602	4	2
127.373	2603	4	3
127.279	2604	1	2
127.373	2605	1	3
127.467	2606	4	1
127.467	2607	3	1
127.467	2608	2	1
127.560	2609	1	1
127.560	2610	4	2
127.748	2611	4	3
127.654	2612	3	1
127.654	2613	1	1
127.748	2614	1	1
127.748	2615	2	1
127.842	2616	3	1
127.842	2617	4	1
127.842	2618	2	1
127.935	2619	1	1
127.935	2620	3	2
128.029	2621	3	3
128.029	2622	1	1
128.029	2623	4	1
128.123	2624	2	1
128.123	2625	1	1
128.217	2626	4	1
128.217	2627	3	2
128.498	2628	3	3
128.217	2629	2	1
128.310	2630	4	1
128.310	2631	1	1
128.404	2632	2	2
128.498	2633	2	3
128.404	2634	1	1
128.498	2635	4	1
128.498	2636	1	1
128.592	2637	4	2
128.685	2638	4	3
128.592	2639	3	2
128.685	2640	3	3
128.592	2641	2	1
128.779	2642	4	1
128.802	2643	3	1
128.826	2644	1	1
128.873	2645	4	1
128.967	2646	1	1
128.967	2647	2	1
128.967	2648	3	1
129.060	2649	4	1
129.060	2650	3	2
129.154	2651	3	3
129.154	2652	4	1
129.154	2653	1	1
129.248	2654	2	1
129.248	2655	4	2
129.342	2656	4	3
129.342	2657	3	1
129.342	2658	1	1
129.342	2659	2	1
129.435	2660	4	1
129.435	2661	1	2
129.623	2662	1	3
129.529	2663	3	1
129.529	2664	4	1
129.623	2665	2	1
129.623	2666	4	1
129.717	2667	2	2
129.998	2668	2	3
129.717	2669	1	1
129.717	2670	3	1
129.810	2671	4	1
129.810	2672	3	1
129.904	2673	1	2
129.998	2674	1	3
129.904	2675	4	1
129.998	2676	4	1
130.092	2677	3	1
130.092	2678	2	1
130.092	2679	1	1
130.279	2680	4	1
130.310	2681	1	1
130.342	2682	3	1
130.373	2683	2	1
130.467	2684	3	1
130.467	2685	4	1
130.467	2686	1	1
130.560	2687	2	1
130.560	2688	3	1
130.654	2689	3	1
130.654	2690	2	1
130.748	2691	4	1
130.748	2692	2	1
130.842	2693	3	1
130.842	2694	4	1
130.842	2695	1	1
130.935	2696	3	1
130.935	2697	2	1
131.029	2698	1	1
131.029	2699	2	1
131.123	2700	3	1
131.123	2701	2	1
131.217	2702	4	1
131.217	2703	3	1
131.217	2704	1	1
131.310	2705	4	1
131.310	2706	2	1
131.404	2707	2	1
131.404	2708	3	1
131.498	2709	2	1
131.498	2710	3	1
131.592	2711	3	1
131.592	2712	4	1
131.592	2713	1	1
131.685	2714	4	1
131.685	2715	1	1
131.779	2716	2	1
131.873	2717	3	1
131.873	2718	4	1
131.873	2719	1	1
131.967	2720	1	1
131.967	2721	4	1
132.060	2722	3	1
132.154	2723	4	1
132.154	2724	1	1
132.154	2725	2	1
132.248	2726	4	1
132.248	2727	1	1
132.342	2728	2	1
132.435	2729	1	1
132.435	2730	4	1
132.435	2731	3	1
132.529	2732	4	1
132.529	2733	1	1
132.623	2734	3	1
132.717	2735	1	1
132.717	2736	2	1
132.763	2737	3	1
132.763	2738	4	1
132.810	2739	1	1
132.810	2740	2	1
132.904	2741	1	1
132.904	2742	2	1
133.092	2743	4	1
133.092	2744	3	1
133.092	2745	1	1
133.185	2746	4	1
133.279	2747	1	1
133.279	2748	2	1
133.373	2749	4	1
133.373	2750	3	1
133.373	2751	2	1
133.467	2752	4	1
133.560	2753	1	1
133.560	2754	2	1
133.654	2755	4	1
133.654	2756	3	1
133.654	2757	1	1
133.748	2758	3	1
133.842	2759	1	1
133.842	2760	2	1
133.842	2761	4	1
133.935	2762	1	1
134.029	2763	4	1
134.029	2764	3	1
134.123	2765	1	1
134.123	2766	2	1
134.123	2767	3	1
134.217	2768	1	1
134.310	2769	4	1
134.310	2770	3	1
134.404	2771	1	1
134.404	2772	2	1
134.404	2773	4	1
134.498	2774	2	1
134.592	2775	4	1
134.592	2776	3	1
134.592	2777	1	1
134.685	2778	4	1
134.779	2779	1	1
134.779	2780	2	1
134.873	2781	4	1
134.873	2782	3	1
134.873	2783	2	1
134.967	2784	4	1
135.060	2785	1	1
135.060	2786	2	1
135.154	2787	4	1
135.154	2788	3	1
135.154	2789	1	1
135.248	2790	3	1
135.342	2791	1	1
135.342	2792	2	1
135.342	2793	4	1
135.435	2794	1	1
135.529	2795	4	1
135.529	2796	3	1
135.623	2797	1	1
135.623	2798	2	1
135.623	2799	3	1
135.717	2800	1	1
135.810	2801	4	1
135.810	2802	3	1
135.904	2803	1	1
135.904	2804	2	1
135.904	2805	4	1
135.998	2806	2	1
136.092	2807	4	1
136.092	2808	3	1
136.092	2809	1	1
136.185	2810	3	1
136.185	2811	4	1
136.279	2812	4	1
136.279	2813	2	1
136.373	2814	2	1
136.373	2815	4	1
136.467	2816	2	1
136.467	2817	1	1
136.560	2818	1	1
136.560	2819	2	1
136.654	2820	3	1
136.654	2821	1	1
136.748	2822	3	1
136.748	2823	1	1
136.842	2824	4	1
136.842	2825	3	1
136.888	2826	2	1
136.935	2827	4	1
136.982	2828	1	1
137.029	2829	3	1
137.076	2830	4	1
137.123	2831	2	1
137.170	2832	3	1
137.217	2833	2	1
137.263	2834	1	1
137.310	2835	4	1
137.357	2836	2	1
137.404	2837	3	1
137.451	2838	1	1
137.498	2839	3	1
137.545	2840	4	1
137.592	2841	2	2
137.873	2842	2	3
137.779	2843	3	2
137.873	2844	3	3
137.967	2845	2	2
138.248	2846	2	3
138.154	2847	3	2
138.248	2848	3	3
138.201	2849	1	1
138.248	2850	4	1
138.295	2851	1	1
138.342	2852	2	2
138.623	2853	2	3
138.342	2854	3	1
138.435	2855	3	1
138.623	2856	3	1
138.717	2857	2	1
138.763	2858	4	1
138.810	2859	2	1
138.904	2860	2	1
138.998	2861	2	1
139.092	2862	4	2
139.279	2863	4	3
139.092	2864	3	2
139.185	2865	3	3
139.138	2866	1	2
139.279	2867	1	3
139.279	2868	3	1
139.279	2869	2	1
139.373	2870	1	1
139.373	2871	3	2
139.467	2872	3	3
139.467	2873	4	1
139.467	2874	2	1
139.467	2875	1	1
139.560	2876	2	1
139.560	2877	4	1
139.654	2878	1	2
139.748	2879	1	3
139.677	2880	3	2
139.748	2881	3	3
139.748	2882	2	1
139.842	2883	4	1
139.842	2884	3	2
139.935	2885	3	3
139.888	2886	1	2
140.029	2887	1	3
139.935	2888	4	1
140.029	2889	3	1
140.029	2890	2	1
140.123	2891	1	1
140.123	2892	3	2
140.217	2893	3	3
140.217	2894	4	1
140.217	2895	2	1
140.217	2896	1	1
140.310	2897	4	1
140.310	2898	2	1
140.404	2899	1	2
140.498	2900	1	3
140.427	2901	3	2
140.498	2902	3	3
140.498	2903	2	1
140.592	2904	1	1
140.592	2905	4	2
140.685	2906	4	3
140.638	2907	3	2
140.779	2908	3	3
140.685	2909	1	1
140.779	2910	4	1
140.779	2911	2	1
140.873	2912	1	1
140.873	2913	2	2
140.967	2914	2	3
140.967	2915	3	1
140.967	2916	4	1
140.967	2917	1	1
141.060	2918	4	1
141.060	2919	3	1
141.154	2920	2	2
141.248	2921	2	3
141.177	2922	1	2
141.248	2923	1	3
141.248	2924	3	1
141.342	2925	1	2
141.435	2926	1	3
141.342	2927	4	1
141.388	2928	2	2
141.529	2929	2	3
141.435	2930	4	1
141.529	2931	3	1
141.529	2932	1	1
141.623	2933	1	1
141.623	2934	3	1
141.717	2935	4	2
141.834	2936	4	3
141.717	2937	3	1
141.763	2938	2	2
141.857	2939	2	3
141.810	2940	1	1
141.904	2941	1	2
142.021	2942	1	3
141.951	2943	3	2
142.045	2944	3	3
141.998	2945	4	1
142.092	2946	1	2
142.279	2947	1	3
142.092	2948	2	2
142.185	2949	2	3
142.138	2950	4	2
142.279	2951	4	3
142.279	2952	2	1
142.279	2953	3	1
142.373	2954	4	1
142.373	2955	2	2
142.467	2956	2	3
142.467	2957	1	1
142.467	2958	3	1
142.467	2959	4	1
142.560	2960	3	1
142.560	2961	1	1
142.654	2962	4	2
142.748	2963	4	3
142.677	2964	2	2
142.748	2965	2	3
142.748	2966	3	1
142.842	2967	1	1
142.842	2968	2	2
142.935	2969	2	3
142.888	2970	4	2
143.029	2971	4	3
142.935	2972	1	1
143.029	2973	2	1
143.029	2974	3	1
143.123	2975	4	1
143.123	2976	2	2
143.217	2977	2	3
143.217	2978	1	1
143.217	2979	3	1
143.217	2980	4	1
143.310	2981	1	1
143.310	2982	3	1
143.404	2983	4	2
143.498	2984	4	3
143.427	2985	2	2
143.498	2986	2	3
143.498	2987	3	1
143.592	2988	4	1
143.592	2989	1	2
143.685	2990	1	3
143.638	2991	2	2
143.779	2992	2	3
143.685	2993	4	1
143.779	2994	1	1
143.779	2995	3	1
143.873	2996	4	1
143.873	2997	3	2
143.967	2998	3	3
143.967	2999	2	1
143.967	3000	1	1
143.967	3001	4	1
144.060	3002	1	1
144.060	3003	2	1
144.154	3004	3	2
144.248	3005	3	3
144.177	3006	4	2
144.248	3007	4	3
144.248	3008	2	1
144.342	3009	4	2
144.506	3010	4	3
144.342	3011	1	1
144.365	3012	3	2
144.482	3013	3	3
144.388	3014	2	2
144.459	3015	2	3
144.435	3016	1	1
144.529	3017	2	1
144.552	3018	3	1
144.576	3019	4	1
144.623	3020	1	1
144.717	3021	4	1
144.717	3022	1	2
144.881	3023	1	3
144.740	3024	2	2
144.857	3025	2	3
144.763	3026	3	2
144.834	3027	3	3
144.810	3028	4	1
144.904	3029	3	2
145.021	3030	3	3
144.927	3031	2	2
145.021	3032	2	3
144.951	3033	1	2
145.021	3034	1	3
144.998	3035	4	1
145.092	3036	3	2
145.185	3037	3	3
145.092	3038	1	2
145.279	3039	1	3
145.092	3040	2	2
145.185	3041	2	3
145.138	3042	4	2
145.279	3043	4	3
145.279	3044	2	1
145.279	3045	3	1
145.373	3046	4	1
145.373	3047	2	2
145.467	3048	2	3
145.467	3049	1	1
145.467	3050	3	1
145.467	3051	4	1
145.560	3052	3	1
145.560	3053	1	1
145.654	3054	4	2
145.748	3055	4	3
145.677	3056	2	2
145.748	3057	2	3
145.748	3058	3	1
145.842	3059	1	1
145.842	3060	2	2
145.935	3061	2	3
145.888	3062	4	2
146.029	3063	4	3
145.935	3064	1	1
146.029	3065	2	1
146.029	3066	3	1
146.123	3067	4	1
146.123	3068	2	2
146.217	3069	2	3
146.217	3070	1	1
146.217	3071	3	1
146.217	3072	4	1
146.310	3073	1	1
146.310	3074	3	1
146.404	3075	4	2
146.498	3076	4	3
146.427	3077	2	2
146.498	3078	2	3
146.498	3079	3	1
146.592	3080	4	1
146.592	3081	1	2
146.685	3082	1	3
146.638	3083	2	2
146.779	3084	2	3
146.685	3085	4	1
146.779	3086	1	1
146.779	3087	3	1
146.873	3088	4	1
146.873	3089	3	2
146.967	3090	3	3
146.967	3091	2	1
146.967	3092	1	1
146.967	3093	4	1
147.060	3094	1	1
147.060	3095	2	1
147.154	3096	3	2
147.248	3097	3	3
147.177	3098	4	2
147.248	3099	4	3
147.248	3100	2	1
147.342	3101	4	2
147.435	3102	4	3
147.342	3103	1	1
147.388	3104	3	2
147.529	3105	3	3
147.435	3106	1	1
147.529	3107	2	1
147.529	3108	4	1
147.623	3109	4	1
147.623	3110	2	1
147.717	3111	1	2
147.834	3112	1	3
147.717	3113	2	1
147.763	3114	3	2
147.857	3115	3	3
147.810	3116	4	1
147.904	3117	4	2
148.021	3118	4	3
147.951	3119	2	2
148.045	3120	2	3
147.998	3121	1	1
148.092	3122	4	2
148.279	3123	4	3
148.092	3124	3	2
148.185	3125	3	3
148.138	3126	1	2
148.279	3127	1	3
148.279	3128	3	1
148.279	3129	2	1
148.373	3130	1	1
148.373	3131	3	2
148.467	3132	3	3
148.467	3133	4	1
148.467	3134	2	1
148.467	3135	1	1
148.560	3136	2	1
148.560	3137	4	1
148.654	3138	1	2
148.748	3139	1	3
148.677	3140	3	2
148.748	3141	3	3
148.748	3142	2	1
148.842	3143	4	1
148.842	3144	3	2
148.935	3145	3	3
148.888	3146	1	2
149.029	3147	1	3
149.029	3148	4	1
149.029	3149	3	1
149.029	3150	2	1
149.123	3151	3	2
149.217	3152	3	3
149.217	3153	2	1
149.217	3154	1	1
149.310	3155	2	1
149.404	3156	4	1
149.404	3157	1	2
149.498	3158	1	3
149.427	3159	3	2
149.498	3160	3	3
149.592	3161	2	1
149.592	3162	1	1
149.592	3163	4	2
149.685	3164	4	3
149.638	3165	3	2
149.779	3166	3	3
149.779	3167	4	1
149.779	3168	2	1
149.826	3169	1	1
149.873	3170	4	1
149.920	3171	1	1
149.967	3172	2	1
149.967	3173	3	1
150.013	3174	4	1
150.060	3175	3	1
150.107	3176	4	1
150.154	3177	1	1
150.154	3178	2	1
150.248	3179	2	1
150.248	3180	1	1
150.342	3181	4	1
150.342	3182	3	1
150.467	3183	3	1
150.498	3184	2	1
150.592	3185	2	1
150.623	3186	1	1
150.717	3187	4	1
150.748	3188	3	1
150.842	3189	3	1
150.873	3190	2	1
150.967	3191	2	1
150.998	3192	1	1
151.092	3193	4	2
151.154	3194	4	3
151.092	3195	3	2
151.342	3196	3	3
151.092	3197	1	1
151.217	3198	4	1
151.342	3199	1	2
151.404	3200	1	3
151.342	3201	4	2
151.467	3202	4	3
151.467	3203	2	1
151.467	3204	3	1
151.467	3205	1	1
151.592	3206	4	1
151.592	3207	3	2
151.779	3208	3	3
151.717	3209	2	2
151.779	3210	2	3
151.717	3211	1	1
151.842	3212	4	2
151.904	3213	4	3
151.842	3214	3	2
152.092	3215	3	3
151.842	3216	1	1
151.967	3217	4	1
152.092	3218	4	2
152.217	3219	4	3
152.092	3220	1	2
152.154	3221	1	3
152.217	3222	1	1
152.217	3223	2	1
152.217	3224	3	1
152.342	3225	3	2
152.529	3226	3	3
152.342	3227	4	1
152.467	3228	2	2
152.529	3229	2	3
152.467	3230	4	1
152.592	3231	1	2
152.654	3232	1	3
152.592	3233	2	2
152.842	3234	2	3
152.592	3235	4	1
152.717	3236	1	1
152.842	3237	4	2
152.904	3238	4	3
152.842	3239	1	2
152.967	3240	1	3
152.967	3241	3	1
152.967	3242	2	1
152.967	3243	4	1
153.092	3244	1	1
153.092	3245	2	2
153.279	3246	2	3
153.217	3247	3	2
153.279	3248	3	3
153.217	3249	4	1
153.342	3250	1	2
153.404	3251	1	3
153.342	3252	2	2
153.592	3253	2	3
153.342	3254	4	1
153.467	3255	1	1
153.592	3256	1	2
153.717	3257	1	3
153.592	3258	4	2
153.654	3259	4	3
153.717	3260	4	1
153.717	3261	3	1
153.717	3262	2	1
153.842	3263	2	2
154.029	3264	2	3
153.842	3265	1	1
153.967	3266	3	2
154.029	3267	3	3
153.967	3268	1	1
154.092	3269	4	1
154.092	3270	1	1
154.092	3271	2	1
154.217	3272	2	1
154.217	3273	3	2
154.404	3274	3	3
154.217	3275	4	1
154.342	3276	1	2
154.404	3277	1	3
154.467	3278	4	2
154.529	3279	4	3
154.467	3280	3	2
154.592	3281	3	3
154.467	3282	2	2
154.654	3283	2	3
154.467	3284	1	2
154.717	3285	1	3
154.592	3286	4	1
154.717	3287	2	1
154.842	3288	1	2
155.092	3289	1	3
154.842	3290	3	1
154.842	3291	4	1
155.092	3292	3	1
155.092	3293	4	2
155.154	3294	4	3
155.154	3295	2	1
155.217	3296	4	2
155.467	3297	4	3
155.217	3298	3	2
155.404	3299	3	3
155.217	3300	1	2
155.279	3301	1	3
155.342	3302	1	1
155.467	3303	3	1
155.592	3304	1	2
155.717	3305	1	3
155.592	3306	4	2
155.717	3307	4	3
155.592	3308	3	2
155.717	3309	3	3
155.592	3310	2	1
155.717	3311	2	1
155.842	3312	4	2
155.967	3313	4	3
155.842	3314	1	2
155.967	3315	1	3
155.842	3316	2	2
155.967	3317	2	3
155.842	3318	3	1
155.967	3319	3	1
156.092	3320	1	2
156.217	3321	1	3
156.092	3322	2	2
156.217	3323	2	3
156.092	3324	3	2
156.217	3325	3	3
156.092	3326	4	1
156.217	3327	4	1
156.342	3328	1	1
156.342	3329	2	1
156.435	3330	1	1
156.529	3331	2	2
156.998	3332	2	3
156.717	3333	3	2
156.998	3334	3	3
157.092	3335	4	2
157.279	3336	4	3
157.092	3337	2	1
157.092	3338	1	1
157.185	3339	1	1
157.185	3340	2	1
157.279	3341	2	1
157.373	3342	1	1
157.373	3343	4	2
157.467	3344	4	3
157.373	3345	3	2
157.467	3346	3	3
157.467	3347	1	1
157.560	3348	4	1
157.560	3349	3	1
157.654	3350	3	1
157.654	3351	2	1
157.748	3352	1	1
157.748	3353	2	1
157.842	3354	4	1
157.842	3355	3	1
157.842	3356	1	2
158.029	3357	1	3
157.935	3358	4	1
157.935	3359	3	1
158.029	3360	3	1
158.123	3361	4	1
158.123	3362	1	2
158.217	3363	1	3
158.123	3364	2	2
158.217	3365	2	3
158.310	3366	3	1
158.404	3367	2	1
158.427	3368	3	1
158.592	3369	4	2
158.685	3370	4	3
158.592	3371	1	1
158.592	3372	2	1
158.638	3373	3	1
158.685	3374	1	1
158.685	3375	2	1
158.779	3376	4	1
158.779	3377	2	1
158.873	3378	4	2
158.967	3379	4	3
158.873	3380	3	2
158.967	3381	3	3
158.873	3382	1	1
158.967	3383	1	1
159.060	3384	3	1
159.060	3385	4	1
159.154	3386	2	1
159.154	3387	3	1
159.248	3388	1	1
159.248	3389	2	1
159.342	3390	3	1
159.342	3391	4	1
159.342	3392	1	2
159.529	3393	1	3
159.435	3394	3	1
159.529	3395	4	1
159.529	3396	2	1
159.623	3397	4	1
159.623	3398	1	1
159.717	3399	2	1
159.810	3400	2	2
159.998	3401	2	3
159.904	3402	3	2
159.998	3403	3	3
160.092	3404	1	1
160.092	3405	4	1
160.092	3406	3	1
160.138	3407	2	1
160.185	3408	4	1
160.185	3409	3	1
160.232	3410	1	1
160.279	3411	4	1
160.326	3412	2	1
160.373	3413	3	1
160.373	3414	1	1
160.420	3415	4	1
160.467	3416	1	1
160.513	3417	2	1
160.560	3418	4	1
160.560	3419	3	1
160.607	3420	1	1
160.654	3421	3	1
160.654	3422	2	1
160.701	3423	1	1
160.748	3424	4	1
160.748	3425	3	1
160.795	3426	2	1
160.842	3427	4	1
160.842	3428	1	1
160.888	3429	3	1
160.935	3430	1	1
160.935	3431	2	1
160.982	3432	4	1
161.029	3433	1	1
161.076	3434	3	1
161.123	3435	2	1
161.123	3436	4	1
161.170	3437	1	1
161.217	3438	4	1
161.217	3439	3	1
161.263	3440	1	1
161.310	3441	3	1
161.310	3442	2	1
161.357	3443	4	1
161.404	3444	1	1
161.404	3445	2	1
161.451	3446	3	1
161.498	3447	1	1
161.498	3448	2	1
161.545	3449	4	1
161.592	3450	3	2
161.685	3451	3	3
161.615	3452	2	2
161.779	3453	2	3
161.685	3454	1	1
161.779	3455	1	1
161.873	3456	4	2
161.967	3457	4	3
161.873	3458	1	1
161.896	3459	3	2
162.060	3460	3	3
161.967	3461	2	1
162.060	3462	1	1
162.154	3463	3	2
162.248	3464	3	3
162.154	3465	1	1
162.177	3466	2	2
162.342	3467	2	3
162.248	3468	1	1
162.342	3469	4	2
162.435	3470	4	3
162.365	3471	3	2
162.482	3472	3	3
162.435	3473	1	1
162.529	3474	4	2
162.623	3475	4	3
162.529	3476	1	1
162.552	3477	3	2
162.717	3478	3	3
162.623	3479	1	1
162.717	3480	2	1
162.763	3481	4	1
162.810	3482	3	1
162.857	3483	1	1
162.904	3484	3	1
162.951	3485	4	1
162.998	3486	2	1
163.045	3487	3	1
163.092	3488	4	1
163.092	3489	1	1
163.092	3490	2	1
163.279	3491	3	1
163.310	3492	1	1
163.342	3493	2	1
163.654	3494	3	1
163.685	3495	1	1
163.717	3496	2	1
163.748	3497	4	1
163.748	3498	3	1
164.029	3499	3	1
164.060	3500	1	1
164.092	3501	2	1
164.404	3502	3	1
164.435	3503	1	1
164.467	3504	2	1
164.498	3505	4	1
164.592	3506	1	1
164.592	3507	4	1
164.873	3508	4	1
164.967	3509	1	1
164.967	3510	2	1
165.154	3511	2	1
165.248	3512	2	1
165.342	3513	3	1
165.342	3514	4	1
165.529	3515	1	1
165.623	3516	4	1
165.717	3517	2	1
165.717	3518	3	1
165.810	3519	2	1
165.904	3520	3	1
165.904	3521	1	2
165.967	3522	1	3
165.967	3523	2	2
166.029	3524	2	3
166.029	3525	1	2
166.092	3526	1	3
166.092	3527	3	2
166.279	3528	3	3
166.092	3529	2	1
166.123	3530	4	2
166.373	3531	4	3
166.373	3532	3	2
166.467	3533	3	3
166.654	3534	2	2
166.748	3535	2	3
166.748	3536	4	1
166.842	3537	1	2
167.029	3538	1	3
166.842	3539	4	1
166.967	3540	3	2
167.123	3541	3	3
167.029	3542	4	1
167.123	3543	2	2
167.217	3544	2	3
167.217	3545	4	1
167.217	3546	1	1
167.310	3547	1	1
167.342	3548	3	2
167.498	3549	3	3
167.404	3550	2	1
167.498	3551	2	1
167.592	3552	3	1
167.592	3553	4	1
167.779	3554	2	2
167.967	3555	2	3
167.810	3556	1	2
167.998	3557	1	3
168.060	3558	2	1
168.107	3559	1	1
168.154	3560	2	1
168.248	3561	4	1
168.342	3562	1	1
168.342	3563	4	1
168.529	3564	3	2
168.623	3565	3	3
168.576	3566	4	2
168.810	3567	4	3
168.623	3568	2	1
168.717	3569	1	1
168.717	3570	3	1
168.810	3571	1	1
168.904	3572	2	2
168.951	3573	2	3
168.904	3574	3	1
168.998	3575	3	1
169.092	3576	2	1
169.092	3577	1	1
169.373	3578	4	1
169.373	3579	1	1
169.654	3580	2	1
169.748	3581	4	1
169.842	3582	1	1
169.842	3583	4	1
170.029	3584	3	1
170.029	3585	2	1
170.123	3586	2	1
170.217	3587	4	1
170.217	3588	3	1
170.498	3589	4	1
170.592	3590	2	1
170.592	3591	1	1
170.873	3592	2	1
170.967	3593	4	1
170.967	3594	1	1
171.154	3595	1	1
171.248	3596	4	1
171.342	3597	4	1
171.342	3598	2	1
171.529	3599	2	1
171.552	3600	3	1
171.623	3601	2	2
171.717	3602	2	3
171.717	3603	1	2
171.998	3604	1	3
171.810	3605	3	1
171.904	3606	2	1
171.998	3607	3	1
172.045	3608	4	1
172.092	3609	1	1
172.092	3610	2	1
172.217	3611	2	1
172.342	3612	2	1
172.467	3613	1	2
172.748	3614	1	3
172.654	3615	4	1
172.748	3616	3	1
172.795	3617	4	1
172.842	3618	1	1
172.842	3619	2	1
173.029	3620	4	1
173.123	3621	2	1
173.217	3622	4	1
173.217	3623	3	1
173.310	3624	4	1
173.404	3625	2	1
173.404	3626	3	1
173.498	3627	2	1
173.592	3628	1	1
173.592	3629	3	1
173.756	3630	4	1
173.779	3631	2	1
173.826	3632	3	1
173.873	3633	4	2
174.060	3634	4	3
173.967	3635	1	1
174.060	3636	3	2
174.154	3637	3	3
174.154	3638	4	2
174.248	3639	4	3
174.248	3640	2	2
174.342	3641	2	3
174.295	3642	1	2
174.342	3643	1	3
174.342	3644	4	1
174.342	3645	3	1
174.529	3646	3	1
174.529	3647	2	1
174.623	3648	3	1
174.717	3649	4	1
174.717	3650	2	1
174.810	3651	2	1
174.904	3652	3	1
174.904	3653	1	1
174.998	3654	3	1
175.092	3655	4	1
175.092	3656	1	2
175.232	3657	1	3
175.092	3658	2	1
175.185	3659	4	2
175.279	3660	4	3
175.373	3661	2	1
175.467	3662	3	1
175.654	3663	2	1
175.748	3664	4	1
175.842	3665	1	1
175.842	3666	3	1
176.029	3667	3	1
176.029	3668	2	1
176.123	3669	4	1
176.217	3670	1	1
176.217	3671	2	1
176.498	3672	4	1
176.592	3673	2	1
176.592	3674	1	2
176.685	3675	1	3
176.685	3676	3	2
176.779	3677	3	3
176.873	3678	2	2
176.967	3679	2	3
176.967	3680	4	1
176.967	3681	1	1
177.154	3682	2	1
177.154	3683	3	2
177.248	3684	3	3
177.248	3685	2	1
177.342	3686	3	1
177.342	3687	4	2
177.435	3688	4	3
177.529	3689	3	1
177.529	3690	1	1
177.623	3691	3	2
177.717	3692	3	3
177.717	3693	4	1
177.717	3694	2	1
177.810	3695	4	1
177.904	3696	3	1
177.904	3697	2	2
177.998	3698	2	3
177.998	3699	3	1
178.092	3700	2	1
178.092	3701	1	2
178.232	3702	1	3
178.138	3703	3	1
178.185	3704	4	2
178.279	3705	4	3
178.373	3706	2	1
178.467	3707	3	1
178.654	3708	2	1
178.748	3709	4	1
178.842	3710	1	1
178.842	3711	3	1
179.029	3712	4	1
179.029	3713	2	1
179.123	3714	2	1
179.217	3715	4	1
179.217	3716	3	1
179.310	3717	3	1
179.404	3718	2	1
179.404	3719	1	1
179.498	3720	2	1
179.592	3721	3	1
179.592	3722	1	2
179.685	3723	1	3
179.685	3724	3	2
179.779	3725	3	3
179.873	3726	2	2
179.967	3727	2	3
180.154	3728	3	2
180.248	3729	3	3
180.248	3730	1	1
180.342	3731	1	1
180.342	3732	4	2
180.435	3733	4	3
180.529	3734	1	1
180.529	3735	3	1
180.623	3736	3	2
180.717	3737	3	3
180.717	3738	2	1
180.717	3739	4	1
180.810	3740	4	1
180.904	3741	3	1
180.904	3742	2	2
180.998	3743	2	3
180.998	3744	3	1
181.092	3745	2	1
181.092	3746	1	2
181.232	3747	1	3
181.185	3748	4	2
181.279	3749	4	3
181.373	3750	2	1
181.467	3751	3	1
181.654	3752	2	1
181.748	3753	4	1
181.842	3754	1	1
181.842	3755	3	1
182.029	3756	3	1
182.029	3757	2	1
182.123	3758	3	1
182.217	3759	1	1
182.217	3760	2	1
182.498	3761	4	1
182.592	3762	2	1
182.592	3763	1	2
182.685	3764	1	3
182.685	3765	3	2
182.779	3766	3	3
182.873	3767	2	2
182.967	3768	2	3
182.967	3769	4	1
182.967	3770	1	1
183.154	3771	2	1
183.154	3772	3	2
183.248	3773	3	3
183.248	3774	2	1
183.342	3775	3	1
183.342	3776	4	2
183.435	3777	4	3
183.529	3778	3	1
183.529	3779	1	1
183.623	3780	3	2
183.717	3781	3	3
183.717	3782	4	1
183.717	3783	2	1
183.810	3784	4	1
183.904	3785	3	1
183.904	3786	2	2
183.998	3787	2	3
183.998	3788	3	1
184.092	3789	2	1
184.092	3790	1	2
184.232	3791	1	3
184.185	3792	4	2
184.279	3793	4	3
184.373	3794	2	1
184.467	3795	3	1
184.654	3796	2	1
184.748	3797	4	1
184.842	3798	1	1
184.842	3799	3	1
185.029	3800	4	1
185.029	3801	2	1
185.123	3802	2	1
185.217	3803	4	1
185.217	3804	3	1
185.310	3805	3	1
185.404	3806	2	1
185.404	3807	1	1
185.498	3808	2	1
185.592	3809	3	1
185.592	3810	1	2
185.685	3811	1	3
185.685	3812	3	2
185.779	3813	3	3
185.873	3814	2	2
185.967	3815	2	3
186.154	3816	3	2
186.248	3817	3	3
186.248	3818	1	1
186.342	3819	1	2
186.998	3820	1	3
186.342	3821	4	2
186.435	3822	4	3
186.529	3823	3	1
186.623	3824	3	2
186.717	3825	3	3
186.717	3826	2	1
186.717	3827	4	2
186.998	3828	4	3
186.904	3829	3	1
186.904	3830	2	2
186.998	3831	2	3
187.092	3832	3	1
187.092	3833	1	2
187.279	3834	1	3
187.092	3835	2	2
187.279	3836	2	3
187.092	3837	4	1
187.373	3838	3	2
187.560	3839	3	3
187.467	3840	4	1
187.467	3841	1	1
187.654	3842	1	1
187.654	3843	4	2
187.748	3844	4	3
187.748	3845	1	1
187.842	3846	4	2
188.029	3847	4	3
187.842	3848	3	2
188.029	3849	3	3
188.123	3850	2	2
188.310	3851	2	3
188.217	3852	4	1
188.217	3853	1	1
188.404	3854	4	1
188.404	3855	1	2
188.498	3856	1	3
188.498	3857	4	1
188.592	3858	1	2
188.779	3859	1	3
188.592	3860	2	2
188.779	3861	2	3
188.873	3862	3	2
189.060	3863	3	3
188.967	3864	1	1
188.967	3865	4	1
189.154	3866	1	1
189.154	3867	4	2
189.248	3868	4	3
189.248	3869	1	1
189.342	3870	4	2
189.435	3871	4	3
189.342	3872	3	2
189.435	3873	3	3
189.623	3874	3	1
189.717	3875	1	2
189.810	3876	1	3
189.717	3877	2	1
189.904	3878	2	2
190.092	3879	2	3
189.998	3880	1	2
190.092	3881	1	3
190.092	3882	4	2
190.279	3883	4	3
190.092	3884	3	2
190.279	3885	3	3
190.373	3886	2	2
190.560	3887	2	3
190.467	3888	1	1
190.467	3889	4	1
190.654	3890	4	1
190.654	3891	1	2
190.748	3892	1	3
190.748	3893	4	1
190.842	3894	1	2
191.029	3895	1	3
190.842	3896	2	2
191.029	3897	2	3
191.123	3898	3	2
191.310	3899	3	3
191.217	3900	1	1
191.217	3901	4	1
191.404	3902	1	1
191.404	3903	4	2
191.498	3904	4	3
191.498	3905	1	1
191.592	3906	4	2
191.779	3907	4	3
191.592	3908	3	2
191.779	3909	3	3
191.873	3910	2	2
192.060	3911	2	3
191.967	3912	4	1
191.967	3913	1	1
192.154	3914	4	1
192.154	3915	1	2
192.248	3916	1	3
192.248	3917	4	1
192.342	3918	1	2
192.482	3919	1	3
192.342	3920	2	2
192.435	3921	2	3
192.529	3922	2	2
192.717	3923	2	3
192.623	3924	1	2
192.717	3925	1	3
192.717	3926	4	2
192.998	3927	4	3
192.717	3928	3	2
192.810	3929	3	3
192.810	3930	2	1
192.904	3931	3	2
192.998	3932	3	3
192.998	3933	2	1
193.092	3934	4	2
193.279	3935	4	3
193.092	3936	3	2
193.279	3937	3	3
193.092	3938	1	1
193.373	3939	2	2
193.560	3940	2	3
193.467	3941	1	1
193.467	3942	4	1
193.654	3943	4	1
193.654	3944	1	2
193.748	3945	1	3
193.748	3946	4	1
193.842	3947	1	2
194.029	3948	1	3
193.842	3949	2	2
194.029	3950	2	3
194.123	3951	3	2
194.310	3952	3	3
194.217	3953	1	1
194.217	3954	4	1
194.404	3955	1	1
194.404	3956	4	2
194.498	3957	4	3
194.498	3958	1	1
194.592	3959	4	2
194.779	3960	4	3
194.592	3961	3	2
194.779	3962	3	3
194.873	3963	2	2
195.060	3964	2	3
194.967	3965	4	1
194.967	3966	1	1
195.154	3967	4	1
195.154	3968	1	2
195.248	3969	1	3
195.248	3970	4	1
195.342	3971	1	2
195.435	3972	1	3
195.342	3973	2	2
195.435	3974	2	3
195.623	3975	2	1
195.717	3976	4	2
195.810	3977	4	3
195.717	3978	3	1
195.904	3979	3	2
196.092	3980	3	3
195.998	3981	4	2
196.092	3982	4	3
196.092	3983	1	2
196.279	3984	1	3
196.092	3985	2	2
196.279	3986	2	3
196.373	3987	3	2
196.560	3988	3	3
196.467	3989	4	1
196.467	3990	1	1
196.654	3991	1	1
196.654	3992	4	2
196.748	3993	4	3
196.748	3994	1	1
196.842	3995	4	2
197.029	3996	4	3
196.842	3997	3	2
197.029	3998	3	3
197.123	3999	2	2
197.310	4000	2	3
197.217	4001	4	1
197.217	4002	1	1
197.404	4003	4	1
197.404	4004	1	2
197.498	4005	1	3
197.498	4006	4	1
197.592	4007	1	2
197.779	4008	1	3
197.592	4009	2	2
197.779	4010	2	3
197.873	4011	3	2
198.060	4012	3	3
197.967	4013	1	1
197.967	4014	4	1
198.154	4015	1	1
198.154	4016	4	2
198.248	4017	4	3
198.248	4018	1	1
198.342	4019	4	2
198.482	4020	4	3
198.342	4021	3	2
198.435	4022	3	3
198.529	4023	3	2
198.717	4024	3	3
198.623	4025	4	2
198.717	4026	4	3
198.717	4027	1	2
198.998	4028	1	3
198.717	4029	2	2
198.810	4030	2	3
198.810	4031	3	1
198.904	4032	2	2
198.998	4033	2	3
198.998	4034	3	1
199.092	4035	1	2
199.279	4036	1	3
199.092	4037	2	2
199.279	4038	2	3
199.092	4039	4	2
199.279	4040	4	3
199.373	4041	1	2
199.560	4042	1	3
199.373	4043	2	2
199.560	4044	2	3
199.373	4045	3	2
199.560	4046	3	3
199.654	4047	1	2
199.748	4048	1	3
199.654	4049	2	2
199.748	4050	2	3
199.654	4051	4	2
199.748	4052	4	3
199.842	4053	3	2
199.935	4054	3	3
199.865	4055	2	2
200.029	4056	2	3
200.029	4057	3	1
200.123	4058	3	2
200.217	4059	3	3
200.146	4060	2	2
200.217	4061	2	3
200.310	4062	2	1
200.310	4063	3	1
200.404	4064	2	2
200.498	4065	2	3
200.404	4066	3	2
200.498	4067	3	3
200.592	4068	1	2
200.779	4069	1	3
200.592	4070	4	2
200.779	4071	4	3
200.592	4072	3	2
200.779	4073	3	3
200.873	4074	3	2
201.060	4075	3	3
200.873	4076	2	2
201.060	4077	2	3
200.873	4078	4	2
201.060	4079	4	3
201.154	4080	1	2
201.248	4081	1	3
201.154	4082	3	2
201.248	4083	3	3
201.154	4084	4	2
201.248	4085	4	3
201.342	4086	2	2
201.529	4087	2	3
201.529	4088	1	1
201.623	4089	1	2
201.717	4090	1	3
201.646	4091	3	2
201.810	4092	3	3
201.810	4093	1	1
201.904	4094	1	1
201.998	4095	4	1
201.998	4096	2	1
202.045	4097	3	1
202.092	4098	4	2
202.279	4099	4	3
202.092	4100	1	2
202.279	4101	1	3
202.092	4102	2	2
202.279	4103	2	3
202.373	4104	2	2
202.560	4105	2	3
202.373	4106	3	2
202.560	4107	3	3
202.373	4108	1	2
202.560	4109	1	3
202.654	4110	4	2
202.748	4111	4	3
202.654	4112	2	2
202.748	4113	2	3
202.654	4114	1	2
202.748	4115	1	3
202.842	4116	3	1
202.865	4117	2	1
202.888	4118	1	2
203.029	4119	1	3
203.029	4120	4	1
203.123	4121	1	1
203.146	4122	2	1
203.170	4123	3	2
203.310	4124	3	3
203.310	4125	4	1
203.404	4126	3	1
203.427	4127	2	1
203.451	4128	1	2
203.592	4129	1	3
203.592	4130	2	2
203.779	4131	2	3
203.592	4132	3	2
203.779	4133	3	3
203.592	4134	4	2
203.779	4135	4	3
203.873	4136	1	2
204.060	4137	1	3
203.873	4138	2	2
204.060	4139	2	3
203.873	4140	3	2
204.060	4141	3	3
204.154	4142	4	2
204.248	4143	4	3
204.154	4144	3	2
204.248	4145	3	3
204.154	4146	2	2
204.248	4147	2	3
204.342	4148	2	1
204.388	4149	3	1
204.435	4150	2	1
204.482	4151	3	1
204.529	4152	1	2
204.623	4153	1	3
204.529	4154	2	2
204.623	4155	2	3
204.529	4156	4	2
204.623	4157	4	3
204.717	4158	2	1
204.717	4159	1	1
204.717	4160	3	1
204.810	4161	2	1
204.810	4162	1	1
204.810	4163	3	1
204.904	4164	1	2
204.998	4165	1	3
204.904	4166	2	2
204.998	4167	2	3
204.904	4168	4	2
204.998	4169	4	3
205.092	4170	4	2
205.279	4171	4	3
205.092	4172	3	2
205.279	4173	3	3
205.092	4174	1	2
205.279	4175	1	3
205.373	4176	4	2
205.560	4177	4	3
205.373	4178	3	2
205.560	4179	3	3
205.373	4180	2	2
205.560	4181	2	3
205.654	4182	4	2
205.748	4183	4	3
205.654	4184	3	2
205.748	4185	3	3
205.654	4186	1	2
205.748	4187	1	3
205.842	4188	2	2
205.935	4189	2	3
205.865	4190	1	2
206.498	4191	1	3
206.029	4192	2	1
206.123	4193	2	2
206.498	4194	2	3
206.310	4195	3	1
206.404	4196	3	2
206.592	4197	3	3
206.592	4198	4	2
206.779	4199	4	3
206.592	4200	1	2
206.779	4201	1	3
206.592	4202	2	2
206.779	4203	2	3
206.873	4204	2	2
207.060	4205	2	3
206.873	4206	3	2
207.060	4207	3	3
206.873	4208	1	2
207.060	4209	1	3
207.154	4210	4	2
207.248	4211	4	3
207.154	4212	2	2
207.248	4213	2	3
207.154	4214	1	2
207.248	4215	1	3
207.342	4216	3	2
207.529	4217	3	3
207.529	4218	4	1
207.623	4219	4	2
207.717	4220	4	3
207.646	4221	2	2
207.810	4222	2	3
207.810	4223	4	1
207.904	4224	4	1
207.998	4225	1	1
207.998	4226	3	1
208.045	4227	2	1
208.092	4228	1	2
208.279	4229	1	3
208.092	4230	4	2
208.279	4231	4	3
208.092	4232	3	2
208.279	4233	3	3
208.373	4234	3	2
208.560	4235	3	3
208.373	4236	2	2
208.560	4237	2	3
208.373	4238	4	2
208.560	4239	4	3
208.654	4240	1	2
208.748	4241	1	3
208.654	4242	3	2
208.748	4243	3	3
208.654	4244	4	2
208.748	4245	4	3
208.842	4246	2	1
208.865	4247	3	1
208.888	4248	4	2
209.029	4249	4	3
209.029	4250	1	1
209.123	4251	4	1
209.146	4252	3	1
209.170	4253	2	2
209.310	4254	2	3
209.310	4255	1	1
209.404	4256	2	1
209.427	4257	3	1
209.451	4258	4	2
209.592	4259	4	3
209.592	4260	3	2
209.779	4261	3	3
209.592	4262	2	2
209.779	4263	2	3
209.592	4264	1	2
209.779	4265	1	3
209.873	4266	4	2
210.060	4267	4	3
209.873	4268	3	2
210.060	4269	3	3
209.873	4270	2	2
210.060	4271	2	3
210.154	4272	1	2
210.248	4273	1	3
210.154	4274	2	2
210.248	4275	2	3
210.154	4276	3	2
210.248	4277	3	3
210.342	4278	1	1
210.342	4279	4	1
210.342	4280	3	1
210.435	4281	1	1
210.529	4282	1	2
210.623	4283	1	3
210.717	4284	2	2
210.810	4285	2	3
210.904	4286	4	2
210.998	4287	4	3
211.092	4288	4	2
211.279	4289	4	3
211.092	4290	3	2
211.279	4291	3	3
211.092	4292	1	2
211.185	4293	1	3
211.279	4294	1	1
211.373	4295	3	1
211.373	4296	1	2
211.467	4297	1	3
211.467	4298	4	1
211.467	4299	3	1
211.467	4300	2	1
211.560	4301	1	1
211.654	4302	3	1
211.654	4303	1	2
211.748	4304	1	3
211.748	4305	3	1
211.842	4306	4	2
211.935	4307	4	3
211.842	4308	1	1
211.842	4309	2	1
212.029	4310	4	1
212.123	4311	2	1
212.123	4312	4	2
212.217	4313	4	3
212.217	4314	1	1
212.217	4315	2	1
212.217	4316	3	1
212.310	4317	4	1
212.404	4318	4	2
212.498	4319	4	3
212.404	4320	2	1
212.498	4321	2	1
212.592	4322	1	2
212.685	4323	1	3
212.592	4324	4	1
212.592	4325	3	1
212.779	4326	1	1
212.873	4327	3	1
212.873	4328	1	2
212.967	4329	1	3
212.967	4330	2	1
212.967	4331	3	1
212.967	4332	4	1
213.060	4333	1	1
213.154	4334	1	2
213.248	4335	1	3
213.154	4336	3	1
213.248	4337	3	1
213.342	4338	1	1
213.342	4339	2	1
213.342	4340	4	1
213.388	4341	3	1
213.435	4342	2	1
213.482	4343	3	1
213.529	4344	1	2
213.623	4345	1	3
213.552	4346	4	2
213.670	4347	4	3
213.623	4348	2	1
213.717	4349	1	2
213.810	4350	1	3
213.740	4351	4	2
213.857	4352	4	3
213.904	4353	1	2
213.998	4354	1	3
213.927	4355	4	2
214.045	4356	4	3
214.092	4357	2	2
214.185	4358	2	3
214.092	4359	1	1
214.092	4360	4	1
214.279	4361	2	1
214.373	4362	4	1
214.373	4363	2	2
214.467	4364	2	3
214.467	4365	1	1
214.467	4366	3	1
214.467	4367	4	1
214.560	4368	2	1
214.654	4369	4	1
214.654	4370	2	2
214.748	4371	2	3
214.748	4372	4	1
214.842	4373	1	1
214.842	4374	2	1
214.842	4375	3	2
214.935	4376	3	3
215.029	4377	3	1
215.123	4378	1	1
215.123	4379	3	2
215.217	4380	3	3
215.217	4381	4	1
215.217	4382	1	1
215.217	4383	2	1
215.310	4384	3	1
215.404	4385	1	1
215.404	4386	3	2
215.498	4387	3	3
215.498	4388	1	1
215.592	4389	4	1
215.592	4390	3	1
215.592	4391	2	2
215.685	4392	2	3
215.779	4393	2	1
215.873	4394	4	1
215.873	4395	2	2
215.967	4396	2	3
215.967	4397	1	1
215.967	4398	3	1
215.967	4399	4	1
216.060	4400	2	1
216.154	4401	4	1
216.154	4402	2	2
216.248	4403	2	3
216.248	4404	4	1
216.342	4405	2	2
216.435	4406	2	3
216.342	4407	1	1
216.388	4408	3	2
216.529	4409	3	3
216.623	4410	2	2
216.717	4411	2	3
216.670	4412	3	2
216.810	4413	3	3
216.904	4414	2	2
216.998	4415	2	3
216.951	4416	3	2
217.021	4417	3	3
217.092	4418	4	2
217.560	4419	4	3
217.092	4420	1	1
217.092	4421	2	1
217.185	4422	1	1
217.185	4423	2	1
217.279	4424	1	1
217.279	4425	2	1
217.373	4426	1	1
217.373	4427	2	1
217.467	4428	1	1
217.467	4429	2	1
217.560	4430	1	1
217.560	4431	2	1
217.654	4432	3	1
217.677	4433	1	1
217.701	4434	4	1
217.748	4435	2	1
217.795	4436	1	1
217.842	4437	4	1
217.842	4438	3	1
217.935	4439	2	1
217.959	4440	3	1
217.982	4441	4	1
218.029	4442	1	1
218.029	4443	2	1
218.123	4444	3	1
218.146	4445	2	1
218.170	4446	1	1
218.217	4447	4	1
218.217	4448	3	1
218.310	4449	3	1
218.310	4450	4	1
218.404	4451	1	1
218.427	4452	3	1
218.451	4453	4	1
218.498	4454	2	1
218.592	4455	1	2
219.060	4456	1	3
218.592	4457	4	1
218.592	4458	3	1
218.685	4459	3	1
218.685	4460	4	1
218.779	4461	4	1
218.779	4462	3	1
218.873	4463	3	1
218.873	4464	4	1
218.967	4465	4	1
218.967	4466	3	1
219.060	4467	3	1
219.060	4468	4	1
219.154	4469	2	1
219.177	4470	4	1
219.201	4471	1	1
219.248	4472	3	1
219.295	4473	4	1
219.342	4474	1	1
219.342	4475	2	1
219.435	4476	3	1
219.459	4477	2	1
219.482	4478	1	1
219.529	4479	4	1
219.529	4480	3	1
219.623	4481	2	1
219.646	4482	3	1
219.670	4483	4	1
219.717	4484	1	1
219.717	4485	2	1
219.810	4486	1	1
219.810	4487	2	1
219.904	4488	4	1
219.927	4489	1	1
219.951	4490	3	1
219.998	4491	2	1
220.045	4492	1	1
220.092	4493	4	1
220.092	4494	3	1
220.185	4495	3	1
220.185	4496	4	1
220.279	4497	1	1
220.302	4498	4	1
220.326	4499	2	1
220.373	4500	3	1
220.420	4501	4	1
220.467	4502	1	1
220.467	4503	2	1
220.560	4504	1	1
220.560	4505	2	1
220.654	4506	4	1
220.677	4507	1	1
220.701	4508	3	1
220.748	4509	2	1
220.795	4510	3	1
220.842	4511	1	1
220.842	4512	4	1
220.935	4513	4	1
220.935	4514	1	1
221.029	4515	2	1
221.052	4516	3	1
221.076	4517	1	1
221.123	4518	4	1
221.170	4519	3	1
221.217	4520	1	1
221.217	4521	2	1
221.310	4522	1	1
221.310	4523	2	1
221.404	4524	3	1
221.451	4525	1	1
221.498	4526	4	1
221.545	4527	2	1
221.592	4528	4	1
221.592	4529	3	1
221.638	4530	1	1
221.638	4531	2	1
221.685	4532	4	1
221.685	4533	3	1
221.732	4534	1	1
221.732	4535	2	1
221.779	4536	4	1
221.779	4537	3	1
221.826	4538	1	1
221.826	4539	2	1
221.873	4540	3	1
221.873	4541	4	1
221.920	4542	1	1
221.920	4543	2	1
221.967	4544	4	1
221.967	4545	3	1
222.013	4546	1	1
222.013	4547	2	1
222.060	4548	4	1
222.060	4549	3	1
222.107	4550	1	1
222.107	4551	2	1
222.154	4552	4	1
222.154	4553	3	1
222.201	4554	1	1
222.201	4555	2	1
222.248	4556	4	1
222.248	4557	3	1
222.295	4558	1	1
222.295	4559	2	1
222.342	4560	3	1
222.342	4561	4	1
222.529	4562	2	1
222.623	4563	2	1
222.717	4564	2	2
222.810	4565	2	3
222.810	4566	4	1
222.904	4567	2	2
222.998	4568	2	3
222.998	4569	3	1
223.092	4570	4	2
224.702	4571	4	3
223.092	4572	1	2
224.702	4573	1	3
223.092	4574	2	1
223.185	4575	2	1
223.279	4576	3	1
223.373	4577	3	1
223.467	4578	2	1
223.567	4579	2	1
223.667	4580	3	1
223.767	4581	3	1
223.867	4582	2	1
223.970	4583	2	1
224.073	4584	3	1
224.177	4585	3	1
224.280	4586	2	1
224.385	4587	2	1
224.491	4588	3	1
224.596	4589	3	1
224.702	4590	3	1
224.702	4591	2	1
224.813	4592	4	1
224.813	4593	2	1
224.924	4594	1	1
224.924	4595	3	1
225.035	4596	2	1
225.035	4597	3	1
225.146	4598	1	1
225.146	4599	2	1
225.259	4600	3	1
225.259	4601	1	1
225.373	4602	2	1
225.373	4603	4	1
225.486	4604	4	1
225.486	4605	1	1
225.600	4606	3	1
225.600	4607	2	1
225.720	4608	1	1
225.720	4609	3	1
225.840	4610	2	1
225.840	4611	4	1
225.960	4612	2	1
225.960	4613	3	1
226.080	4614	4	1
226.080	4615	3	1
226.205	4616	2	1
226.205	4617	4	1
226.330	4618	3	1
226.330	4619	1	1
226.455	4620	1	1
226.455	4621	4	1
226.580	4622	3	1
226.580	4623	2	1
226.712	4624	4	1
226.712	4625	2	1
226.845	4626	1	1
226.845	4627	3	1
226.978	4628	3	1
226.978	4629	2	1
227.110	4630	1	1
227.110	4631	2	1
227.252	4632	1	1
227.252	4633	3	1
227.395	4634	4	1
227.395	4635	2	1
227.538	4636	1	1
227.538	4637	4	1
227.681	4638	3	1
227.681	4639	2	1
227.837	4640	1	1
227.837	4641	3	1
227.993	4642	4	1
227.993	4643	2	1
228.149	4644	2	1
228.149	4645	3	1
228.306	4646	3	1
228.306	4647	4	1
228.472	4648	4	1
228.472	4649	2	1
228.639	4650	1	1
228.639	4651	3	1
228.806	4652	4	1
228.806	4653	1	1
228.972	4654	3	1
228.972	4655	2	1
229.159	4656	4	1
229.159	4657	2	1
229.347	4658	1	1
229.347	4659	3	1
229.539	4660	2	1
229.539	4661	3	1
229.731	4662	1	1
229.731	4663	2	1
229.933	4664	3	1
229.933	4665	1	1
230.136	4666	4	1
230.136	4667	2	1
230.347	4668	4	1
230.347	4669	1	1
230.581	4670	2	1
230.581	4671	3	1
230.826	4672	1	1
230.826	4673	3	1
231.084	4674	4	1
231.084	4675	2	1
231.361	4676	3	1
231.361	4677	2	1
231.649	4678	4	1
231.649	4679	3	1
231.955	4680	4	1
231.955	4681	2	1
232.288	4682	1	1
232.288	4683	3	1
232.663	4684	4	1
232.663	4685	1	1
233.091	4686	3	1
233.091	4687	2	1
233.552	4688	4	1
233.552	4689	3	1
234.020	4690	4	1
234.020	4691	3	1
234.489	4692	4	1
234.489	4693	3	1
234.958	4694	4	1
234.958	4695	3	1
235.427	4696	4	1
235.427	4697	3	1
235.895	4698	4	1
235.895	4699	3	1
236.364	4700	4	1
236.364	4701	3	1
236.833	4702	3	1
236.835	4703	4	2
237.069	4704	4	3
237.069	4705	2	1
237.186	4706	2	2
237.420	4707	2	3
237.303	4708	4	1
237.303	4709	3	1
237.420	4710	1	1
237.538	4711	1	2
237.772	4712	1	3
237.772	4713	4	2
238.006	4714	4	3
237.772	4715	3	1
238.006	4716	2	1
238.124	4717	2	2
238.358	4718	2	3
238.241	4719	4	1
238.241	4720	3	1
238.358	4721	1	1
238.475	4722	1	2
238.710	4723	1	3
238.710	4724	4	2
238.944	4725	4	3
238.710	4726	3	1
238.944	4727	2	1
239.061	4728	2	2
239.295	4729	2	3
239.178	4730	4	1
239.178	4731	3	1
239.295	4732	1	1
239.413	4733	1	2
239.647	4734	1	3
239.647	4735	4	2
239.881	4736	4	3
239.647	4737	3	1
239.881	4738	2	1
239.999	4739	2	1
240.116	4740	4	2
240.233	4741	4	3
240.116	4742	3	1
240.350	4743	3	2
240.467	4744	3	3
240.585	4745	2	2
240.702	4746	2	3
240.585	4747	1	2
240.819	4748	1	3
240.819	4749	3	1
240.936	4750	3	2
241.170	4751	3	3
241.053	4752	2	1
241.053	4753	1	1
241.170	4754	4	1
241.288	4755	4	2
241.522	4756	4	3
241.522	4757	2	2
241.639	4758	2	3
241.522	4759	1	2
241.756	4760	1	3
241.756	4761	3	1
241.874	4762	3	2
242.108	4763	3	3
241.991	4764	1	1
241.991	4765	2	1
242.108	4766	4	1
242.225	4767	4	2
242.460	4768	4	3
242.460	4769	1	2
242.694	4770	1	3
242.460	4771	2	2
242.577	4772	2	3
242.694	4773	3	1
242.811	4774	3	2
243.045	4775	3	3
242.928	4776	1	1
242.928	4777	2	1
243.045	4778	4	1
243.163	4779	4	2
243.397	4780	4	3
243.397	4781	1	2
243.514	4782	1	3
243.397	4783	2	1
243.631	4784	2	2
243.749	4785	2	3
243.866	4786	4	2
243.983	4787	4	3
243.866	4788	3	1
244.100	4789	3	2
244.217	4790	3	3
244.335	4791	1	2
244.393	4792	1	3
244.335	4793	3	1
244.335	4794	4	2
244.452	4795	4	3
244.393	4796	2	1
244.452	4797	1	1
244.510	4798	2	1
244.569	4799	4	2
244.627	4800	4	3
244.569	4801	3	1
244.627	4802	1	1
244.686	4803	4	2
244.803	4804	4	3
244.686	4805	2	1
244.745	4806	1	1
244.803	4807	3	1
244.862	4808	2	1
244.920	4809	4	2
244.979	4810	4	3
244.920	4811	3	1
244.979	4812	1	1
245.038	4813	4	2
245.155	4814	4	3
245.038	4815	2	1
245.096	4816	3	1
245.155	4817	2	1
245.213	4818	1	1
245.272	4819	3	2
245.389	4820	3	3
245.272	4821	4	1
245.272	4822	2	1
245.331	4823	1	1
245.389	4824	4	1
245.448	4825	2	1
245.506	4826	3	2
245.565	4827	3	3
245.506	4828	4	1
245.565	4829	2	1
245.624	4830	3	2
245.741	4831	3	3
245.624	4832	1	1
245.682	4833	4	1
245.741	4834	1	1
245.799	4835	2	1
245.858	4836	3	2
245.917	4837	3	3
245.858	4838	4	1
245.917	4839	1	1
245.975	4840	3	2
246.092	4841	3	3
245.975	4842	2	1
246.034	4843	4	1
246.092	4844	2	1
246.151	4845	3	1
246.210	4846	4	2
246.268	4847	4	3
246.210	4848	1	2
246.327	4849	1	3
246.268	4850	2	1
246.327	4851	4	1
246.385	4852	3	1
246.444	4853	1	2
246.502	4854	1	3
246.444	4855	2	1
246.502	4856	4	1
246.561	4857	1	2
246.678	4858	1	3
246.561	4859	3	1
246.620	4860	4	1
246.678	4861	2	1
246.737	4862	3	1
246.795	4863	1	2
246.854	4864	1	3
246.795	4865	2	1
246.854	4866	4	1
246.913	4867	1	2
247.030	4868	1	3
246.913	4869	3	1
246.971	4870	2	1
247.030	4871	3	1
247.088	4872	4	1
247.147	4873	2	2
247.264	4874	2	3
247.147	4875	1	1
247.206	4876	3	1
247.264	4877	1	1
247.323	4878	4	1
247.381	4879	2	2
247.440	4880	2	3
247.381	4881	1	1
247.440	4882	3	1
247.499	4883	2	2
247.616	4884	2	3
247.499	4885	4	1
247.557	4886	1	1
247.616	4887	4	1
247.674	4888	3	1
247.733	4889	2	2
247.792	4890	2	3
247.733	4891	1	1
247.792	4892	4	1
247.850	4893	2	2
247.967	4894	2	3
247.850	4895	3	1
247.909	4896	1	1
247.967	4897	3	1
248.026	4898	2	1
248.085	4899	4	2
248.202	4900	4	3
248.085	4901	1	2
248.143	4902	1	3
248.143	4903	3	1
248.202	4904	1	1
248.202	4905	2	1
248.260	4906	4	1
248.319	4907	2	1
248.319	4908	3	1
248.377	4909	1	1
248.436	4910	4	1
248.436	4911	2	1
248.495	4912	3	1
248.553	4913	4	2
248.612	4914	4	3
248.553	4915	1	2
248.670	4916	1	3
248.612	4917	2	1
248.670	4918	3	1
248.670	4919	4	1
248.729	4920	1	1
248.788	4921	2	1
248.788	4922	3	1
248.846	4923	4	1
248.905	4924	3	1
248.905	4925	1	1
248.963	4926	2	1
249.022	4927	4	2
249.139	4928	4	3
249.022	4929	1	2
249.081	4930	1	3
249.081	4931	3	1
249.139	4932	1	1
249.139	4933	2	1
249.198	4934	4	1
249.256	4935	2	1
249.256	4936	3	1
249.315	4937	1	1
249.374	4938	4	1
249.374	4939	2	1
249.432	4940	3	1
249.491	4941	4	2
249.549	4942	4	3
249.491	4943	1	2
249.608	4944	1	3
249.549	4945	2	1
249.608	4946	3	1
249.608	4947	4	1
249.667	4948	1	1
249.725	4949	2	1
249.725	4950	3	1
249.784	4951	4	1
249.842	4952	3	1
249.842	4953	1	1
249.901	4954	2	1
249.960	4955	4	1
249.960	4956	1	1
249.989	4957	3	1
250.018	4958	2	1
250.077	4959	1	1
250.077	4960	4	1
250.135	4961	3	1
250.194	4962	1	1
250.194	4963	2	1
250.223	4964	3	1
250.252	4965	4	1
250.311	4966	1	1
250.311	4967	2	1
250.370	4968	3	1
250.428	4969	4	1
250.428	4970	1	1
250.458	4971	2	1
250.487	4972	3	1
250.545	4973	4	1
250.545	4974	1	1
250.604	4975	2	1
250.663	4976	4	1
250.663	4977	3	1
250.692	4978	2	1
250.721	4979	1	1
250.780	4980	4	1
250.780	4981	3	1
250.838	4982	2	1
250.897	4983	1	2
251.131	4984	1	3
250.926	4985	3	2
251.131	4986	3	3
250.956	4987	4	2
251.131	4988	4	3
251.131	4989	2	1
251.190	4990	2	1
251.249	4991	4	1
251.307	4992	4	1
251.366	4993	1	1
251.366	4994	2	1
251.424	4995	2	1
251.483	4996	4	1
251.542	4997	4	1
251.600	4998	3	1
251.600	4999	2	1
251.835	5000	1	2
252.010	5001	1	3
251.835	5002	3	1
251.835	5003	4	1
251.913	5004	4	1
251.952	5005	2	1
251.991	5006	3	1
252.030	5007	4	1
252.069	5008	1	2
252.127	5009	1	3
252.127	5010	3	1
252.186	5011	2	1
252.186	5012	1	2
252.303	5013	1	3
252.245	5014	4	1
252.303	5015	2	1
252.303	5016	3	1
252.420	5017	4	2
252.479	5018	4	3
252.420	5019	3	2
252.655	5020	3	3
252.538	5021	1	2
252.596	5022	1	3
252.538	5023	4	2
252.655	5024	4	3
252.655	5025	2	1
252.655	5026	1	1
252.772	5027	3	2
252.831	5028	3	3
252.772	5029	4	2
252.948	5030	4	3
252.772	5031	2	1
252.889	5032	3	1
253.006	5033	1	2
253.124	5034	1	3
253.006	5035	4	2
253.065	5036	4	3
253.124	5037	2	2
253.182	5038	2	3
253.124	5039	4	2
253.241	5040	4	3
253.241	5041	3	1
253.241	5042	2	1
253.241	5043	1	1
253.358	5044	2	2
253.592	5045	2	3
253.358	5046	1	2
253.417	5047	1	3
253.475	5048	4	2
253.534	5049	4	3
253.475	5050	1	2
253.592	5051	1	3
253.592	5052	3	1
253.592	5053	4	1
253.710	5054	4	2
253.885	5055	4	3
253.710	5056	2	1
253.710	5057	1	1
253.788	5058	1	1
253.827	5059	3	1
253.866	5060	2	1
253.905	5061	1	1
253.944	5062	4	2
254.002	5063	4	3
254.002	5064	2	1
254.061	5065	4	2
254.178	5066	4	3
254.061	5067	3	1
254.120	5068	1	1
254.178	5069	2	1
254.178	5070	3	1
254.295	5071	1	2
254.354	5072	1	3
254.295	5073	2	2
254.530	5074	2	3
254.413	5075	4	2
254.471	5076	4	3
254.413	5077	1	2
254.530	5078	1	3
254.530	5079	3	1
254.530	5080	4	1
254.647	5081	1	2
254.823	5082	1	3
254.647	5083	2	2
254.706	5084	2	3
254.647	5085	3	1
254.764	5086	2	1
254.881	5087	4	1
254.881	5088	1	2
254.940	5089	1	3
254.999	5090	3	1
254.999	5091	1	2
255.057	5092	1	3
255.116	5093	1	2
255.233	5094	1	3
255.116	5095	2	2
255.233	5096	2	3
255.116	5097	3	2
255.233	5098	3	3
255.145	5099	4	2
255.292	5100	4	3
255.350	5101	3	2
255.467	5102	3	3
255.585	5103	4	2
255.760	5104	4	3
255.585	5105	2	1
255.585	5106	1	1
255.663	5107	1	1
255.702	5108	3	1
255.741	5109	2	1
255.780	5110	1	1
255.819	5111	4	2
255.877	5112	4	3
255.877	5113	2	1
255.936	5114	3	1
255.936	5115	4	2
256.053	5116	4	3
255.995	5117	1	1
256.053	5118	3	1
256.053	5119	2	1
256.170	5120	1	2
256.229	5121	1	3
256.170	5122	2	2
256.405	5123	2	3
256.288	5124	4	2
256.346	5125	4	3
256.288	5126	1	2
256.405	5127	1	3
256.405	5128	3	1
256.405	5129	4	1
256.522	5130	2	2
256.581	5131	2	3
256.522	5132	1	2
256.698	5133	1	3
256.522	5134	3	1
256.639	5135	2	1
256.756	5136	4	2
256.874	5137	4	3
256.756	5138	1	2
256.815	5139	1	3
256.874	5140	3	2
256.932	5141	3	3
256.874	5142	1	2
256.991	5143	1	3
256.991	5144	2	1
256.991	5145	3	1
256.991	5146	4	1
257.108	5147	3	2
257.342	5148	3	3
257.108	5149	4	2
257.167	5150	4	3
257.225	5151	1	2
257.284	5152	1	3
257.225	5153	4	2
257.342	5154	4	3
257.342	5155	2	1
257.342	5156	1	1
257.460	5157	1	2
257.635	5158	1	3
257.460	5159	3	1
257.460	5160	4	1
257.538	5161	4	1
257.577	5162	2	1
257.616	5163	3	1
257.655	5164	4	1
257.694	5165	1	2
257.752	5166	1	3
257.752	5167	3	1
257.811	5168	1	2
257.928	5169	1	3
257.811	5170	2	1
257.870	5171	4	1
257.928	5172	3	1
257.928	5173	2	1
258.045	5174	4	2
258.104	5175	4	3
258.045	5176	3	2
258.280	5177	3	3
258.163	5178	1	2
258.221	5179	1	3
258.163	5180	4	2
258.280	5181	4	3
258.280	5182	2	1
258.280	5183	1	1
258.397	5184	4	2
258.573	5185	4	3
258.397	5186	3	2
258.456	5187	3	3
258.397	5188	2	1
258.514	5189	3	1
258.631	5190	4	2
258.690	5191	4	3
258.631	5192	1	1
258.749	5193	4	1
258.749	5194	2	1
258.866	5195	1	2
259.159	5196	1	3
258.866	5197	3	1
258.866	5198	4	1
259.100	5199	2	2
259.159	5200	2	3
259.335	5201	1	2
259.510	5202	1	3
259.335	5203	3	1
259.335	5204	4	1
259.413	5205	4	1
259.452	5206	2	1
259.491	5207	3	1
259.530	5208	4	1
259.569	5209	1	2
259.627	5210	1	3
259.627	5211	3	1
259.686	5212	2	1
259.686	5213	1	2
259.803	5214	1	3
259.745	5215	4	1
259.803	5216	2	1
259.803	5217	3	1
259.920	5218	4	2
259.979	5219	4	3
259.920	5220	3	2
260.155	5221	3	3
260.038	5222	1	2
260.096	5223	1	3
260.038	5224	4	2
260.155	5225	4	3
260.155	5226	2	1
260.155	5227	1	1
260.272	5228	3	2
260.331	5229	3	3
260.272	5230	4	2
260.448	5231	4	3
260.272	5232	2	1
260.389	5233	3	1
260.506	5234	1	2
260.624	5235	1	3
260.506	5236	4	2
260.565	5237	4	3
260.624	5238	2	2
260.682	5239	2	3
260.624	5240	4	2
260.741	5241	4	3
260.741	5242	3	1
260.741	5243	2	1
260.741	5244	1	1
260.858	5245	2	2
261.092	5246	2	3
260.858	5247	1	2
260.917	5248	1	3
260.975	5249	4	2
261.034	5250	4	3
260.975	5251	1	2
261.092	5252	1	3
261.092	5253	3	1
261.092	5254	4	1
261.210	5255	4	2
261.385	5256	4	3
261.210	5257	2	1
261.210	5258	1	1
261.288	5259	1	1
261.327	5260	3	1
261.366	5261	2	1
261.405	5262	1	1
261.444	5263	4	2
261.502	5264	4	3
261.502	5265	2	1
261.561	5266	4	2
261.678	5267	4	3
261.561	5268	3	1
261.620	5269	1	1
261.678	5270	2	1
261.678	5271	3	1
261.795	5272	1	2
261.854	5273	1	3
261.795	5274	2	2
262.030	5275	2	3
261.913	5276	4	2
261.971	5277	4	3
261.913	5278	1	2
262.030	5279	1	3
262.030	5280	3	1
262.030	5281	4	1
262.147	5282	1	2
262.323	5283	1	3
262.147	5284	2	2
262.206	5285	2	3
262.147	5286	3	1
262.264	5287	2	1
262.381	5288	4	1
262.381	5289	1	2
262.440	5290	1	3
262.499	5291	3	1
262.499	5292	1	2
262.557	5293	1	3
262.616	5294	1	2
262.733	5295	1	3
262.616	5296	2	2
262.733	5297	2	3
262.616	5298	3	2
262.733	5299	3	3
262.645	5300	4	2
262.792	5301	4	3
262.850	5302	3	2
262.967	5303	3	3
263.085	5304	4	2
263.260	5305	4	3
263.085	5306	2	1
263.085	5307	1	1
263.163	5308	1	1
263.202	5309	3	1
263.241	5310	2	1
263.280	5311	1	1
263.319	5312	4	2
263.377	5313	4	3
263.377	5314	2	1
263.436	5315	3	1
263.436	5316	4	2
263.553	5317	4	3
263.495	5318	1	1
263.553	5319	3	1
263.612	5320	4	1
263.670	5321	1	2
263.729	5322	1	3
263.670	5323	2	2
263.905	5324	2	3
263.788	5325	4	2
263.846	5326	4	3
263.788	5327	1	2
263.905	5328	1	3
263.905	5329	3	1
263.905	5330	4	1
264.022	5331	2	2
264.081	5332	2	3
264.022	5333	1	2
264.198	5334	1	3
264.139	5335	3	1
264.139	5336	2	1
264.256	5337	4	2
264.374	5338	4	3
264.256	5339	1	2
264.315	5340	1	3
264.374	5341	3	1
264.374	5342	1	1
264.491	5343	2	1
264.491	5344	3	1
264.491	5345	4	1
264.608	5346	1	1
264.608	5347	2	1
264.725	5348	1	2
264.842	5349	1	3
264.725	5350	4	2
264.784	5351	4	3
264.842	5352	4	1
264.842	5353	3	1
264.960	5354	1	2
265.018	5355	1	3
264.960	5356	2	2
265.018	5357	2	3
264.960	5358	3	1
265.077	5359	1	2
265.135	5360	1	3
265.077	5361	2	2
265.135	5362	2	3
265.194	5363	2	1
265.194	5364	4	1
265.252	5365	4	1
265.311	5366	2	1
265.370	5367	2	1
265.428	5368	4	2
265.487	5369	4	3
265.428	5370	3	2
265.487	5371	3	3
265.545	5372	3	2
265.604	5373	3	3
265.545	5374	4	2
265.838	5375	4	3
265.663	5376	2	1
265.663	5377	3	1
265.780	5378	3	1
265.780	5379	2	1
265.897	5380	4	1
265.926	5381	1	2
266.131	5382	1	3
266.131	5383	2	2
266.219	5384	2	3
266.161	5385	3	2
266.307	5386	3	3
266.366	5387	1	1
266.444	5388	1	1
266.522	5389	3	1
266.600	5390	3	1
266.678	5391	1	1
266.756	5392	1	1
266.835	5393	4	2
267.010	5394	4	3
266.835	5395	3	1
266.835	5396	2	1
266.913	5397	1	1
266.952	5398	3	1
266.991	5399	2	1
267.030	5400	1	1
267.069	5401	4	2
267.127	5402	4	3
267.127	5403	2	1
267.186	5404	3	1
267.186	5405	4	2
267.303	5406	4	3
267.245	5407	1	1
267.303	5408	3	1
267.362	5409	4	1
267.420	5410	1	2
267.479	5411	1	3
267.420	5412	2	2
267.655	5413	2	3
267.479	5414	3	1
267.538	5415	4	2
267.596	5416	4	3
267.538	5417	1	2
267.655	5418	1	3
267.655	5419	4	1
267.655	5420	3	1
267.772	5421	1	2
267.948	5422	1	3
267.772	5423	2	2
267.831	5424	2	3
267.772	5425	3	1
267.889	5426	2	1
268.006	5427	4	2
268.065	5428	4	3
268.006	5429	1	2
268.124	5430	1	3
268.124	5431	4	2
268.241	5432	4	3
268.124	5433	2	2
268.182	5434	2	3
268.241	5435	2	1
268.358	5436	3	2
268.475	5437	3	3
268.358	5438	1	2
268.417	5439	1	3
268.475	5440	1	2
268.592	5441	1	3
268.475	5442	4	2
268.534	5443	4	3
268.592	5444	4	1
268.592	5445	3	1
268.710	5446	1	2
268.885	5447	1	3
268.710	5448	2	1
268.710	5449	3	1
268.788	5450	4	1
268.827	5451	2	1
268.866	5452	3	1
268.905	5453	4	1
268.944	5454	1	2
269.002	5455	1	3
269.002	5456	3	1
269.061	5457	2	1
269.061	5458	1	2
269.178	5459	1	3
269.120	5460	4	1
269.178	5461	2	1
269.237	5462	1	1
269.295	5463	4	2
269.354	5464	4	3
269.295	5465	3	2
269.530	5466	3	3
269.354	5467	2	1
269.413	5468	1	2
269.471	5469	1	3
269.413	5470	4	2
269.530	5471	4	3
269.530	5472	1	1
269.530	5473	2	1
269.647	5474	4	2
269.823	5475	4	3
269.647	5476	3	2
269.706	5477	3	3
269.647	5478	2	1
269.764	5479	3	1
269.881	5480	1	2
269.940	5481	1	3
269.881	5482	4	2
269.999	5483	4	3
269.999	5484	1	2
270.116	5485	1	3
269.999	5486	3	2
270.057	5487	3	3
270.116	5488	4	2
270.233	5489	4	3
270.116	5490	2	2
270.233	5491	2	3
270.145	5492	3	2
270.350	5493	3	3
270.350	5494	1	1
270.585	5495	1	2
270.760	5496	1	3
270.585	5497	2	1
270.585	5498	3	1
270.663	5499	4	1
270.702	5500	2	1
270.741	5501	3	1
270.780	5502	4	1
270.819	5503	1	2
270.877	5504	1	3
270.877	5505	3	1
270.936	5506	2	1
270.936	5507	1	2
271.053	5508	1	3
270.995	5509	4	1
271.053	5510	2	1
271.112	5511	1	1
271.170	5512	4	2
271.229	5513	4	3
271.170	5514	3	2
271.405	5515	3	3
271.229	5516	2	1
271.288	5517	1	2
271.346	5518	1	3
271.288	5519	4	2
271.405	5520	4	3
271.405	5521	1	1
271.405	5522	2	1
271.522	5523	4	2
271.698	5524	4	3
271.522	5525	3	2
271.581	5526	3	3
271.522	5527	2	1
271.639	5528	3	1
271.756	5529	1	2
271.815	5530	1	3
271.756	5531	4	2
271.874	5532	4	3
271.874	5533	1	2
271.991	5534	1	3
271.874	5535	3	2
271.932	5536	3	3
271.991	5537	3	1
272.108	5538	2	2
272.225	5539	2	3
272.108	5540	4	2
272.167	5541	4	3
272.225	5542	4	2
272.342	5543	4	3
272.225	5544	1	2
272.284	5545	1	3
272.342	5546	1	1
272.342	5547	2	1
272.460	5548	4	2
272.635	5549	4	3
272.460	5550	3	1
272.460	5551	2	1
272.538	5552	1	1
272.577	5553	3	1
272.616	5554	2	1
272.655	5555	1	1
272.694	5556	4	2
272.752	5557	4	3
272.752	5558	2	1
272.811	5559	3	1
272.811	5560	4	2
272.928	5561	4	3
272.870	5562	1	1
272.928	5563	3	1
272.987	5564	4	1
273.045	5565	1	2
273.104	5566	1	3
273.045	5567	2	2
273.280	5568	2	3
273.104	5569	3	1
273.163	5570	4	2
273.221	5571	4	3
273.163	5572	1	2
273.280	5573	1	3
273.280	5574	4	1
273.280	5575	3	1
273.397	5576	1	2
273.573	5577	1	3
273.397	5578	2	2
273.456	5579	2	3
273.397	5580	3	1
273.514	5581	2	1
273.631	5582	4	2
273.690	5583	4	3
273.631	5584	1	2
273.749	5585	1	3
273.749	5586	4	2
273.866	5587	4	3
273.749	5588	2	2
273.807	5589	2	3
273.866	5590	2	2
274.042	5591	2	3
273.866	5592	3	2
273.924	5593	3	3
273.866	5594	1	2
274.159	5595	1	3
274.100	5596	4	2
274.159	5597	4	3
274.335	5598	3	1
274.335	5599	4	1
274.363	5600	2	1
274.392	5601	1	1
274.450	5602	3	1
274.508	5603	4	1
274.565	5604	3	1
274.623	5605	1	1
274.681	5606	3	1
274.681	5607	2	1
274.738	5608	4	1
274.796	5609	2	1
274.854	5610	3	1
274.911	5611	2	1
274.969	5612	3	1
275.027	5613	1	1
275.027	5614	4	1
275.142	5615	1	1
275.258	5616	4	1
275.258	5617	3	1
275.258	5618	2	1
275.367	5619	2	1
275.476	5620	4	1
275.476	5621	1	1
275.585	5622	3	1
275.585	5623	2	1
275.585	5624	1	1
275.694	5625	3	1
275.803	5626	4	1
275.803	5627	2	1
275.912	5628	3	1
275.912	5629	4	1
275.912	5630	1	1
276.021	5631	3	1
276.130	5632	2	1
276.130	5633	1	1
276.156	5634	3	1
276.183	5635	4	1
276.236	5636	2	1
276.289	5637	1	1
276.342	5638	2	1
276.395	5639	4	1
276.448	5640	2	1
276.448	5641	3	1
276.501	5642	1	1
276.554	5643	3	1
276.607	5644	2	1
276.660	5645	3	1
276.713	5646	2	1
276.766	5647	1	1
276.766	5648	4	1
276.872	5649	4	1
276.978	5650	1	1
276.978	5651	2	1
276.978	5652	3	1
277.080	5653	3	1
277.182	5654	1	1
277.182	5655	4	1
277.284	5656	2	1
277.284	5657	3	1
277.284	5658	4	1
277.386	5659	2	1
277.488	5660	1	1
277.488	5661	3	1
277.590	5662	2	1
277.590	5663	1	1
277.590	5664	4	1
277.641	5665	3	1
277.692	5666	1	1
277.692	5667	2	1
277.794	5668	4	1
277.794	5669	3	1
277.892	5670	4	1
277.892	5671	3	1
277.991	5672	4	1
277.991	5673	3	1
278.090	5674	4	1
278.090	5675	3	1
278.188	5676	4	1
278.188	5677	2	1
278.287	5678	4	1
278.287	5679	2	1
278.386	5680	2	1
278.386	5681	4	1
278.484	5682	4	1
278.484	5683	2	1
278.583	5684	1	1
278.583	5685	2	1
278.676	5686	1	1
278.676	5687	2	1
278.770	5688	1	1
278.770	5689	2	1
278.864	5690	1	1
278.864	5691	2	1
278.958	5692	1	1
278.958	5693	3	1
279.051	5694	3	1
279.051	5695	1	1
279.145	5696	1	1
279.145	5697	3	1
279.239	5698	1	1
279.239	5699	3	1
279.333	5700	4	1
279.379	5701	2	1
279.426	5702	4	1
279.473	5703	3	1
279.520	5704	1	1
279.567	5705	4	1
279.614	5706	1	1
279.661	5707	2	1
279.708	5708	3	1
279.754	5709	1	1
279.801	5710	3	1
279.848	5711	4	1
279.895	5712	2	1
279.942	5713	3	1
279.989	5714	2	1
280.036	5715	1	1
280.083	5716	4	1
280.083	5717	3	1
280.129	5718	2	1
280.176	5719	4	1
280.176	5720	3	1
280.223	5721	2	1
280.270	5722	4	1
280.270	5723	3	1
280.317	5724	1	1
280.364	5725	4	1
280.364	5726	3	1
280.458	5727	2	2
280.551	5728	2	3
280.458	5729	1	2
280.551	5730	1	3
280.481	5731	4	2
280.645	5732	4	3
280.481	5733	3	2
280.645	5734	3	3
280.645	5735	1	1
280.645	5736	2	1
280.833	5737	3	1
280.833	5738	4	2
281.020	5739	4	3
280.833	5740	1	1
280.895	5741	2	1
280.926	5742	3	1
280.958	5743	1	1
281.020	5744	2	1
281.067	5745	1	1
281.114	5746	4	2
281.208	5747	4	3
281.114	5748	3	1
281.161	5749	2	1
281.208	5750	1	1
281.208	5751	3	1
281.301	5752	1	2
281.395	5753	1	3
281.301	5754	4	1
281.395	5755	4	2
281.489	5756	4	3
281.395	5757	3	2
281.489	5758	3	3
281.395	5759	2	1
281.489	5760	2	1
281.583	5761	4	2
281.770	5762	4	3
281.583	5763	3	2
281.676	5764	3	3
281.583	5765	1	1
281.676	5766	1	1
281.770	5767	2	2
281.864	5768	2	3
281.770	5769	3	1
281.864	5770	3	2
281.958	5771	3	3
281.864	5772	4	2
281.958	5773	4	3
281.958	5774	1	1
281.958	5775	2	1
282.051	5776	1	2
282.145	5777	1	3
282.051	5778	4	1
282.145	5779	4	2
282.239	5780	4	3
282.145	5781	3	2
282.239	5782	3	3
282.145	5783	2	1
282.239	5784	1	1
282.239	5785	2	1
282.333	5786	3	1
282.333	5787	4	2
282.520	5788	4	3
282.333	5789	1	1
282.395	5790	2	1
282.426	5791	3	1
282.458	5792	1	1
282.520	5793	2	1
282.567	5794	1	1
282.614	5795	4	2
282.708	5796	4	3
282.614	5797	3	1
282.661	5798	2	1
282.708	5799	1	1
282.708	5800	3	1
282.801	5801	1	2
282.895	5802	1	3
282.801	5803	4	1
282.848	5804	2	1
282.895	5805	4	2
282.989	5806	4	3
282.895	5807	3	2
282.989	5808	3	3
282.989	5809	2	1
283.083	5810	4	2
283.270	5811	4	3
283.083	5812	3	2
283.176	5813	3	3
283.083	5814	1	1
283.176	5815	1	1
283.270	5816	3	1
283.270	5817	2	1
283.364	5818	3	1
283.364	5819	2	1
283.458	5820	1	1
283.458	5821	4	2
283.551	5822	4	3
283.458	5823	3	2
283.645	5824	3	3
283.551	5825	1	1
283.645	5826	4	2
283.739	5827	4	3
283.645	5828	2	1
283.739	5829	3	1
283.739	5830	1	1
283.833	5831	2	1
283.833	5832	1	2
284.020	5833	1	3
283.833	5834	4	1
283.895	5835	3	1
283.926	5836	2	1
283.958	5837	4	1
284.020	5838	3	1
284.067	5839	4	1
284.114	5840	1	2
284.208	5841	1	3
284.114	5842	2	1
284.161	5843	3	1
284.208	5844	4	1
284.208	5845	2	1
284.301	5846	4	2
284.395	5847	4	3
284.301	5848	1	1
284.348	5849	3	1
284.395	5850	1	2
284.489	5851	1	3
284.395	5852	2	2
284.489	5853	2	3
284.489	5854	3	1
284.583	5855	1	2
284.770	5856	1	3
284.583	5857	2	2
284.676	5858	2	3
284.583	5859	4	1
284.676	5860	4	1
284.770	5861	3	2
284.864	5862	3	3
284.770	5863	2	1
284.864	5864	2	2
284.958	5865	2	3
284.864	5866	1	2
284.958	5867	1	3
284.958	5868	4	1
284.958	5869	3	1
285.051	5870	4	2
285.145	5871	4	3
285.051	5872	1	1
285.145	5873	1	2
285.239	5874	1	3
285.145	5875	2	2
285.239	5876	2	3
285.145	5877	3	1
285.239	5878	4	1
285.239	5879	3	1
285.333	5880	2	1
285.333	5881	1	2
285.520	5882	1	3
285.333	5883	4	1
285.395	5884	3	1
285.426	5885	2	1
285.458	5886	4	1
285.520	5887	3	1
285.567	5888	4	1
285.614	5889	1	2
285.708	5890	1	3
285.614	5891	2	1
285.661	5892	3	1
285.708	5893	4	1
285.708	5894	2	1
285.801	5895	4	2
285.895	5896	4	3
285.801	5897	1	1
285.848	5898	3	1
285.895	5899	1	2
285.989	5900	1	3
285.895	5901	2	2
285.989	5902	2	3
285.989	5903	3	1
286.083	5904	1	2
286.270	5905	1	3
286.083	5906	2	2
286.176	5907	2	3
286.083	5908	4	1
286.176	5909	4	1
286.270	5910	2	2
286.364	5911	2	3
286.270	5912	3	1
286.364	5913	3	2
286.551	5914	3	3
286.364	5915	1	1
286.458	5916	2	2
286.645	5917	2	3
286.458	5918	1	2
286.551	5919	1	3
286.458	5920	4	1
286.551	5921	4	1
286.645	5922	3	2
286.739	5923	3	3
286.645	5924	1	2
286.739	5925	1	3
286.739	5926	2	1
286.739	5927	4	1
286.833	5928	1	1
286.833	5929	4	2
286.926	5930	4	3
286.833	5931	3	1
286.895	5932	2	1
286.926	5933	3	1
286.958	5934	1	1
287.020	5935	4	1
287.020	5936	2	1
287.067	5937	1	1
287.114	5938	3	1
287.114	5939	4	2
287.208	5940	4	3
287.161	5941	2	1
287.208	5942	3	1
287.208	5943	1	1
287.301	5944	4	1
287.301	5945	1	2
287.395	5946	1	3
287.348	5947	2	1
287.395	5948	3	2
287.489	5949	3	3
287.395	5950	4	2
287.489	5951	4	3
287.489	5952	2	1
287.583	5953	1	1
287.583	5954	3	2
287.676	5955	3	3
287.583	5956	4	2
287.770	5957	4	3
287.676	5958	1	1
287.770	5959	3	1
287.770	5960	2	2
287.864	5961	2	3
287.864	5962	4	2
287.958	5963	4	3
287.864	5964	3	2
287.958	5965	3	3
287.958	5966	2	1
287.958	5967	1	1
288.051	5968	4	1
288.051	5969	1	2
288.145	5970	1	3
288.145	5971	2	1
288.145	5972	3	2
288.239	5973	3	3
288.145	5974	4	2
288.239	5975	4	3
288.239	5976	2	1
288.239	5977	1	1
288.333	5978	1	1
288.333	5979	4	2
288.520	5980	4	3
288.333	5981	3	1
288.395	5982	2	1
288.426	5983	3	1
288.458	5984	1	1
288.520	5985	2	1
288.567	5986	1	1
288.614	5987	3	1
288.614	5988	4	2
288.708	5989	4	3
288.661	5990	2	1
288.708	5991	3	1
288.708	5992	1	1
288.801	5993	4	1
288.801	5994	1	2
288.895	5995	1	3
288.848	5996	2	1
288.895	5997	3	2
288.989	5998	3	3
288.895	5999	4	2
288.989	6000	4	3
288.989	6001	2	1
289.083	6002	1	1
289.083	6003	3	2
289.176	6004	3	3
289.083	6005	4	2
289.270	6006	4	3
289.176	6007	1	1
289.270	6008	2	1
289.270	6009	3	1
289.364	6010	2	1
289.364	6011	3	1
289.458	6012	3	2
289.645	6013	3	3
289.458	6014	4	2
289.551	6015	4	3
289.458	6016	1	1
289.551	6017	1	1
289.645	6018	2	1
289.645	6019	4	2
289.739	6020	4	3
289.739	6021	1	1
289.739	6022	3	1
289.833	6023	1	1
289.833	6024	4	1
289.833	6025	2	1
289.895	6026	3	1
289.926	6027	2	1
289.958	6028	4	1
289.989	6029	1	1
290.020	6030	3	1
290.067	6031	4	1
290.114	6032	2	1
290.114	6033	1	2
290.208	6034	1	3
290.161	6035	3	1
290.208	6036	2	1
290.208	6037	4	1
290.301	6038	1	1
290.301	6039	4	2
290.395	6040	4	3
290.395	6041	3	1
290.395	6042	2	2
290.489	6043	2	3
290.395	6044	1	2
290.489	6045	1	3
290.489	6046	3	1
290.583	6047	4	1
290.583	6048	2	2
290.676	6049	2	3
290.583	6050	1	2
290.770	6051	1	3
290.676	6052	4	1
290.770	6053	2	1
290.770	6054	3	2
290.864	6055	3	3
290.864	6056	4	1
290.864	6057	1	2
290.958	6058	1	3
290.864	6059	2	2
290.958	6060	2	3
290.958	6061	3	1
290.958	6062	4	1
291.051	6063	2	2
291.145	6064	2	3
291.051	6065	1	1
291.145	6066	3	2
291.239	6067	3	3
291.145	6068	4	1
291.145	6069	1	2
291.239	6070	1	3
291.239	6071	2	1
291.333	6072	4	1
291.356	6073	1	1
291.379	6074	3	1
291.426	6075	4	1
291.426	6076	2	1
291.473	6077	1	1
291.520	6078	3	1
291.567	6079	4	1
291.614	6080	1	1
291.614	6081	2	1
291.661	6082	3	1
291.708	6083	4	2
291.801	6084	4	3
291.708	6085	1	1
291.754	6086	2	1
291.801	6087	3	1
291.848	6088	2	1
291.895	6089	4	1
291.942	6090	1	1
291.989	6091	3	1
291.989	6092	4	2
292.083	6093	4	3
292.036	6094	2	1
292.083	6095	1	1
292.176	6096	4	1
292.176	6097	3	1
292.176	6098	2	1
292.270	6099	3	1
292.270	6100	4	1
292.270	6101	2	1
292.364	6102	4	1
292.364	6103	3	1
292.364	6104	2	1
292.458	6105	1	1
292.458	6106	3	2
292.551	6107	3	3
292.458	6108	2	2
292.551	6109	2	3
292.551	6110	1	2
292.645	6111	1	3
292.645	6112	4	1
292.645	6113	3	2
292.739	6114	3	3
292.645	6115	2	2
292.739	6116	2	3
292.739	6117	4	2
292.833	6118	4	3
292.833	6119	1	2
292.926	6120	1	3
292.833	6121	3	2
292.926	6122	3	3
292.856	6123	2	2
293.020	6124	2	3
293.020	6125	4	1
293.020	6126	3	1
293.208	6127	2	1
293.208	6128	4	1
293.208	6129	3	1
293.208	6130	1	1
293.301	6131	1	1
293.301	6132	4	2
293.395	6133	4	3
293.395	6134	3	1
293.395	6135	2	2
293.489	6136	2	3
293.395	6137	1	2
293.489	6138	1	3
293.489	6139	3	1
293.583	6140	4	1
293.583	6141	2	2
293.676	6142	2	3
293.583	6143	1	2
293.770	6144	1	3
293.676	6145	4	1
293.770	6146	2	1
293.770	6147	3	2
293.864	6148	3	3
293.864	6149	1	2
293.958	6150	1	3
293.864	6151	2	2
293.958	6152	2	3
293.958	6153	3	1
293.958	6154	4	1
294.051	6155	1	1
294.051	6156	4	2
294.145	6157	4	3
294.145	6158	3	1
294.145	6159	2	2
294.239	6160	2	3
294.145	6161	1	2
294.239	6162	1	3
294.239	6163	3	1
294.239	6164	4	1
294.333	6165	4	1
294.333	6166	1	2
294.520	6167	1	3
294.333	6168	2	1
294.395	6169	3	1
294.426	6170	2	1
294.458	6171	4	1
294.520	6172	3	1
294.567	6173	4	1
294.614	6174	2	1
294.614	6175	1	2
294.708	6176	1	3
294.661	6177	3	1
294.708	6178	2	1
294.708	6179	4	1
294.801	6180	1	1
294.801	6181	4	2
294.895	6182	4	3
294.848	6183	3	1
294.895	6184	2	2
294.989	6185	2	3
294.895	6186	1	2
294.989	6187	1	3
294.989	6188	3	1
295.083	6189	4	1
295.083	6190	2	2
295.176	6191	2	3
295.083	6192	1	2
295.270	6193	1	3
295.176	6194	3	1
295.176	6195	4	1
295.270	6196	3	1
295.270	6197	2	1
295.364	6198	3	2
295.458	6199	3	3
295.364	6200	2	1
295.458	6201	4	1
295.458	6202	2	2
295.645	6203	2	3
295.458	6204	1	2
295.551	6205	1	3
295.551	6206	4	1
295.645	6207	3	2
295.739	6208	3	3
295.645	6209	1	2
295.739	6210	1	3
295.739	6211	2	1
295.833	6212	4	2
295.950	6213	4	3
295.856	6214	2	2
295.973	6215	2	3
295.879	6216	1	2
295.997	6217	1	3
296.020	6218	4	1
296.043	6219	2	1
296.067	6220	1	1
296.208	6221	4	1
296.208	6222	3	1
296.208	6223	2	1
296.208	6224	1	1
296.301	6225	4	1
296.301	6226	1	2
296.395	6227	1	3
296.348	6228	2	1
296.395	6229	3	2
296.489	6230	3	3
296.395	6231	4	2
296.489	6232	4	3
296.489	6233	2	1
296.583	6234	1	1
296.583	6235	3	2
296.676	6236	3	3
296.583	6237	4	2
296.770	6238	4	3
296.676	6239	1	1
296.770	6240	3	1
296.770	6241	2	2
296.864	6242	2	3
296.864	6243	4	2
296.958	6244	4	3
296.864	6245	3	2
296.958	6246	3	3
296.958	6247	2	1
296.958	6248	1	1
297.051	6249	4	1
297.051	6250	1	2
297.145	6251	1	3
297.145	6252	2	1
297.145	6253	3	2
297.239	6254	3	3
297.145	6255	4	2
297.239	6256	4	3
297.239	6257	2	1
297.239	6258	1	1
297.333	6259	4	2
297.426	6260	4	3
297.333	6261	3	1
297.333	6262	1	2
297.426	6263	1	3
297.426	6264	3	1
297.520	6265	4	2
297.614	6266	4	3
297.520	6267	1	2
297.614	6268	1	3
297.520	6269	2	1
297.614	6270	2	1
297.661	6271	3	1
297.708	6272	1	1
297.754	6273	4	1
297.801	6274	1	2
297.989	6275	1	3
297.801	6276	2	2
297.895	6277	2	3
297.801	6278	3	1
297.895	6279	3	1
297.989	6280	2	1
298.083	6281	4	1
298.083	6282	3	1
298.083	6283	1	1
298.270	6284	4	1
298.364	6285	4	1
298.458	6286	3	1
298.504	6287	1	1
298.551	6288	3	1
298.598	6289	1	1
298.645	6290	3	1
298.739	6291	3	1
298.833	6292	1	2
298.926	6293	1	3
298.833	6294	4	1
298.833	6295	2	1
298.879	6296	3	1
298.926	6297	2	1
298.973	6298	1	1
299.020	6299	4	1
299.020	6300	3	1
299.067	6301	1	1
299.114	6302	4	2
299.208	6303	4	3
299.114	6304	2	1
299.114	6305	3	1
299.161	6306	1	1
299.208	6307	3	1
299.254	6308	2	1
299.301	6309	4	1
299.348	6310	2	1
299.395	6311	4	2
299.489	6312	4	3
299.395	6313	3	2
299.489	6314	3	3
299.395	6315	1	1
299.489	6316	2	1
299.489	6317	1	1
299.583	6318	2	2
299.676	6319	2	3
299.583	6320	3	2
299.770	6321	3	3
299.583	6322	4	1
299.676	6323	1	1
299.676	6324	4	1
299.770	6325	2	2
299.864	6326	2	3
299.770	6327	4	1
299.864	6328	1	2
299.958	6329	1	3
299.864	6330	4	2
300.051	6331	4	3
299.864	6332	3	1
299.958	6333	2	1
299.958	6334	3	1
300.051	6335	3	2
300.145	6336	3	3
300.051	6337	1	1
300.145	6338	2	1
300.145	6339	1	1
300.145	6340	4	1
300.239	6341	3	1
300.239	6342	2	1
300.333	6343	4	2
300.426	6344	4	3
300.333	6345	1	1
300.333	6346	3	1
300.379	6347	2	1
300.426	6348	3	1
300.473	6349	4	1
300.520	6350	1	1
300.520	6351	2	1
300.567	6352	4	1
300.614	6353	1	2
300.708	6354	1	3
300.614	6355	3	1
300.614	6356	2	1
300.661	6357	4	1
300.708	6358	2	1
300.754	6359	3	1
300.801	6360	4	1
300.801	6361	1	1
300.848	6362	3	1
300.895	6363	1	2
300.989	6364	1	3
300.895	6365	2	2
300.989	6366	2	3
300.895	6367	4	1
301.083	6368	4	1
301.083	6369	2	2
301.176	6370	2	3
301.106	6371	1	2
301.270	6372	1	3
301.176	6373	4	1
301.176	6374	3	1
301.270	6375	4	1
301.270	6376	3	1
301.364	6377	3	1
301.364	6378	1	2
301.458	6379	1	3
301.387	6380	2	2
301.551	6381	2	3
301.551	6382	4	1
301.551	6383	3	1
301.645	6384	2	2
301.739	6385	2	3
301.645	6386	4	1
301.668	6387	1	2
301.786	6388	1	3
301.833	6389	4	1
301.833	6390	3	1
301.833	6391	2	1
301.926	6392	3	1
301.926	6393	4	1
302.020	6394	2	1
302.020	6395	1	1
302.020	6396	4	1
302.114	6397	3	1
302.114	6398	2	1
302.114	6399	1	1
302.208	6400	1	1
302.208	6401	2	1
302.301	6402	3	1
302.301	6403	4	1
302.301	6404	1	1
302.395	6405	3	1
302.418	6406	2	1
302.442	6407	4	1
302.489	6408	1	1
302.536	6409	2	1
302.583	6410	4	1
302.583	6411	3	1
302.676	6412	1	1
302.700	6413	3	1
302.723	6414	4	1
302.770	6415	1	1
302.770	6416	2	1
302.864	6417	4	1
302.887	6418	2	1
302.911	6419	1	1
302.958	6420	4	1
302.958	6421	3	1
303.051	6422	3	1
303.051	6423	4	1
303.145	6424	2	1
303.168	6425	3	1
303.192	6426	1	1
303.239	6427	4	1
303.286	6428	3	1
303.333	6429	4	1
303.333	6430	1	1
303.333	6431	2	1
303.426	6432	3	1
303.520	6433	3	2
303.989	6434	3	3
303.614	6435	2	1
303.708	6436	2	2
303.895	6437	2	3
303.801	6438	4	1
303.895	6439	4	2
304.083	6440	4	3
303.942	6441	1	1
303.989	6442	2	1
304.036	6443	1	1
304.083	6444	3	2
304.129	6445	3	3
304.083	6446	2	2
304.176	6447	2	3
304.176	6448	3	1
304.270	6449	2	1
304.364	6450	2	1
304.458	6451	4	1
304.504	6452	1	1
304.551	6453	4	1
304.598	6454	1	1
304.645	6455	4	1
304.692	6456	1	1
304.739	6457	4	1
304.786	6458	1	1
304.833	6459	4	1
304.833	6460	3	1
304.833	6461	2	1
305.489	6462	4	1
305.583	6463	1	1
305.770	6464	3	1
305.864	6465	2	1
305.958	6466	3	1
305.958	6467	1	1
306.239	6468	4	1
306.333	6469	2	1
306.333	6470	4	1
306.614	6471	3	1
306.708	6472	1	1
306.708	6473	2	1
306.895	6474	4	1
306.895	6475	3	1
306.989	6476	3	1
307.083	6477	4	1
307.083	6478	2	1
307.270	6479	4	1
307.270	6480	2	1
307.364	6481	4	1
307.458	6482	2	1
307.458	6483	1	1
307.551	6484	2	1
307.645	6485	1	1
307.645	6486	3	1
307.739	6487	1	1
307.833	6488	3	1
307.833	6489	4	1
308.395	6490	2	1
308.489	6491	4	1
308.583	6492	2	1
308.583	6493	4	1
308.770	6494	1	1
308.770	6495	3	1
308.864	6496	1	1
308.958	6497	2	1
308.958	6498	3	1
309.051	6499	3	1
309.145	6500	4	1
309.145	6501	2	1
309.239	6502	2	1
309.333	6503	4	1
309.333	6504	1	1
309.989	6505	1	1
310.083	6506	3	1
310.083	6507	1	1
310.270	6508	4	1
310.270	6509	2	1
310.364	6510	4	1
310.458	6511	2	1
310.458	6512	3	1
310.551	6513	2	1
310.645	6514	3	1
310.645	6515	1	1
310.739	6516	3	1
310.833	6517	2	2
318.333	6518	2	3
310.833	6519	4	2
318.333	6520	4	3
310.833	6521	1	2
318.333	6522	1	3