Song Name	We Could Get More Machinegun Psystyle! -And More Genre Switches- [EXTENDED CUT] (Hard) by Camellia
Difficulty	40
Primary Color	Vibe
Secondary Color	Chill
Last Note Time	318.333
Total Notes	6522
Fever Fill	1741
Fever Time	47.749950
Long Notes	1296
BPM	196
Song Length	319.246394558

Timing Points
0.086	-100.000000
0.086	375.000000
48.453	375.000000
48.453	333.333333
48.786	333.333333
48.786	307.692308
49.093	307.692308
49.093	285.714286
49.378	285.714286
49.378	279.069767
49.657	279.069767
49.657	272.727273
49.929	272.727273
49.929	255.319149
50.184	255.319149
50.184	240.000000
50.424	240.000000
50.424	228.136882
50.652	228.136882
50.652	222.222222
50.874	222.222222
50.874	218.181818
51.092	218.181818
51.092	214.285714
51.306	214.285714
51.306	206.896552
51.512	206.896552
51.512	200.000000
51.712	200.000000
51.712	193.548387
51.905	193.548387
51.905	187.500000
52.092	187.500000
52.092	187.500000
55.092	187.500000
55.092	375.000000
223.467	375.000000
223.467	400.000000
223.867	400.000000
223.867	413.793103
224.280	413.793103
224.280	422.535211
224.702	422.535211
224.702	444.444444
225.146	444.444444
225.146	454.545455
225.600	454.545455
225.600	480.000000
226.080	480.000000
226.080	500.000000
226.580	500.000000
226.580	530.973451
227.110	530.973451
227.110	571.428571
227.681	571.428571
227.681	625.000000
228.306	625.000000
228.306	666.666667
228.972	666.666667
228.972	750.000000
229.347	750.000000
229.347	769.230769
229.731	769.230769
229.731	810.810811
230.136	810.810811
230.136	845.070423
230.347	845.070423
230.347	937.500000
230.581	937.500000
230.581	983.606557
230.826	983.606557
230.826	1034.482759
231.084	1034.482759
231.084	1111.111111
231.361	1111.111111
231.361	1153.846154
231.649	1153.846154
231.649	1237.113402
231.955	1237.113402
231.955	1333.333333
232.288	1333.333333
232.288	1500.000000
232.663	1500.000000
232.663	1714.285714
233.091	1714.285714
233.091	1846.153846
233.552	1846.153846
233.552	1875.000000
236.835	1875.000000
236.835	468.750000
274.335	468.750000
274.335	461.538462
275.258	461.538462
275.258	436.363636
276.130	436.363636
276.130	424.028269
276.978	424.028269
276.978	408.163265
277.794	408.163265
277.794	394.736842
278.583	394.736842
278.583	375.000000
279.333	375.000000


Song Data
0.086	1	1	2
0.179	2	4	2
0.226	3	1	3
0.273	4	4	3
0.320	5	2	1
0.461	6	3	1
0.648	7	2	1
0.836	8	3	1
1.586	9	1	2
1.679	10	3	2
1.679	11	1	3
1.773	12	3	3
1.867	13	2	2
1.961	14	2	3
2.148	15	3	2
2.242	16	3	3
2.336	17	4	2
2.429	18	4	3
2.617	19	3	2
2.711	20	3	3
2.898	21	2	2
2.992	22	2	3
3.086	23	1	2
3.179	24	4	2
3.226	25	1	3
3.273	26	4	3
3.320	27	2	1
3.461	28	3	1
3.648	29	2	1
3.836	30	3	1
4.586	31	1	2
4.679	32	3	2
4.679	33	1	3
4.773	34	3	3
4.867	35	2	2
4.961	36	2	3
5.148	37	3	2
5.242	38	3	3
5.336	39	4	2
5.429	40	4	3
5.617	41	3	2
5.711	42	3	3
5.898	43	2	2
5.992	44	2	3
6.086	45	1	2
6.179	46	4	2
6.226	47	1	3
6.273	48	4	3
6.320	49	2	1
6.461	50	3	1
6.648	51	2	1
6.836	52	3	1
7.586	53	1	2
7.679	54	3	2
7.679	55	1	3
7.773	56	3	3
7.867	57	2	2
7.961	58	2	3
8.148	59	3	2
8.242	60	3	3
8.336	61	4	2
8.429	62	4	3
8.617	63	3	2
8.711	64	3	3
8.898	65	2	2
8.992	66	2	3
9.086	67	1	2
9.179	68	4	2
9.226	69	1	3
9.273	70	4	3
9.320	71	2	1
9.461	72	3	1
9.648	73	2	1
9.836	74	3	1
10.586	75	1	2
10.679	76	3	2
10.679	77	1	3
10.773	78	3	3
10.867	79	2	2
10.961	80	2	3
11.148	81	3	2
11.242	82	3	3
11.336	83	1	2
11.336	84	4	2
11.429	85	4	3
11.617	86	3	2
11.711	87	4	2
11.711	88	3	3
11.898	89	2	2
11.992	90	1	3
11.992	91	2	3
11.992	92	4	3
12.086	93	1	1
12.086	94	3	2
12.086	95	4	2
12.273	96	3	3
12.273	97	4	3
12.367	98	2	2
12.461	99	1	1
12.461	100	4	1
12.554	101	2	3
12.648	102	1	2
12.648	103	4	1
12.742	104	4	1
12.742	105	1	3
12.836	106	1	2
12.836	107	2	2
13.023	108	1	3
13.023	109	2	3
13.117	110	3	2
13.211	111	1	1
13.211	112	4	1
13.304	113	3	3
13.398	114	1	1
13.398	115	4	2
13.492	116	1	1
13.492	117	4	3
13.586	118	3	2
13.586	119	4	2
13.773	120	3	3
13.773	121	4	3
13.867	122	2	2
13.961	123	1	1
13.961	124	4	1
14.054	125	2	3
14.148	126	1	2
14.148	127	4	1
14.242	128	4	1
14.242	129	1	3
14.336	130	1	2
14.336	131	2	2
14.429	132	1	3
14.429	133	2	3
14.617	134	2	1
14.711	135	3	1
14.711	136	4	2
14.804	137	4	3
14.898	138	3	2
14.992	139	4	2
15.086	140	1	2
15.086	141	2	2
15.086	142	3	3
15.086	143	4	3
15.273	144	1	3
15.273	145	2	3
15.367	146	3	2
15.461	147	1	1
15.461	148	4	1
15.554	149	3	3
15.648	150	1	1
15.648	151	4	2
15.742	152	1	1
15.742	153	4	3
15.836	154	3	2
15.836	155	4	2
16.023	156	3	3
16.023	157	4	3
16.117	158	2	2
16.211	159	1	1
16.211	160	4	1
16.304	161	2	3
16.398	162	1	2
16.398	163	4	1
16.492	164	4	1
16.492	165	1	3
16.586	166	1	2
16.586	167	2	2
16.773	168	1	3
16.773	169	2	3
16.867	170	3	2
16.961	171	1	1
16.961	172	4	1
17.054	173	3	3
17.148	174	1	1
17.148	175	4	2
17.242	176	1	1
17.242	177	4	3
17.336	178	3	2
17.336	179	4	2
17.429	180	3	3
17.476	181	4	3
17.523	182	3	2
17.617	183	4	2
17.711	184	1	2
17.711	185	2	2
17.711	186	3	3
17.711	187	4	3
17.804	188	3	1
17.804	189	2	3
17.898	190	2	2
17.992	191	3	1
17.992	192	1	3
17.992	193	2	3
18.086	194	1	2
18.086	195	2	2
18.086	196	4	1
18.273	197	1	3
18.273	198	2	3
18.367	199	3	2
18.461	200	1	1
18.461	201	4	1
18.554	202	3	3
18.648	203	1	1
18.648	204	4	2
18.742	205	1	1
18.742	206	4	3
18.836	207	3	2
18.836	208	4	2
19.023	209	3	3
19.023	210	4	3
19.117	211	2	2
19.211	212	1	1
19.211	213	4	1
19.304	214	2	3
19.398	215	1	2
19.398	216	4	1
19.492	217	4	1
19.492	218	1	3
19.586	219	1	2
19.586	220	2	2
19.773	221	1	3
19.773	222	2	3
19.867	223	3	2
19.961	224	1	1
19.961	225	4	1
20.054	226	3	3
20.148	227	1	1
20.148	228	4	2
20.242	229	1	1
20.242	230	4	3
20.336	231	3	2
20.336	232	4	2
20.429	233	3	3
20.429	234	4	3
20.617	235	3	1
20.711	236	1	2
20.711	237	2	1
20.804	238	1	3
20.898	239	2	2
20.992	240	1	2
21.086	241	3	2
21.086	242	4	2
21.086	243	1	3
21.086	244	2	3
21.273	245	3	3
21.273	246	4	3
21.367	247	2	2
21.461	248	1	1
21.461	249	4	1
21.554	250	2	3
21.648	251	1	2
21.648	252	4	1
21.742	253	4	1
21.742	254	1	3
21.836	255	1	2
21.836	256	2	2
22.023	257	1	3
22.023	258	2	3
22.117	259	3	2
22.211	260	1	1
22.211	261	4	1
22.304	262	3	3
22.398	263	1	1
22.398	264	4	2
22.492	265	1	1
22.492	266	4	3
22.586	267	3	2
22.586	268	4	2
22.773	269	3	3
22.773	270	4	3
22.867	271	2	2
22.961	272	1	1
22.961	273	4	1
23.054	274	2	3
23.148	275	1	2
23.148	276	4	1
23.242	277	4	1
23.242	278	1	3
23.336	279	1	2
23.336	280	2	2
23.429	281	2	3
23.476	282	1	3
23.523	283	2	2
23.617	284	1	2
23.711	285	3	2
23.711	286	4	2
23.711	287	1	3
23.711	288	2	3
23.804	289	2	1
23.804	290	3	3
23.898	291	3	2
23.992	292	2	1
23.992	293	3	3
23.992	294	4	3
24.086	295	1	2
24.086	296	3	2
24.086	297	4	2
24.273	298	1	3
24.273	299	3	3
24.273	300	4	3
24.367	301	2	2
24.367	302	3	2
24.367	303	4	2
24.554	304	2	3
24.554	305	3	3
24.554	306	4	3
24.648	307	1	2
24.648	308	3	2
24.648	309	4	2
24.742	310	1	3
24.742	311	3	3
24.742	312	4	3
24.836	313	2	2
24.859	314	3	2
24.929	315	2	3
25.023	316	2	1
25.023	317	3	3
25.117	318	2	2
25.140	319	3	2
25.211	320	2	3
25.211	321	3	3
25.304	322	2	1
25.304	323	3	1
25.398	324	2	2
25.398	325	3	2
25.492	326	2	3
25.492	327	3	3
25.586	328	1	2
25.586	329	2	2
25.586	330	4	2
25.773	331	1	3
25.773	332	2	3
25.773	333	4	3
25.867	334	1	2
25.867	335	2	2
25.867	336	3	2
26.054	337	1	3
26.054	338	2	3
26.054	339	3	3
26.148	340	1	2
26.148	341	2	2
26.148	342	4	2
26.242	343	1	3
26.242	344	2	3
26.242	345	4	3
26.336	346	3	2
26.523	347	4	1
26.523	348	3	3
26.617	349	4	2
26.640	350	2	2
26.711	351	4	3
26.804	352	4	1
26.804	353	2	3
26.898	354	4	1
26.992	355	1	1
26.992	356	3	1
27.039	357	2	1
27.086	358	1	2
27.086	359	3	2
27.086	360	4	2
27.273	361	1	3
27.273	362	3	3
27.273	363	4	3
27.367	364	2	2
27.367	365	3	2
27.367	366	4	2
27.554	367	2	3
27.554	368	3	3
27.554	369	4	3
27.648	370	1	2
27.648	371	3	2
27.648	372	4	2
27.742	373	1	3
27.742	374	3	3
27.742	375	4	3
27.836	376	2	1
27.859	377	3	1
27.882	378	4	2
28.023	379	1	1
28.023	380	4	3
28.117	381	4	1
28.140	382	3	1
28.164	383	2	2
28.304	384	1	1
28.304	385	2	3
28.398	386	2	1
28.421	387	3	1
28.445	388	4	2
28.586	389	1	2
28.586	390	2	2
28.586	391	3	2
28.586	392	4	3
28.773	393	1	3
28.773	394	2	3
28.773	395	3	3
28.867	396	2	2
28.867	397	3	2
28.867	398	4	2
29.054	399	2	3
29.054	400	3	3
29.054	401	4	3
29.148	402	1	2
29.148	403	2	2
29.148	404	3	2
29.242	405	1	3
29.242	406	2	3
29.242	407	3	3
29.336	408	3	1
29.382	409	2	1
29.429	410	3	1
29.476	411	2	1
29.523	412	1	2
29.523	413	3	2
29.523	414	4	2
29.617	415	1	3
29.617	416	3	3
29.617	417	4	3
29.711	418	2	1
29.711	419	3	1
29.711	420	4	1
29.804	421	2	1
29.804	422	3	1
29.804	423	4	1
29.898	424	1	2
29.898	425	3	2
29.898	426	4	2
29.992	427	1	3
29.992	428	3	3
29.992	429	4	3
30.086	430	1	2
30.086	431	2	2
30.086	432	4	2
30.273	433	1	3
30.273	434	2	3
30.273	435	4	3
30.367	436	1	2
30.367	437	2	2
30.367	438	3	2
30.554	439	1	3
30.554	440	2	3
30.554	441	3	3
30.648	442	1	2
30.648	443	2	2
30.648	444	4	2
30.742	445	1	3
30.742	446	2	3
30.742	447	4	3
30.836	448	3	2
30.859	449	4	2
30.929	450	3	3
31.023	451	3	1
31.117	452	3	2
31.304	453	2	1
31.398	454	2	2
31.492	455	3	3
31.492	456	4	3
31.586	457	1	2
31.586	458	3	2
31.586	459	4	2
31.586	460	2	3
31.773	461	1	3
31.773	462	3	3
31.773	463	4	3
31.867	464	2	2
31.867	465	3	2
31.867	466	4	2
32.054	467	2	3
32.054	468	3	3
32.054	469	4	3
32.148	470	1	2
32.148	471	3	2
32.148	472	4	2
32.242	473	1	3
32.242	474	3	3
32.242	475	4	3
32.336	476	2	2
32.523	477	1	1
32.523	478	2	3
32.617	479	1	2
32.640	480	3	2
32.711	481	1	3
32.804	482	1	1
32.804	483	3	3
32.898	484	1	1
32.992	485	2	1
32.992	486	4	1
33.039	487	3	1
33.086	488	1	2
33.086	489	2	2
33.086	490	4	2
33.273	491	1	3
33.273	492	2	3
33.273	493	4	3
33.367	494	1	2
33.367	495	2	2
33.367	496	3	2
33.554	497	1	3
33.554	498	2	3
33.554	499	3	3
33.648	500	1	2
33.648	501	2	2
33.648	502	4	2
33.742	503	1	3
33.742	504	2	3
33.742	505	4	3
33.836	506	3	1
33.859	507	2	1
33.882	508	1	2
34.023	509	4	1
34.023	510	1	3
34.117	511	1	1
34.140	512	2	1
34.164	513	3	2
34.304	514	4	1
34.304	515	3	3
34.398	516	3	1
34.421	517	2	1
34.445	518	1	2
34.586	519	2	2
34.586	520	3	2
34.586	521	4	2
34.586	522	1	3
34.773	523	2	3
34.773	524	3	3
34.773	525	4	3
34.867	526	1	2
34.867	527	2	2
34.867	528	3	2
35.054	529	1	3
35.054	530	2	3
35.054	531	3	3
35.148	532	2	2
35.148	533	3	2
35.148	534	4	2
35.242	535	2	3
35.242	536	3	3
35.242	537	4	3
35.336	538	1	1
35.336	539	2	1
35.336	540	4	1
35.429	541	4	1
35.523	542	4	2
35.617	543	4	3
35.711	544	3	2
35.804	545	3	3
35.898	546	1	2
35.992	547	1	3
36.086	548	1	2
36.086	549	2	2
36.086	550	4	2
36.179	551	4	3
36.273	552	4	1
36.273	553	1	3
36.273	554	2	3
36.367	555	2	1
36.367	556	4	2
36.461	557	1	1
36.461	558	2	1
36.461	559	3	1
36.461	560	4	3
36.554	561	4	1
36.648	562	2	1
36.648	563	4	2
36.742	564	2	1
36.742	565	4	3
36.836	566	1	2
36.836	567	3	1
36.836	568	4	1
36.929	569	1	3
37.023	570	1	1
37.117	571	1	2
37.117	572	3	1
37.211	573	2	1
37.211	574	3	1
37.211	575	4	1
37.211	576	1	3
37.304	577	1	1
37.398	578	1	2
37.398	579	3	1
37.492	580	3	1
37.492	581	1	3
37.586	582	1	1
37.586	583	2	1
37.586	584	4	2
37.679	585	4	3
37.773	586	4	1
37.867	587	2	1
37.867	588	4	2
37.961	589	1	1
37.961	590	2	1
37.961	591	3	1
37.961	592	4	3
38.054	593	4	1
38.148	594	2	1
38.148	595	4	2
38.242	596	2	1
38.242	597	4	3
38.336	598	1	1
38.336	599	3	1
38.336	600	4	1
38.382	601	2	1
38.429	602	3	1
38.476	603	2	1
38.523	604	4	2
38.546	605	1	2
38.617	606	3	1
38.617	607	4	3
38.664	608	1	3
38.711	609	4	2
38.734	610	1	2
38.804	611	4	3
38.851	612	1	3
38.898	613	4	2
38.921	614	1	2
38.992	615	4	3
39.039	616	1	3
39.086	617	1	1
39.086	618	3	2
39.086	619	4	1
39.179	620	3	3
39.273	621	3	1
39.367	622	1	1
39.367	623	3	2
39.461	624	1	1
39.461	625	2	1
39.461	626	4	1
39.461	627	3	3
39.554	628	3	1
39.648	629	1	1
39.648	630	3	2
39.742	631	1	1
39.742	632	3	3
39.836	633	2	2
39.836	634	3	1
39.836	635	4	1
39.929	636	2	3
40.023	637	2	1
40.117	638	2	2
40.117	639	4	1
40.211	640	1	1
40.211	641	3	1
40.211	642	4	1
40.211	643	2	3
40.304	644	2	1
40.398	645	2	2
40.398	646	4	1
40.492	647	4	1
40.492	648	2	3
40.586	649	1	1
40.586	650	2	1
40.586	651	3	2
40.679	652	3	3
40.773	653	3	1
40.867	654	1	1
40.867	655	3	2
40.961	656	1	1
40.961	657	2	1
40.961	658	4	1
40.961	659	3	3
41.054	660	3	1
41.148	661	1	1
41.148	662	3	2
41.242	663	1	1
41.242	664	3	3
41.336	665	3	2
41.336	666	4	1
41.382	667	2	2
41.429	668	3	3
41.523	669	2	3
41.617	670	3	2
41.664	671	2	2
41.711	672	3	3
41.804	673	2	3
41.898	674	3	2
41.945	675	2	2
41.992	676	3	3
42.015	677	2	3
42.086	678	1	2
42.086	679	3	1
42.086	680	4	1
42.179	681	3	1
42.179	682	4	1
42.273	683	3	1
42.273	684	4	1
42.367	685	3	1
42.367	686	4	1
42.461	687	3	1
42.461	688	4	1
42.554	689	3	1
42.554	690	4	1
42.554	691	1	3
42.648	692	2	1
42.671	693	4	1
42.695	694	1	1
42.742	695	3	1
42.789	696	4	1
42.836	697	1	1
42.836	698	2	1
42.929	699	3	1
42.953	700	2	1
42.976	701	1	1
43.023	702	3	1
43.023	703	4	1
43.117	704	2	1
43.140	705	3	1
43.164	706	4	1
43.211	707	1	1
43.211	708	2	1
43.304	709	1	1
43.304	710	2	1
43.398	711	4	1
43.421	712	2	1
43.445	713	1	1
43.492	714	3	1
43.586	715	1	1
43.586	716	2	1
43.586	717	4	2
43.679	718	1	1
43.679	719	2	1
43.773	720	1	1
43.773	721	2	1
43.867	722	1	1
43.867	723	2	1
43.961	724	1	1
43.961	725	2	1
44.054	726	1	1
44.054	727	2	1
44.054	728	4	3
44.148	729	3	1
44.171	730	1	1
44.195	731	4	1
44.242	732	2	1
44.289	733	1	1
44.336	734	3	1
44.336	735	4	1
44.429	736	2	1
44.453	737	3	1
44.476	738	4	1
44.523	739	1	1
44.523	740	2	1
44.617	741	3	1
44.640	742	2	1
44.664	743	1	1
44.711	744	3	1
44.711	745	4	1
44.804	746	3	1
44.804	747	4	1
44.898	748	1	1
44.921	749	4	1
44.945	750	2	1
44.992	751	3	1
45.039	752	4	1
45.086	753	1	1
45.086	754	2	1
45.179	755	1	1
45.179	756	2	1
45.273	757	4	1
45.296	758	1	1
45.320	759	3	1
45.367	760	2	1
45.414	761	1	1
45.461	762	3	1
45.461	763	4	1
45.554	764	3	1
45.554	765	4	1
45.648	766	1	1
45.671	767	4	1
45.695	768	2	1
45.742	769	3	1
45.789	770	2	1
45.836	771	1	1
45.836	772	4	1
45.929	773	1	1
45.929	774	4	1
46.023	775	3	1
46.046	776	2	1
46.070	777	4	1
46.117	778	1	1
46.164	779	2	1
46.211	780	3	1
46.211	781	4	1
46.304	782	3	1
46.304	783	4	1
46.398	784	2	1
46.445	785	4	1
46.492	786	1	1
46.539	787	3	1
46.586	788	1	1
46.586	789	2	1
46.632	790	3	1
46.632	791	4	1
46.679	792	1	1
46.679	793	2	1
46.726	794	3	1
46.726	795	4	1
46.773	796	1	1
46.773	797	2	1
46.820	798	3	1
46.820	799	4	1
46.867	800	1	1
46.867	801	2	1
46.914	802	3	1
46.914	803	4	1
46.961	804	1	1
46.961	805	2	1
47.007	806	3	1
47.007	807	4	1
47.054	808	1	1
47.054	809	2	1
47.101	810	3	1
47.101	811	4	1
47.148	812	1	1
47.148	813	2	1
47.195	814	3	1
47.195	815	4	1
47.242	816	1	1
47.242	817	2	1
47.289	818	3	1
47.289	819	4	1
47.336	820	1	1
47.336	821	2	1
47.523	822	3	1
47.617	823	3	1
47.711	824	3	2
47.804	825	1	1
47.804	826	3	3
47.898	827	3	2
47.992	828	2	1
47.992	829	3	3
48.086	830	1	2
48.086	831	3	1
48.086	832	4	2
48.179	833	3	1
48.273	834	2	1
48.367	835	2	1
48.453	836	3	1
48.536	837	3	1
48.619	838	2	1
48.703	839	2	1
48.786	840	3	1
48.862	841	3	1
48.939	842	2	1
49.016	843	2	1
49.093	844	3	1
49.164	845	3	1
49.235	846	2	1
49.307	847	2	1
49.378	848	3	1
49.378	849	1	3
49.378	850	4	3
49.447	851	3	1
49.517	852	1	1
49.587	853	1	1
49.657	854	4	1
49.725	855	4	1
49.793	856	2	1
49.861	857	2	1
49.929	858	3	1
49.992	859	3	1
50.056	860	2	1
50.120	861	2	1
50.184	862	4	1
50.244	863	4	1
50.304	864	1	1
50.364	865	1	1
50.424	866	3	1
50.481	867	4	1
50.538	868	3	1
50.595	869	4	1
50.652	870	1	1
50.707	871	2	1
50.763	872	1	1
50.818	873	2	1
50.874	874	3	1
50.928	875	4	1
50.983	876	3	1
51.037	877	1	1
51.092	878	4	1
51.145	879	2	1
51.199	880	1	1
51.252	881	2	1
51.306	882	3	1
51.357	883	1	1
51.409	884	3	1
51.461	885	2	1
51.512	886	4	1
51.562	887	2	1
51.612	888	3	1
51.662	889	1	1
51.712	890	2	1
51.760	891	4	1
51.808	892	2	1
51.857	893	3	1
51.905	894	1	1
51.951	895	3	1
51.998	896	2	1
52.045	897	4	1
52.092	898	3	1
52.138	899	1	1
52.185	900	3	1
52.232	901	2	1
52.279	902	1	1
52.326	903	4	1
52.373	904	1	1
52.420	905	3	1
52.467	906	2	1
52.513	907	3	1
52.560	908	1	1
52.607	909	4	1
52.654	910	1	1
52.701	911	2	1
52.748	912	4	1
52.795	913	3	1
52.842	914	2	1
52.888	915	4	1
52.935	916	2	1
52.982	917	3	1
53.029	918	1	1
53.076	919	3	1
53.123	920	2	1
53.170	921	4	1
53.217	922	2	1
53.263	923	3	1
53.310	924	1	1
53.357	925	3	1
53.404	926	2	1
53.451	927	4	1
53.498	928	2	1
53.545	929	1	1
53.592	930	4	1
53.638	931	3	1
53.685	932	2	1
53.732	933	4	1
53.779	934	2	1
53.826	935	3	1
53.873	936	1	1
53.920	937	4	1
53.967	938	2	1
54.013	939	4	1
54.060	940	3	1
54.107	941	2	1
54.154	942	1	1
54.201	943	2	1
54.248	944	3	1
54.295	945	1	1
54.342	946	3	1
54.388	947	2	1
54.435	948	4	1
54.482	949	1	1
54.529	950	3	1
54.576	951	1	1
54.623	952	2	1
54.670	953	3	1
54.717	954	4	1
54.763	955	3	1
54.810	956	2	1
54.857	957	4	1
54.904	958	1	1
54.951	959	3	1
54.998	960	4	1
55.045	961	2	1
55.092	962	1	1
55.092	963	3	1
55.092	964	4	1
55.185	965	1	1
55.279	966	1	1
55.279	967	2	1
55.279	968	3	1
55.373	969	1	1
55.467	970	1	1
55.467	971	2	1
55.467	972	4	1
55.560	973	1	1
55.654	974	1	1
55.654	975	3	1
55.654	976	4	1
55.748	977	1	1
55.842	978	2	1
55.842	979	3	1
55.842	980	4	1
55.935	981	4	1
56.029	982	1	1
56.029	983	2	1
56.029	984	4	1
56.123	985	4	1
56.217	986	1	1
56.217	987	3	1
56.217	988	4	1
56.310	989	4	1
56.404	990	2	1
56.404	991	3	1
56.404	992	4	1
56.498	993	4	1
56.592	994	1	1
56.592	995	2	1
56.592	996	3	1
56.685	997	2	1
56.779	998	2	1
56.779	999	3	1
56.779	1000	4	1
56.873	1001	2	1
56.967	1002	1	1
56.967	1003	2	1
56.967	1004	4	1
57.060	1005	2	1
57.154	1006	2	1
57.154	1007	3	1
57.154	1008	4	1
57.248	1009	2	1
57.342	1010	1	1
57.342	1011	3	1
57.342	1012	4	1
57.435	1013	3	1
57.529	1014	1	1
57.529	1015	2	1
57.529	1016	3	1
57.623	1017	3	1
57.717	1018	1	1
57.717	1019	3	1
57.717	1020	4	1
57.810	1021	3	1
57.904	1022	1	1
57.904	1023	2	1
57.904	1024	3	1
57.998	1025	3	1
58.092	1026	1	1
58.092	1027	2	1
58.092	1028	4	2
58.185	1029	1	1
58.185	1030	2	2
58.185	1031	4	3
58.279	1032	1	2
58.279	1033	3	1
58.279	1034	4	1
58.279	1035	2	3
58.373	1036	3	2
58.373	1037	4	1
58.373	1038	1	3
58.467	1039	1	1
58.467	1040	2	1
58.467	1041	4	2
58.560	1042	1	1
58.560	1043	2	2
58.560	1044	3	3
58.560	1045	4	3
58.654	1046	1	2
58.654	1047	3	1
58.654	1048	4	1
58.748	1049	3	2
58.748	1050	4	1
58.748	1051	1	3
58.748	1052	2	3
58.842	1053	1	1
58.842	1054	4	2
58.842	1055	3	3
58.888	1056	2	1
58.935	1057	1	2
58.935	1058	4	3
58.982	1059	3	1
59.029	1060	2	2
59.076	1061	4	1
59.123	1062	3	2
59.123	1063	1	3
59.170	1064	2	3
59.217	1065	1	1
59.217	1066	4	2
59.217	1067	3	3
59.263	1068	2	1
59.310	1069	1	2
59.310	1070	4	3
59.357	1071	3	1
59.404	1072	2	2
59.451	1073	4	1
59.498	1074	3	2
59.545	1075	1	3
59.592	1076	4	2
59.592	1077	2	3
59.592	1078	3	3
59.615	1079	1	2
59.685	1080	4	3
59.779	1081	4	2
59.779	1082	1	3
59.849	1083	4	3
59.873	1084	2	1
59.967	1085	4	2
59.990	1086	1	2
60.060	1087	4	3
60.154	1088	4	2
60.154	1089	1	3
60.201	1090	2	1
60.224	1091	4	3
60.248	1092	3	1
60.295	1093	2	1
60.342	1094	1	2
60.373	1095	3	2
60.717	1096	2	2
60.717	1097	4	2
60.717	1098	3	3
60.779	1099	3	1
60.779	1100	4	3
60.810	1101	2	3
60.842	1102	4	1
60.904	1103	2	1
60.904	1104	3	2
60.951	1105	4	1
60.998	1106	2	1
60.998	1107	1	3
60.998	1108	3	3
61.092	1109	1	1
61.092	1110	3	1
61.092	1111	4	1
61.138	1112	2	1
61.185	1113	3	1
61.232	1114	2	1
61.279	1115	4	1
61.326	1116	1	1
61.373	1117	4	1
61.420	1118	1	1
61.467	1119	2	1
61.467	1120	3	1
61.513	1121	4	1
61.560	1122	2	1
61.607	1123	4	1
61.654	1124	1	1
61.654	1125	3	1
61.748	1126	1	1
61.748	1127	3	1
61.842	1128	2	1
61.842	1129	3	1
61.842	1130	4	1
61.935	1131	1	1
61.935	1132	2	1
62.029	1133	1	1
62.029	1134	2	1
62.029	1135	3	1
62.123	1136	1	1
62.123	1137	4	1
62.217	1138	2	1
62.217	1139	3	1
62.217	1140	4	1
62.310	1141	1	1
62.310	1142	2	1
62.404	1143	1	1
62.404	1144	3	1
62.404	1145	4	1
62.498	1146	3	1
62.498	1147	4	1
62.592	1148	1	1
62.592	1149	2	1
62.592	1150	4	1
62.638	1151	3	1
62.685	1152	2	1
62.732	1153	3	1
62.779	1154	1	1
62.826	1155	4	1
62.873	1156	1	1
62.920	1157	4	1
62.967	1158	2	1
62.967	1159	3	1
63.013	1160	1	1
63.060	1161	3	1
63.107	1162	1	1
63.154	1163	2	1
63.154	1164	4	1
63.248	1165	2	1
63.248	1166	4	1
63.342	1167	1	1
63.342	1168	2	1
63.342	1169	3	1
63.435	1170	3	1
63.435	1171	4	1
63.529	1172	2	1
63.529	1173	3	1
63.529	1174	4	1
63.623	1175	1	1
63.623	1176	4	1
63.717	1177	1	1
63.717	1178	2	1
63.717	1179	3	1
63.810	1180	3	1
63.810	1181	4	1
63.904	1182	1	1
63.904	1183	2	1
63.904	1184	4	1
63.998	1185	1	1
63.998	1186	2	1
64.092	1187	1	1
64.092	1188	3	1
64.092	1189	4	1
64.138	1190	2	1
64.185	1191	3	1
64.232	1192	2	1
64.279	1193	4	1
64.326	1194	1	1
64.373	1195	4	1
64.420	1196	1	1
64.467	1197	2	1
64.467	1198	3	1
64.513	1199	4	1
64.560	1200	2	1
64.607	1201	4	1
64.654	1202	1	1
64.654	1203	3	1
64.748	1204	1	1
64.748	1205	3	1
64.842	1206	2	1
64.842	1207	3	1
64.842	1208	4	1
64.935	1209	1	1
64.935	1210	2	1
65.029	1211	1	1
65.029	1212	2	1
65.029	1213	3	1
65.123	1214	1	1
65.123	1215	4	1
65.217	1216	2	1
65.217	1217	3	1
65.217	1218	4	1
65.310	1219	1	1
65.310	1220	2	1
65.404	1221	1	1
65.404	1222	3	1
65.404	1223	4	1
65.498	1224	3	1
65.498	1225	4	1
65.592	1226	1	1
65.592	1227	2	1
65.592	1228	4	1
65.638	1229	3	1
65.685	1230	2	1
65.732	1231	3	1
65.779	1232	1	1
65.826	1233	4	1
65.873	1234	1	1
65.873	1235	2	1
65.920	1236	4	1
65.967	1237	2	1
65.967	1238	3	1
66.013	1239	1	1
66.060	1240	3	1
66.107	1241	1	1
66.154	1242	2	1
66.154	1243	4	1
66.201	1244	3	1
66.248	1245	2	1
66.295	1246	3	1
66.342	1247	1	1
66.342	1248	4	1
66.435	1249	1	1
66.529	1250	1	1
66.623	1251	1	1
66.810	1252	1	1
66.904	1253	1	1
66.998	1254	1	1
67.092	1255	1	1
67.092	1256	2	1
67.092	1257	4	1
67.138	1258	3	1
67.185	1259	2	1
67.232	1260	3	1
67.279	1261	1	1
67.326	1262	4	1
67.373	1263	1	1
67.420	1264	4	1
67.467	1265	2	1
67.467	1266	3	1
67.513	1267	1	1
67.560	1268	3	1
67.607	1269	1	1
67.654	1270	2	1
67.654	1271	4	1
67.748	1272	2	1
67.748	1273	4	1
67.842	1274	1	1
67.842	1275	2	1
67.842	1276	3	1
67.935	1277	3	1
67.935	1278	4	1
68.029	1279	2	1
68.029	1280	3	1
68.029	1281	4	1
68.123	1282	1	1
68.123	1283	4	1
68.217	1284	1	1
68.217	1285	2	1
68.217	1286	3	1
68.310	1287	3	1
68.310	1288	4	1
68.404	1289	1	1
68.404	1290	2	1
68.404	1291	4	1
68.498	1292	1	1
68.498	1293	2	1
68.592	1294	1	1
68.592	1295	3	1
68.592	1296	4	1
68.638	1297	2	1
68.685	1298	3	1
68.732	1299	2	1
68.779	1300	4	1
68.826	1301	1	1
68.873	1302	4	1
68.920	1303	1	1
68.967	1304	2	1
68.967	1305	3	1
69.013	1306	4	1
69.060	1307	2	1
69.107	1308	4	1
69.154	1309	1	1
69.154	1310	3	1
69.248	1311	1	1
69.248	1312	3	1
69.342	1313	2	1
69.342	1314	3	1
69.342	1315	4	1
69.435	1316	1	1
69.435	1317	2	1
69.529	1318	1	1
69.529	1319	2	1
69.529	1320	3	1
69.623	1321	1	1
69.623	1322	4	1
69.717	1323	2	1
69.717	1324	3	1
69.717	1325	4	1
69.810	1326	1	1
69.810	1327	2	1
69.904	1328	1	1
69.904	1329	3	1
69.904	1330	4	1
69.998	1331	3	1
69.998	1332	4	1
70.092	1333	1	1
70.092	1334	2	1
70.092	1335	4	1
70.138	1336	3	1
70.185	1337	2	1
70.232	1338	3	1
70.279	1339	1	1
70.326	1340	4	1
70.373	1341	1	1
70.420	1342	4	1
70.467	1343	2	1
70.467	1344	3	1
70.513	1345	1	1
70.560	1346	3	1
70.607	1347	1	1
70.654	1348	2	1
70.654	1349	4	1
70.748	1350	2	1
70.748	1351	4	1
70.842	1352	1	1
70.842	1353	2	1
70.842	1354	3	1
70.935	1355	3	1
70.935	1356	4	1
71.029	1357	2	1
71.029	1358	3	1
71.029	1359	4	1
71.123	1360	1	1
71.123	1361	4	1
71.217	1362	1	1
71.217	1363	2	1
71.217	1364	3	1
71.310	1365	3	1
71.310	1366	4	1
71.404	1367	1	1
71.404	1368	2	1
71.404	1369	4	1
71.498	1370	1	1
71.498	1371	2	1
71.592	1372	1	1
71.592	1373	3	1
71.592	1374	4	1
71.685	1375	3	1
71.685	1376	4	1
71.779	1377	2	1
71.779	1378	4	1
71.826	1379	1	1
71.873	1380	4	1
71.920	1381	1	1
71.967	1382	2	1
71.967	1383	3	1
72.060	1384	2	1
72.060	1385	3	1
72.154	1386	1	1
72.154	1387	3	1
72.248	1388	1	1
72.248	1389	3	1
72.342	1390	2	1
72.529	1391	1	1
72.529	1392	2	1
72.552	1393	3	1
72.576	1394	4	1
72.717	1395	3	1
72.717	1396	4	1
72.740	1397	2	1
72.763	1398	1	1
72.904	1399	3	1
73.092	1400	1	1
73.092	1401	2	1
73.092	1402	4	1
73.138	1403	3	1
73.185	1404	2	1
73.232	1405	3	1
73.279	1406	1	1
73.326	1407	4	1
73.373	1408	1	1
73.420	1409	4	1
73.467	1410	2	1
73.467	1411	3	1
73.513	1412	1	1
73.560	1413	3	1
73.607	1414	1	1
73.654	1415	2	1
73.654	1416	4	1
73.748	1417	2	1
73.748	1418	4	1
73.842	1419	1	1
73.842	1420	2	1
73.842	1421	3	1
73.935	1422	3	1
73.935	1423	4	1
74.029	1424	1	1
74.029	1425	3	1
74.029	1426	4	1
74.123	1427	1	1
74.123	1428	4	1
74.217	1429	1	1
74.217	1430	2	1
74.217	1431	3	1
74.310	1432	3	1
74.310	1433	4	1
74.404	1434	2	1
74.404	1435	3	1
74.404	1436	4	1
74.498	1437	1	1
74.498	1438	2	1
74.592	1439	1	1
74.592	1440	3	1
74.592	1441	4	1
74.638	1442	2	1
74.685	1443	3	1
74.732	1444	2	1
74.779	1445	4	1
74.826	1446	1	1
74.873	1447	4	1
74.920	1448	1	1
74.967	1449	2	1
74.967	1450	3	1
75.013	1451	4	1
75.060	1452	2	1
75.107	1453	4	1
75.154	1454	1	1
75.154	1455	3	1
75.248	1456	1	1
75.248	1457	3	1
75.342	1458	2	1
75.342	1459	3	1
75.342	1460	4	1
75.435	1461	1	1
75.435	1462	2	1
75.529	1463	1	1
75.529	1464	2	1
75.529	1465	4	1
75.623	1466	1	1
75.623	1467	4	1
75.717	1468	2	1
75.717	1469	3	1
75.717	1470	4	1
75.810	1471	1	1
75.810	1472	2	1
75.904	1473	1	1
75.904	1474	2	1
75.904	1475	3	1
75.998	1476	3	1
75.998	1477	4	1
76.092	1478	1	1
76.092	1479	2	1
76.092	1480	4	1
76.138	1481	3	1
76.185	1482	2	1
76.232	1483	3	1
76.279	1484	1	1
76.326	1485	4	1
76.373	1486	1	1
76.420	1487	4	1
76.467	1488	2	1
76.467	1489	3	1
76.513	1490	1	1
76.560	1491	3	1
76.607	1492	1	1
76.654	1493	2	1
76.654	1494	4	1
76.748	1495	2	1
76.748	1496	4	1
76.842	1497	1	1
76.842	1498	2	1
76.842	1499	3	1
76.935	1500	3	1
76.935	1501	4	1
77.029	1502	1	1
77.029	1503	3	1
77.029	1504	4	1
77.123	1505	1	1
77.123	1506	4	1
77.217	1507	1	1
77.217	1508	2	1
77.217	1509	3	1
77.310	1510	3	1
77.310	1511	4	1
77.404	1512	2	1
77.404	1513	3	1
77.404	1514	4	1
77.498	1515	1	1
77.498	1516	2	1
77.592	1517	1	1
77.592	1518	3	1
77.592	1519	4	1
77.638	1520	2	1
77.685	1521	3	1
77.732	1522	2	1
77.779	1523	4	1
77.826	1524	1	1
77.873	1525	3	1
77.873	1526	4	1
77.920	1527	1	1
77.967	1528	2	1
77.967	1529	3	1
78.013	1530	4	1
78.060	1531	2	1
78.107	1532	4	1
78.154	1533	1	1
78.154	1534	3	1
78.201	1535	2	1
78.248	1536	3	1
78.295	1537	2	1
78.342	1538	1	1
78.342	1539	4	1
78.435	1540	4	1
78.529	1541	4	1
78.623	1542	4	1
78.810	1543	4	1
78.904	1544	4	1
78.998	1545	4	1
79.092	1546	1	1
79.092	1547	3	1
79.092	1548	4	1
79.138	1549	2	1
79.185	1550	3	1
79.232	1551	2	1
79.279	1552	4	1
79.326	1553	1	1
79.373	1554	4	1
79.420	1555	1	1
79.467	1556	2	1
79.467	1557	3	1
79.513	1558	4	1
79.560	1559	2	1
79.607	1560	4	1
79.654	1561	1	1
79.654	1562	3	1
79.748	1563	1	1
79.748	1564	3	1
79.842	1565	2	1
79.842	1566	3	1
79.842	1567	4	1
79.935	1568	1	1
79.935	1569	2	1
80.029	1570	1	1
80.029	1571	3	1
80.123	1572	2	1
80.123	1573	3	1
80.123	1574	4	1
80.217	1575	3	1
80.217	1576	4	1
80.310	1577	1	1
80.310	1578	4	1
80.404	1579	1	1
80.404	1580	2	1
80.404	1581	3	1
80.498	1582	3	1
80.498	1583	4	1
80.592	1584	1	1
80.592	1585	2	1
80.592	1586	4	1
80.638	1587	3	1
80.685	1588	2	1
80.732	1589	3	1
80.779	1590	1	1
80.826	1591	4	1
80.873	1592	1	1
80.920	1593	4	1
80.967	1594	2	1
80.967	1595	3	1
81.013	1596	1	1
81.060	1597	3	1
81.107	1598	1	1
81.154	1599	2	1
81.154	1600	4	1
81.248	1601	2	1
81.248	1602	4	1
81.342	1603	1	1
81.342	1604	2	1
81.342	1605	3	1
81.435	1606	3	1
81.435	1607	4	1
81.529	1608	2	1
81.529	1609	4	1
81.623	1610	1	1
81.623	1611	2	1
81.623	1612	3	1
81.717	1613	1	1
81.717	1614	2	1
81.810	1615	1	1
81.810	1616	4	1
81.904	1617	2	1
81.904	1618	3	1
81.904	1619	4	1
81.998	1620	2	1
81.998	1621	3	1
82.092	1622	1	1
82.092	1623	3	1
82.092	1624	4	1
82.185	1625	1	1
82.185	1626	4	1
82.279	1627	3	1
82.279	1628	4	1
82.326	1629	2	1
82.373	1630	3	1
82.420	1631	4	1
82.467	1632	1	1
82.467	1633	2	1
82.560	1634	1	1
82.560	1635	2	1
82.654	1636	4	1
82.677	1637	1	1
82.701	1638	3	1
82.748	1639	2	1
82.795	1640	1	1
82.842	1641	3	1
82.842	1642	4	1
82.935	1643	2	1
82.959	1644	3	1
82.982	1645	4	1
83.029	1646	1	1
83.029	1647	2	1
83.123	1648	3	1
83.146	1649	2	1
83.170	1650	1	1
83.217	1651	3	1
83.217	1652	4	1
83.310	1653	3	1
83.310	1654	4	1
83.404	1655	1	1
83.427	1656	4	1
83.451	1657	2	1
83.498	1658	3	1
83.545	1659	4	1
83.592	1660	1	1
83.592	1661	2	2
83.779	1662	3	2
83.873	1663	2	3
83.873	1664	3	3
83.967	1665	2	2
84.154	1666	3	2
84.201	1667	1	1
84.248	1668	4	1
84.248	1669	2	3
84.248	1670	3	3
84.295	1671	1	1
84.342	1672	2	2
84.342	1673	3	1
84.435	1674	3	1
84.623	1675	2	3
84.717	1676	1	1
84.717	1677	2	1
84.717	1678	4	1
84.810	1679	2	1
84.810	1680	4	1
84.904	1681	1	1
84.904	1682	3	1
85.092	1683	1	1
85.092	1684	2	2
85.092	1685	3	2
85.092	1686	4	2
85.185	1687	1	1
85.185	1688	3	3
85.185	1689	4	3
85.279	1690	3	2
85.279	1691	4	1
85.373	1692	1	1
85.373	1693	4	2
85.373	1694	2	3
85.373	1695	3	3
85.467	1696	1	1
85.467	1697	2	1
85.467	1698	3	1
85.467	1699	4	3
85.560	1700	3	2
85.560	1701	4	1
85.654	1702	2	2
85.654	1703	4	2
85.748	1704	1	1
85.748	1705	2	3
85.748	1706	3	3
85.748	1707	4	3
85.842	1708	2	2
85.842	1709	3	2
85.842	1710	4	2
85.935	1711	1	1
85.935	1712	3	3
85.935	1713	4	3
86.029	1714	3	2
86.029	1715	4	1
86.123	1716	1	1
86.123	1717	4	2
86.123	1718	2	3
86.123	1719	3	3
86.217	1720	1	1
86.217	1721	2	1
86.217	1722	3	1
86.217	1723	4	3
86.310	1724	3	2
86.310	1725	4	1
86.404	1726	2	2
86.404	1727	4	2
86.498	1728	1	1
86.498	1729	2	3
86.498	1730	3	3
86.498	1731	4	3
86.592	1732	2	2
86.592	1733	3	2
86.592	1734	4	2
86.685	1735	1	1
86.685	1736	3	3
86.685	1737	4	3
86.779	1738	3	2
86.779	1739	4	1
86.873	1740	1	1
86.873	1741	4	2
86.873	1742	2	3
86.873	1743	3	3
86.967	1744	1	1
86.967	1745	2	1
86.967	1746	3	1
86.967	1747	4	3
87.060	1748	3	2
87.060	1749	4	1
87.154	1750	2	2
87.154	1751	4	2
87.248	1752	1	1
87.248	1753	2	3
87.248	1754	3	3
87.248	1755	4	3
87.342	1756	2	1
87.342	1757	3	2
87.342	1758	4	2
87.435	1759	2	1
87.435	1760	3	3
87.529	1761	1	1
87.529	1762	3	1
87.529	1763	4	3
87.623	1764	3	1
87.717	1765	1	2
87.717	1766	2	2
87.717	1767	4	1
87.810	1768	4	1
87.810	1769	1	3
87.810	1770	2	3
87.904	1771	1	2
87.904	1772	2	2
87.904	1773	3	1
87.998	1774	4	1
87.998	1775	1	3
87.998	1776	2	3
88.092	1777	1	2
88.092	1778	2	2
88.092	1779	3	2
88.092	1780	4	1
88.185	1781	4	1
88.185	1782	1	3
88.185	1783	2	3
88.279	1784	1	1
88.279	1785	2	2
88.373	1786	1	2
88.373	1787	4	1
88.373	1788	2	3
88.373	1789	3	3
88.467	1790	2	1
88.467	1791	3	1
88.467	1792	4	1
88.467	1793	1	3
88.560	1794	1	1
88.560	1795	2	2
88.654	1796	1	2
88.654	1797	3	2
88.748	1798	4	1
88.748	1799	1	3
88.748	1800	2	3
88.748	1801	3	3
88.842	1802	1	2
88.842	1803	2	2
88.842	1804	3	2
88.935	1805	4	1
88.935	1806	1	3
88.935	1807	2	3
89.029	1808	1	1
89.029	1809	2	2
89.123	1810	1	2
89.123	1811	4	1
89.123	1812	2	3
89.123	1813	3	3
89.217	1814	2	1
89.217	1815	3	1
89.217	1816	4	1
89.217	1817	1	3
89.310	1818	1	1
89.310	1819	2	2
89.404	1820	1	2
89.404	1821	3	2
89.498	1822	4	1
89.498	1823	1	3
89.498	1824	2	3
89.498	1825	3	3
89.592	1826	1	2
89.592	1827	2	2
89.592	1828	3	2
89.685	1829	4	1
89.685	1830	1	3
89.685	1831	2	3
89.779	1832	1	1
89.779	1833	2	2
89.873	1834	1	2
89.873	1835	4	1
89.873	1836	2	3
89.873	1837	3	3
89.967	1838	2	1
89.967	1839	3	1
89.967	1840	4	1
89.967	1841	1	3
90.060	1842	1	1
90.060	1843	2	2
90.154	1844	1	2
90.154	1845	3	2
90.248	1846	4	1
90.248	1847	1	3
90.248	1848	2	3
90.248	1849	3	3
90.342	1850	1	2
90.342	1851	2	2
90.342	1852	3	1
90.435	1853	3	2
90.435	1854	2	3
90.529	1855	2	2
90.529	1856	4	2
90.529	1857	1	3
90.529	1858	3	3
90.623	1859	1	1
90.623	1860	2	3
90.623	1861	4	3
90.717	1862	2	1
90.717	1863	3	2
90.717	1864	4	2
90.810	1865	2	1
90.810	1866	3	3
90.904	1867	1	2
90.904	1868	3	2
90.904	1869	4	3
90.998	1870	2	1
90.998	1871	1	3
90.998	1872	3	3
91.092	1873	1	2
91.092	1874	2	2
91.092	1875	3	2
91.092	1876	4	1
91.185	1877	4	1
91.185	1878	1	3
91.185	1879	2	3
91.279	1880	1	1
91.279	1881	2	2
91.373	1882	1	2
91.373	1883	4	1
91.373	1884	2	3
91.373	1885	3	3
91.467	1886	2	1
91.467	1887	3	1
91.467	1888	4	1
91.467	1889	1	3
91.560	1890	1	1
91.560	1891	2	2
91.654	1892	1	2
91.654	1893	3	2
91.748	1894	4	1
91.748	1895	1	3
91.748	1896	2	3
91.748	1897	3	3
91.842	1898	1	2
91.842	1899	2	2
91.842	1900	3	2
91.935	1901	4	1
91.935	1902	1	3
91.935	1903	2	3
92.029	1904	1	1
92.029	1905	2	2
92.123	1906	1	2
92.123	1907	4	1
92.123	1908	2	3
92.123	1909	3	3
92.217	1910	2	1
92.217	1911	3	1
92.217	1912	4	1
92.217	1913	1	3
92.310	1914	1	1
92.310	1915	2	2
92.404	1916	1	2
92.404	1917	3	2
92.498	1918	4	1
92.498	1919	1	3
92.498	1920	2	3
92.498	1921	3	3
92.592	1922	1	2
92.592	1923	2	2
92.592	1924	3	2
92.685	1925	4	1
92.685	1926	1	3
92.685	1927	2	3
92.779	1928	1	1
92.779	1929	2	2
92.873	1930	1	2
92.873	1931	4	1
92.873	1932	2	3
92.873	1933	3	3
92.967	1934	2	1
92.967	1935	3	1
92.967	1936	4	1
92.967	1937	1	3
93.013	1938	1	1
93.060	1939	3	1
93.107	1940	1	1
93.154	1941	2	1
93.154	1942	4	1
93.201	1943	3	1
93.248	1944	2	1
93.295	1945	3	1
93.342	1946	1	2
93.342	1947	2	2
93.342	1948	4	1
93.435	1949	4	1
93.435	1950	2	3
93.529	1951	2	1
93.529	1952	3	1
93.529	1953	1	3
93.623	1954	2	1
93.717	1955	1	1
93.717	1956	3	2
93.717	1957	4	2
93.810	1958	1	1
93.810	1959	3	3
93.810	1960	4	3
93.904	1961	2	1
93.904	1962	3	2
93.904	1963	4	2
93.998	1964	1	1
93.998	1965	3	3
93.998	1966	4	3
94.092	1967	1	2
94.092	1968	2	2
94.092	1969	3	2
94.092	1970	4	2
94.185	1971	3	3
94.185	1972	4	3
94.279	1973	3	1
94.279	1974	4	1
94.279	1975	1	3
94.279	1976	2	3
94.373	1977	1	2
94.373	1978	2	2
94.373	1979	3	2
94.373	1980	4	2
94.467	1981	1	3
94.467	1982	2	3
94.560	1983	1	1
94.560	1984	2	1
94.560	1985	3	3
94.560	1986	4	3
94.654	1987	1	2
94.654	1988	2	2
94.654	1989	3	2
94.654	1990	4	2
94.748	1991	1	3
94.748	1992	2	3
94.748	1993	3	3
94.748	1994	4	3
94.842	1995	1	1
94.842	1996	2	1
94.842	1997	3	1
94.842	1998	4	1
94.935	1999	1	1
94.935	2000	2	1
94.935	2001	3	1
94.935	2002	4	1
95.029	2003	1	1
95.029	2004	2	1
95.029	2005	3	1
95.029	2006	4	1
95.123	2007	1	2
95.123	2008	2	2
95.123	2009	3	2
95.123	2010	4	2
95.217	2011	2	3
95.217	2012	3	3
95.310	2013	2	1
95.310	2014	3	1
95.310	2015	1	3
95.310	2016	4	3
95.404	2017	1	2
95.404	2018	2	2
95.404	2019	3	2
95.404	2020	4	2
95.498	2021	1	3
95.498	2022	2	3
95.498	2023	3	3
95.498	2024	4	3
95.592	2025	4	1
95.615	2026	2	1
95.638	2027	1	1
95.685	2028	3	1
95.779	2029	3	1
95.873	2030	3	1
95.896	2031	1	1
95.920	2032	4	1
95.967	2033	2	1
96.060	2034	2	1
96.154	2035	1	1
96.177	2036	3	1
96.201	2037	4	1
96.248	2038	1	1
96.342	2039	2	1
96.435	2040	2	1
96.529	2041	3	1
96.623	2042	3	1
96.717	2043	4	1
96.763	2044	2	1
96.810	2045	3	1
96.857	2046	2	1
96.904	2047	4	1
96.951	2048	2	1
96.998	2049	1	1
97.045	2050	2	1
97.092	2051	1	1
97.092	2052	3	1
97.092	2053	4	1
97.185	2054	4	1
97.279	2055	3	1
97.326	2056	1	1
97.373	2057	3	1
97.467	2058	1	1
97.467	2059	2	1
97.467	2060	4	1
97.560	2061	1	1
97.654	2062	2	1
97.701	2063	4	1
97.748	2064	2	1
97.842	2065	1	1
97.842	2066	3	1
97.842	2067	4	1
97.935	2068	4	1
98.029	2069	3	1
98.076	2070	1	1
98.123	2071	3	1
98.217	2072	1	1
98.217	2073	2	1
98.217	2074	4	1
98.310	2075	1	1
98.404	2076	2	1
98.451	2077	4	1
98.498	2078	2	1
98.592	2079	1	1
98.592	2080	3	1
98.592	2081	4	1
98.685	2082	3	1
98.779	2083	4	1
98.873	2084	2	1
98.967	2085	1	1
98.967	2086	3	1
98.967	2087	4	1
99.060	2088	4	1
99.154	2089	1	1
99.248	2090	3	1
99.342	2091	1	1
99.342	2092	2	1
99.342	2093	4	1
99.435	2094	2	1
99.529	2095	1	1
99.623	2096	3	1
99.717	2097	1	1
99.717	2098	2	1
99.717	2099	4	1
99.810	2100	1	1
99.904	2101	4	1
99.998	2102	2	1
100.092	2103	1	1
100.092	2104	3	1
100.092	2105	4	1
100.185	2106	3	1
100.279	2107	4	1
100.373	2108	4	1
100.467	2109	1	1
100.467	2110	2	1
100.467	2111	3	1
100.560	2112	2	1
100.654	2113	3	1
100.748	2114	3	1
100.842	2115	1	1
100.842	2116	2	1
100.842	2117	4	1
100.935	2118	2	1
101.029	2119	1	1
101.123	2120	1	1
101.217	2121	2	1
101.217	2122	3	1
101.217	2123	4	1
101.310	2124	3	1
101.404	2125	2	1
101.498	2126	2	1
101.592	2127	1	1
101.592	2128	3	1
101.592	2129	4	1
101.685	2130	4	1
101.779	2131	1	1
101.779	2132	2	1
101.873	2133	1	1
101.873	2134	3	1
101.873	2135	4	1
101.967	2136	2	1
101.967	2137	3	1
101.967	2138	4	1
102.060	2139	1	1
102.154	2140	2	1
102.154	2141	3	1
102.154	2142	4	1
102.248	2143	4	1
102.342	2144	1	1
102.342	2145	2	1
102.342	2146	3	1
102.435	2147	1	1
102.435	2148	2	1
102.529	2149	1	1
102.529	2150	2	1
102.623	2151	3	1
102.717	2152	1	1
102.717	2153	2	1
102.717	2154	4	1
102.810	2155	4	1
102.904	2156	2	1
102.904	2157	3	1
102.998	2158	2	1
103.092	2159	1	1
103.092	2160	3	1
103.092	2161	4	1
103.185	2162	1	1
103.279	2163	1	1
103.279	2164	2	1
103.279	2165	3	1
103.373	2166	1	1
103.467	2167	1	1
103.467	2168	2	1
103.467	2169	4	1
103.560	2170	1	1
103.654	2171	1	1
103.654	2172	3	1
103.654	2173	4	1
103.748	2174	1	1
103.842	2175	2	1
103.842	2176	3	1
103.842	2177	4	1
103.935	2178	4	1
104.029	2179	1	1
104.029	2180	2	1
104.029	2181	4	1
104.123	2182	4	1
104.217	2183	1	1
104.217	2184	3	1
104.217	2185	4	1
104.310	2186	4	1
104.404	2187	2	1
104.404	2188	3	1
104.404	2189	4	1
104.498	2190	4	1
104.592	2191	1	1
104.592	2192	2	1
104.592	2193	3	1
104.685	2194	2	1
104.779	2195	2	1
104.779	2196	3	1
104.779	2197	4	1
104.873	2198	2	1
104.967	2199	1	1
104.967	2200	2	1
104.967	2201	4	1
105.060	2202	2	1
105.154	2203	2	1
105.154	2204	3	1
105.154	2205	4	1
105.248	2206	2	1
105.342	2207	1	1
105.342	2208	3	1
105.342	2209	4	1
105.435	2210	3	1
105.529	2211	1	1
105.529	2212	2	1
105.529	2213	3	1
105.623	2214	3	1
105.717	2215	1	1
105.717	2216	3	1
105.717	2217	4	1
105.810	2218	3	1
105.904	2219	1	1
105.904	2220	2	1
105.904	2221	3	1
105.998	2222	3	1
106.092	2223	1	1
106.092	2224	2	1
106.092	2225	4	1
106.185	2226	1	1
106.185	2227	2	1
106.279	2228	1	1
106.279	2229	2	1
106.373	2230	1	1
106.373	2231	2	1
106.467	2232	1	1
106.467	2233	3	1
106.560	2234	1	1
106.560	2235	3	1
106.654	2236	1	1
106.654	2237	3	1
106.748	2238	1	1
106.748	2239	3	1
106.842	2240	3	1
106.842	2241	4	1
106.935	2242	3	1
106.935	2243	4	1
107.029	2244	3	1
107.029	2245	4	1
107.123	2246	3	1
107.123	2247	4	1
107.217	2248	2	1
107.217	2249	4	1
107.310	2250	2	1
107.310	2251	4	1
107.404	2252	2	1
107.404	2253	4	1
107.498	2254	2	1
107.498	2255	4	1
107.592	2256	1	1
107.638	2257	3	1
107.685	2258	2	1
107.732	2259	3	1
107.779	2260	1	1
107.826	2261	4	1
107.873	2262	2	1
107.920	2263	1	1
107.967	2264	3	1
108.013	2265	4	1
108.060	2266	3	1
108.107	2267	2	1
108.154	2268	4	1
108.201	2269	1	1
108.248	2270	3	1
108.295	2271	1	1
108.342	2272	4	1
108.388	2273	2	1
108.435	2274	4	1
108.482	2275	1	1
108.529	2276	2	1
108.576	2277	1	1
108.623	2278	4	1
108.670	2279	3	1
108.717	2280	4	1
108.763	2281	2	1
108.810	2282	3	1
108.857	2283	1	1
108.904	2284	2	1
108.951	2285	1	1
108.998	2286	3	1
109.045	2287	2	1
109.092	2288	4	2
113.592	2289	1	2
114.998	2290	1	3
114.998	2291	4	3
115.092	2292	1	2
115.092	2293	2	2
115.092	2294	3	2
115.092	2295	4	2
115.185	2296	1	3
115.279	2297	2	3
115.373	2298	3	3
115.467	2299	1	1
115.467	2300	2	1
115.467	2301	3	1
115.467	2302	4	3
115.560	2303	3	1
115.560	2304	4	1
115.654	2305	1	1
115.654	2306	4	1
115.748	2307	2	1
115.748	2308	4	1
115.842	2309	1	1
115.842	2310	2	1
115.842	2311	3	1
115.935	2312	3	1
115.935	2313	4	1
116.029	2314	2	1
116.029	2315	4	1
116.123	2316	1	1
116.123	2317	4	1
116.217	2318	2	1
116.217	2319	3	1
116.263	2320	1	1
116.310	2321	3	2
116.404	2322	1	1
116.404	2323	4	1
116.498	2324	2	1
116.498	2325	4	1
116.498	2326	3	3
116.592	2327	1	1
116.592	2328	2	1
116.592	2329	3	2
116.779	2330	1	1
116.779	2331	3	3
116.802	2332	2	1
116.826	2333	4	1
116.873	2334	1	1
116.873	2335	3	2
116.967	2336	2	1
116.967	2337	4	1
116.967	2338	3	3
117.060	2339	1	1
117.060	2340	2	1
117.154	2341	1	1
117.154	2342	3	2
117.248	2343	1	1
117.248	2344	4	1
117.248	2345	3	3
117.342	2346	2	1
117.342	2347	3	1
117.342	2348	4	1
117.435	2349	1	1
117.435	2350	3	2
117.529	2351	1	1
117.529	2352	4	1
117.529	2353	3	3
117.623	2354	1	1
117.623	2355	2	1
117.717	2356	2	1
117.717	2357	3	2
117.717	2358	4	1
117.810	2359	1	1
117.810	2360	4	1
117.810	2361	3	3
117.904	2362	1	1
117.904	2363	3	1
117.998	2364	1	1
117.998	2365	2	1
118.092	2366	2	1
118.092	2367	3	1
118.092	2368	4	1
118.185	2369	3	2
118.232	2370	4	2
118.279	2371	2	2
118.373	2372	2	3
118.373	2373	3	3
118.373	2374	4	3
118.467	2375	2	1
118.467	2376	3	1
118.467	2377	4	1
118.513	2378	1	1
118.560	2379	3	1
118.560	2380	4	1
118.654	2381	3	1
118.654	2382	4	1
118.748	2383	1	1
118.771	2384	4	1
118.842	2385	1	1
118.842	2386	2	1
118.842	2387	3	1
118.935	2388	2	1
118.935	2389	3	1
119.029	2390	3	1
119.052	2391	2	1
119.123	2392	1	1
119.123	2393	3	1
119.217	2394	1	1
119.217	2395	2	1
119.217	2396	4	1
119.310	2397	2	1
119.310	2398	4	1
119.404	2399	2	1
119.404	2400	4	1
119.498	2401	2	2
119.498	2402	4	1
119.592	2403	1	1
119.592	2404	3	1
119.592	2405	4	1
119.592	2406	2	3
119.779	2407	2	2
119.779	2408	4	1
119.802	2409	3	1
119.826	2410	1	1
119.873	2411	4	1
119.873	2412	2	3
119.967	2413	1	1
119.967	2414	2	1
119.967	2415	3	1
120.060	2416	3	1
120.060	2417	4	1
120.107	2418	1	1
120.154	2419	2	1
120.154	2420	4	1
120.201	2421	1	1
120.248	2422	3	1
120.248	2423	4	1
120.342	2424	1	1
120.342	2425	2	1
120.342	2426	3	1
120.435	2427	2	1
120.435	2428	4	1
120.529	2429	1	1
120.529	2430	4	1
120.623	2431	2	1
120.623	2432	4	1
120.717	2433	1	1
120.717	2434	2	1
120.763	2435	4	1
120.810	2436	3	1
120.857	2437	4	1
120.904	2438	2	1
120.951	2439	3	1
120.998	2440	1	1
121.021	2441	2	1
121.092	2442	1	2
121.092	2443	3	2
121.092	2444	4	2
121.373	2445	1	3
121.373	2446	3	3
121.373	2447	4	3
121.467	2448	1	1
121.467	2449	2	1
121.467	2450	3	1
121.560	2451	1	2
121.560	2452	4	1
121.654	2453	2	1
121.654	2454	4	1
121.748	2455	3	1
121.748	2456	4	1
121.748	2457	1	3
121.842	2458	2	1
121.842	2459	3	1
121.888	2460	1	1
121.935	2461	4	1
122.029	2462	1	1
122.029	2463	4	1
122.052	2464	2	1
122.123	2465	3	1
122.123	2466	4	1
122.217	2467	1	1
122.217	2468	2	1
122.263	2469	3	1
122.310	2470	4	1
122.404	2471	2	1
122.404	2472	4	1
122.451	2473	1	1
122.498	2474	4	1
122.592	2475	1	1
122.592	2476	2	1
122.638	2477	3	1
122.685	2478	2	1
122.732	2479	3	1
122.779	2480	4	1
122.802	2481	2	1
122.826	2482	1	1
122.873	2483	4	1
122.967	2484	1	1
122.967	2485	2	2
122.967	2486	3	1
123.060	2487	3	2
123.060	2488	4	1
123.154	2489	1	1
123.154	2490	4	2
123.154	2491	2	3
123.154	2492	3	3
123.248	2493	2	2
123.248	2494	3	1
123.248	2495	4	3
123.342	2496	1	2
123.342	2497	3	1
123.342	2498	4	1
123.342	2499	2	3
123.435	2500	2	1
123.529	2501	2	1
123.623	2502	2	1
123.623	2503	1	3
123.717	2504	1	1
123.717	2505	3	1
123.717	2506	4	1
123.810	2507	1	1
123.810	2508	3	1
123.904	2509	4	1
123.935	2510	2	1
123.967	2511	3	1
123.998	2512	1	1
124.045	2513	2	1
124.092	2514	3	1
124.092	2515	4	1
124.138	2516	1	1
124.185	2517	4	1
124.232	2518	2	1
124.279	2519	1	1
124.279	2520	3	1
124.373	2521	1	1
124.373	2522	3	1
124.467	2523	2	1
124.467	2524	3	1
124.467	2525	4	2
124.560	2526	1	1
124.560	2527	2	1
124.560	2528	4	3
124.654	2529	1	1
124.654	2530	3	1
124.748	2531	1	2
124.748	2532	4	1
124.842	2533	2	1
124.842	2534	3	1
124.842	2535	4	1
124.842	2536	1	3
124.935	2537	1	1
124.935	2538	2	1
125.029	2539	1	1
125.029	2540	4	2
125.123	2541	1	1
125.123	2542	3	1
125.123	2543	4	3
125.217	2544	2	1
125.217	2545	3	1
125.217	2546	4	1
125.310	2547	1	1
125.310	2548	2	2
125.404	2549	1	1
125.404	2550	3	1
125.404	2551	2	3
125.498	2552	1	1
125.498	2553	4	1
125.592	2554	2	1
125.592	2555	3	2
125.592	2556	4	1
125.685	2557	3	3
125.779	2558	4	1
125.802	2559	2	1
125.826	2560	1	1
125.873	2561	4	2
125.967	2562	1	1
125.967	2563	2	1
125.967	2564	3	1
125.967	2565	4	3
126.060	2566	3	1
126.060	2567	4	1
126.154	2568	1	2
126.154	2569	4	1
126.248	2570	2	1
126.248	2571	4	1
126.248	2572	1	3
126.342	2573	1	1
126.342	2574	2	1
126.342	2575	3	1
126.435	2576	3	2
126.435	2577	4	1
126.529	2578	1	1
126.529	2579	4	1
126.529	2580	3	3
126.623	2581	2	1
126.623	2582	4	1
126.717	2583	1	1
126.717	2584	2	2
126.717	2585	3	1
126.810	2586	4	2
126.810	2587	2	3
126.857	2588	3	2
126.904	2589	1	2
126.998	2590	1	3
126.998	2591	3	3
126.998	2592	4	3
127.092	2593	1	2
127.092	2594	2	1
127.092	2595	3	2
127.092	2596	4	2
127.185	2597	2	2
127.185	2598	1	3
127.185	2599	4	3
127.279	2600	1	2
127.279	2601	4	2
127.373	2602	1	3
127.373	2603	2	3
127.373	2604	3	3
127.373	2605	4	3
127.467	2606	2	1
127.467	2607	3	1
127.467	2608	4	1
127.560	2609	1	1
127.560	2610	4	2
127.654	2611	1	1
127.654	2612	3	1
127.748	2613	1	1
127.748	2614	2	1
127.748	2615	4	3
127.842	2616	2	1
127.842	2617	3	1
127.842	2618	4	1
127.935	2619	1	1
127.935	2620	3	2
128.029	2621	1	1
128.029	2622	4	1
128.029	2623	3	3
128.123	2624	1	1
128.123	2625	2	1
128.217	2626	2	1
128.217	2627	3	2
128.217	2628	4	1
128.310	2629	1	1
128.310	2630	4	1
128.404	2631	1	1
128.404	2632	2	2
128.498	2633	1	1
128.498	2634	4	1
128.498	2635	2	3
128.498	2636	3	3
128.592	2637	2	1
128.592	2638	3	2
128.592	2639	4	2
128.685	2640	3	3
128.685	2641	4	3
128.779	2642	4	1
128.802	2643	3	1
128.826	2644	1	1
128.873	2645	4	1
128.967	2646	1	1
128.967	2647	2	1
128.967	2648	3	1
129.060	2649	3	2
129.060	2650	4	1
129.154	2651	1	1
129.154	2652	4	1
129.154	2653	3	3
129.248	2654	2	1
129.248	2655	4	2
129.342	2656	1	1
129.342	2657	2	1
129.342	2658	3	1
129.342	2659	4	3
129.435	2660	1	2
129.435	2661	4	1
129.529	2662	3	1
129.529	2663	4	1
129.623	2664	2	1
129.623	2665	4	1
129.623	2666	1	3
129.717	2667	1	1
129.717	2668	2	2
129.717	2669	3	1
129.810	2670	3	1
129.810	2671	4	1
129.904	2672	1	2
129.904	2673	4	1
129.998	2674	4	1
129.998	2675	1	3
129.998	2676	2	3
130.092	2677	1	1
130.092	2678	2	1
130.092	2679	3	1
130.279	2680	4	1
130.310	2681	1	1
130.342	2682	3	1
130.373	2683	2	1
130.467	2684	1	1
130.467	2685	3	1
130.467	2686	4	1
130.560	2687	2	1
130.560	2688	3	1
130.654	2689	2	1
130.654	2690	3	1
130.748	2691	2	1
130.748	2692	4	1
130.842	2693	1	1
130.842	2694	3	1
130.842	2695	4	1
130.935	2696	2	1
130.935	2697	3	1
131.029	2698	1	1
131.029	2699	2	1
131.123	2700	2	1
131.123	2701	3	1
131.217	2702	1	1
131.217	2703	3	1
131.217	2704	4	1
131.310	2705	2	1
131.310	2706	4	1
131.404	2707	2	1
131.404	2708	3	1
131.498	2709	2	1
131.498	2710	3	1
131.592	2711	1	1
131.592	2712	3	1
131.592	2713	4	1
131.685	2714	1	1
131.685	2715	4	1
131.779	2716	2	1
131.873	2717	1	1
131.873	2718	3	1
131.873	2719	4	1
131.967	2720	1	1
131.967	2721	4	1
132.060	2722	3	1
132.154	2723	1	1
132.154	2724	2	1
132.154	2725	4	1
132.248	2726	1	1
132.248	2727	4	1
132.342	2728	2	1
132.435	2729	1	1
132.435	2730	3	1
132.435	2731	4	1
132.529	2732	1	1
132.529	2733	4	1
132.623	2734	3	1
132.717	2735	1	1
132.717	2736	2	1
132.763	2737	3	1
132.763	2738	4	1
132.810	2739	1	1
132.810	2740	2	1
132.904	2741	1	1
132.904	2742	2	1
133.092	2743	1	1
133.092	2744	3	1
133.092	2745	4	1
133.185	2746	4	1
133.279	2747	1	1
133.279	2748	2	1
133.373	2749	2	1
133.373	2750	3	1
133.373	2751	4	1
133.467	2752	4	1
133.560	2753	1	1
133.560	2754	2	1
133.654	2755	1	1
133.654	2756	3	1
133.654	2757	4	1
133.748	2758	3	1
133.842	2759	1	1
133.842	2760	2	1
133.842	2761	4	1
133.935	2762	1	1
134.029	2763	3	1
134.029	2764	4	1
134.123	2765	1	1
134.123	2766	2	1
134.123	2767	3	1
134.217	2768	1	1
134.310	2769	3	1
134.310	2770	4	1
134.404	2771	1	1
134.404	2772	2	1
134.404	2773	4	1
134.498	2774	2	1
134.592	2775	1	1
134.592	2776	3	1
134.592	2777	4	1
134.685	2778	4	1
134.779	2779	1	1
134.779	2780	2	1
134.873	2781	2	1
134.873	2782	3	1
134.873	2783	4	1
134.967	2784	4	1
135.060	2785	1	1
135.060	2786	2	1
135.154	2787	1	1
135.154	2788	3	1
135.154	2789	4	1
135.248	2790	3	1
135.342	2791	1	1
135.342	2792	2	1
135.342	2793	4	1
135.435	2794	1	1
135.529	2795	3	1
135.529	2796	4	1
135.623	2797	1	1
135.623	2798	2	1
135.623	2799	3	1
135.717	2800	1	1
135.810	2801	3	1
135.810	2802	4	1
135.904	2803	1	1
135.904	2804	2	1
135.904	2805	4	1
135.998	2806	2	1
136.092	2807	1	1
136.092	2808	3	1
136.092	2809	4	1
136.185	2810	3	1
136.185	2811	4	1
136.279	2812	2	1
136.279	2813	4	1
136.373	2814	2	1
136.373	2815	4	1
136.467	2816	1	1
136.467	2817	2	1
136.560	2818	1	1
136.560	2819	2	1
136.654	2820	1	1
136.654	2821	3	1
136.748	2822	1	1
136.748	2823	3	1
136.842	2824	3	1
136.842	2825	4	1
136.888	2826	2	1
136.935	2827	4	1
136.982	2828	1	1
137.029	2829	3	1
137.076	2830	4	1
137.123	2831	2	1
137.170	2832	3	1
137.217	2833	2	1
137.263	2834	1	1
137.310	2835	4	1
137.357	2836	2	1
137.404	2837	3	1
137.451	2838	1	1
137.498	2839	3	1
137.545	2840	4	1
137.592	2841	2	2
137.779	2842	3	2
137.873	2843	2	3
137.873	2844	3	3
137.967	2845	2	2
138.154	2846	3	2
138.201	2847	1	1
138.248	2848	4	1
138.248	2849	2	3
138.248	2850	3	3
138.295	2851	1	1
138.342	2852	2	2
138.342	2853	3	1
138.435	2854	3	1
138.623	2855	3	1
138.623	2856	2	3
138.717	2857	2	1
138.763	2858	4	1
138.810	2859	2	1
138.904	2860	2	1
138.998	2861	2	1
139.092	2862	3	2
139.092	2863	4	2
139.138	2864	1	2
139.185	2865	3	3
139.279	2866	2	1
139.279	2867	3	1
139.279	2868	1	3
139.279	2869	4	3
139.373	2870	1	1
139.373	2871	3	2
139.467	2872	1	1
139.467	2873	2	1
139.467	2874	4	1
139.467	2875	3	3
139.560	2876	2	1
139.560	2877	4	1
139.654	2878	1	2
139.677	2879	3	2
139.748	2880	2	1
139.748	2881	1	3
139.748	2882	3	3
139.842	2883	3	2
139.842	2884	4	1
139.888	2885	1	2
139.935	2886	4	1
139.935	2887	3	3
140.029	2888	2	1
140.029	2889	3	1
140.029	2890	1	3
140.123	2891	1	1
140.123	2892	3	2
140.217	2893	1	1
140.217	2894	2	1
140.217	2895	4	1
140.217	2896	3	3
140.310	2897	2	1
140.310	2898	4	1
140.404	2899	1	2
140.427	2900	3	2
140.498	2901	2	1
140.498	2902	1	3
140.498	2903	3	3
140.592	2904	1	1
140.592	2905	4	2
140.638	2906	3	2
140.685	2907	1	1
140.685	2908	4	3
140.779	2909	2	1
140.779	2910	4	1
140.779	2911	3	3
140.873	2912	1	1
140.873	2913	2	2
140.967	2914	1	1
140.967	2915	3	1
140.967	2916	4	1
140.967	2917	2	3
141.060	2918	3	1
141.060	2919	4	1
141.154	2920	2	2
141.177	2921	1	2
141.248	2922	3	1
141.248	2923	1	3
141.248	2924	2	3
141.342	2925	1	2
141.342	2926	4	1
141.388	2927	2	2
141.435	2928	4	1
141.435	2929	1	3
141.529	2930	1	1
141.529	2931	3	1
141.529	2932	2	3
141.623	2933	1	1
141.623	2934	3	1
141.717	2935	3	1
141.717	2936	4	2
141.763	2937	2	2
141.810	2938	1	1
141.834	2939	4	3
141.857	2940	2	3
141.904	2941	1	2
141.951	2942	3	2
141.998	2943	4	1
142.021	2944	1	3
142.045	2945	3	3
142.092	2946	1	2
142.092	2947	2	2
142.138	2948	4	2
142.185	2949	2	3
142.279	2950	2	1
142.279	2951	3	1
142.279	2952	1	3
142.279	2953	4	3
142.373	2954	2	2
142.373	2955	4	1
142.467	2956	1	1
142.467	2957	3	1
142.467	2958	4	1
142.467	2959	2	3
142.560	2960	1	1
142.560	2961	3	1
142.654	2962	4	2
142.677	2963	2	2
142.748	2964	3	1
142.748	2965	2	3
142.748	2966	4	3
142.842	2967	1	1
142.842	2968	2	2
142.888	2969	4	2
142.935	2970	1	1
142.935	2971	2	3
143.029	2972	2	1
143.029	2973	3	1
143.029	2974	4	3
143.123	2975	2	2
143.123	2976	4	1
143.217	2977	1	1
143.217	2978	3	1
143.217	2979	4	1
143.217	2980	2	3
143.310	2981	1	1
143.310	2982	3	1
143.404	2983	4	2
143.427	2984	2	2
143.498	2985	3	1
143.498	2986	2	3
143.498	2987	4	3
143.592	2988	1	2
143.592	2989	4	1
143.638	2990	2	2
143.685	2991	4	1
143.685	2992	1	3
143.779	2993	1	1
143.779	2994	3	1
143.779	2995	2	3
143.873	2996	3	2
143.873	2997	4	1
143.967	2998	1	1
143.967	2999	2	1
143.967	3000	4	1
143.967	3001	3	3
144.060	3002	1	1
144.060	3003	2	1
144.154	3004	3	2
144.177	3005	4	2
144.248	3006	2	1
144.248	3007	3	3
144.248	3008	4	3
144.342	3009	1	1
144.342	3010	4	2
144.365	3011	3	2
144.388	3012	2	2
144.435	3013	1	1
144.459	3014	2	3
144.482	3015	3	3
144.506	3016	4	3
144.529	3017	2	1
144.552	3018	3	1
144.576	3019	4	1
144.623	3020	1	1
144.717	3021	1	2
144.717	3022	4	1
144.740	3023	2	2
144.763	3024	3	2
144.810	3025	4	1
144.834	3026	3	3
144.857	3027	2	3
144.881	3028	1	3
144.904	3029	3	2
144.927	3030	2	2
144.951	3031	1	2
144.998	3032	4	1
145.021	3033	1	3
145.021	3034	2	3
145.021	3035	3	3
145.092	3036	1	2
145.092	3037	2	2
145.092	3038	3	2
145.138	3039	4	2
145.185	3040	2	3
145.185	3041	3	3
145.279	3042	2	1
145.279	3043	3	1
145.279	3044	1	3
145.279	3045	4	3
145.373	3046	2	2
145.373	3047	4	1
145.467	3048	1	1
145.467	3049	3	1
145.467	3050	4	1
145.467	3051	2	3
145.560	3052	1	1
145.560	3053	3	1
145.654	3054	4	2
145.677	3055	2	2
145.748	3056	3	1
145.748	3057	2	3
145.748	3058	4	3
145.842	3059	1	1
145.842	3060	2	2
145.888	3061	4	2
145.935	3062	1	1
145.935	3063	2	3
146.029	3064	2	1
146.029	3065	3	1
146.029	3066	4	3
146.123	3067	2	2
146.123	3068	4	1
146.217	3069	1	1
146.217	3070	3	1
146.217	3071	4	1
146.217	3072	2	3
146.310	3073	1	1
146.310	3074	3	1
146.404	3075	4	2
146.427	3076	2	2
146.498	3077	3	1
146.498	3078	2	3
146.498	3079	4	3
146.592	3080	1	2
146.592	3081	4	1
146.638	3082	2	2
146.685	3083	4	1
146.685	3084	1	3
146.779	3085	1	1
146.779	3086	3	1
146.779	3087	2	3
146.873	3088	3	2
146.873	3089	4	1
146.967	3090	1	1
146.967	3091	2	1
146.967	3092	4	1
146.967	3093	3	3
147.060	3094	1	1
147.060	3095	2	1
147.154	3096	3	2
147.177	3097	4	2
147.248	3098	2	1
147.248	3099	3	3
147.248	3100	4	3
147.342	3101	1	1
147.342	3102	4	2
147.388	3103	3	2
147.435	3104	1	1
147.435	3105	4	3
147.529	3106	2	1
147.529	3107	4	1
147.529	3108	3	3
147.623	3109	2	1
147.623	3110	4	1
147.717	3111	1	2
147.717	3112	2	1
147.763	3113	3	2
147.810	3114	4	1
147.834	3115	1	3
147.857	3116	3	3
147.904	3117	4	2
147.951	3118	2	2
147.998	3119	1	1
148.021	3120	4	3
148.045	3121	2	3
148.092	3122	3	2
148.092	3123	4	2
148.138	3124	1	2
148.185	3125	3	3
148.279	3126	2	1
148.279	3127	3	1
148.279	3128	1	3
148.279	3129	4	3
148.373	3130	1	1
148.373	3131	3	2
148.467	3132	1	1
148.467	3133	2	1
148.467	3134	4	1
148.467	3135	3	3
148.560	3136	2	1
148.560	3137	4	1
148.654	3138	1	2
148.677	3139	3	2
148.748	3140	2	1
148.748	3141	1	3
148.748	3142	3	3
148.842	3143	3	2
148.842	3144	4	1
148.888	3145	1	2
148.935	3146	3	3
149.029	3147	2	1
149.029	3148	3	1
149.029	3149	4	1
149.029	3150	1	3
149.123	3151	3	2
149.217	3152	1	1
149.217	3153	2	1
149.217	3154	3	3
149.310	3155	2	1
149.404	3156	1	2
149.404	3157	4	1
149.427	3158	3	2
149.498	3159	1	3
149.498	3160	3	3
149.592	3161	1	1
149.592	3162	2	1
149.592	3163	4	2
149.638	3164	3	2
149.685	3165	4	3
149.779	3166	2	1
149.779	3167	4	1
149.779	3168	3	3
149.826	3169	1	1
149.873	3170	4	1
149.920	3171	1	1
149.967	3172	2	1
149.967	3173	3	1
150.013	3174	4	1
150.060	3175	3	1
150.107	3176	4	1
150.154	3177	1	1
150.154	3178	2	1
150.248	3179	1	1
150.248	3180	2	1
150.342	3181	3	1
150.342	3182	4	1
150.467	3183	3	1
150.498	3184	2	1
150.592	3185	2	1
150.623	3186	1	1
150.717	3187	4	1
150.748	3188	3	1
150.842	3189	3	1
150.873	3190	2	1
150.967	3191	2	1
150.998	3192	1	1
151.092	3193	1	1
151.092	3194	3	2
151.092	3195	4	2
151.154	3196	4	3
151.217	3197	4	1
151.342	3198	1	2
151.342	3199	4	2
151.342	3200	3	3
151.404	3201	1	3
151.467	3202	1	1
151.467	3203	2	1
151.467	3204	3	1
151.467	3205	4	3
151.592	3206	3	2
151.592	3207	4	1
151.717	3208	1	1
151.717	3209	2	2
151.779	3210	2	3
151.779	3211	3	3
151.842	3212	1	1
151.842	3213	3	2
151.842	3214	4	2
151.904	3215	4	3
151.967	3216	4	1
152.092	3217	1	2
152.092	3218	4	2
152.092	3219	3	3
152.154	3220	1	3
152.217	3221	1	1
152.217	3222	2	1
152.217	3223	3	1
152.217	3224	4	3
152.342	3225	3	2
152.342	3226	4	1
152.467	3227	2	2
152.467	3228	4	1
152.529	3229	2	3
152.529	3230	3	3
152.592	3231	1	2
152.592	3232	2	2
152.592	3233	4	1
152.654	3234	1	3
152.717	3235	1	1
152.842	3236	1	2
152.842	3237	4	2
152.842	3238	2	3
152.904	3239	4	3
152.967	3240	2	1
152.967	3241	3	1
152.967	3242	4	1
152.967	3243	1	3
153.092	3244	1	1
153.092	3245	2	2
153.217	3246	3	2
153.217	3247	4	1
153.279	3248	2	3
153.279	3249	3	3
153.342	3250	1	2
153.342	3251	2	2
153.342	3252	4	1
153.404	3253	1	3
153.467	3254	1	1
153.592	3255	1	2
153.592	3256	4	2
153.592	3257	2	3
153.654	3258	4	3
153.717	3259	2	1
153.717	3260	3	1
153.717	3261	4	1
153.717	3262	1	3
153.842	3263	1	1
153.842	3264	2	2
153.967	3265	1	1
153.967	3266	3	2
154.029	3267	2	3
154.029	3268	3	3
154.092	3269	1	1
154.092	3270	2	1
154.092	3271	4	1
154.217	3272	2	1
154.217	3273	3	2
154.217	3274	4	1
154.342	3275	1	2
154.404	3276	1	3
154.404	3277	3	3
154.467	3278	1	2
154.467	3279	2	2
154.467	3280	3	2
154.467	3281	4	2
154.529	3282	4	3
154.592	3283	4	1
154.592	3284	3	3
154.654	3285	2	3
154.717	3286	2	1
154.717	3287	1	3
154.842	3288	1	2
154.842	3289	3	1
154.842	3290	4	1
155.092	3291	3	1
155.092	3292	4	2
155.092	3293	1	3
155.154	3294	2	1
155.154	3295	4	3
155.217	3296	1	2
155.217	3297	3	2
155.217	3298	4	2
155.279	3299	1	3
155.342	3300	1	1
155.404	3301	3	3
155.467	3302	3	1
155.467	3303	4	3
155.592	3304	1	2
155.592	3305	2	1
155.592	3306	3	2
155.592	3307	4	2
155.717	3308	2	1
155.717	3309	1	3
155.717	3310	3	3
155.717	3311	4	3
155.842	3312	1	2
155.842	3313	2	2
155.842	3314	3	1
155.842	3315	4	2
155.967	3316	3	1
155.967	3317	1	3
155.967	3318	2	3
155.967	3319	4	3
156.092	3320	1	2
156.092	3321	2	2
156.092	3322	3	2
156.092	3323	4	1
156.217	3324	4	1
156.217	3325	1	3
156.217	3326	2	3
156.217	3327	3	3
156.342	3328	1	1
156.342	3329	2	1
156.435	3330	1	1
156.529	3331	2	2
156.717	3332	3	2
156.998	3333	2	3
156.998	3334	3	3
157.092	3335	1	1
157.092	3336	2	1
157.092	3337	4	2
157.185	3338	1	1
157.185	3339	2	1
157.279	3340	2	1
157.279	3341	4	3
157.373	3342	1	1
157.373	3343	3	2
157.373	3344	4	2
157.467	3345	1	1
157.467	3346	3	3
157.467	3347	4	3
157.560	3348	3	1
157.560	3349	4	1
157.654	3350	2	1
157.654	3351	3	1
157.748	3352	1	1
157.748	3353	2	1
157.842	3354	1	2
157.842	3355	3	1
157.842	3356	4	1
157.935	3357	3	1
157.935	3358	4	1
158.029	3359	3	1
158.029	3360	1	3
158.123	3361	1	2
158.123	3362	2	2
158.123	3363	4	1
158.217	3364	1	3
158.217	3365	2	3
158.310	3366	3	1
158.404	3367	2	1
158.427	3368	3	1
158.592	3369	1	1
158.592	3370	2	1
158.592	3371	4	2
158.638	3372	3	1
158.685	3373	1	1
158.685	3374	2	1
158.685	3375	4	3
158.779	3376	2	1
158.779	3377	4	1
158.873	3378	1	1
158.873	3379	3	2
158.873	3380	4	2
158.967	3381	1	1
158.967	3382	3	3
158.967	3383	4	3
159.060	3384	3	1
159.060	3385	4	1
159.154	3386	2	1
159.154	3387	3	1
159.248	3388	1	1
159.248	3389	2	1
159.342	3390	1	2
159.342	3391	3	1
159.342	3392	4	1
159.435	3393	3	1
159.529	3394	2	1
159.529	3395	4	1
159.529	3396	1	3
159.623	3397	1	1
159.623	3398	4	1
159.717	3399	2	1
159.810	3400	2	2
159.904	3401	3	2
159.998	3402	2	3
159.998	3403	3	3
160.092	3404	1	1
160.092	3405	3	1
160.092	3406	4	1
160.138	3407	2	1
160.185	3408	3	1
160.185	3409	4	1
160.232	3410	1	1
160.279	3411	4	1
160.326	3412	2	1
160.373	3413	1	1
160.373	3414	3	1
160.420	3415	4	1
160.467	3416	1	1
160.513	3417	2	1
160.560	3418	3	1
160.560	3419	4	1
160.607	3420	1	1
160.654	3421	2	1
160.654	3422	3	1
160.701	3423	1	1
160.748	3424	3	1
160.748	3425	4	1
160.795	3426	2	1
160.842	3427	1	1
160.842	3428	4	1
160.888	3429	3	1
160.935	3430	1	1
160.935	3431	2	1
160.982	3432	4	1
161.029	3433	1	1
161.076	3434	3	1
161.123	3435	2	1
161.123	3436	4	1
161.170	3437	1	1
161.217	3438	3	1
161.217	3439	4	1
161.263	3440	1	1
161.310	3441	2	1
161.310	3442	3	1
161.357	3443	4	1
161.404	3444	1	1
161.404	3445	2	1
161.451	3446	3	1
161.498	3447	1	1
161.498	3448	2	1
161.545	3449	4	1
161.592	3450	3	2
161.615	3451	2	2
161.685	3452	1	1
161.685	3453	3	3
161.779	3454	1	1
161.779	3455	2	3
161.873	3456	1	1
161.873	3457	4	2
161.896	3458	3	2
161.967	3459	2	1
161.967	3460	4	3
162.060	3461	1	1
162.060	3462	3	3
162.154	3463	1	1
162.154	3464	3	2
162.177	3465	2	2
162.248	3466	1	1
162.248	3467	3	3
162.342	3468	4	2
162.342	3469	2	3
162.365	3470	3	2
162.435	3471	1	1
162.435	3472	4	3
162.482	3473	3	3
162.529	3474	1	1
162.529	3475	4	2
162.552	3476	3	2
162.623	3477	1	1
162.623	3478	4	3
162.717	3479	2	1
162.717	3480	3	3
162.763	3481	4	1
162.810	3482	3	1
162.857	3483	1	1
162.904	3484	3	1
162.951	3485	4	1
162.998	3486	2	1
163.045	3487	3	1
163.092	3488	1	1
163.092	3489	2	1
163.092	3490	4	1
163.279	3491	3	1
163.310	3492	1	1
163.342	3493	2	1
163.654	3494	3	1
163.685	3495	1	1
163.717	3496	2	1
163.748	3497	3	1
163.748	3498	4	1
164.029	3499	3	1
164.060	3500	1	1
164.092	3501	2	1
164.404	3502	3	1
164.435	3503	1	1
164.467	3504	2	1
164.498	3505	4	1
164.592	3506	1	1
164.592	3507	4	1
164.873	3508	4	1
164.967	3509	1	1
164.967	3510	2	1
165.154	3511	2	1
165.248	3512	2	1
165.342	3513	3	1
165.342	3514	4	1
165.529	3515	1	1
165.623	3516	4	1
165.717	3517	2	1
165.717	3518	3	1
165.810	3519	2	1
165.904	3520	1	2
165.904	3521	3	1
165.967	3522	2	2
165.967	3523	1	3
166.029	3524	1	2
166.029	3525	2	3
166.092	3526	2	1
166.092	3527	3	2
166.092	3528	1	3
166.123	3529	4	2
166.279	3530	3	3
166.373	3531	3	2
166.373	3532	4	3
166.467	3533	3	3
166.654	3534	2	2
166.748	3535	4	1
166.748	3536	2	3
166.842	3537	1	2
166.842	3538	4	1
166.967	3539	3	2
167.029	3540	4	1
167.029	3541	1	3
167.123	3542	2	2
167.123	3543	3	3
167.217	3544	1	1
167.217	3545	4	1
167.217	3546	2	3
167.310	3547	1	1
167.342	3548	3	2
167.404	3549	2	1
167.498	3550	2	1
167.498	3551	3	3
167.592	3552	3	1
167.592	3553	4	1
167.779	3554	2	2
167.810	3555	1	2
167.967	3556	2	3
167.998	3557	1	3
168.060	3558	2	1
168.107	3559	1	1
168.154	3560	2	1
168.248	3561	4	1
168.342	3562	1	1
168.342	3563	4	1
168.529	3564	3	2
168.576	3565	4	2
168.623	3566	2	1
168.623	3567	3	3
168.717	3568	1	1
168.717	3569	3	1
168.810	3570	1	1
168.810	3571	4	3
168.904	3572	2	2
168.904	3573	3	1
168.951	3574	2	3
168.998	3575	3	1
169.092	3576	1	1
169.092	3577	2	1
169.373	3578	1	1
169.373	3579	4	1
169.654	3580	2	1
169.748	3581	4	1
169.842	3582	1	1
169.842	3583	4	1
170.029	3584	2	1
170.029	3585	3	1
170.123	3586	2	1
170.217	3587	3	1
170.217	3588	4	1
170.498	3589	4	1
170.592	3590	1	1
170.592	3591	2	1
170.873	3592	2	1
170.967	3593	1	1
170.967	3594	4	1
171.154	3595	1	1
171.248	3596	4	1
171.342	3597	2	1
171.342	3598	4	1
171.529	3599	2	1
171.552	3600	3	1
171.623	3601	2	2
171.717	3602	1	2
171.717	3603	2	3
171.810	3604	3	1
171.904	3605	2	1
171.998	3606	3	1
171.998	3607	1	3
172.045	3608	4	1
172.092	3609	1	1
172.092	3610	2	1
172.217	3611	2	1
172.342	3612	2	1
172.467	3613	1	2
172.654	3614	4	1
172.748	3615	3	1
172.748	3616	1	3
172.795	3617	4	1
172.842	3618	1	1
172.842	3619	2	1
173.029	3620	4	1
173.123	3621	2	1
173.217	3622	3	1
173.217	3623	4	1
173.310	3624	4	1
173.404	3625	2	1
173.404	3626	3	1
173.498	3627	2	1
173.592	3628	1	1
173.592	3629	3	1
173.756	3630	4	1
173.779	3631	2	1
173.826	3632	3	1
173.873	3633	4	2
173.967	3634	1	1
174.060	3635	3	2
174.060	3636	4	3
174.154	3637	4	2
174.154	3638	3	3
174.248	3639	2	2
174.248	3640	4	3
174.295	3641	1	2
174.342	3642	3	1
174.342	3643	4	1
174.342	3644	1	3
174.342	3645	2	3
174.529	3646	2	1
174.529	3647	3	1
174.623	3648	3	1
174.717	3649	2	1
174.717	3650	4	1
174.810	3651	2	1
174.904	3652	1	1
174.904	3653	3	1
174.998	3654	3	1
175.092	3655	1	2
175.092	3656	2	1
175.092	3657	4	1
175.185	3658	4	2
175.232	3659	1	3
175.279	3660	4	3
175.373	3661	2	1
175.467	3662	3	1
175.654	3663	2	1
175.748	3664	4	1
175.842	3665	1	1
175.842	3666	3	1
176.029	3667	2	1
176.029	3668	3	1
176.123	3669	4	1
176.217	3670	1	1
176.217	3671	2	1
176.498	3672	4	1
176.592	3673	1	2
176.592	3674	2	1
176.685	3675	3	2
176.685	3676	1	3
176.779	3677	3	3
176.873	3678	2	2
176.967	3679	1	1
176.967	3680	4	1
176.967	3681	2	3
177.154	3682	2	1
177.154	3683	3	2
177.248	3684	2	1
177.248	3685	3	3
177.342	3686	3	1
177.342	3687	4	2
177.435	3688	4	3
177.529	3689	1	1
177.529	3690	3	1
177.623	3691	3	2
177.717	3692	2	1
177.717	3693	4	1
177.717	3694	3	3
177.810	3695	4	1
177.904	3696	2	2
177.904	3697	3	1
177.998	3698	3	1
177.998	3699	2	3
178.092	3700	1	2
178.092	3701	2	1
178.138	3702	3	1
178.185	3703	4	2
178.232	3704	1	3
178.279	3705	4	3
178.373	3706	2	1
178.467	3707	3	1
178.654	3708	2	1
178.748	3709	4	1
178.842	3710	1	1
178.842	3711	3	1
179.029	3712	2	1
179.029	3713	4	1
179.123	3714	2	1
179.217	3715	3	1
179.217	3716	4	1
179.310	3717	3	1
179.404	3718	1	1
179.404	3719	2	1
179.498	3720	2	1
179.592	3721	1	2
179.592	3722	3	1
179.685	3723	3	2
179.685	3724	1	3
179.779	3725	3	3
179.873	3726	2	2
179.967	3727	2	3
180.154	3728	3	2
180.248	3729	1	1
180.248	3730	3	3
180.342	3731	1	1
180.342	3732	4	2
180.435	3733	4	3
180.529	3734	1	1
180.529	3735	3	1
180.623	3736	3	2
180.717	3737	2	1
180.717	3738	4	1
180.717	3739	3	3
180.810	3740	4	1
180.904	3741	2	2
180.904	3742	3	1
180.998	3743	3	1
180.998	3744	2	3
181.092	3745	1	2
181.092	3746	2	1
181.185	3747	4	2
181.232	3748	1	3
181.279	3749	4	3
181.373	3750	2	1
181.467	3751	3	1
181.654	3752	2	1
181.748	3753	4	1
181.842	3754	1	1
181.842	3755	3	1
182.029	3756	2	1
182.029	3757	3	1
182.123	3758	3	1
182.217	3759	1	1
182.217	3760	2	1
182.498	3761	4	1
182.592	3762	1	2
182.592	3763	2	1
182.685	3764	3	2
182.685	3765	1	3
182.779	3766	3	3
182.873	3767	2	2
182.967	3768	1	1
182.967	3769	4	1
182.967	3770	2	3
183.154	3771	2	1
183.154	3772	3	2
183.248	3773	2	1
183.248	3774	3	3
183.342	3775	3	1
183.342	3776	4	2
183.435	3777	4	3
183.529	3778	1	1
183.529	3779	3	1
183.623	3780	3	2
183.717	3781	2	1
183.717	3782	4	1
183.717	3783	3	3
183.810	3784	4	1
183.904	3785	2	2
183.904	3786	3	1
183.998	3787	3	1
183.998	3788	2	3
184.092	3789	1	2
184.092	3790	2	1
184.185	3791	4	2
184.232	3792	1	3
184.279	3793	4	3
184.373	3794	2	1
184.467	3795	3	1
184.654	3796	2	1
184.748	3797	4	1
184.842	3798	1	1
184.842	3799	3	1
185.029	3800	2	1
185.029	3801	4	1
185.123	3802	2	1
185.217	3803	3	1
185.217	3804	4	1
185.310	3805	3	1
185.404	3806	1	1
185.404	3807	2	1
185.498	3808	2	1
185.592	3809	1	2
185.592	3810	3	1
185.685	3811	3	2
185.685	3812	1	3
185.779	3813	3	3
185.873	3814	2	2
185.967	3815	2	3
186.154	3816	3	2
186.248	3817	1	1
186.248	3818	3	3
186.342	3819	1	2
186.342	3820	4	2
186.435	3821	4	3
186.529	3822	3	1
186.623	3823	3	2
186.717	3824	2	1
186.717	3825	4	2
186.717	3826	3	3
186.904	3827	2	2
186.904	3828	3	1
186.998	3829	1	3
186.998	3830	2	3
186.998	3831	4	3
187.092	3832	1	2
187.092	3833	2	2
187.092	3834	3	1
187.092	3835	4	1
187.279	3836	1	3
187.279	3837	2	3
187.373	3838	3	2
187.467	3839	1	1
187.467	3840	4	1
187.560	3841	3	3
187.654	3842	1	1
187.654	3843	4	2
187.748	3844	1	1
187.748	3845	4	3
187.842	3846	3	2
187.842	3847	4	2
188.029	3848	3	3
188.029	3849	4	3
188.123	3850	2	2
188.217	3851	1	1
188.217	3852	4	1
188.310	3853	2	3
188.404	3854	1	2
188.404	3855	4	1
188.498	3856	4	1
188.498	3857	1	3
188.592	3858	1	2
188.592	3859	2	2
188.779	3860	1	3
188.779	3861	2	3
188.873	3862	3	2
188.967	3863	1	1
188.967	3864	4	1
189.060	3865	3	3
189.154	3866	1	1
189.154	3867	4	2
189.248	3868	1	1
189.248	3869	4	3
189.342	3870	3	2
189.342	3871	4	2
189.435	3872	3	3
189.435	3873	4	3
189.623	3874	3	1
189.717	3875	1	2
189.717	3876	2	1
189.810	3877	1	3
189.904	3878	2	2
189.998	3879	1	2
190.092	3880	3	2
190.092	3881	4	2
190.092	3882	1	3
190.092	3883	2	3
190.279	3884	3	3
190.279	3885	4	3
190.373	3886	2	2
190.467	3887	1	1
190.467	3888	4	1
190.560	3889	2	3
190.654	3890	1	2
190.654	3891	4	1
190.748	3892	4	1
190.748	3893	1	3
190.842	3894	1	2
190.842	3895	2	2
191.029	3896	1	3
191.029	3897	2	3
191.123	3898	3	2
191.217	3899	1	1
191.217	3900	4	1
191.310	3901	3	3
191.404	3902	1	1
191.404	3903	4	2
191.498	3904	1	1
191.498	3905	4	3
191.592	3906	3	2
191.592	3907	4	2
191.779	3908	3	3
191.779	3909	4	3
191.873	3910	2	2
191.967	3911	1	1
191.967	3912	4	1
192.060	3913	2	3
192.154	3914	1	2
192.154	3915	4	1
192.248	3916	4	1
192.248	3917	1	3
192.342	3918	1	2
192.342	3919	2	2
192.435	3920	2	3
192.482	3921	1	3
192.529	3922	2	2
192.623	3923	1	2
192.717	3924	3	2
192.717	3925	4	2
192.717	3926	1	3
192.717	3927	2	3
192.810	3928	2	1
192.810	3929	3	3
192.904	3930	3	2
192.998	3931	2	1
192.998	3932	3	3
192.998	3933	4	3
193.092	3934	1	1
193.092	3935	3	2
193.092	3936	4	2
193.279	3937	3	3
193.279	3938	4	3
193.373	3939	2	2
193.467	3940	1	1
193.467	3941	4	1
193.560	3942	2	3
193.654	3943	1	2
193.654	3944	4	1
193.748	3945	4	1
193.748	3946	1	3
193.842	3947	1	2
193.842	3948	2	2
194.029	3949	1	3
194.029	3950	2	3
194.123	3951	3	2
194.217	3952	1	1
194.217	3953	4	1
194.310	3954	3	3
194.404	3955	1	1
194.404	3956	4	2
194.498	3957	1	1
194.498	3958	4	3
194.592	3959	3	2
194.592	3960	4	2
194.779	3961	3	3
194.779	3962	4	3
194.873	3963	2	2
194.967	3964	1	1
194.967	3965	4	1
195.060	3966	2	3
195.154	3967	1	2
195.154	3968	4	1
195.248	3969	4	1
195.248	3970	1	3
195.342	3971	1	2
195.342	3972	2	2
195.435	3973	1	3
195.435	3974	2	3
195.623	3975	2	1
195.717	3976	3	1
195.717	3977	4	2
195.810	3978	4	3
195.904	3979	3	2
195.998	3980	4	2
196.092	3981	1	2
196.092	3982	2	2
196.092	3983	3	3
196.092	3984	4	3
196.279	3985	1	3
196.279	3986	2	3
196.373	3987	3	2
196.467	3988	1	1
196.467	3989	4	1
196.560	3990	3	3
196.654	3991	1	1
196.654	3992	4	2
196.748	3993	1	1
196.748	3994	4	3
196.842	3995	3	2
196.842	3996	4	2
197.029	3997	3	3
197.029	3998	4	3
197.123	3999	2	2
197.217	4000	1	1
197.217	4001	4	1
197.310	4002	2	3
197.404	4003	1	2
197.404	4004	4	1
197.498	4005	4	1
197.498	4006	1	3
197.592	4007	1	2
197.592	4008	2	2
197.779	4009	1	3
197.779	4010	2	3
197.873	4011	3	2
197.967	4012	1	1
197.967	4013	4	1
198.060	4014	3	3
198.154	4015	1	1
198.154	4016	4	2
198.248	4017	1	1
198.248	4018	4	3
198.342	4019	3	2
198.342	4020	4	2
198.435	4021	3	3
198.482	4022	4	3
198.529	4023	3	2
198.623	4024	4	2
198.717	4025	1	2
198.717	4026	2	2
198.717	4027	3	3
198.717	4028	4	3
198.810	4029	3	1
198.810	4030	2	3
198.904	4031	2	2
198.998	4032	3	1
198.998	4033	1	3
198.998	4034	2	3
199.092	4035	1	2
199.092	4036	2	2
199.092	4037	4	2
199.279	4038	1	3
199.279	4039	2	3
199.279	4040	4	3
199.373	4041	1	2
199.373	4042	2	2
199.373	4043	3	2
199.560	4044	1	3
199.560	4045	2	3
199.560	4046	3	3
199.654	4047	1	2
199.654	4048	2	2
199.654	4049	4	2
199.748	4050	1	3
199.748	4051	2	3
199.748	4052	4	3
199.842	4053	3	2
199.865	4054	2	2
199.935	4055	3	3
200.029	4056	3	1
200.029	4057	2	3
200.123	4058	3	2
200.146	4059	2	2
200.217	4060	2	3
200.217	4061	3	3
200.310	4062	2	1
200.310	4063	3	1
200.404	4064	2	2
200.404	4065	3	2
200.498	4066	2	3
200.498	4067	3	3
200.592	4068	1	2
200.592	4069	3	2
200.592	4070	4	2
200.779	4071	1	3
200.779	4072	3	3
200.779	4073	4	3
200.873	4074	2	2
200.873	4075	3	2
200.873	4076	4	2
201.060	4077	2	3
201.060	4078	3	3
201.060	4079	4	3
201.154	4080	1	2
201.154	4081	3	2
201.154	4082	4	2
201.248	4083	1	3
201.248	4084	3	3
201.248	4085	4	3
201.342	4086	2	2
201.529	4087	1	1
201.529	4088	2	3
201.623	4089	1	2
201.646	4090	3	2
201.717	4091	1	3
201.810	4092	1	1
201.810	4093	3	3
201.904	4094	1	1
201.998	4095	2	1
201.998	4096	4	1
202.045	4097	3	1
202.092	4098	1	2
202.092	4099	2	2
202.092	4100	4	2
202.279	4101	1	3
202.279	4102	2	3
202.279	4103	4	3
202.373	4104	1	2
202.373	4105	2	2
202.373	4106	3	2
202.560	4107	1	3
202.560	4108	2	3
202.560	4109	3	3
202.654	4110	1	2
202.654	4111	2	2
202.654	4112	4	2
202.748	4113	1	3
202.748	4114	2	3
202.748	4115	4	3
202.842	4116	3	1
202.865	4117	2	1
202.888	4118	1	2
203.029	4119	4	1
203.029	4120	1	3
203.123	4121	1	1
203.146	4122	2	1
203.170	4123	3	2
203.310	4124	4	1
203.310	4125	3	3
203.404	4126	3	1
203.427	4127	2	1
203.451	4128	1	2
203.592	4129	2	2
203.592	4130	3	2
203.592	4131	4	2
203.592	4132	1	3
203.779	4133	2	3
203.779	4134	3	3
203.779	4135	4	3
203.873	4136	1	2
203.873	4137	2	2
203.873	4138	3	2
204.060	4139	1	3
204.060	4140	2	3
204.060	4141	3	3
204.154	4142	2	2
204.154	4143	3	2
204.154	4144	4	2
204.248	4145	2	3
204.248	4146	3	3
204.248	4147	4	3
204.342	4148	2	1
204.388	4149	3	1
204.435	4150	2	1
204.482	4151	3	1
204.529	4152	1	2
204.529	4153	2	2
204.529	4154	4	2
204.623	4155	1	3
204.623	4156	2	3
204.623	4157	4	3
204.717	4158	1	1
204.717	4159	2	1
204.717	4160	3	1
204.810	4161	1	1
204.810	4162	2	1
204.810	4163	3	1
204.904	4164	1	2
204.904	4165	2	2
204.904	4166	4	2
204.998	4167	1	3
204.998	4168	2	3
204.998	4169	4	3
205.092	4170	1	2
205.092	4171	3	2
205.092	4172	4	2
205.279	4173	1	3
205.279	4174	3	3
205.279	4175	4	3
205.373	4176	2	2
205.373	4177	3	2
205.373	4178	4	2
205.560	4179	2	3
205.560	4180	3	3
205.560	4181	4	3
205.654	4182	1	2
205.654	4183	3	2
205.654	4184	4	2
205.748	4185	1	3
205.748	4186	3	3
205.748	4187	4	3
205.842	4188	2	2
205.865	4189	1	2
205.935	4190	2	3
206.029	4191	2	1
206.123	4192	2	2
206.310	4193	3	1
206.404	4194	3	2
206.498	4195	1	3
206.498	4196	2	3
206.592	4197	1	2
206.592	4198	2	2
206.592	4199	4	2
206.592	4200	3	3
206.779	4201	1	3
206.779	4202	2	3
206.779	4203	4	3
206.873	4204	1	2
206.873	4205	2	2
206.873	4206	3	2
207.060	4207	1	3
207.060	4208	2	3
207.060	4209	3	3
207.154	4210	1	2
207.154	4211	2	2
207.154	4212	4	2
207.248	4213	1	3
207.248	4214	2	3
207.248	4215	4	3
207.342	4216	3	2
207.529	4217	4	1
207.529	4218	3	3
207.623	4219	4	2
207.646	4220	2	2
207.717	4221	4	3
207.810	4222	4	1
207.810	4223	2	3
207.904	4224	4	1
207.998	4225	1	1
207.998	4226	3	1
208.045	4227	2	1
208.092	4228	1	2
208.092	4229	3	2
208.092	4230	4	2
208.279	4231	1	3
208.279	4232	3	3
208.279	4233	4	3
208.373	4234	2	2
208.373	4235	3	2
208.373	4236	4	2
208.560	4237	2	3
208.560	4238	3	3
208.560	4239	4	3
208.654	4240	1	2
208.654	4241	3	2
208.654	4242	4	2
208.748	4243	1	3
208.748	4244	3	3
208.748	4245	4	3
208.842	4246	2	1
208.865	4247	3	1
208.888	4248	4	2
209.029	4249	1	1
209.029	4250	4	3
209.123	4251	4	1
209.146	4252	3	1
209.170	4253	2	2
209.310	4254	1	1
209.310	4255	2	3
209.404	4256	2	1
209.427	4257	3	1
209.451	4258	4	2
209.592	4259	1	2
209.592	4260	2	2
209.592	4261	3	2
209.592	4262	4	3
209.779	4263	1	3
209.779	4264	2	3
209.779	4265	3	3
209.873	4266	2	2
209.873	4267	3	2
209.873	4268	4	2
210.060	4269	2	3
210.060	4270	3	3
210.060	4271	4	3
210.154	4272	1	2
210.154	4273	2	2
210.154	4274	3	2
210.248	4275	1	3
210.248	4276	2	3
210.248	4277	3	3
210.342	4278	1	1
210.342	4279	3	1
210.342	4280	4	1
210.435	4281	1	1
210.529	4282	1	2
210.623	4283	1	3
210.717	4284	2	2
210.810	4285	2	3
210.904	4286	4	2
210.998	4287	4	3
211.092	4288	1	2
211.092	4289	3	2
211.092	4290	4	2
211.185	4291	1	3
211.279	4292	1	1
211.279	4293	3	3
211.279	4294	4	3
211.373	4295	1	2
211.373	4296	3	1
211.467	4297	2	1
211.467	4298	3	1
211.467	4299	4	1
211.467	4300	1	3
211.560	4301	1	1
211.654	4302	1	2
211.654	4303	3	1
211.748	4304	3	1
211.748	4305	1	3
211.842	4306	1	1
211.842	4307	2	1
211.842	4308	4	2
211.935	4309	4	3
212.029	4310	4	1
212.123	4311	2	1
212.123	4312	4	2
212.217	4313	1	1
212.217	4314	2	1
212.217	4315	3	1
212.217	4316	4	3
212.310	4317	4	1
212.404	4318	2	1
212.404	4319	4	2
212.498	4320	2	1
212.498	4321	4	3
212.592	4322	1	2
212.592	4323	3	1
212.592	4324	4	1
212.685	4325	1	3
212.779	4326	1	1
212.873	4327	1	2
212.873	4328	3	1
212.967	4329	2	1
212.967	4330	3	1
212.967	4331	4	1
212.967	4332	1	3
213.060	4333	1	1
213.154	4334	1	2
213.154	4335	3	1
213.248	4336	3	1
213.248	4337	1	3
213.342	4338	1	1
213.342	4339	2	1
213.342	4340	4	1
213.388	4341	3	1
213.435	4342	2	1
213.482	4343	3	1
213.529	4344	1	2
213.552	4345	4	2
213.623	4346	2	1
213.623	4347	1	3
213.670	4348	4	3
213.717	4349	1	2
213.740	4350	4	2
213.810	4351	1	3
213.857	4352	4	3
213.904	4353	1	2
213.927	4354	4	2
213.998	4355	1	3
214.045	4356	4	3
214.092	4357	1	1
214.092	4358	2	2
214.092	4359	4	1
214.185	4360	2	3
214.279	4361	2	1
214.373	4362	2	2
214.373	4363	4	1
214.467	4364	1	1
214.467	4365	3	1
214.467	4366	4	1
214.467	4367	2	3
214.560	4368	2	1
214.654	4369	2	2
214.654	4370	4	1
214.748	4371	4	1
214.748	4372	2	3
214.842	4373	1	1
214.842	4374	2	1
214.842	4375	3	2
214.935	4376	3	3
215.029	4377	3	1
215.123	4378	1	1
215.123	4379	3	2
215.217	4380	1	1
215.217	4381	2	1
215.217	4382	4	1
215.217	4383	3	3
215.310	4384	3	1
215.404	4385	1	1
215.404	4386	3	2
215.498	4387	1	1
215.498	4388	3	3
215.592	4389	2	2
215.592	4390	3	1
215.592	4391	4	1
215.685	4392	2	3
215.779	4393	2	1
215.873	4394	2	2
215.873	4395	4	1
215.967	4396	1	1
215.967	4397	3	1
215.967	4398	4	1
215.967	4399	2	3
216.060	4400	2	1
216.154	4401	2	2
216.154	4402	4	1
216.248	4403	4	1
216.248	4404	2	3
216.342	4405	1	1
216.342	4406	2	2
216.388	4407	3	2
216.435	4408	2	3
216.529	4409	3	3
216.623	4410	2	2
216.670	4411	3	2
216.717	4412	2	3
216.810	4413	3	3
216.904	4414	2	2
216.951	4415	3	2
216.998	4416	2	3
217.021	4417	3	3
217.092	4418	1	1
217.092	4419	2	1
217.092	4420	4	2
217.185	4421	1	1
217.185	4422	2	1
217.279	4423	1	1
217.279	4424	2	1
217.373	4425	1	1
217.373	4426	2	1
217.467	4427	1	1
217.467	4428	2	1
217.560	4429	1	1
217.560	4430	2	1
217.560	4431	4	3
217.654	4432	3	1
217.677	4433	1	1
217.701	4434	4	1
217.748	4435	2	1
217.795	4436	1	1
217.842	4437	3	1
217.842	4438	4	1
217.935	4439	2	1
217.959	4440	3	1
217.982	4441	4	1
218.029	4442	1	1
218.029	4443	2	1
218.123	4444	3	1
218.146	4445	2	1
218.170	4446	1	1
218.217	4447	3	1
218.217	4448	4	1
218.310	4449	3	1
218.310	4450	4	1
218.404	4451	1	1
218.427	4452	3	1
218.451	4453	4	1
218.498	4454	2	1
218.592	4455	1	2
218.592	4456	3	1
218.592	4457	4	1
218.685	4458	3	1
218.685	4459	4	1
218.779	4460	3	1
218.779	4461	4	1
218.873	4462	3	1
218.873	4463	4	1
218.967	4464	3	1
218.967	4465	4	1
219.060	4466	3	1
219.060	4467	4	1
219.060	4468	1	3
219.154	4469	2	1
219.177	4470	4	1
219.201	4471	1	1
219.248	4472	3	1
219.295	4473	4	1
219.342	4474	1	1
219.342	4475	2	1
219.435	4476	3	1
219.459	4477	2	1
219.482	4478	1	1
219.529	4479	3	1
219.529	4480	4	1
219.623	4481	2	1
219.646	4482	3	1
219.670	4483	4	1
219.717	4484	1	1
219.717	4485	2	1
219.810	4486	1	1
219.810	4487	2	1
219.904	4488	4	1
219.927	4489	1	1
219.951	4490	3	1
219.998	4491	2	1
220.045	4492	1	1
220.092	4493	3	1
220.092	4494	4	1
220.185	4495	3	1
220.185	4496	4	1
220.279	4497	1	1
220.302	4498	4	1
220.326	4499	2	1
220.373	4500	3	1
220.420	4501	4	1
220.467	4502	1	1
220.467	4503	2	1
220.560	4504	1	1
220.560	4505	2	1
220.654	4506	4	1
220.677	4507	1	1
220.701	4508	3	1
220.748	4509	2	1
220.795	4510	3	1
220.842	4511	1	1
220.842	4512	4	1
220.935	4513	1	1
220.935	4514	4	1
221.029	4515	2	1
221.052	4516	3	1
221.076	4517	1	1
221.123	4518	4	1
221.170	4519	3	1
221.217	4520	1	1
221.217	4521	2	1
221.310	4522	1	1
221.310	4523	2	1
221.404	4524	3	1
221.451	4525	1	1
221.498	4526	4	1
221.545	4527	2	1
221.592	4528	3	1
221.592	4529	4	1
221.638	4530	1	1
221.638	4531	2	1
221.685	4532	3	1
221.685	4533	4	1
221.732	4534	1	1
221.732	4535	2	1
221.779	4536	3	1
221.779	4537	4	1
221.826	4538	1	1
221.826	4539	2	1
221.873	4540	3	1
221.873	4541	4	1
221.920	4542	1	1
221.920	4543	2	1
221.967	4544	3	1
221.967	4545	4	1
222.013	4546	1	1
222.013	4547	2	1
222.060	4548	3	1
222.060	4549	4	1
222.107	4550	1	1
222.107	4551	2	1
222.154	4552	3	1
222.154	4553	4	1
222.201	4554	1	1
222.201	4555	2	1
222.248	4556	3	1
222.248	4557	4	1
222.295	4558	1	1
222.295	4559	2	1
222.342	4560	3	1
222.342	4561	4	1
222.529	4562	2	1
222.623	4563	2	1
222.717	4564	2	2
222.810	4565	4	1
222.810	4566	2	3
222.904	4567	2	2
222.998	4568	3	1
222.998	4569	2	3
223.092	4570	1	2
223.092	4571	2	1
223.092	4572	4	2
223.185	4573	2	1
223.279	4574	3	1
223.373	4575	3	1
223.467	4576	2	1
223.567	4577	2	1
223.667	4578	3	1
223.767	4579	3	1
223.867	4580	2	1
223.970	4581	2	1
224.073	4582	3	1
224.177	4583	3	1
224.280	4584	2	1
224.385	4585	2	1
224.491	4586	3	1
224.596	4587	3	1
224.702	4588	2	1
224.702	4589	3	1
224.702	4590	1	3
224.702	4591	4	3
224.813	4592	2	1
224.813	4593	4	1
224.924	4594	1	1
224.924	4595	3	1
225.035	4596	2	1
225.035	4597	3	1
225.146	4598	1	1
225.146	4599	2	1
225.259	4600	1	1
225.259	4601	3	1
225.373	4602	2	1
225.373	4603	4	1
225.486	4604	1	1
225.486	4605	4	1
225.600	4606	2	1
225.600	4607	3	1
225.720	4608	1	1
225.720	4609	3	1
225.840	4610	2	1
225.840	4611	4	1
225.960	4612	2	1
225.960	4613	3	1
226.080	4614	3	1
226.080	4615	4	1
226.205	4616	2	1
226.205	4617	4	1
226.330	4618	1	1
226.330	4619	3	1
226.455	4620	1	1
226.455	4621	4	1
226.580	4622	2	1
226.580	4623	3	1
226.712	4624	2	1
226.712	4625	4	1
226.845	4626	1	1
226.845	4627	3	1
226.978	4628	2	1
226.978	4629	3	1
227.110	4630	1	1
227.110	4631	2	1
227.252	4632	1	1
227.252	4633	3	1
227.395	4634	2	1
227.395	4635	4	1
227.538	4636	1	1
227.538	4637	4	1
227.681	4638	2	1
227.681	4639	3	1
227.837	4640	1	1
227.837	4641	3	1
227.993	4642	2	1
227.993	4643	4	1
228.149	4644	2	1
228.149	4645	3	1
228.306	4646	3	1
228.306	4647	4	1
228.472	4648	2	1
228.472	4649	4	1
228.639	4650	1	1
228.639	4651	3	1
228.806	4652	1	1
228.806	4653	4	1
228.972	4654	2	1
228.972	4655	3	1
229.159	4656	2	1
229.159	4657	4	1
229.347	4658	1	1
229.347	4659	3	1
229.539	4660	2	1
229.539	4661	3	1
229.731	4662	1	1
229.731	4663	2	1
229.933	4664	1	1
229.933	4665	3	1
230.136	4666	2	1
230.136	4667	4	1
230.347	4668	1	1
230.347	4669	4	1
230.581	4670	2	1
230.581	4671	3	1
230.826	4672	1	1
230.826	4673	3	1
231.084	4674	2	1
231.084	4675	4	1
231.361	4676	2	1
231.361	4677	3	1
231.649	4678	3	1
231.649	4679	4	1
231.955	4680	2	1
231.955	4681	4	1
232.288	4682	1	1
232.288	4683	3	1
232.663	4684	1	1
232.663	4685	4	1
233.091	4686	2	1
233.091	4687	3	1
233.552	4688	3	1
233.552	4689	4	1
234.020	4690	3	1
234.020	4691	4	1
234.489	4692	3	1
234.489	4693	4	1
234.958	4694	3	1
234.958	4695	4	1
235.427	4696	3	1
235.427	4697	4	1
235.895	4698	3	1
235.895	4699	4	1
236.364	4700	3	1
236.364	4701	4	1
236.833	4702	3	1
236.835	4703	4	2
237.069	4704	2	1
237.069	4705	4	3
237.186	4706	2	2
237.303	4707	3	1
237.303	4708	4	1
237.420	4709	1	1
237.420	4710	2	3
237.538	4711	1	2
237.772	4712	3	1
237.772	4713	4	2
237.772	4714	1	3
238.006	4715	2	1
238.006	4716	4	3
238.124	4717	2	2
238.241	4718	3	1
238.241	4719	4	1
238.358	4720	1	1
238.358	4721	2	3
238.475	4722	1	2
238.710	4723	3	1
238.710	4724	4	2
238.710	4725	1	3
238.944	4726	2	1
238.944	4727	4	3
239.061	4728	2	2
239.178	4729	3	1
239.178	4730	4	1
239.295	4731	1	1
239.295	4732	2	3
239.413	4733	1	2
239.647	4734	3	1
239.647	4735	4	2
239.647	4736	1	3
239.881	4737	2	1
239.881	4738	4	3
239.999	4739	2	1
240.116	4740	3	1
240.116	4741	4	2
240.233	4742	4	3
240.350	4743	3	2
240.467	4744	3	3
240.585	4745	1	2
240.585	4746	2	2
240.702	4747	2	3
240.819	4748	3	1
240.819	4749	1	3
240.936	4750	3	2
241.053	4751	1	1
241.053	4752	2	1
241.170	4753	4	1
241.170	4754	3	3
241.288	4755	4	2
241.522	4756	1	2
241.522	4757	2	2
241.522	4758	4	3
241.639	4759	2	3
241.756	4760	3	1
241.756	4761	1	3
241.874	4762	3	2
241.991	4763	1	1
241.991	4764	2	1
242.108	4765	4	1
242.108	4766	3	3
242.225	4767	4	2
242.460	4768	1	2
242.460	4769	2	2
242.460	4770	4	3
242.577	4771	2	3
242.694	4772	3	1
242.694	4773	1	3
242.811	4774	3	2
242.928	4775	1	1
242.928	4776	2	1
243.045	4777	4	1
243.045	4778	3	3
243.163	4779	4	2
243.397	4780	1	2
243.397	4781	2	1
243.397	4782	4	3
243.514	4783	1	3
243.631	4784	2	2
243.749	4785	2	3
243.866	4786	3	1
243.866	4787	4	2
243.983	4788	4	3
244.100	4789	3	2
244.217	4790	3	3
244.335	4791	1	2
244.335	4792	3	1
244.335	4793	4	2
244.393	4794	2	1
244.393	4795	1	3
244.452	4796	1	1
244.452	4797	4	3
244.510	4798	2	1
244.569	4799	3	1
244.569	4800	4	2
244.627	4801	1	1
244.627	4802	4	3
244.686	4803	2	1
244.686	4804	4	2
244.745	4805	1	1
244.803	4806	3	1
244.803	4807	4	3
244.862	4808	2	1
244.920	4809	3	1
244.920	4810	4	2
244.979	4811	1	1
244.979	4812	4	3
245.038	4813	2	1
245.038	4814	4	2
245.096	4815	3	1
245.155	4816	2	1
245.155	4817	4	3
245.213	4818	1	1
245.272	4819	2	1
245.272	4820	3	2
245.272	4821	4	1
245.331	4822	1	1
245.389	4823	4	1
245.389	4824	3	3
245.448	4825	2	1
245.506	4826	3	2
245.506	4827	4	1
245.565	4828	2	1
245.565	4829	3	3
245.624	4830	1	1
245.624	4831	3	2
245.682	4832	4	1
245.741	4833	1	1
245.741	4834	3	3
245.799	4835	2	1
245.858	4836	3	2
245.858	4837	4	1
245.917	4838	1	1
245.917	4839	3	3
245.975	4840	2	1
245.975	4841	3	2
246.034	4842	4	1
246.092	4843	2	1
246.092	4844	3	3
246.151	4845	3	1
246.210	4846	1	2
246.210	4847	4	2
246.268	4848	2	1
246.268	4849	4	3
246.327	4850	4	1
246.327	4851	1	3
246.385	4852	3	1
246.444	4853	1	2
246.444	4854	2	1
246.502	4855	4	1
246.502	4856	1	3
246.561	4857	1	2
246.561	4858	3	1
246.620	4859	4	1
246.678	4860	2	1
246.678	4861	1	3
246.737	4862	3	1
246.795	4863	1	2
246.795	4864	2	1
246.854	4865	4	1
246.854	4866	1	3
246.913	4867	1	2
246.913	4868	3	1
246.971	4869	2	1
247.030	4870	3	1
247.030	4871	1	3
247.088	4872	4	1
247.147	4873	1	1
247.147	4874	2	2
247.206	4875	3	1
247.264	4876	1	1
247.264	4877	2	3
247.323	4878	4	1
247.381	4879	1	1
247.381	4880	2	2
247.440	4881	3	1
247.440	4882	2	3
247.499	4883	2	2
247.499	4884	4	1
247.557	4885	1	1
247.616	4886	4	1
247.616	4887	2	3
247.674	4888	3	1
247.733	4889	1	1
247.733	4890	2	2
247.792	4891	4	1
247.792	4892	2	3
247.850	4893	2	2
247.850	4894	3	1
247.909	4895	1	1
247.967	4896	3	1
247.967	4897	2	3
248.026	4898	2	1
248.085	4899	1	2
248.085	4900	4	2
248.143	4901	3	1
248.143	4902	1	3
248.202	4903	1	1
248.202	4904	2	1
248.202	4905	4	3
248.260	4906	4	1
248.319	4907	2	1
248.319	4908	3	1
248.377	4909	1	1
248.436	4910	2	1
248.436	4911	4	1
248.495	4912	3	1
248.553	4913	1	2
248.553	4914	4	2
248.612	4915	2	1
248.612	4916	4	3
248.670	4917	3	1
248.670	4918	4	1
248.670	4919	1	3
248.729	4920	1	1
248.788	4921	2	1
248.788	4922	3	1
248.846	4923	4	1
248.905	4924	1	1
248.905	4925	3	1
248.963	4926	2	1
249.022	4927	1	2
249.022	4928	4	2
249.081	4929	3	1
249.081	4930	1	3
249.139	4931	1	1
249.139	4932	2	1
249.139	4933	4	3
249.198	4934	4	1
249.256	4935	2	1
249.256	4936	3	1
249.315	4937	1	1
249.374	4938	2	1
249.374	4939	4	1
249.432	4940	3	1
249.491	4941	1	2
249.491	4942	4	2
249.549	4943	2	1
249.549	4944	4	3
249.608	4945	3	1
249.608	4946	4	1
249.608	4947	1	3
249.667	4948	1	1
249.725	4949	2	1
249.725	4950	3	1
249.784	4951	4	1
249.842	4952	1	1
249.842	4953	3	1
249.901	4954	2	1
249.960	4955	1	1
249.960	4956	4	1
249.989	4957	3	1
250.018	4958	2	1
250.077	4959	1	1
250.077	4960	4	1
250.135	4961	3	1
250.194	4962	1	1
250.194	4963	2	1
250.223	4964	3	1
250.252	4965	4	1
250.311	4966	1	1
250.311	4967	2	1
250.370	4968	3	1
250.428	4969	1	1
250.428	4970	4	1
250.458	4971	2	1
250.487	4972	3	1
250.545	4973	1	1
250.545	4974	4	1
250.604	4975	2	1
250.663	4976	3	1
250.663	4977	4	1
250.692	4978	2	1
250.721	4979	1	1
250.780	4980	3	1
250.780	4981	4	1
250.838	4982	2	1
250.897	4983	1	2
250.926	4984	3	2
250.956	4985	4	2
251.131	4986	2	1
251.131	4987	1	3
251.131	4988	3	3
251.131	4989	4	3
251.190	4990	2	1
251.249	4991	4	1
251.307	4992	4	1
251.366	4993	1	1
251.366	4994	2	1
251.424	4995	2	1
251.483	4996	4	1
251.542	4997	4	1
251.600	4998	2	1
251.600	4999	3	1
251.835	5000	1	2
251.835	5001	3	1
251.835	5002	4	1
251.913	5003	4	1
251.952	5004	2	1
251.991	5005	3	1
252.010	5006	1	3
252.030	5007	4	1
252.069	5008	1	2
252.127	5009	3	1
252.127	5010	1	3
252.186	5011	1	2
252.186	5012	2	1
252.245	5013	4	1
252.303	5014	2	1
252.303	5015	3	1
252.303	5016	1	3
252.420	5017	3	2
252.420	5018	4	2
252.479	5019	4	3
252.538	5020	1	2
252.538	5021	4	2
252.596	5022	1	3
252.655	5023	1	1
252.655	5024	2	1
252.655	5025	3	3
252.655	5026	4	3
252.772	5027	2	1
252.772	5028	3	2
252.772	5029	4	2
252.831	5030	3	3
252.889	5031	3	1
252.948	5032	4	3
253.006	5033	1	2
253.006	5034	4	2
253.065	5035	4	3
253.124	5036	2	2
253.124	5037	4	2
253.124	5038	1	3
253.182	5039	2	3
253.241	5040	1	1
253.241	5041	2	1
253.241	5042	3	1
253.241	5043	4	3
253.358	5044	1	2
253.358	5045	2	2
253.417	5046	1	3
253.475	5047	1	2
253.475	5048	4	2
253.534	5049	4	3
253.592	5050	3	1
253.592	5051	4	1
253.592	5052	1	3
253.592	5053	2	3
253.710	5054	1	1
253.710	5055	2	1
253.710	5056	4	2
253.788	5057	1	1
253.827	5058	3	1
253.866	5059	2	1
253.885	5060	4	3
253.905	5061	1	1
253.944	5062	4	2
254.002	5063	2	1
254.002	5064	4	3
254.061	5065	3	1
254.061	5066	4	2
254.120	5067	1	1
254.178	5068	2	1
254.178	5069	3	1
254.178	5070	4	3
254.295	5071	1	2
254.295	5072	2	2
254.354	5073	1	3
254.413	5074	1	2
254.413	5075	4	2
254.471	5076	4	3
254.530	5077	3	1
254.530	5078	4	1
254.530	5079	1	3
254.530	5080	2	3
254.647	5081	1	2
254.647	5082	2	2
254.647	5083	3	1
254.706	5084	2	3
254.764	5085	2	1
254.823	5086	1	3
254.881	5087	1	2
254.881	5088	4	1
254.940	5089	1	3
254.999	5090	1	2
254.999	5091	3	1
255.057	5092	1	3
255.116	5093	1	2
255.116	5094	2	2
255.116	5095	3	2
255.145	5096	4	2
255.233	5097	1	3
255.233	5098	2	3
255.233	5099	3	3
255.292	5100	4	3
255.350	5101	3	2
255.467	5102	3	3
255.585	5103	1	1
255.585	5104	2	1
255.585	5105	4	2
255.663	5106	1	1
255.702	5107	3	1
255.741	5108	2	1
255.760	5109	4	3
255.780	5110	1	1
255.819	5111	4	2
255.877	5112	2	1
255.877	5113	4	3
255.936	5114	3	1
255.936	5115	4	2
255.995	5116	1	1
256.053	5117	2	1
256.053	5118	3	1
256.053	5119	4	3
256.170	5120	1	2
256.170	5121	2	2
256.229	5122	1	3
256.288	5123	1	2
256.288	5124	4	2
256.346	5125	4	3
256.405	5126	3	1
256.405	5127	4	1
256.405	5128	1	3
256.405	5129	2	3
256.522	5130	1	2
256.522	5131	2	2
256.522	5132	3	1
256.581	5133	2	3
256.639	5134	2	1
256.698	5135	1	3
256.756	5136	1	2
256.756	5137	4	2
256.815	5138	1	3
256.874	5139	1	2
256.874	5140	3	2
256.874	5141	4	3
256.932	5142	3	3
256.991	5143	2	1
256.991	5144	3	1
256.991	5145	4	1
256.991	5146	1	3
257.108	5147	3	2
257.108	5148	4	2
257.167	5149	4	3
257.225	5150	1	2
257.225	5151	4	2
257.284	5152	1	3
257.342	5153	1	1
257.342	5154	2	1
257.342	5155	3	3
257.342	5156	4	3
257.460	5157	1	2
257.460	5158	3	1
257.460	5159	4	1
257.538	5160	4	1
257.577	5161	2	1
257.616	5162	3	1
257.635	5163	1	3
257.655	5164	4	1
257.694	5165	1	2
257.752	5166	3	1
257.752	5167	1	3
257.811	5168	1	2
257.811	5169	2	1
257.870	5170	4	1
257.928	5171	2	1
257.928	5172	3	1
257.928	5173	1	3
258.045	5174	3	2
258.045	5175	4	2
258.104	5176	4	3
258.163	5177	1	2
258.163	5178	4	2
258.221	5179	1	3
258.280	5180	1	1
258.280	5181	2	1
258.280	5182	3	3
258.280	5183	4	3
258.397	5184	2	1
258.397	5185	3	2
258.397	5186	4	2
258.456	5187	3	3
258.514	5188	3	1
258.573	5189	4	3
258.631	5190	1	1
258.631	5191	4	2
258.690	5192	4	3
258.749	5193	2	1
258.749	5194	4	1
258.866	5195	1	2
258.866	5196	3	1
258.866	5197	4	1
259.100	5198	2	2
259.159	5199	1	3
259.159	5200	2	3
259.335	5201	1	2
259.335	5202	3	1
259.335	5203	4	1
259.413	5204	4	1
259.452	5205	2	1
259.491	5206	3	1
259.510	5207	1	3
259.530	5208	4	1
259.569	5209	1	2
259.627	5210	3	1
259.627	5211	1	3
259.686	5212	1	2
259.686	5213	2	1
259.745	5214	4	1
259.803	5215	2	1
259.803	5216	3	1
259.803	5217	1	3
259.920	5218	3	2
259.920	5219	4	2
259.979	5220	4	3
260.038	5221	1	2
260.038	5222	4	2
260.096	5223	1	3
260.155	5224	1	1
260.155	5225	2	1
260.155	5226	3	3
260.155	5227	4	3
260.272	5228	2	1
260.272	5229	3	2
260.272	5230	4	2
260.331	5231	3	3
260.389	5232	3	1
260.448	5233	4	3
260.506	5234	1	2
260.506	5235	4	2
260.565	5236	4	3
260.624	5237	2	2
260.624	5238	4	2
260.624	5239	1	3
260.682	5240	2	3
260.741	5241	1	1
260.741	5242	2	1
260.741	5243	3	1
260.741	5244	4	3
260.858	5245	1	2
260.858	5246	2	2
260.917	5247	1	3
260.975	5248	1	2
260.975	5249	4	2
261.034	5250	4	3
261.092	5251	3	1
261.092	5252	4	1
261.092	5253	1	3
261.092	5254	2	3
261.210	5255	1	1
261.210	5256	2	1
261.210	5257	4	2
261.288	5258	1	1
261.327	5259	3	1
261.366	5260	2	1
261.385	5261	4	3
261.405	5262	1	1
261.444	5263	4	2
261.502	5264	2	1
261.502	5265	4	3
261.561	5266	3	1
261.561	5267	4	2
261.620	5268	1	1
261.678	5269	2	1
261.678	5270	3	1
261.678	5271	4	3
261.795	5272	1	2
261.795	5273	2	2
261.854	5274	1	3
261.913	5275	1	2
261.913	5276	4	2
261.971	5277	4	3
262.030	5278	3	1
262.030	5279	4	1
262.030	5280	1	3
262.030	5281	2	3
262.147	5282	1	2
262.147	5283	2	2
262.147	5284	3	1
262.206	5285	2	3
262.264	5286	2	1
262.323	5287	1	3
262.381	5288	1	2
262.381	5289	4	1
262.440	5290	1	3
262.499	5291	1	2
262.499	5292	3	1
262.557	5293	1	3
262.616	5294	1	2
262.616	5295	2	2
262.616	5296	3	2
262.645	5297	4	2
262.733	5298	1	3
262.733	5299	2	3
262.733	5300	3	3
262.792	5301	4	3
262.850	5302	3	2
262.967	5303	3	3
263.085	5304	1	1
263.085	5305	2	1
263.085	5306	4	2
263.163	5307	1	1
263.202	5308	3	1
263.241	5309	2	1
263.260	5310	4	3
263.280	5311	1	1
263.319	5312	4	2
263.377	5313	2	1
263.377	5314	4	3
263.436	5315	3	1
263.436	5316	4	2
263.495	5317	1	1
263.553	5318	3	1
263.553	5319	4	3
263.612	5320	4	1
263.670	5321	1	2
263.670	5322	2	2
263.729	5323	1	3
263.788	5324	1	2
263.788	5325	4	2
263.846	5326	4	3
263.905	5327	3	1
263.905	5328	4	1
263.905	5329	1	3
263.905	5330	2	3
264.022	5331	1	2
264.022	5332	2	2
264.081	5333	2	3
264.139	5334	2	1
264.139	5335	3	1
264.198	5336	1	3
264.256	5337	1	2
264.256	5338	4	2
264.315	5339	1	3
264.374	5340	1	1
264.374	5341	3	1
264.374	5342	4	3
264.491	5343	2	1
264.491	5344	3	1
264.491	5345	4	1
264.608	5346	1	1
264.608	5347	2	1
264.725	5348	1	2
264.725	5349	4	2
264.784	5350	4	3
264.842	5351	3	1
264.842	5352	4	1
264.842	5353	1	3
264.960	5354	1	2
264.960	5355	2	2
264.960	5356	3	1
265.018	5357	1	3
265.018	5358	2	3
265.077	5359	1	2
265.077	5360	2	2
265.135	5361	1	3
265.135	5362	2	3
265.194	5363	2	1
265.194	5364	4	1
265.252	5365	4	1
265.311	5366	2	1
265.370	5367	2	1
265.428	5368	3	2
265.428	5369	4	2
265.487	5370	3	3
265.487	5371	4	3
265.545	5372	3	2
265.545	5373	4	2
265.604	5374	3	3
265.663	5375	2	1
265.663	5376	3	1
265.780	5377	2	1
265.780	5378	3	1
265.838	5379	4	3
265.897	5380	4	1
265.926	5381	1	2
266.131	5382	2	2
266.131	5383	1	3
266.161	5384	3	2
266.219	5385	2	3
266.307	5386	3	3
266.366	5387	1	1
266.444	5388	1	1
266.522	5389	3	1
266.600	5390	3	1
266.678	5391	1	1
266.756	5392	1	1
266.835	5393	2	1
266.835	5394	3	1
266.835	5395	4	2
266.913	5396	1	1
266.952	5397	3	1
266.991	5398	2	1
267.010	5399	4	3
267.030	5400	1	1
267.069	5401	4	2
267.127	5402	2	1
267.127	5403	4	3
267.186	5404	3	1
267.186	5405	4	2
267.245	5406	1	1
267.303	5407	3	1
267.303	5408	4	3
267.362	5409	4	1
267.420	5410	1	2
267.420	5411	2	2
267.479	5412	3	1
267.479	5413	1	3
267.538	5414	1	2
267.538	5415	4	2
267.596	5416	4	3
267.655	5417	3	1
267.655	5418	4	1
267.655	5419	1	3
267.655	5420	2	3
267.772	5421	1	2
267.772	5422	2	2
267.772	5423	3	1
267.831	5424	2	3
267.889	5425	2	1
267.948	5426	1	3
268.006	5427	1	2
268.006	5428	4	2
268.065	5429	4	3
268.124	5430	2	2
268.124	5431	4	2
268.124	5432	1	3
268.182	5433	2	3
268.241	5434	2	1
268.241	5435	4	3
268.358	5436	1	2
268.358	5437	3	2
268.417	5438	1	3
268.475	5439	1	2
268.475	5440	4	2
268.475	5441	3	3
268.534	5442	4	3
268.592	5443	3	1
268.592	5444	4	1
268.592	5445	1	3
268.710	5446	1	2
268.710	5447	2	1
268.710	5448	3	1
268.788	5449	4	1
268.827	5450	2	1
268.866	5451	3	1
268.885	5452	1	3
268.905	5453	4	1
268.944	5454	1	2
269.002	5455	3	1
269.002	5456	1	3
269.061	5457	1	2
269.061	5458	2	1
269.120	5459	4	1
269.178	5460	2	1
269.178	5461	1	3
269.237	5462	1	1
269.295	5463	3	2
269.295	5464	4	2
269.354	5465	2	1
269.354	5466	4	3
269.413	5467	1	2
269.413	5468	4	2
269.471	5469	1	3
269.530	5470	1	1
269.530	5471	2	1
269.530	5472	3	3
269.530	5473	4	3
269.647	5474	2	1
269.647	5475	3	2
269.647	5476	4	2
269.706	5477	3	3
269.764	5478	3	1
269.823	5479	4	3
269.881	5480	1	2
269.881	5481	4	2
269.940	5482	1	3
269.999	5483	1	2
269.999	5484	3	2
269.999	5485	4	3
270.057	5486	3	3
270.116	5487	2	2
270.116	5488	4	2
270.116	5489	1	3
270.145	5490	3	2
270.233	5491	2	3
270.233	5492	4	3
270.350	5493	1	1
270.350	5494	3	3
270.585	5495	1	2
270.585	5496	2	1
270.585	5497	3	1
270.663	5498	4	1
270.702	5499	2	1
270.741	5500	3	1
270.760	5501	1	3
270.780	5502	4	1
270.819	5503	1	2
270.877	5504	3	1
270.877	5505	1	3
270.936	5506	1	2
270.936	5507	2	1
270.995	5508	4	1
271.053	5509	2	1
271.053	5510	1	3
271.112	5511	1	1
271.170	5512	3	2
271.170	5513	4	2
271.229	5514	2	1
271.229	5515	4	3
271.288	5516	1	2
271.288	5517	4	2
271.346	5518	1	3
271.405	5519	1	1
271.405	5520	2	1
271.405	5521	3	3
271.405	5522	4	3
271.522	5523	2	1
271.522	5524	3	2
271.522	5525	4	2
271.581	5526	3	3
271.639	5527	3	1
271.698	5528	4	3
271.756	5529	1	2
271.756	5530	4	2
271.815	5531	1	3
271.874	5532	1	2
271.874	5533	3	2
271.874	5534	4	3
271.932	5535	3	3
271.991	5536	3	1
271.991	5537	1	3
272.108	5538	2	2
272.108	5539	4	2
272.167	5540	4	3
272.225	5541	1	2
272.225	5542	4	2
272.225	5543	2	3
272.284	5544	1	3
272.342	5545	1	1
272.342	5546	2	1
272.342	5547	4	3
272.460	5548	2	1
272.460	5549	3	1
272.460	5550	4	2
272.538	5551	1	1
272.577	5552	3	1
272.616	5553	2	1
272.635	5554	4	3
272.655	5555	1	1
272.694	5556	4	2
272.752	5557	2	1
272.752	5558	4	3
272.811	5559	3	1
272.811	5560	4	2
272.870	5561	1	1
272.928	5562	3	1
272.928	5563	4	3
272.987	5564	4	1
273.045	5565	1	2
273.045	5566	2	2
273.104	5567	3	1
273.104	5568	1	3
273.163	5569	1	2
273.163	5570	4	2
273.221	5571	4	3
273.280	5572	3	1
273.280	5573	4	1
273.280	5574	1	3
273.280	5575	2	3
273.397	5576	1	2
273.397	5577	2	2
273.397	5578	3	1
273.456	5579	2	3
273.514	5580	2	1
273.573	5581	1	3
273.631	5582	1	2
273.631	5583	4	2
273.690	5584	4	3
273.749	5585	2	2
273.749	5586	4	2
273.749	5587	1	3
273.807	5588	2	3
273.866	5589	1	2
273.866	5590	2	2
273.866	5591	3	2
273.866	5592	4	3
273.924	5593	3	3
274.042	5594	2	3
274.100	5595	4	2
274.159	5596	1	3
274.159	5597	4	3
274.335	5598	3	1
274.335	5599	4	1
274.363	5600	2	1
274.392	5601	1	1
274.450	5602	3	1
274.508	5603	4	1
274.565	5604	3	1
274.623	5605	1	1
274.681	5606	2	1
274.681	5607	3	1
274.738	5608	4	1
274.796	5609	2	1
274.854	5610	3	1
274.911	5611	2	1
274.969	5612	3	1
275.027	5613	1	1
275.027	5614	4	1
275.142	5615	1	1
275.258	5616	2	1
275.258	5617	3	1
275.258	5618	4	1
275.367	5619	2	1
275.476	5620	1	1
275.476	5621	4	1
275.585	5622	1	1
275.585	5623	2	1
275.585	5624	3	1
275.694	5625	3	1
275.803	5626	2	1
275.803	5627	4	1
275.912	5628	1	1
275.912	5629	3	1
275.912	5630	4	1
276.021	5631	3	1
276.130	5632	1	1
276.130	5633	2	1
276.156	5634	3	1
276.183	5635	4	1
276.236	5636	2	1
276.289	5637	1	1
276.342	5638	2	1
276.395	5639	4	1
276.448	5640	2	1
276.448	5641	3	1
276.501	5642	1	1
276.554	5643	3	1
276.607	5644	2	1
276.660	5645	3	1
276.713	5646	2	1
276.766	5647	1	1
276.766	5648	4	1
276.872	5649	4	1
276.978	5650	1	1
276.978	5651	2	1
276.978	5652	3	1
277.080	5653	3	1
277.182	5654	1	1
277.182	5655	4	1
277.284	5656	2	1
277.284	5657	3	1
277.284	5658	4	1
277.386	5659	2	1
277.488	5660	1	1
277.488	5661	3	1
277.590	5662	1	1
277.590	5663	2	1
277.590	5664	4	1
277.641	5665	3	1
277.692	5666	1	1
277.692	5667	2	1
277.794	5668	3	1
277.794	5669	4	1
277.892	5670	3	1
277.892	5671	4	1
277.991	5672	3	1
277.991	5673	4	1
278.090	5674	3	1
278.090	5675	4	1
278.188	5676	2	1
278.188	5677	4	1
278.287	5678	2	1
278.287	5679	4	1
278.386	5680	2	1
278.386	5681	4	1
278.484	5682	2	1
278.484	5683	4	1
278.583	5684	1	1
278.583	5685	2	1
278.676	5686	1	1
278.676	5687	2	1
278.770	5688	1	1
278.770	5689	2	1
278.864	5690	1	1
278.864	5691	2	1
278.958	5692	1	1
278.958	5693	3	1
279.051	5694	1	1
279.051	5695	3	1
279.145	5696	1	1
279.145	5697	3	1
279.239	5698	1	1
279.239	5699	3	1
279.333	5700	4	1
279.379	5701	2	1
279.426	5702	4	1
279.473	5703	3	1
279.520	5704	1	1
279.567	5705	4	1
279.614	5706	1	1
279.661	5707	2	1
279.708	5708	3	1
279.754	5709	1	1
279.801	5710	3	1
279.848	5711	4	1
279.895	5712	2	1
279.942	5713	3	1
279.989	5714	2	1
280.036	5715	1	1
280.083	5716	3	1
280.083	5717	4	1
280.129	5718	2	1
280.176	5719	3	1
280.176	5720	4	1
280.223	5721	2	1
280.270	5722	3	1
280.270	5723	4	1
280.317	5724	1	1
280.364	5725	3	1
280.364	5726	4	1
280.458	5727	1	2
280.458	5728	2	2
280.481	5729	3	2
280.481	5730	4	2
280.551	5731	1	3
280.551	5732	2	3
280.645	5733	1	1
280.645	5734	2	1
280.645	5735	3	3
280.645	5736	4	3
280.833	5737	1	1
280.833	5738	3	1
280.833	5739	4	2
280.895	5740	2	1
280.926	5741	3	1
280.958	5742	1	1
281.020	5743	2	1
281.020	5744	4	3
281.067	5745	1	1
281.114	5746	3	1
281.114	5747	4	2
281.161	5748	2	1
281.208	5749	1	1
281.208	5750	3	1
281.208	5751	4	3
281.301	5752	1	2
281.301	5753	4	1
281.395	5754	2	1
281.395	5755	3	2
281.395	5756	4	2
281.395	5757	1	3
281.489	5758	2	1
281.489	5759	3	3
281.489	5760	4	3
281.583	5761	1	1
281.583	5762	3	2
281.583	5763	4	2
281.676	5764	1	1
281.676	5765	3	3
281.770	5766	2	2
281.770	5767	3	1
281.770	5768	4	3
281.864	5769	3	2
281.864	5770	4	2
281.864	5771	2	3
281.958	5772	1	1
281.958	5773	2	1
281.958	5774	3	3
281.958	5775	4	3
282.051	5776	1	2
282.051	5777	4	1
282.145	5778	2	1
282.145	5779	3	2
282.145	5780	4	2
282.145	5781	1	3
282.239	5782	1	1
282.239	5783	2	1
282.239	5784	3	3
282.239	5785	4	3
282.333	5786	1	1
282.333	5787	3	1
282.333	5788	4	2
282.395	5789	2	1
282.426	5790	3	1
282.458	5791	1	1
282.520	5792	2	1
282.520	5793	4	3
282.567	5794	1	1
282.614	5795	3	1
282.614	5796	4	2
282.661	5797	2	1
282.708	5798	1	1
282.708	5799	3	1
282.708	5800	4	3
282.801	5801	1	2
282.801	5802	4	1
282.848	5803	2	1
282.895	5804	3	2
282.895	5805	4	2
282.895	5806	1	3
282.989	5807	2	1
282.989	5808	3	3
282.989	5809	4	3
283.083	5810	1	1
283.083	5811	3	2
283.083	5812	4	2
283.176	5813	1	1
283.176	5814	3	3
283.270	5815	2	1
283.270	5816	3	1
283.270	5817	4	3
283.364	5818	2	1
283.364	5819	3	1
283.458	5820	1	1
283.458	5821	3	2
283.458	5822	4	2
283.551	5823	1	1
283.551	5824	4	3
283.645	5825	2	1
283.645	5826	4	2
283.645	5827	3	3
283.739	5828	1	1
283.739	5829	3	1
283.739	5830	4	3
283.833	5831	1	2
283.833	5832	2	1
283.833	5833	4	1
283.895	5834	3	1
283.926	5835	2	1
283.958	5836	4	1
284.020	5837	3	1
284.020	5838	1	3
284.067	5839	4	1
284.114	5840	1	2
284.114	5841	2	1
284.161	5842	3	1
284.208	5843	2	1
284.208	5844	4	1
284.208	5845	1	3
284.301	5846	1	1
284.301	5847	4	2
284.348	5848	3	1
284.395	5849	1	2
284.395	5850	2	2
284.395	5851	4	3
284.489	5852	3	1
284.489	5853	1	3
284.489	5854	2	3
284.583	5855	1	2
284.583	5856	2	2
284.583	5857	4	1
284.676	5858	4	1
284.676	5859	2	3
284.770	5860	2	1
284.770	5861	3	2
284.770	5862	1	3
284.864	5863	1	2
284.864	5864	2	2
284.864	5865	3	3
284.958	5866	3	1
284.958	5867	4	1
284.958	5868	1	3
284.958	5869	2	3
285.051	5870	1	1
285.051	5871	4	2
285.145	5872	1	2
285.145	5873	2	2
285.145	5874	3	1
285.145	5875	4	3
285.239	5876	3	1
285.239	5877	4	1
285.239	5878	1	3
285.239	5879	2	3
285.333	5880	1	2
285.333	5881	2	1
285.333	5882	4	1
285.395	5883	3	1
285.426	5884	2	1
285.458	5885	4	1
285.520	5886	3	1
285.520	5887	1	3
285.567	5888	4	1
285.614	5889	1	2
285.614	5890	2	1
285.661	5891	3	1
285.708	5892	2	1
285.708	5893	4	1
285.708	5894	1	3
285.801	5895	1	1
285.801	5896	4	2
285.848	5897	3	1
285.895	5898	1	2
285.895	5899	2	2
285.895	5900	4	3
285.989	5901	3	1
285.989	5902	1	3
285.989	5903	2	3
286.083	5904	1	2
286.083	5905	2	2
286.083	5906	4	1
286.176	5907	4	1
286.176	5908	2	3
286.270	5909	2	2
286.270	5910	3	1
286.270	5911	1	3
286.364	5912	1	1
286.364	5913	3	2
286.364	5914	2	3
286.458	5915	1	2
286.458	5916	2	2
286.458	5917	4	1
286.551	5918	4	1
286.551	5919	1	3
286.551	5920	3	3
286.645	5921	1	2
286.645	5922	3	2
286.645	5923	2	3
286.739	5924	2	1
286.739	5925	4	1
286.739	5926	1	3
286.739	5927	3	3
286.833	5928	1	1
286.833	5929	3	1
286.833	5930	4	2
286.895	5931	2	1
286.926	5932	3	1
286.926	5933	4	3
286.958	5934	1	1
287.020	5935	2	1
287.020	5936	4	1
287.067	5937	1	1
287.114	5938	3	1
287.114	5939	4	2
287.161	5940	2	1
287.208	5941	1	1
287.208	5942	3	1
287.208	5943	4	3
287.301	5944	1	2
287.301	5945	4	1
287.348	5946	2	1
287.395	5947	3	2
287.395	5948	4	2
287.395	5949	1	3
287.489	5950	2	1
287.489	5951	3	3
287.489	5952	4	3
287.583	5953	1	1
287.583	5954	3	2
287.583	5955	4	2
287.676	5956	1	1
287.676	5957	3	3
287.770	5958	2	2
287.770	5959	3	1
287.770	5960	4	3
287.864	5961	3	2
287.864	5962	4	2
287.864	5963	2	3
287.958	5964	1	1
287.958	5965	2	1
287.958	5966	3	3
287.958	5967	4	3
288.051	5968	1	2
288.051	5969	4	1
288.145	5970	2	1
288.145	5971	3	2
288.145	5972	4	2
288.145	5973	1	3
288.239	5974	1	1
288.239	5975	2	1
288.239	5976	3	3
288.239	5977	4	3
288.333	5978	1	1
288.333	5979	3	1
288.333	5980	4	2
288.395	5981	2	1
288.426	5982	3	1
288.458	5983	1	1
288.520	5984	2	1
288.520	5985	4	3
288.567	5986	1	1
288.614	5987	3	1
288.614	5988	4	2
288.661	5989	2	1
288.708	5990	1	1
288.708	5991	3	1
288.708	5992	4	3
288.801	5993	1	2
288.801	5994	4	1
288.848	5995	2	1
288.895	5996	3	2
288.895	5997	4	2
288.895	5998	1	3
288.989	5999	2	1
288.989	6000	3	3
288.989	6001	4	3
289.083	6002	1	1
289.083	6003	3	2
289.083	6004	4	2
289.176	6005	1	1
289.176	6006	3	3
289.270	6007	2	1
289.270	6008	3	1
289.270	6009	4	3
289.364	6010	2	1
289.364	6011	3	1
289.458	6012	1	1
289.458	6013	3	2
289.458	6014	4	2
289.551	6015	1	1
289.551	6016	4	3
289.645	6017	2	1
289.645	6018	4	2
289.645	6019	3	3
289.739	6020	1	1
289.739	6021	3	1
289.739	6022	4	3
289.833	6023	1	1
289.833	6024	2	1
289.833	6025	4	1
289.895	6026	3	1
289.926	6027	2	1
289.958	6028	4	1
289.989	6029	1	1
290.020	6030	3	1
290.067	6031	4	1
290.114	6032	1	2
290.114	6033	2	1
290.161	6034	3	1
290.208	6035	2	1
290.208	6036	4	1
290.208	6037	1	3
290.301	6038	1	1
290.301	6039	4	2
290.395	6040	1	2
290.395	6041	2	2
290.395	6042	3	1
290.395	6043	4	3
290.489	6044	3	1
290.489	6045	1	3
290.489	6046	2	3
290.583	6047	1	2
290.583	6048	2	2
290.583	6049	4	1
290.676	6050	4	1
290.676	6051	2	3
290.770	6052	2	1
290.770	6053	3	2
290.770	6054	1	3
290.864	6055	1	2
290.864	6056	2	2
290.864	6057	4	1
290.864	6058	3	3
290.958	6059	3	1
290.958	6060	4	1
290.958	6061	1	3
290.958	6062	2	3
291.051	6063	1	1
291.051	6064	2	2
291.145	6065	1	2
291.145	6066	3	2
291.145	6067	4	1
291.145	6068	2	3
291.239	6069	2	1
291.239	6070	1	3
291.239	6071	3	3
291.333	6072	4	1
291.356	6073	1	1
291.379	6074	3	1
291.426	6075	2	1
291.426	6076	4	1
291.473	6077	1	1
291.520	6078	3	1
291.567	6079	4	1
291.614	6080	1	1
291.614	6081	2	1
291.661	6082	3	1
291.708	6083	1	1
291.708	6084	4	2
291.754	6085	2	1
291.801	6086	3	1
291.801	6087	4	3
291.848	6088	2	1
291.895	6089	4	1
291.942	6090	1	1
291.989	6091	3	1
291.989	6092	4	2
292.036	6093	2	1
292.083	6094	1	1
292.083	6095	4	3
292.176	6096	2	1
292.176	6097	3	1
292.176	6098	4	1
292.270	6099	2	1
292.270	6100	3	1
292.270	6101	4	1
292.364	6102	2	1
292.364	6103	3	1
292.364	6104	4	1
292.458	6105	1	1
292.458	6106	2	2
292.458	6107	3	2
292.551	6108	1	2
292.551	6109	2	3
292.551	6110	3	3
292.645	6111	2	2
292.645	6112	3	2
292.645	6113	4	1
292.645	6114	1	3
292.739	6115	4	2
292.739	6116	2	3
292.739	6117	3	3
292.833	6118	1	2
292.833	6119	3	2
292.833	6120	4	3
292.856	6121	2	2
292.926	6122	1	3
292.926	6123	3	3
293.020	6124	3	1
293.020	6125	4	1
293.020	6126	2	3
293.208	6127	1	1
293.208	6128	2	1
293.208	6129	3	1
293.208	6130	4	1
293.301	6131	1	1
293.301	6132	4	2
293.395	6133	1	2
293.395	6134	2	2
293.395	6135	3	1
293.395	6136	4	3
293.489	6137	3	1
293.489	6138	1	3
293.489	6139	2	3
293.583	6140	1	2
293.583	6141	2	2
293.583	6142	4	1
293.676	6143	4	1
293.676	6144	2	3
293.770	6145	2	1
293.770	6146	3	2
293.770	6147	1	3
293.864	6148	1	2
293.864	6149	2	2
293.864	6150	3	3
293.958	6151	3	1
293.958	6152	4	1
293.958	6153	1	3
293.958	6154	2	3
294.051	6155	1	1
294.051	6156	4	2
294.145	6157	1	2
294.145	6158	2	2
294.145	6159	3	1
294.145	6160	4	3
294.239	6161	3	1
294.239	6162	4	1
294.239	6163	1	3
294.239	6164	2	3
294.333	6165	1	2
294.333	6166	2	1
294.333	6167	4	1
294.395	6168	3	1
294.426	6169	2	1
294.458	6170	4	1
294.520	6171	3	1
294.520	6172	1	3
294.567	6173	4	1
294.614	6174	1	2
294.614	6175	2	1
294.661	6176	3	1
294.708	6177	2	1
294.708	6178	4	1
294.708	6179	1	3
294.801	6180	1	1
294.801	6181	4	2
294.848	6182	3	1
294.895	6183	1	2
294.895	6184	2	2
294.895	6185	4	3
294.989	6186	3	1
294.989	6187	1	3
294.989	6188	2	3
295.083	6189	1	2
295.083	6190	2	2
295.083	6191	4	1
295.176	6192	3	1
295.176	6193	4	1
295.176	6194	2	3
295.270	6195	2	1
295.270	6196	3	1
295.270	6197	1	3
295.364	6198	2	1
295.364	6199	3	2
295.458	6200	1	2
295.458	6201	2	2
295.458	6202	4	1
295.458	6203	3	3
295.551	6204	4	1
295.551	6205	1	3
295.645	6206	1	2
295.645	6207	3	2
295.645	6208	2	3
295.739	6209	2	1
295.739	6210	1	3
295.739	6211	3	3
295.833	6212	4	2
295.856	6213	2	2
295.879	6214	1	2
295.950	6215	4	3
295.973	6216	2	3
295.997	6217	1	3
296.020	6218	4	1
296.043	6219	2	1
296.067	6220	1	1
296.208	6221	1	1
296.208	6222	2	1
296.208	6223	3	1
296.208	6224	4	1
296.301	6225	1	2
296.301	6226	4	1
296.348	6227	2	1
296.395	6228	3	2
296.395	6229	4	2
296.395	6230	1	3
296.489	6231	2	1
296.489	6232	3	3
296.489	6233	4	3
296.583	6234	1	1
296.583	6235	3	2
296.583	6236	4	2
296.676	6237	1	1
296.676	6238	3	3
296.770	6239	2	2
296.770	6240	3	1
296.770	6241	4	3
296.864	6242	3	2
296.864	6243	4	2
296.864	6244	2	3
296.958	6245	1	1
296.958	6246	2	1
296.958	6247	3	3
296.958	6248	4	3
297.051	6249	1	2
297.051	6250	4	1
297.145	6251	2	1
297.145	6252	3	2
297.145	6253	4	2
297.145	6254	1	3
297.239	6255	1	1
297.239	6256	2	1
297.239	6257	3	3
297.239	6258	4	3
297.333	6259	1	2
297.333	6260	3	1
297.333	6261	4	2
297.426	6262	3	1
297.426	6263	1	3
297.426	6264	4	3
297.520	6265	1	2
297.520	6266	2	1
297.520	6267	4	2
297.614	6268	2	1
297.614	6269	1	3
297.614	6270	4	3
297.661	6271	3	1
297.708	6272	1	1
297.754	6273	4	1
297.801	6274	1	2
297.801	6275	2	2
297.801	6276	3	1
297.895	6277	3	1
297.895	6278	2	3
297.989	6279	2	1
297.989	6280	1	3
298.083	6281	1	1
298.083	6282	3	1
298.083	6283	4	1
298.270	6284	4	1
298.364	6285	4	1
298.458	6286	3	1
298.504	6287	1	1
298.551	6288	3	1
298.598	6289	1	1
298.645	6290	3	1
298.739	6291	3	1
298.833	6292	1	2
298.833	6293	2	1
298.833	6294	4	1
298.879	6295	3	1
298.926	6296	2	1
298.926	6297	1	3
298.973	6298	1	1
299.020	6299	3	1
299.020	6300	4	1
299.067	6301	1	1
299.114	6302	2	1
299.114	6303	3	1
299.114	6304	4	2
299.161	6305	1	1
299.208	6306	3	1
299.208	6307	4	3
299.254	6308	2	1
299.301	6309	4	1
299.348	6310	2	1
299.395	6311	1	1
299.395	6312	3	2
299.395	6313	4	2
299.489	6314	1	1
299.489	6315	2	1
299.489	6316	3	3
299.489	6317	4	3
299.583	6318	2	2
299.583	6319	3	2
299.583	6320	4	1
299.676	6321	1	1
299.676	6322	4	1
299.676	6323	2	3
299.770	6324	2	2
299.770	6325	4	1
299.770	6326	3	3
299.864	6327	1	2
299.864	6328	3	1
299.864	6329	4	2
299.864	6330	2	3
299.958	6331	2	1
299.958	6332	3	1
299.958	6333	1	3
300.051	6334	1	1
300.051	6335	3	2
300.051	6336	4	3
300.145	6337	1	1
300.145	6338	2	1
300.145	6339	4	1
300.145	6340	3	3
300.239	6341	2	1
300.239	6342	3	1
300.333	6343	1	1
300.333	6344	3	1
300.333	6345	4	2
300.379	6346	2	1
300.426	6347	3	1
300.426	6348	4	3
300.473	6349	4	1
300.520	6350	1	1
300.520	6351	2	1
300.567	6352	4	1
300.614	6353	1	2
300.614	6354	2	1
300.614	6355	3	1
300.661	6356	4	1
300.708	6357	2	1
300.708	6358	1	3
300.754	6359	3	1
300.801	6360	1	1
300.801	6361	4	1
300.848	6362	3	1
300.895	6363	1	2
300.895	6364	2	2
300.895	6365	4	1
300.989	6366	1	3
300.989	6367	2	3
301.083	6368	2	2
301.083	6369	4	1
301.106	6370	1	2
301.176	6371	3	1
301.176	6372	4	1
301.176	6373	2	3
301.270	6374	3	1
301.270	6375	4	1
301.270	6376	1	3
301.364	6377	1	2
301.364	6378	3	1
301.387	6379	2	2
301.458	6380	1	3
301.551	6381	3	1
301.551	6382	4	1
301.551	6383	2	3
301.645	6384	2	2
301.645	6385	4	1
301.668	6386	1	2
301.739	6387	2	3
301.786	6388	1	3
301.833	6389	2	1
301.833	6390	3	1
301.833	6391	4	1
301.926	6392	3	1
301.926	6393	4	1
302.020	6394	1	1
302.020	6395	2	1
302.020	6396	4	1
302.114	6397	1	1
302.114	6398	2	1
302.114	6399	3	1
302.208	6400	1	1
302.208	6401	2	1
302.301	6402	1	1
302.301	6403	3	1
302.301	6404	4	1
302.395	6405	3	1
302.418	6406	2	1
302.442	6407	4	1
302.489	6408	1	1
302.536	6409	2	1
302.583	6410	3	1
302.583	6411	4	1
302.676	6412	1	1
302.700	6413	3	1
302.723	6414	4	1
302.770	6415	1	1
302.770	6416	2	1
302.864	6417	4	1
302.887	6418	2	1
302.911	6419	1	1
302.958	6420	3	1
302.958	6421	4	1
303.051	6422	3	1
303.051	6423	4	1
303.145	6424	2	1
303.168	6425	3	1
303.192	6426	1	1
303.239	6427	4	1
303.286	6428	3	1
303.333	6429	1	1
303.333	6430	2	1
303.333	6431	4	1
303.426	6432	3	1
303.520	6433	3	2
303.614	6434	2	1
303.708	6435	2	2
303.801	6436	4	1
303.895	6437	4	2
303.895	6438	2	3
303.942	6439	1	1
303.989	6440	2	1
303.989	6441	3	3
304.036	6442	1	1
304.083	6443	2	2
304.083	6444	3	2
304.083	6445	4	3
304.129	6446	3	3
304.176	6447	3	1
304.176	6448	2	3
304.270	6449	2	1
304.364	6450	2	1
304.458	6451	4	1
304.504	6452	1	1
304.551	6453	4	1
304.598	6454	1	1
304.645	6455	4	1
304.692	6456	1	1
304.739	6457	4	1
304.786	6458	1	1
304.833	6459	2	1
304.833	6460	3	1
304.833	6461	4	1
305.489	6462	4	1
305.583	6463	1	1
305.770	6464	3	1
305.864	6465	2	1
305.958	6466	1	1
305.958	6467	3	1
306.239	6468	4	1
306.333	6469	2	1
306.333	6470	4	1
306.614	6471	3	1
306.708	6472	1	1
306.708	6473	2	1
306.895	6474	3	1
306.895	6475	4	1
306.989	6476	3	1
307.083	6477	2	1
307.083	6478	4	1
307.270	6479	2	1
307.270	6480	4	1
307.364	6481	4	1
307.458	6482	1	1
307.458	6483	2	1
307.551	6484	2	1
307.645	6485	1	1
307.645	6486	3	1
307.739	6487	1	1
307.833	6488	3	1
307.833	6489	4	1
308.395	6490	2	1
308.489	6491	4	1
308.583	6492	2	1
308.583	6493	4	1
308.770	6494	1	1
308.770	6495	3	1
308.864	6496	1	1
308.958	6497	2	1
308.958	6498	3	1
309.051	6499	3	1
309.145	6500	2	1
309.145	6501	4	1
309.239	6502	2	1
309.333	6503	1	1
309.333	6504	4	1
309.989	6505	1	1
310.083	6506	1	1
310.083	6507	3	1
310.270	6508	2	1
310.270	6509	4	1
310.364	6510	4	1
310.458	6511	2	1
310.458	6512	3	1
310.551	6513	2	1
310.645	6514	1	1
310.645	6515	3	1
310.739	6516	3	1
310.833	6517	1	2
310.833	6518	2	2
310.833	6519	4	2
318.333	6520	1	3
318.333	6521	2	3
318.333	6522	4	3