Song Name	The Best of Cametek Mashup [EXTENDED CUT] (Hard) by Camellia (Arranged by HimitsuHiketsu)
Title	The Best of Cametek Mashup [EXTENDED CUT] (Hard)
Artist	Camellia (Arranged by HimitsuHiketsu)
Description	A mashup of all 16 Camellia (Cametek) songs that were featured from the 'Featuring: Camellia' update, created by community member HimitsuHiketsu. Map by superhalaga222.
Difficulty	34
Primary Color	Rush
Secondary Color	Rush
Cover Image ID	6581487152
Audio Asset ID	rbxassetid://9060591401
Audio File	9060591401.ogg
Last Note Time	414.971
Total Notes	6585
Fever Fill	1726
Fever Time	62.245650
Long Notes	1402
BPM	205
Song Length	415.971000000

Timing Points
0.005	300.000000
61.805	300.000000
93.005	300.000000
121.805	300.000000
122.405	300.000000
339.605	256.410256
339.605	256.410256
359.989	300.000000
388.790	272.727273
388.790	272.727273


Song Data
0.005	1	1	1
0.005	2	4	1
0.005	3	3	1
0.005	4	2	1
0.305	5	1	2
0.380	6	1	3
0.380	7	2	1
0.455	8	4	2
0.530	9	4	3
0.530	10	2	1
0.567	11	3	2
0.905	12	3	3
0.905	13	2	1
0.980	14	1	2
1.055	15	1	3
1.130	16	2	1
1.167	17	3	2
1.505	18	3	3
1.505	19	2	1
1.542	20	4	2
1.730	21	4	3
1.730	22	3	2
1.955	23	3	3
1.955	24	2	2
2.030	25	2	3
2.105	26	1	1
2.180	27	3	2
2.255	28	3	3
2.330	29	1	1
2.367	30	2	2
2.630	31	2	3
2.705	32	1	2
2.780	33	1	3
2.780	34	2	1
2.855	35	4	2
2.930	36	4	3
2.930	37	2	1
2.967	38	3	2
3.305	39	3	3
3.305	40	2	1
3.380	41	1	2
3.455	42	1	3
3.530	43	2	1
3.567	44	3	2
3.905	45	3	3
3.905	46	2	1
3.942	47	4	2
4.130	48	4	3
4.130	49	3	2
4.355	50	3	3
4.355	51	2	2
4.430	52	2	3
4.505	53	1	1
4.580	54	2	2
4.655	55	2	3
4.655	56	1	1
4.730	57	3	1
4.767	58	4	2
5.030	59	4	3
4.805	60	1	1
4.880	61	2	1
4.955	62	3	1
5.030	63	2	1
5.105	64	1	2
5.180	65	1	3
5.180	66	2	1
5.255	67	4	2
5.330	68	4	3
5.330	69	2	1
5.367	70	3	2
5.705	71	3	3
5.405	72	1	1
5.480	73	2	1
5.555	74	4	1
5.630	75	1	1
5.705	76	2	1
5.780	77	1	2
5.855	78	1	3
5.817	79	3	1
5.855	80	2	1
5.892	81	4	1
5.930	82	3	2
6.305	83	3	3
5.967	84	2	1
6.005	85	1	1
6.080	86	2	1
6.155	87	4	1
6.230	88	1	1
6.305	89	2	1
6.342	90	4	2
6.530	91	4	3
6.380	92	1	1
6.455	93	2	1
6.530	94	3	2
6.755	95	3	3
6.605	96	1	1
6.680	97	4	1
6.755	98	2	2
6.830	99	2	3
6.830	100	4	1
6.905	101	2	1
6.980	102	1	2
7.055	103	1	3
7.017	104	3	1
7.055	105	2	1
7.092	106	4	1
7.130	107	3	1
7.167	108	2	2
7.430	109	2	3
7.205	110	1	1
7.280	111	4	1
7.355	112	3	1
7.430	113	4	1
7.505	114	1	2
7.580	115	1	3
7.580	116	2	1
7.655	117	3	1
7.730	118	2	2
8.105	119	2	3
7.805	120	4	1
7.880	121	3	1
7.955	122	1	1
8.030	123	4	1
8.105	124	3	1
8.142	125	4	1
8.180	126	2	1
8.217	127	1	1
8.255	128	3	1
8.292	129	4	1
8.330	130	2	1
8.367	131	1	1
8.405	132	4	1
8.405	133	3	1
8.480	134	4	1
8.480	135	3	1
8.555	136	1	2
9.305	137	1	3
8.930	138	2	1
9.005	139	3	1
9.080	140	4	1
9.155	141	2	1
9.230	142	3	1
9.305	143	4	1
9.342	144	3	1
9.380	145	2	1
9.417	146	1	1
9.455	147	3	1
9.530	148	2	1
9.605	149	1	1
9.605	150	3	2
9.905	151	3	3
9.905	152	2	2
10.130	153	2	3
9.905	154	1	1
10.130	155	4	2
10.505	156	4	3
10.205	157	1	1
10.505	158	1	1
10.505	159	3	2
10.730	160	3	3
10.730	161	1	2
11.405	162	1	3
10.805	163	3	1
11.105	164	3	1
11.405	165	3	1
11.555	166	1	2
11.630	167	1	3
11.705	168	4	1
11.705	169	2	2
11.780	170	2	3
11.780	171	3	2
11.855	172	3	3
11.930	173	3	2
12.230	174	3	3
12.005	175	2	1
12.305	176	2	1
12.305	177	3	2
12.530	178	3	3
12.530	179	4	2
12.830	180	4	3
12.605	181	2	1
12.905	182	1	1
12.905	183	2	2
13.205	184	2	3
13.205	185	1	1
13.205	186	4	2
13.430	187	4	3
13.430	188	3	2
13.655	189	3	3
13.430	190	1	1
13.655	191	2	2
13.805	192	2	3
13.805	193	1	1
13.805	194	3	2
14.030	195	3	3
14.030	196	2	2
14.255	197	2	3
14.105	198	4	1
14.255	199	1	2
14.405	200	1	3
14.405	201	3	2
15.005	202	3	3
14.405	203	4	1
14.705	204	4	1
15.005	205	4	1
15.155	206	1	2
15.230	207	1	3
15.305	208	4	1
15.305	209	2	2
15.380	210	2	3
15.380	211	3	2
15.455	212	3	3
15.530	213	4	2
15.905	214	4	3
15.605	215	2	1
15.905	216	2	1
15.905	217	1	2
16.055	218	1	3
16.130	219	3	2
16.505	220	3	3
16.205	221	2	1
16.505	222	2	1
16.505	223	4	2
16.730	224	4	3
16.767	225	3	2
16.880	226	3	3
16.805	227	4	1
16.880	228	2	2
16.955	229	2	3
16.955	230	1	2
17.405	231	1	3
17.105	232	4	1
17.405	233	4	1
17.592	234	3	2
17.705	235	3	3
17.705	236	2	2
17.855	237	2	3
17.705	238	4	1
17.855	239	1	2
18.005	240	1	3
18.005	241	4	1
18.005	242	3	2
18.380	243	3	3
18.305	244	4	1
18.380	245	1	2
18.455	246	1	3
18.455	247	2	2
18.530	248	2	3
18.530	249	3	2
18.905	250	3	3
18.605	251	4	1
19.055	252	1	2
19.130	253	1	3
19.130	254	2	2
19.205	255	2	3
19.205	256	4	1
19.205	257	3	2
19.505	258	3	3
19.355	259	2	1
19.505	260	1	1
19.505	261	4	1
19.505	262	2	2
19.730	263	2	3
19.655	264	3	1
19.730	265	4	2
20.105	266	4	3
19.805	267	2	1
19.805	268	1	1
19.955	269	3	1
20.105	270	3	2
20.330	271	3	3
20.105	272	1	1
20.105	273	2	1
20.255	274	2	1
20.330	275	1	2
21.005	276	1	3
20.405	277	3	1
20.405	278	4	1
20.555	279	2	1
20.705	280	4	1
20.705	281	3	1
20.705	282	2	1
20.855	283	3	1
21.005	284	2	1
21.005	285	4	1
21.155	286	1	2
21.230	287	1	3
21.305	288	4	1
21.305	289	2	2
21.380	290	2	3
21.305	291	1	1
21.380	292	3	2
21.455	293	3	3
21.455	294	1	1
21.530	295	3	2
21.830	296	3	3
21.605	297	1	1
21.605	298	2	1
21.755	299	4	1
21.905	300	3	2
22.130	301	3	3
21.905	302	2	1
21.905	303	1	1
22.055	304	1	1
22.130	305	4	2
22.430	306	4	3
22.205	307	3	1
22.205	308	2	1
22.355	309	1	1
22.505	310	4	1
22.505	311	2	2
22.805	312	2	3
22.505	313	1	1
22.655	314	3	1
22.805	315	4	2
23.030	316	4	3
22.805	317	1	1
22.955	318	2	1
23.030	319	3	2
23.255	320	3	3
23.105	321	1	1
23.105	322	2	1
23.105	323	4	1
23.255	324	2	2
23.405	325	2	3
23.405	326	1	1
23.405	327	3	2
23.630	328	3	3
23.555	329	4	1
23.630	330	2	2
23.855	331	2	3
23.705	332	4	1
23.705	333	1	1
23.705	334	3	1
23.855	335	1	2
24.005	336	1	3
24.005	337	3	2
24.605	338	3	3
24.005	339	4	1
24.155	340	2	1
24.305	341	2	1
24.305	342	1	1
24.305	343	4	1
24.455	344	2	1
24.605	345	4	1
24.605	346	1	1
24.755	347	1	2
24.830	348	1	3
24.905	349	2	1
24.905	350	3	1
24.905	351	1	1
24.942	352	4	2
25.055	353	4	3
25.055	354	2	1
25.130	355	3	2
25.505	356	3	3
25.205	357	2	1
25.205	358	1	1
25.355	359	4	1
25.505	360	1	1
25.505	361	4	1
25.505	362	2	1
25.542	363	3	2
25.655	364	3	3
25.655	365	1	1
25.730	366	2	2
26.105	367	2	3
25.805	368	1	1
25.805	369	3	1
25.955	370	4	1
26.105	371	3	2
26.255	372	3	3
26.105	373	4	1
26.105	374	1	1
26.255	375	1	1
26.292	376	2	1
26.330	377	3	1
26.367	378	4	1
26.405	379	1	1
26.405	380	2	1
26.480	381	3	1
26.555	382	1	2
26.705	383	1	3
26.630	384	2	1
26.705	385	3	1
26.780	386	4	1
26.855	387	2	1
26.930	388	1	1
27.005	389	3	1
27.080	390	2	1
27.155	391	3	1
27.192	392	4	2
27.305	393	4	3
27.230	394	1	1
27.305	395	2	2
27.380	396	2	3
27.380	397	1	2
27.455	398	1	3
27.455	399	3	1
27.530	400	2	2
27.680	401	2	3
27.605	402	4	1
27.680	403	3	1
27.755	404	2	1
27.830	405	1	1
27.905	406	2	2
28.130	407	2	3
27.980	408	3	1
28.055	409	4	1
28.130	410	3	2
28.505	411	3	3
28.205	412	2	1
28.280	413	1	1
28.355	414	4	1
28.430	415	2	1
28.505	416	4	2
28.730	417	4	3
28.580	418	2	1
28.655	419	3	1
28.730	420	1	1
28.767	421	2	2
28.880	422	2	3
28.805	423	4	1
28.880	424	3	1
28.955	425	1	2
29.105	426	1	3
29.030	427	2	1
29.105	428	3	1
29.180	429	4	1
29.255	430	2	1
29.330	431	1	1
29.405	432	3	1
29.480	433	2	1
29.555	434	3	1
29.592	435	4	2
29.705	436	4	3
29.630	437	1	1
29.705	438	2	2
29.780	439	2	3
29.780	440	1	2
29.855	441	1	3
29.855	442	4	1
29.930	443	2	2
30.155	444	2	3
30.005	445	3	1
30.005	446	4	1
30.080	447	1	1
30.155	448	4	1
30.230	449	3	1
30.230	450	2	1
30.230	451	1	2
30.380	452	1	3
30.305	453	4	1
30.380	454	3	1
30.455	455	4	1
30.455	456	1	1
30.455	457	2	2
30.605	458	2	3
30.605	459	4	2
30.905	460	4	3
30.605	461	1	2
31.055	462	1	3
30.605	463	3	2
30.755	464	3	3
31.205	465	2	1
31.205	466	3	1
31.205	467	1	1
31.205	468	4	2
32.855	469	4	3
31.355	470	1	1
31.355	471	2	1
31.505	472	2	1
31.505	473	1	1
31.655	474	1	1
31.655	475	2	1
31.805	476	1	1
31.805	477	2	1
31.955	478	1	1
31.955	479	2	1
32.105	480	2	1
32.105	481	1	1
32.255	482	2	1
32.255	483	1	1
32.405	484	1	1
32.405	485	2	1
32.555	486	1	1
32.555	487	2	1
32.705	488	2	1
32.705	489	1	1
32.855	490	2	1
32.855	491	1	1
33.005	492	3	2
33.305	493	3	3
33.005	494	1	1
33.005	495	4	1
33.155	496	1	1
33.155	497	4	1
33.305	498	4	1
33.305	499	1	1
33.455	500	3	1
33.455	501	1	2
35.405	502	1	3
33.455	503	4	1
33.605	504	4	1
33.605	505	3	1
33.755	506	3	1
33.755	507	4	1
33.905	508	3	1
33.905	509	4	1
34.055	510	3	1
34.055	511	4	1
34.205	512	4	1
34.205	513	3	1
34.355	514	3	1
34.355	515	4	1
34.505	516	3	1
34.505	517	4	1
34.655	518	4	1
34.655	519	3	1
34.805	520	4	1
34.805	521	3	1
34.955	522	4	1
34.955	523	3	1
35.105	524	4	1
35.105	525	3	1
35.255	526	4	1
35.255	527	3	1
35.405	528	3	1
35.405	529	4	1
35.555	530	3	1
35.555	531	4	1
35.705	532	3	1
35.705	533	4	1
35.855	534	3	1
35.855	535	4	1
36.005	536	4	2
36.530	537	4	3
36.005	538	2	1
36.005	539	3	1
36.080	540	1	1
36.155	541	2	1
36.155	542	3	1
36.230	543	1	1
36.305	544	3	1
36.305	545	2	1
36.380	546	1	1
36.455	547	3	1
36.455	548	2	1
36.530	549	1	1
36.605	550	3	1
36.605	551	4	2
36.680	552	4	3
36.680	553	1	1
36.680	554	2	1
36.755	555	4	2
36.830	556	4	3
36.755	557	3	1
36.830	558	1	1
36.830	559	2	1
36.905	560	4	2
36.980	561	4	3
36.905	562	3	1
36.980	563	1	1
36.980	564	2	1
37.055	565	4	2
37.130	566	4	3
37.055	567	3	1
37.130	568	1	1
37.130	569	2	1
37.205	570	3	1
37.205	571	4	2
37.280	572	4	3
37.280	573	1	1
37.280	574	2	1
37.355	575	4	2
37.430	576	4	3
37.355	577	3	1
37.430	578	1	1
37.430	579	2	1
37.505	580	3	1
37.505	581	4	2
37.580	582	4	3
37.580	583	2	1
37.580	584	1	1
37.655	585	3	1
37.655	586	4	2
37.730	587	4	3
37.730	588	2	1
37.730	589	1	1
37.805	590	3	1
37.805	591	4	2
37.880	592	4	3
37.880	593	2	1
37.880	594	1	1
37.955	595	3	1
37.955	596	4	2
38.030	597	4	3
38.030	598	2	1
38.030	599	1	1
38.105	600	3	1
38.105	601	4	2
38.180	602	4	3
38.180	603	2	1
38.180	604	1	1
38.255	605	4	2
38.330	606	4	3
38.255	607	3	1
38.330	608	2	1
38.330	609	1	1
38.405	610	4	1
38.405	611	3	1
38.455	612	2	1
38.505	613	1	1
38.555	614	3	1
38.555	615	4	1
38.605	616	2	1
38.655	617	1	1
38.705	618	4	1
38.742	619	3	1
38.780	620	2	1
38.817	621	1	1
38.855	622	4	1
38.892	623	3	1
38.930	624	2	1
38.967	625	1	1
39.005	626	4	1
39.042	627	3	1
39.080	628	2	1
39.117	629	1	1
39.155	630	4	1
39.192	631	3	1
39.230	632	2	1
39.267	633	1	1
39.305	634	4	1
39.342	635	3	1
39.380	636	2	1
39.417	637	1	1
39.455	638	4	1
39.492	639	3	1
39.530	640	2	1
39.567	641	1	1
39.605	642	3	1
39.605	643	4	2
40.055	644	4	3
39.755	645	1	1
39.830	646	2	1
39.905	647	3	1
39.980	648	2	1
40.055	649	1	1
40.205	650	3	2
40.505	651	3	3
40.355	652	1	1
40.405	653	2	1
40.455	654	4	1
40.505	655	2	1
40.655	656	1	2
40.805	657	1	3
40.805	658	3	2
40.955	659	3	3
40.805	660	2	2
40.955	661	2	3
40.805	662	4	1
41.105	663	4	1
41.105	664	3	2
41.255	665	3	3
41.105	666	2	2
41.255	667	2	3
41.255	668	1	2
41.555	669	1	3
41.255	670	4	2
41.555	671	4	3
41.405	672	3	1
41.405	673	2	1
41.555	674	2	2
41.705	675	2	3
41.555	676	3	2
41.705	677	3	3
41.705	678	4	1
41.705	679	1	1
41.855	680	2	2
42.005	681	2	3
41.855	682	1	2
42.005	683	1	3
42.005	684	4	1
42.005	685	3	1
42.155	686	1	2
42.305	687	1	3
42.155	688	2	2
42.305	689	2	3
42.305	690	3	2
42.455	691	3	3
42.305	692	4	2
42.455	693	4	3
42.605	694	3	1
42.605	695	4	2
42.905	696	4	3
42.605	697	1	2
42.755	698	1	3
42.755	699	2	2
42.905	700	2	3
42.905	701	1	2
43.205	702	1	3
42.905	703	3	2
43.055	704	3	3
43.055	705	4	2
43.205	706	4	3
43.205	707	3	2
43.355	708	3	3
43.205	709	2	2
43.355	710	2	3
43.505	711	3	2
43.655	712	3	3
43.505	713	1	1
43.505	714	4	2
43.655	715	4	3
43.655	716	1	2
43.955	717	1	3
43.655	718	2	2
43.955	719	2	3
43.805	720	4	1
43.805	721	3	1
43.955	722	4	2
44.105	723	4	3
43.955	724	3	2
44.105	725	3	3
44.105	726	1	1
44.105	727	2	1
44.255	728	1	2
44.405	729	1	3
44.255	730	4	2
44.405	731	4	3
44.405	732	2	1
44.405	733	3	1
44.555	734	4	2
44.705	735	4	3
44.555	736	2	2
44.705	737	2	3
44.705	738	1	2
44.855	739	1	3
44.705	740	3	2
44.855	741	3	3
44.855	742	2	2
45.005	743	2	3
44.855	744	4	2
45.005	745	4	3
45.005	746	1	1
45.005	747	3	1
45.155	748	3	2
45.305	749	3	3
45.155	750	4	2
45.305	751	4	3
45.305	752	1	1
45.305	753	2	1
45.455	754	3	1
45.530	755	4	1
45.605	756	2	2
45.755	757	2	3
45.605	758	1	1
45.605	759	3	2
45.755	760	3	3
45.905	761	4	1
45.905	762	2	2
46.055	763	2	3
45.905	764	3	2
46.055	765	3	3
46.055	766	1	2
46.355	767	1	3
46.055	768	4	2
46.355	769	4	3
46.205	770	3	1
46.205	771	2	1
46.355	772	3	2
46.505	773	3	3
46.355	774	2	2
46.505	775	2	3
46.505	776	4	1
46.505	777	1	1
46.655	778	2	1
46.655	779	1	1
46.730	780	1	1
46.730	781	2	1
46.805	782	4	1
46.805	783	3	1
46.955	784	2	2
47.105	785	2	3
46.955	786	1	2
47.105	787	1	3
47.105	788	4	2
47.255	789	4	3
47.105	790	3	2
47.255	791	3	3
47.405	792	1	1
47.405	793	4	2
47.705	794	4	3
47.405	795	2	2
47.555	796	2	3
47.555	797	3	2
47.705	798	3	3
47.705	799	2	2
47.855	800	2	3
47.705	801	1	2
47.855	802	1	3
47.855	803	3	1
47.855	804	4	1
47.930	805	4	1
47.930	806	3	1
48.005	807	2	1
48.005	808	1	1
48.155	809	3	1
48.155	810	4	1
48.305	811	1	1
48.305	812	2	1
48.455	813	4	1
48.455	814	3	1
48.605	815	1	1
48.605	816	2	1
48.755	817	4	1
48.755	818	3	1
48.905	819	1	1
48.905	820	2	1
48.980	821	4	1
48.980	822	3	1
49.055	823	2	1
49.055	824	1	1
49.130	825	4	1
49.130	826	3	1
49.205	827	1	1
49.205	828	2	1
49.355	829	1	2
49.430	830	1	3
49.430	831	2	2
49.505	832	2	3
49.505	833	3	2
49.580	834	3	3
49.580	835	4	2
49.655	836	4	3
49.655	837	2	2
49.730	838	2	3
49.730	839	3	2
49.805	840	3	3
49.805	841	4	2
49.880	842	4	3
49.880	843	2	2
49.955	844	2	3
49.955	845	3	2
50.030	846	3	3
50.030	847	1	2
50.105	848	1	3
50.105	849	4	2
50.180	850	4	3
50.180	851	2	2
50.255	852	2	3
50.255	853	1	2
50.330	854	1	3
50.330	855	3	2
50.405	856	3	3
50.405	857	4	2
52.055	858	4	3
50.405	859	2	1
50.405	860	1	1
50.555	861	1	1
50.555	862	3	1
50.705	863	1	1
50.705	864	2	1
50.855	865	1	1
50.855	866	3	1
51.005	867	2	1
51.005	868	1	1
51.155	869	1	1
51.155	870	3	1
51.305	871	2	1
51.305	872	1	1
51.455	873	1	1
51.455	874	3	1
51.605	875	1	1
51.605	876	2	1
51.755	877	3	1
51.755	878	1	1
51.905	879	1	1
51.905	880	2	1
52.055	881	1	1
52.055	882	3	1
52.205	883	3	2
52.505	884	3	3
52.205	885	1	1
52.205	886	4	1
52.355	887	4	1
52.355	888	2	1
52.505	889	4	1
52.505	890	1	1
52.655	891	1	2
54.605	892	1	3
52.655	893	2	1
52.655	894	4	1
52.805	895	4	1
52.805	896	3	1
52.955	897	4	1
52.955	898	2	1
53.105	899	3	1
53.105	900	4	1
53.255	901	4	1
53.255	902	2	1
53.405	903	3	1
53.405	904	4	1
53.555	905	2	2
53.705	906	2	3
53.555	907	4	1
53.705	908	3	2
53.855	909	3	3
53.705	910	4	1
53.855	911	2	1
53.855	912	4	1
54.005	913	3	1
54.005	914	4	1
54.155	915	4	1
54.155	916	2	1
54.305	917	4	1
54.305	918	3	1
54.455	919	4	1
54.455	920	2	1
54.605	921	3	1
54.605	922	4	1
54.755	923	2	1
54.755	924	4	1
54.905	925	3	1
54.905	926	4	1
55.055	927	2	1
55.055	928	4	1
55.205	929	4	2
55.730	930	4	3
55.205	931	3	1
55.205	932	2	1
55.280	933	1	1
55.355	934	3	1
55.355	935	2	1
55.430	936	1	1
55.505	937	2	1
55.505	938	3	1
55.580	939	1	1
55.655	940	3	1
55.655	941	2	1
55.730	942	1	1
55.805	943	4	2
55.880	944	4	3
55.805	945	3	1
55.880	946	2	1
55.880	947	1	1
55.955	948	3	1
55.955	949	4	2
56.030	950	4	3
56.030	951	1	1
56.030	952	2	1
56.105	953	3	1
56.105	954	4	2
56.180	955	4	3
56.180	956	2	1
56.180	957	1	1
56.255	958	3	1
56.255	959	4	2
56.330	960	4	3
56.330	961	1	1
56.330	962	2	1
56.405	963	4	2
56.480	964	4	3
56.405	965	3	1
56.480	966	2	1
56.480	967	1	1
56.555	968	4	2
56.630	969	4	3
56.555	970	3	1
56.630	971	2	1
56.630	972	1	1
56.705	973	3	1
56.705	974	4	2
56.780	975	4	3
56.780	976	1	1
56.780	977	2	1
56.855	978	4	2
56.930	979	4	3
56.855	980	3	1
56.930	981	1	1
56.930	982	2	1
57.005	983	4	2
57.080	984	4	3
57.005	985	3	1
57.080	986	1	1
57.080	987	2	1
57.155	988	4	2
57.230	989	4	3
57.155	990	3	1
57.230	991	1	1
57.230	992	2	1
57.305	993	4	2
57.380	994	4	3
57.305	995	3	1
57.380	996	1	1
57.380	997	2	1
57.455	998	4	2
57.530	999	4	3
57.455	1000	3	1
57.530	1001	2	1
57.530	1002	1	1
57.605	1003	4	1
57.605	1004	3	1
57.655	1005	2	1
57.705	1006	1	1
57.755	1007	4	1
57.755	1008	3	1
57.805	1009	2	1
57.855	1010	1	1
57.905	1011	4	1
57.942	1012	3	1
57.980	1013	2	1
58.017	1014	1	1
58.055	1015	4	1
58.092	1016	3	1
58.130	1017	2	1
58.167	1018	1	1
58.205	1019	4	1
58.242	1020	3	1
58.280	1021	2	1
58.317	1022	1	1
58.355	1023	4	1
58.392	1024	3	1
58.430	1025	2	1
58.467	1026	1	1
58.505	1027	4	1
58.542	1028	3	1
58.580	1029	2	1
58.617	1030	1	1
58.655	1031	4	1
58.692	1032	3	1
58.730	1033	2	1
58.767	1034	1	1
58.805	1035	4	2
59.255	1036	4	3
58.805	1037	3	1
58.955	1038	1	1
59.030	1039	2	1
59.105	1040	3	1
59.180	1041	2	1
59.255	1042	1	1
59.405	1043	3	2
59.705	1044	3	3
59.555	1045	1	1
59.605	1046	2	1
59.655	1047	4	1
59.705	1048	2	1
59.855	1049	1	2
60.005	1050	1	3
60.005	1051	3	1
60.005	1052	2	1
60.005	1053	4	1
60.605	1054	3	1
61.205	1055	3	1
61.805	1056	3	1
61.805	1057	4	2
63.005	1058	4	3
62.405	1059	3	1
63.005	1060	3	1
63.605	1061	3	1
64.205	1062	4	2
64.355	1063	4	3
64.205	1064	2	2
66.605	1065	2	3
64.505	1066	1	2
64.655	1067	1	3
64.805	1068	3	2
65.405	1069	3	3
65.405	1070	4	1
65.405	1071	1	1
66.605	1072	4	2
66.905	1073	4	3
66.605	1074	3	2
69.005	1075	3	3
66.905	1076	2	2
67.055	1077	2	3
67.055	1078	1	2
67.205	1079	1	3
67.205	1080	4	2
67.805	1081	4	3
67.805	1082	1	1
68.405	1083	4	2
69.005	1084	4	3
69.005	1085	1	2
69.305	1086	1	3
69.005	1087	2	2
71.405	1088	2	3
69.305	1089	3	2
69.455	1090	3	3
69.455	1091	1	2
69.605	1092	1	3
69.605	1093	4	2
70.205	1094	4	3
70.205	1095	1	1
71.255	1096	1	2
71.405	1097	1	3
71.405	1098	4	2
71.705	1099	4	3
71.405	1100	3	2
73.805	1101	3	3
71.705	1102	2	2
71.855	1103	2	3
71.855	1104	1	2
72.005	1105	1	3
72.005	1106	4	2
72.605	1107	4	3
72.005	1108	2	1
72.155	1109	2	1
72.305	1110	2	1
72.455	1111	2	1
72.605	1112	2	1
72.605	1113	1	2
72.905	1114	1	3
72.755	1115	2	1
72.905	1116	2	1
73.055	1117	2	1
73.205	1118	2	1
73.205	1119	4	2
73.805	1120	4	3
73.355	1121	2	1
73.505	1122	2	1
73.655	1123	2	1
73.805	1124	1	2
74.105	1125	1	3
73.805	1126	2	1
73.955	1127	3	1
74.105	1128	4	2
74.405	1129	4	3
74.255	1130	2	1
74.405	1131	1	2
74.855	1132	1	3
74.405	1133	3	1
74.555	1134	2	1
74.705	1135	4	1
74.705	1136	3	1
74.855	1137	4	2
75.005	1138	4	3
75.005	1139	1	2
75.305	1140	1	3
75.155	1141	3	1
75.305	1142	3	1
75.305	1143	4	2
75.605	1144	4	3
75.305	1145	2	1
75.455	1146	2	1
75.605	1147	1	2
76.055	1148	1	3
75.605	1149	3	1
75.755	1150	2	1
75.905	1151	3	1
76.055	1152	4	2
76.205	1153	4	3
76.205	1154	3	1
76.205	1155	1	2
76.505	1156	1	3
76.205	1157	2	1
76.355	1158	3	1
76.505	1159	4	2
76.805	1160	4	3
76.655	1161	2	1
76.805	1162	1	2
77.255	1163	1	3
76.805	1164	3	1
76.955	1165	2	1
77.105	1166	4	1
77.105	1167	3	1
77.255	1168	4	2
77.405	1169	4	3
77.292	1170	3	1
77.330	1171	2	1
77.405	1172	1	2
78.005	1173	1	3
77.555	1174	3	1
77.555	1175	4	1
77.705	1176	4	1
77.705	1177	3	1
77.855	1178	2	1
78.005	1179	4	2
78.605	1180	4	3
78.005	1181	3	1
78.155	1182	1	1
78.305	1183	2	1
78.455	1184	3	1
78.605	1185	1	2
78.905	1186	1	3
78.605	1187	2	1
78.605	1188	3	1
78.755	1189	3	1
78.905	1190	4	2
79.205	1191	4	3
79.055	1192	2	1
79.205	1193	3	1
79.205	1194	1	2
79.655	1195	1	3
79.355	1196	2	1
79.505	1197	4	1
79.505	1198	3	1
79.655	1199	4	2
79.805	1200	4	3
79.805	1201	1	2
80.105	1202	1	3
79.955	1203	3	1
80.105	1204	3	1
80.105	1205	2	1
80.105	1206	4	2
80.405	1207	4	3
80.255	1208	2	1
80.405	1209	3	1
80.405	1210	1	2
80.855	1211	1	3
80.555	1212	2	1
80.705	1213	3	1
80.855	1214	4	2
81.005	1215	4	3
81.005	1216	1	2
81.305	1217	1	3
81.005	1218	3	1
81.005	1219	2	1
81.155	1220	3	1
81.305	1221	4	2
81.605	1222	4	3
81.455	1223	2	1
81.605	1224	3	1
81.605	1225	1	2
82.055	1226	1	3
81.755	1227	2	1
81.905	1228	4	1
81.905	1229	3	1
82.055	1230	2	2
82.205	1231	2	3
82.205	1232	4	2
82.730	1233	4	3
82.355	1234	1	2
82.430	1235	1	3
82.355	1236	2	2
82.430	1237	2	3
82.505	1238	2	2
82.805	1239	2	3
82.505	1240	1	2
82.805	1241	1	3
82.805	1242	4	1
82.805	1243	3	1
83.105	1244	4	2
83.255	1245	4	3
83.255	1246	1	1
83.330	1247	2	1
83.405	1248	4	2
83.630	1249	4	3
83.405	1250	1	1
83.405	1251	3	2
83.630	1252	3	3
83.480	1253	2	1
83.555	1254	1	1
83.630	1255	2	1
83.705	1256	3	1
83.705	1257	4	1
83.780	1258	2	1
83.855	1259	1	1
83.930	1260	2	2
84.230	1261	2	3
84.005	1262	4	1
84.080	1263	3	1
84.155	1264	1	1
84.230	1265	3	2
84.530	1266	3	3
84.305	1267	4	1
84.380	1268	2	1
84.455	1269	1	1
84.530	1270	4	1
84.605	1271	3	1
84.605	1272	1	2
84.830	1273	1	3
84.605	1274	2	2
84.830	1275	2	3
84.680	1276	4	1
84.755	1277	3	1
84.830	1278	4	1
84.905	1279	3	1
84.980	1280	2	1
85.055	1281	1	1
85.055	1282	4	1
85.130	1283	3	1
85.205	1284	2	1
85.280	1285	1	1
85.355	1286	4	1
85.430	1287	2	1
85.505	1288	3	2
85.730	1289	3	3
85.580	1290	4	1
85.655	1291	2	1
85.730	1292	1	1
85.805	1293	2	1
85.805	1294	4	2
86.030	1295	4	3
85.805	1296	3	2
86.030	1297	3	3
85.880	1298	1	1
85.955	1299	2	1
86.030	1300	1	1
86.105	1301	2	1
86.180	1302	1	1
86.255	1303	4	1
86.330	1304	1	2
86.630	1305	1	3
86.405	1306	3	1
86.480	1307	2	1
86.555	1308	4	1
86.630	1309	2	2
86.930	1310	2	3
86.705	1311	4	1
86.780	1312	3	1
86.855	1313	1	1
86.930	1314	4	2
87.305	1315	4	3
87.005	1316	3	1
87.080	1317	2	1
87.155	1318	1	1
87.230	1319	3	1
87.305	1320	2	1
87.380	1321	1	1
87.455	1322	4	1
87.530	1323	3	1
87.605	1324	2	1
87.680	1325	1	1
87.755	1326	4	2
88.205	1327	4	3
87.830	1328	3	1
87.905	1329	2	1
87.980	1330	1	1
88.055	1331	3	1
88.130	1332	2	1
88.205	1333	3	1
88.205	1334	1	1
88.280	1335	1	1
88.355	1336	3	1
88.430	1337	3	1
88.505	1338	2	1
88.580	1339	2	1
88.655	1340	4	1
88.730	1341	4	1
88.805	1342	1	1
88.880	1343	1	1
88.955	1344	2	1
89.030	1345	2	1
89.105	1346	3	1
89.180	1347	3	1
89.255	1348	4	1
89.330	1349	4	1
89.405	1350	1	1
89.480	1351	1	1
89.555	1352	3	1
89.630	1353	3	1
89.705	1354	2	1
89.780	1355	2	1
89.855	1356	4	1
89.930	1357	4	1
90.005	1358	1	1
90.080	1359	1	1
90.155	1360	2	1
90.230	1361	2	1
90.305	1362	3	1
90.380	1363	3	1
90.455	1364	4	1
90.530	1365	4	1
90.605	1366	2	2
90.830	1367	2	3
90.605	1368	3	1
90.605	1369	1	2
90.830	1370	1	3
90.680	1371	4	1
90.755	1372	3	1
90.830	1373	4	1
90.905	1374	3	1
90.905	1375	1	2
91.055	1376	1	3
90.905	1377	2	2
91.055	1378	2	3
90.980	1379	4	1
91.055	1380	3	1
91.130	1381	2	2
91.280	1382	2	3
91.130	1383	1	2
91.280	1384	1	3
91.130	1385	4	1
91.205	1386	3	1
91.280	1387	4	1
91.355	1388	3	1
91.355	1389	1	2
91.505	1390	1	3
91.355	1391	2	2
91.505	1392	2	3
91.430	1393	4	1
91.505	1394	3	1
91.580	1395	4	1
91.580	1396	1	2
91.805	1397	1	3
91.580	1398	2	2
91.805	1399	2	3
91.655	1400	3	1
91.730	1401	4	1
91.805	1402	3	1
91.955	1403	4	2
92.255	1404	4	3
92.255	1405	1	2
92.555	1406	1	3
92.555	1407	3	2
92.705	1408	3	3
92.705	1409	4	1
92.780	1410	1	1
92.855	1411	2	1
92.930	1412	3	1
93.005	1413	1	2
93.080	1414	1	3
93.005	1415	2	1
93.005	1416	4	1
93.155	1417	1	2
93.230	1418	1	3
93.305	1419	2	1
93.305	1420	4	2
93.380	1421	4	3
93.305	1422	1	1
93.455	1423	3	2
93.530	1424	3	3
93.605	1425	2	2
93.680	1426	2	3
93.755	1427	4	1
93.755	1428	1	2
93.830	1429	1	3
93.905	1430	1	1
93.905	1431	2	1
93.905	1432	3	2
93.980	1433	3	3
94.055	1434	3	2
94.130	1435	3	3
94.205	1436	4	1
94.205	1437	3	2
94.280	1438	3	3
94.355	1439	1	2
94.430	1440	1	3
94.505	1441	2	1
94.505	1442	1	1
94.505	1443	4	2
94.580	1444	4	3
94.655	1445	3	2
94.730	1446	3	3
94.805	1447	2	2
94.880	1448	2	3
94.955	1449	1	2
95.030	1450	1	3
94.955	1451	4	1
95.105	1452	2	1
95.105	1453	3	2
95.180	1454	3	3
95.105	1455	1	1
95.255	1456	4	1
95.255	1457	3	2
95.330	1458	3	3
95.405	1459	1	2
95.480	1460	1	3
95.405	1461	4	1
95.555	1462	1	2
95.630	1463	1	3
95.705	1464	4	2
95.780	1465	4	3
95.705	1466	2	1
95.705	1467	1	1
95.855	1468	3	2
95.930	1469	3	3
96.005	1470	2	2
96.080	1471	2	3
96.155	1472	4	1
96.155	1473	1	2
96.230	1474	1	3
96.305	1475	1	1
96.305	1476	2	1
96.305	1477	3	2
96.380	1478	3	3
96.455	1479	3	2
96.530	1480	3	3
96.605	1481	4	1
96.605	1482	3	2
96.680	1483	3	3
96.755	1484	4	2
96.830	1485	4	3
96.905	1486	1	1
96.905	1487	2	1
96.905	1488	3	2
96.980	1489	3	3
97.055	1490	2	2
97.130	1491	2	3
97.205	1492	4	1
97.205	1493	1	2
97.280	1494	1	3
97.355	1495	4	1
97.355	1496	3	2
97.430	1497	3	3
97.505	1498	4	2
97.580	1499	4	3
97.505	1500	1	1
97.505	1501	2	1
97.655	1502	2	1
97.655	1503	4	2
97.730	1504	4	3
97.655	1505	1	1
97.805	1506	4	1
97.805	1507	1	2
97.880	1508	1	3
97.955	1509	1	2
98.030	1510	1	3
98.105	1511	4	2
98.180	1512	4	3
98.105	1513	2	1
98.105	1514	1	1
98.255	1515	3	2
98.330	1516	3	3
98.405	1517	2	2
98.480	1518	2	3
98.555	1519	4	1
98.555	1520	1	2
98.630	1521	1	3
98.705	1522	2	1
98.705	1523	1	1
98.705	1524	3	2
98.780	1525	3	3
98.855	1526	3	2
98.930	1527	3	3
99.005	1528	4	1
99.005	1529	3	2
99.080	1530	3	3
99.155	1531	1	2
99.230	1532	1	3
99.305	1533	1	1
99.305	1534	2	1
99.305	1535	4	2
99.380	1536	4	3
99.455	1537	3	2
99.530	1538	3	3
99.605	1539	2	2
99.680	1540	2	3
99.755	1541	4	1
99.755	1542	1	2
99.830	1543	1	3
99.905	1544	3	2
99.980	1545	3	3
99.905	1546	2	1
99.905	1547	1	1
100.055	1548	4	1
100.055	1549	3	2
100.130	1550	3	3
100.205	1551	1	2
100.280	1552	1	3
100.205	1553	4	1
100.355	1554	1	2
100.430	1555	1	3
100.505	1556	1	1
100.505	1557	4	2
100.580	1558	4	3
100.505	1559	2	1
100.655	1560	3	2
100.730	1561	3	3
100.805	1562	2	2
100.880	1563	2	3
100.955	1564	1	2
101.030	1565	1	3
100.955	1566	4	1
101.105	1567	3	2
101.180	1568	3	3
101.105	1569	1	1
101.105	1570	2	1
101.255	1571	3	2
101.330	1572	3	3
101.405	1573	3	2
101.480	1574	3	3
101.405	1575	4	1
101.555	1576	4	2
101.630	1577	4	3
101.705	1578	2	1
101.705	1579	3	2
101.780	1580	3	3
101.705	1581	1	1
101.855	1582	2	2
101.930	1583	2	3
102.005	1584	3	1
102.005	1585	4	2
102.080	1586	4	3
102.155	1587	4	1
102.155	1588	3	2
102.230	1589	3	3
102.305	1590	2	2
102.380	1591	2	3
102.305	1592	4	1
102.305	1593	1	1
102.455	1594	4	1
102.455	1595	1	2
102.530	1596	1	3
102.455	1597	2	1
102.605	1598	4	1
102.605	1599	1	2
102.680	1600	1	3
102.755	1601	1	2
102.830	1602	1	3
102.905	1603	4	2
102.980	1604	4	3
102.905	1605	2	1
102.905	1606	1	1
103.055	1607	3	2
103.130	1608	3	3
103.205	1609	2	2
103.280	1610	2	3
103.355	1611	4	1
103.355	1612	1	2
103.430	1613	1	3
103.505	1614	1	1
103.505	1615	2	1
103.505	1616	3	2
103.580	1617	3	3
103.655	1618	3	2
103.730	1619	3	3
103.805	1620	4	1
103.805	1621	3	2
103.880	1622	3	3
103.955	1623	1	2
104.030	1624	1	3
104.105	1625	4	2
104.180	1626	4	3
104.105	1627	1	1
104.105	1628	2	1
104.255	1629	3	2
104.330	1630	3	3
104.405	1631	2	2
104.480	1632	2	3
104.555	1633	1	2
104.630	1634	1	3
104.555	1635	4	1
104.705	1636	1	1
104.705	1637	2	1
104.705	1638	3	2
104.780	1639	3	3
104.855	1640	4	1
104.855	1641	3	2
104.930	1642	3	3
105.005	1643	4	1
105.005	1644	1	2
105.080	1645	1	3
105.155	1646	1	2
105.230	1647	1	3
105.305	1648	1	1
105.305	1649	2	1
105.305	1650	4	2
105.380	1651	4	3
105.455	1652	3	2
105.530	1653	3	3
105.605	1654	2	2
105.680	1655	2	3
105.755	1656	1	2
105.830	1657	1	3
105.755	1658	4	1
105.905	1659	1	1
105.905	1660	3	2
105.980	1661	3	3
105.905	1662	2	1
106.055	1663	3	2
106.130	1664	3	3
106.205	1665	4	1
106.205	1666	3	2
106.280	1667	3	3
106.355	1668	4	2
106.430	1669	4	3
106.505	1670	1	1
106.505	1671	3	2
106.580	1672	3	3
106.505	1673	2	1
106.655	1674	2	2
106.730	1675	2	3
106.805	1676	4	1
106.805	1677	1	2
106.880	1678	1	3
106.955	1679	3	2
107.030	1680	3	3
106.955	1681	4	1
107.105	1682	4	2
107.180	1683	4	3
107.105	1684	1	1
107.105	1685	2	1
107.255	1686	1	1
107.255	1687	2	1
107.255	1688	4	2
107.330	1689	4	3
107.405	1690	4	1
107.405	1691	1	2
107.480	1692	1	3
107.555	1693	1	2
107.630	1694	1	3
107.705	1695	4	2
107.780	1696	4	3
107.705	1697	2	1
107.705	1698	1	1
107.855	1699	3	2
107.930	1700	3	3
108.005	1701	2	2
108.080	1702	2	3
108.155	1703	4	1
108.155	1704	1	2
108.230	1705	1	3
108.305	1706	1	1
108.305	1707	2	1
108.305	1708	3	2
108.380	1709	3	3
108.455	1710	3	2
108.530	1711	3	3
108.605	1712	4	1
108.605	1713	3	2
108.680	1714	3	3
108.755	1715	1	2
108.830	1716	1	3
108.905	1717	1	1
108.905	1718	2	1
108.905	1719	4	2
108.980	1720	4	3
109.055	1721	3	2
109.130	1722	3	3
109.205	1723	2	2
109.280	1724	2	3
109.355	1725	4	1
109.355	1726	1	2
109.430	1727	1	3
109.505	1728	1	1
109.505	1729	3	2
109.580	1730	3	3
109.505	1731	2	1
109.655	1732	4	1
109.655	1733	3	2
109.730	1734	3	3
109.805	1735	1	2
109.880	1736	1	3
109.805	1737	4	1
109.955	1738	1	2
110.030	1739	1	3
110.105	1740	2	1
110.105	1741	4	2
110.180	1742	4	3
110.105	1743	1	1
110.255	1744	3	2
110.330	1745	3	3
110.405	1746	2	2
110.480	1747	2	3
110.555	1748	1	2
110.630	1749	1	3
110.555	1750	4	1
110.705	1751	1	1
110.705	1752	2	1
110.705	1753	3	2
110.780	1754	3	3
110.855	1755	3	2
110.930	1756	3	3
111.005	1757	4	1
111.005	1758	3	2
111.080	1759	3	3
111.155	1760	4	2
111.230	1761	4	3
111.230	1762	2	1
111.305	1763	3	2
111.380	1764	3	3
111.455	1765	2	2
111.530	1766	2	3
111.530	1767	1	1
111.605	1768	4	2
111.680	1769	4	3
111.680	1770	2	1
111.755	1771	3	2
111.830	1772	3	3
111.830	1773	1	1
111.905	1774	2	2
112.055	1775	2	3
112.055	1776	3	2
112.205	1777	3	3
112.205	1778	4	1
112.205	1779	2	1
112.205	1780	1	2
112.280	1781	1	3
112.355	1782	1	2
112.430	1783	1	3
112.505	1784	4	2
112.580	1785	4	3
112.655	1786	3	2
112.730	1787	3	3
112.805	1788	2	2
112.880	1789	2	3
112.805	1790	1	1
112.805	1791	3	1
112.955	1792	1	2
113.030	1793	1	3
113.105	1794	3	2
113.180	1795	3	3
113.255	1796	3	2
113.330	1797	3	3
113.405	1798	3	2
113.480	1799	3	3
113.405	1800	4	1
113.555	1801	1	2
113.630	1802	1	3
113.705	1803	4	2
113.780	1804	4	3
113.855	1805	3	2
113.930	1806	3	3
114.005	1807	2	2
114.080	1808	2	3
114.005	1809	1	1
114.005	1810	3	1
114.155	1811	1	2
114.230	1812	1	3
114.305	1813	2	2
114.455	1814	2	3
114.455	1815	3	2
114.605	1816	3	3
114.605	1817	4	1
114.605	1818	1	2
114.680	1819	1	3
114.755	1820	1	2
114.830	1821	1	3
114.905	1822	4	2
114.980	1823	4	3
115.055	1824	3	2
115.130	1825	3	3
115.205	1826	2	2
115.280	1827	2	3
115.205	1828	1	1
115.205	1829	3	1
115.355	1830	1	2
115.430	1831	1	3
115.505	1832	3	2
115.580	1833	3	3
115.655	1834	3	2
115.730	1835	3	3
115.805	1836	4	1
115.805	1837	3	2
115.880	1838	3	3
115.955	1839	4	2
116.030	1840	4	3
116.105	1841	3	2
116.180	1842	3	3
116.255	1843	2	2
116.330	1844	2	3
116.405	1845	3	1
116.405	1846	2	1
116.405	1847	1	2
116.480	1848	1	3
116.555	1849	3	2
116.630	1850	3	3
116.705	1851	2	2
116.855	1852	2	3
116.855	1853	3	2
117.005	1854	3	3
117.005	1855	1	2
117.080	1856	1	3
117.005	1857	4	1
117.005	1858	2	1
117.155	1859	1	2
117.230	1860	1	3
117.155	1861	2	1
117.305	1862	4	2
117.380	1863	4	3
117.305	1864	3	1
117.455	1865	1	1
117.455	1866	4	1
117.455	1867	3	2
117.530	1868	3	3
117.605	1869	1	1
117.605	1870	2	2
117.680	1871	2	3
117.755	1872	2	1
117.755	1873	1	2
117.830	1874	1	3
117.905	1875	4	1
117.905	1876	1	1
117.905	1877	3	2
117.980	1878	3	3
118.055	1879	4	1
118.055	1880	3	2
118.130	1881	3	3
118.205	1882	1	1
118.205	1883	2	1
118.205	1884	3	2
118.280	1885	3	3
118.355	1886	1	2
118.430	1887	1	3
118.355	1888	2	1
118.505	1889	3	1
118.505	1890	4	2
118.580	1891	4	3
118.655	1892	4	1
118.655	1893	1	1
118.655	1894	3	2
118.730	1895	3	3
118.805	1896	2	2
118.880	1897	2	3
118.805	1898	1	1
118.955	1899	2	1
118.955	1900	1	2
119.030	1901	1	3
119.105	1902	2	2
119.255	1903	2	3
119.105	1904	4	1
119.105	1905	1	1
119.255	1906	3	2
119.405	1907	3	3
119.255	1908	4	1
119.405	1909	4	1
119.405	1910	1	2
119.480	1911	1	3
119.405	1912	2	1
119.555	1913	2	1
119.555	1914	1	2
119.630	1915	1	3
119.705	1916	3	1
119.705	1917	4	2
119.780	1918	4	3
119.855	1919	3	2
119.930	1920	3	3
119.855	1921	4	1
119.855	1922	1	1
120.005	1923	2	2
120.080	1924	2	3
120.005	1925	1	1
120.155	1926	1	2
120.230	1927	1	3
120.155	1928	2	1
120.305	1929	4	1
120.305	1930	1	1
120.305	1931	3	2
120.380	1932	3	3
120.455	1933	4	1
120.455	1934	3	2
120.530	1935	3	3
120.605	1936	2	1
120.605	1937	1	1
120.605	1938	4	1
120.680	1939	3	1
120.755	1940	2	1
120.755	1941	1	1
120.830	1942	4	1
120.905	1943	1	1
120.905	1944	3	1
120.905	1945	2	1
120.980	1946	4	1
121.055	1947	2	1
121.055	1948	1	1
121.130	1949	3	1
121.205	1950	1	1
121.205	1951	2	1
121.205	1952	4	1
121.280	1953	3	1
121.355	1954	2	1
121.355	1955	1	1
121.430	1956	4	1
121.505	1957	2	2
121.805	1958	2	3
121.505	1959	1	2
121.805	1960	1	3
121.505	1961	3	1
121.805	1962	4	1
121.805	1963	3	2
122.855	1964	3	3
122.105	1965	1	1
122.405	1966	4	1
122.705	1967	1	1
122.855	1968	4	2
123.605	1969	4	3
123.005	1970	3	1
123.305	1971	1	1
123.605	1972	1	2
124.055	1973	1	3
123.605	1974	2	1
123.905	1975	4	1
124.055	1976	2	2
125.255	1977	2	3
124.205	1978	1	1
124.505	1979	4	1
124.805	1980	1	1
125.105	1981	4	1
125.255	1982	4	2
125.705	1983	4	3
125.405	1984	1	1
125.630	1985	1	1
125.705	1986	2	1
125.705	1987	3	2
126.005	1988	3	3
126.005	1989	1	1
126.005	1990	2	2
126.455	1991	2	3
126.305	1992	4	1
126.455	1993	3	2
127.655	1994	3	3
126.605	1995	1	1
126.905	1996	4	1
127.205	1997	1	1
127.505	1998	4	1
127.655	1999	1	2
127.805	2000	1	3
127.805	2001	4	1
127.805	2002	2	2
127.955	2003	2	3
127.955	2004	3	2
128.105	2005	3	3
128.030	2006	2	1
128.105	2007	1	1
128.105	2008	4	2
128.255	2009	4	3
128.255	2010	2	2
128.405	2011	2	3
128.405	2012	4	2
128.555	2013	4	3
128.405	2014	1	1
128.555	2015	3	2
128.855	2016	3	3
128.705	2017	4	1
128.855	2018	2	2
130.355	2019	2	3
129.005	2020	1	1
129.305	2021	4	1
129.605	2022	1	1
129.905	2023	4	1
130.205	2024	3	2
130.355	2025	3	3
130.805	2026	2	1
130.805	2027	4	1
130.805	2028	3	1
130.805	2029	1	1
131.105	2030	2	1
131.105	2031	1	1
131.255	2032	1	1
131.255	2033	4	1
131.255	2034	3	1
131.405	2035	2	1
131.405	2036	1	1
131.705	2037	3	1
131.705	2038	1	1
131.705	2039	4	1
132.005	2040	1	1
132.005	2041	2	1
132.005	2042	4	1
132.305	2043	4	1
132.305	2044	3	1
132.455	2045	2	1
132.455	2046	4	1
132.455	2047	1	1
132.605	2048	4	1
132.605	2049	3	1
132.905	2050	1	1
132.905	2051	2	1
132.905	2052	4	1
133.205	2053	1	1
133.205	2054	3	1
133.205	2055	4	1
133.505	2056	2	1
133.505	2057	1	1
133.655	2058	3	1
133.655	2059	4	1
133.655	2060	1	1
133.805	2061	2	1
133.805	2062	1	1
134.105	2063	1	1
134.105	2064	3	1
134.105	2065	4	1
134.405	2066	2	1
134.405	2067	4	1
134.405	2068	1	1
134.705	2069	3	1
134.705	2070	4	1
134.855	2071	2	1
134.855	2072	1	1
134.855	2073	4	1
135.005	2074	3	1
135.005	2075	4	1
135.305	2076	1	1
135.305	2077	2	1
135.305	2078	4	1
135.605	2079	2	1
135.605	2080	4	1
135.605	2081	3	1
135.605	2082	1	1
135.755	2083	2	1
135.755	2084	1	1
135.905	2085	1	1
135.905	2086	4	1
135.905	2087	3	1
136.055	2088	4	1
136.055	2089	3	1
136.205	2090	2	1
136.205	2091	1	1
136.205	2092	4	1
136.355	2093	1	1
136.355	2094	2	1
136.505	2095	1	1
136.505	2096	4	1
136.505	2097	3	1
136.655	2098	4	1
136.655	2099	3	1
136.805	2100	2	1
136.805	2101	4	1
136.805	2102	1	1
136.955	2103	1	1
136.955	2104	2	1
137.105	2105	1	1
137.105	2106	3	1
137.105	2107	4	1
137.255	2108	3	1
137.255	2109	4	1
137.405	2110	1	1
137.405	2111	2	1
137.405	2112	4	1
137.555	2113	1	1
137.555	2114	2	1
137.705	2115	1	1
137.705	2116	3	1
137.705	2117	4	1
137.855	2118	3	1
137.855	2119	4	1
138.005	2120	1	1
138.005	2121	4	1
138.005	2122	2	1
138.155	2123	1	1
138.155	2124	2	1
138.305	2125	4	1
138.305	2126	1	1
138.305	2127	3	1
138.455	2128	4	1
138.455	2129	3	1
138.605	2130	1	1
138.605	2131	4	1
138.605	2132	2	1
138.755	2133	2	1
138.755	2134	1	1
138.905	2135	4	1
138.905	2136	3	1
138.905	2137	1	1
139.055	2138	4	1
139.055	2139	3	1
139.205	2140	2	1
139.205	2141	4	1
139.205	2142	1	1
139.355	2143	2	1
139.355	2144	1	1
139.505	2145	1	1
139.505	2146	4	1
139.505	2147	3	1
139.655	2148	3	1
139.655	2149	4	1
139.805	2150	2	1
139.805	2151	1	1
139.805	2152	4	1
139.955	2153	2	1
139.955	2154	1	1
140.105	2155	3	1
140.105	2156	1	1
140.105	2157	4	1
140.255	2158	3	1
140.255	2159	4	1
140.405	2160	1	1
140.405	2161	2	1
140.405	2162	4	1
140.480	2163	3	1
140.555	2164	1	1
140.555	2165	2	1
140.630	2166	4	1
140.705	2167	2	1
140.705	2168	3	1
140.705	2169	1	1
140.780	2170	4	1
140.855	2171	3	1
140.855	2172	1	1
140.930	2173	2	1
141.005	2174	4	1
141.005	2175	3	1
141.005	2176	1	1
141.080	2177	2	1
141.155	2178	4	1
141.155	2179	3	1
141.230	2180	1	1
141.305	2181	3	1
141.305	2182	4	1
141.305	2183	2	1
141.380	2184	1	1
141.455	2185	2	1
141.455	2186	4	1
141.530	2187	3	1
141.605	2188	2	1
141.605	2189	4	1
141.605	2190	1	1
141.680	2191	3	1
141.755	2192	2	1
141.755	2193	1	1
141.830	2194	4	1
141.905	2195	1	1
141.905	2196	2	1
141.905	2197	3	1
141.980	2198	4	1
142.055	2199	1	1
142.055	2200	3	1
142.130	2201	2	1
142.205	2202	4	1
142.205	2203	1	1
142.205	2204	3	1
142.280	2205	2	1
142.355	2206	4	1
142.355	2207	3	1
142.430	2208	1	1
142.505	2209	4	1
142.505	2210	2	1
142.505	2211	3	1
142.580	2212	1	1
142.655	2213	2	1
142.655	2214	4	1
142.730	2215	3	1
142.805	2216	4	2
142.955	2217	4	3
142.880	2218	1	1
143.030	2219	1	1
143.105	2220	4	2
143.255	2221	4	3
143.105	2222	2	1
143.255	2223	3	2
143.405	2224	3	3
143.330	2225	1	1
143.405	2226	2	1
143.480	2227	3	1
143.555	2228	1	2
143.705	2229	1	3
143.555	2230	4	1
143.630	2231	2	1
143.705	2232	3	1
143.780	2233	4	1
143.855	2234	3	1
143.930	2235	1	1
144.005	2236	2	2
144.155	2237	2	3
144.005	2238	4	1
144.155	2239	3	1
144.230	2240	2	1
144.305	2241	1	1
144.380	2242	4	1
144.455	2243	1	1
144.455	2244	3	1
144.530	2245	2	1
144.605	2246	3	1
144.605	2247	4	1
144.680	2248	2	1
144.755	2249	4	1
144.755	2250	1	1
144.830	2251	3	1
144.905	2252	2	1
144.905	2253	1	1
144.942	2254	4	1
144.980	2255	3	1
145.017	2256	2	1
145.055	2257	1	1
145.092	2258	4	1
145.130	2259	3	1
145.167	2260	2	1
145.205	2261	4	2
145.505	2262	4	3
145.205	2263	1	2
145.505	2264	1	3
145.505	2265	3	2
145.805	2266	3	3
145.730	2267	2	2
145.805	2268	2	3
145.805	2269	4	2
146.105	2270	4	3
145.805	2271	1	2
146.105	2272	1	3
146.105	2273	3	2
146.255	2274	3	3
146.255	2275	1	1
146.292	2276	2	1
146.330	2277	3	1
146.367	2278	4	1
146.405	2279	1	1
146.480	2280	2	1
146.555	2281	4	1
146.555	2282	3	1
146.630	2283	1	1
146.630	2284	2	1
146.705	2285	4	2
147.005	2286	4	3
146.705	2287	3	2
147.005	2288	3	3
147.005	2289	1	1
147.005	2290	2	1
147.080	2291	3	1
147.080	2292	4	1
147.155	2293	1	1
147.230	2294	2	1
147.305	2295	3	1
147.380	2296	4	1
147.455	2297	1	2
147.530	2298	1	3
147.455	2299	2	2
147.530	2300	2	3
147.605	2301	1	2
147.680	2302	1	3
147.605	2303	2	2
147.680	2304	2	3
147.755	2305	2	2
147.905	2306	2	3
147.755	2307	1	1
147.830	2308	3	2
147.905	2309	3	3
147.905	2310	1	1
147.905	2311	4	1
147.980	2312	3	1
148.055	2313	2	1
148.055	2314	1	1
148.130	2315	3	1
148.130	2316	4	1
148.205	2317	4	2
148.280	2318	4	3
148.205	2319	2	1
148.205	2320	1	2
148.280	2321	1	3
148.355	2322	1	2
148.505	2323	1	3
148.355	2324	4	2
148.505	2325	4	3
148.505	2326	2	2
148.580	2327	2	3
148.505	2328	3	2
148.580	2329	3	3
148.655	2330	4	2
148.805	2331	4	3
148.655	2332	3	1
148.655	2333	1	2
148.805	2334	1	3
148.805	2335	2	2
148.880	2336	2	3
148.805	2337	3	2
148.880	2338	3	3
148.955	2339	1	1
148.955	2340	4	1
149.030	2341	4	2
149.105	2342	4	3
149.030	2343	1	2
149.105	2344	1	3
149.105	2345	2	2
149.180	2346	2	3
149.105	2347	3	2
149.180	2348	3	3
149.255	2349	4	2
149.405	2350	4	3
149.255	2351	1	2
149.405	2352	1	3
149.405	2353	2	1
149.405	2354	3	1
149.555	2355	4	1
149.555	2356	1	2
150.005	2357	1	3
149.555	2358	2	2
150.005	2359	2	3
149.780	2360	4	1
150.005	2361	3	2
150.230	2362	3	3
150.005	2363	4	2
150.230	2364	4	3
150.080	2365	1	2
150.230	2366	1	3
150.305	2367	2	2
150.530	2368	2	3
150.305	2369	1	2
150.530	2370	1	3
150.380	2371	4	2
150.530	2372	4	3
150.605	2373	1	1
150.605	2374	4	1
150.642	2375	3	1
150.680	2376	2	1
150.717	2377	1	1
150.755	2378	4	1
150.792	2379	3	1
150.830	2380	2	1
150.867	2381	1	1
150.905	2382	4	1
150.942	2383	3	1
150.980	2384	2	1
151.017	2385	1	1
151.055	2386	3	2
151.355	2387	3	3
151.055	2388	4	2
151.355	2389	4	3
151.355	2390	1	1
151.355	2391	2	1
151.505	2392	1	2
151.730	2393	1	3
151.505	2394	4	2
151.730	2395	4	3
151.580	2396	2	1
151.580	2397	3	1
151.805	2398	4	1
151.805	2399	3	1
151.805	2400	1	1
151.905	2401	3	1
151.905	2402	4	1
152.005	2403	2	1
152.005	2404	1	1
152.105	2405	1	1
152.105	2406	2	1
152.255	2407	1	2
152.555	2408	1	3
152.255	2409	2	2
152.555	2410	2	3
152.555	2411	3	2
152.630	2412	3	3
152.555	2413	4	1
152.630	2414	2	2
152.705	2415	2	3
152.705	2416	1	1
152.705	2417	4	2
152.780	2418	4	3
152.780	2419	3	2
152.855	2420	3	3
152.855	2421	1	2
153.005	2422	1	3
153.005	2423	3	1
153.005	2424	4	2
153.155	2425	4	3
153.005	2426	2	1
153.155	2427	3	2
153.230	2428	3	3
153.230	2429	2	2
153.305	2430	2	3
153.305	2431	4	2
153.380	2432	4	3
153.380	2433	3	2
153.455	2434	3	3
153.455	2435	2	2
153.605	2436	2	3
153.455	2437	1	2
154.205	2438	1	3
153.605	2439	3	1
153.605	2440	4	2
153.755	2441	4	3
153.755	2442	3	2
153.830	2443	3	3
153.830	2444	4	2
153.905	2445	4	3
153.905	2446	2	2
153.980	2447	2	3
153.980	2448	3	2
154.055	2449	3	3
154.055	2450	2	2
154.205	2451	2	3
154.205	2452	3	2
154.805	2453	3	3
154.205	2454	4	1
154.430	2455	4	1
154.655	2456	4	1
154.805	2457	1	1
154.805	2458	4	1
154.880	2459	3	2
155.030	2460	3	3
154.880	2461	2	2
155.030	2462	2	3
155.255	2463	1	1
155.292	2464	2	1
155.330	2465	3	1
155.367	2466	4	1
155.405	2467	2	2
155.480	2468	2	3
155.555	2469	2	2
155.630	2470	2	3
155.705	2471	2	1
155.705	2472	1	1
155.855	2473	2	2
156.155	2474	2	3
155.855	2475	3	2
156.155	2476	3	3
156.155	2477	1	1
156.155	2478	4	1
156.305	2479	3	2
156.455	2480	3	3
156.305	2481	4	2
156.455	2482	4	3
156.380	2483	2	1
156.380	2484	1	1
156.530	2485	2	1
156.605	2486	4	1
156.605	2487	3	1
156.605	2488	1	1
156.755	2489	3	1
156.830	2490	4	1
156.905	2491	3	1
157.055	2492	1	2
157.355	2493	1	3
157.055	2494	2	2
157.355	2495	2	3
157.355	2496	3	1
157.355	2497	4	1
157.430	2498	2	1
157.505	2499	1	1
157.505	2500	4	1
157.580	2501	3	1
157.655	2502	4	2
157.730	2503	4	3
157.655	2504	1	2
157.730	2505	1	3
157.805	2506	4	2
157.880	2507	4	3
157.805	2508	1	2
157.880	2509	1	3
157.805	2510	2	1
157.955	2511	4	2
158.105	2512	4	3
157.955	2513	1	2
158.105	2514	1	3
158.105	2515	2	2
158.180	2516	2	3
158.105	2517	3	2
158.180	2518	3	3
158.255	2519	3	1
158.255	2520	1	2
158.405	2521	1	3
158.255	2522	4	2
158.405	2523	4	3
158.405	2524	2	2
158.480	2525	2	3
158.405	2526	3	2
158.480	2527	3	3
158.555	2528	1	1
158.555	2529	4	1
158.630	2530	4	2
158.705	2531	4	3
158.630	2532	1	2
158.705	2533	1	3
158.705	2534	2	2
158.780	2535	2	3
158.705	2536	3	2
158.780	2537	3	3
158.855	2538	4	2
159.005	2539	4	3
158.855	2540	1	2
159.005	2541	1	3
159.005	2542	3	1
159.005	2543	2	1
159.155	2544	4	1
159.155	2545	1	2
159.605	2546	1	3
159.155	2547	2	2
159.605	2548	2	3
159.230	2549	3	1
159.455	2550	3	1
159.530	2551	4	1
159.605	2552	3	1
159.655	2553	4	1
159.705	2554	1	1
159.755	2555	2	1
159.805	2556	3	1
159.855	2557	4	1
159.905	2558	1	2
159.980	2559	1	3
160.055	2560	1	2
160.130	2561	1	3
160.205	2562	4	1
160.205	2563	2	2
160.280	2564	2	3
160.205	2565	1	1
160.355	2566	2	2
160.430	2567	2	3
160.505	2568	3	2
160.580	2569	3	3
160.655	2570	1	1
160.655	2571	3	2
160.730	2572	3	3
160.805	2573	4	2
160.880	2574	4	3
160.955	2575	1	1
160.955	2576	4	2
161.030	2577	4	3
161.105	2578	3	2
161.180	2579	3	3
161.180	2580	2	1
161.180	2581	1	1
161.255	2582	3	2
161.330	2583	3	3
161.405	2584	1	1
161.405	2585	4	1
161.405	2586	2	2
161.480	2587	2	3
161.555	2588	2	2
161.630	2589	2	3
161.705	2590	1	2
161.780	2591	1	3
161.855	2592	1	2
161.930	2593	1	3
162.005	2594	3	1
162.005	2595	1	2
162.080	2596	1	3
162.080	2597	2	2
162.155	2598	2	3
162.155	2599	3	2
162.230	2600	3	3
162.230	2601	4	2
162.305	2602	4	3
162.230	2603	2	1
162.305	2604	1	2
162.380	2605	1	3
162.380	2606	2	2
162.455	2607	2	3
162.455	2608	3	2
162.530	2609	3	3
162.455	2610	1	1
162.530	2611	4	2
162.605	2612	4	3
162.605	2613	1	2
162.680	2614	1	3
162.605	2615	3	1
162.680	2616	2	2
162.755	2617	2	3
162.755	2618	3	2
162.830	2619	3	3
162.830	2620	4	2
162.905	2621	4	3
162.830	2622	2	1
162.905	2623	1	2
162.980	2624	1	3
162.980	2625	2	2
163.055	2626	2	3
163.055	2627	1	1
163.055	2628	3	2
163.130	2629	3	3
163.130	2630	4	2
163.205	2631	4	3
163.205	2632	3	1
163.205	2633	1	2
163.280	2634	1	3
163.280	2635	2	2
163.355	2636	2	3
163.355	2637	3	2
163.430	2638	3	3
163.430	2639	4	2
163.505	2640	4	3
163.430	2641	2	1
163.505	2642	1	2
163.580	2643	1	3
163.580	2644	2	2
163.655	2645	2	3
163.655	2646	1	1
163.655	2647	3	2
163.730	2648	3	3
163.730	2649	4	2
163.805	2650	4	3
163.805	2651	2	2
163.955	2652	2	3
163.955	2653	1	2
164.105	2654	1	3
164.105	2655	2	2
164.255	2656	2	3
164.255	2657	3	2
164.405	2658	3	3
164.405	2659	1	1
164.405	2660	4	2
166.505	2661	4	3
164.555	2662	2	1
164.705	2663	1	1
164.705	2664	3	1
164.855	2665	2	1
164.930	2666	3	1
165.005	2667	1	1
165.080	2668	2	1
165.155	2669	3	1
165.305	2670	3	1
165.305	2671	1	1
165.455	2672	2	1
165.605	2673	1	1
165.755	2674	1	1
165.905	2675	2	1
166.055	2676	3	1
166.055	2677	1	1
166.130	2678	2	1
166.205	2679	3	1
166.280	2680	1	1
166.355	2681	2	1
166.430	2682	3	1
166.505	2683	2	1
166.505	2684	1	2
166.805	2685	1	3
166.655	2686	3	1
166.805	2687	2	1
166.805	2688	4	2
168.455	2689	4	3
166.955	2690	2	1
167.105	2691	1	1
167.105	2692	3	1
167.255	2693	2	1
167.330	2694	1	1
167.405	2695	3	1
167.480	2696	2	1
167.555	2697	1	1
167.705	2698	3	1
167.705	2699	1	1
167.855	2700	2	1
168.005	2701	1	1
168.155	2702	1	1
168.305	2703	3	1
168.305	2704	1	1
168.455	2705	3	2
168.905	2706	3	3
168.530	2707	1	1
168.605	2708	2	1
168.680	2709	4	1
168.755	2710	1	1
168.905	2711	1	2
169.205	2712	1	3
168.905	2713	4	1
169.055	2714	2	1
169.205	2715	4	2
171.305	2716	4	3
169.205	2717	3	1
169.355	2718	2	1
169.430	2719	1	1
169.505	2720	3	1
169.505	2721	2	1
169.655	2722	2	1
169.730	2723	1	1
169.805	2724	3	1
169.880	2725	2	1
169.955	2726	1	1
170.105	2727	2	1
170.105	2728	3	1
170.255	2729	1	1
170.330	2730	2	1
170.405	2731	3	1
170.555	2732	3	1
170.705	2733	2	1
170.855	2734	3	1
170.855	2735	1	1
170.930	2736	2	1
171.005	2737	3	1
171.080	2738	1	1
171.155	2739	2	1
171.305	2740	2	2
171.605	2741	2	3
171.305	2742	1	1
171.455	2743	4	1
171.605	2744	3	2
172.505	2745	3	3
171.605	2746	1	1
171.680	2747	4	1
171.755	2748	2	1
171.830	2749	1	1
171.905	2750	4	1
171.980	2751	2	1
172.055	2752	1	1
172.130	2753	4	1
172.205	2754	2	1
172.280	2755	1	1
172.355	2756	4	1
172.430	2757	2	1
172.505	2758	4	2
172.805	2759	4	3
172.505	2760	1	1
172.580	2761	3	1
172.655	2762	2	1
172.730	2763	1	1
172.805	2764	3	1
172.842	2765	2	1
172.880	2766	1	1
172.917	2767	4	1
172.955	2768	3	1
172.992	2769	2	1
173.030	2770	1	1
173.067	2771	4	1
173.105	2772	3	1
173.142	2773	2	1
173.180	2774	1	1
173.217	2775	4	1
173.255	2776	3	1
173.292	2777	2	1
173.330	2778	1	1
173.367	2779	4	1
173.405	2780	2	2
174.005	2781	2	3
173.705	2782	3	2
174.005	2783	3	3
174.005	2784	1	2
174.605	2785	1	3
174.005	2786	4	2
174.605	2787	4	3
174.605	2788	2	1
174.680	2789	4	1
174.717	2790	3	1
174.755	2791	2	1
174.792	2792	1	1
174.830	2793	4	1
174.905	2794	1	1
174.942	2795	4	1
174.980	2796	3	1
175.055	2797	1	1
175.092	2798	4	1
175.130	2799	3	1
175.205	2800	1	2
175.505	2801	1	3
175.205	2802	2	2
175.505	2803	2	3
175.655	2804	4	2
175.955	2805	4	3
175.655	2806	3	2
175.955	2807	3	3
176.105	2808	2	2
176.705	2809	2	3
176.105	2810	1	2
176.705	2811	1	3
176.705	2812	3	1
176.780	2813	1	1
176.817	2814	2	1
176.855	2815	4	1
176.892	2816	3	1
176.930	2817	2	1
176.967	2818	1	1
177.005	2819	3	1
177.042	2820	4	1
177.080	2821	1	1
177.117	2822	2	1
177.155	2823	4	1
177.192	2824	3	1
177.230	2825	2	1
177.267	2826	1	1
177.305	2827	4	2
177.380	2828	4	3
177.305	2829	3	2
177.380	2830	3	3
177.455	2831	3	2
177.530	2832	3	3
177.455	2833	4	2
177.530	2834	4	3
177.605	2835	1	2
177.905	2836	1	3
177.605	2837	2	2
177.905	2838	2	3
178.055	2839	4	2
178.355	2840	4	3
178.055	2841	3	2
178.355	2842	3	3
178.505	2843	3	2
179.105	2844	3	3
178.505	2845	2	2
179.105	2846	2	3
179.105	2847	1	2
179.255	2848	1	3
179.180	2849	4	2
179.255	2850	4	3
179.330	2851	3	1
179.367	2852	2	1
179.405	2853	1	1
179.442	2854	4	1
179.480	2855	2	1
179.517	2856	3	1
179.555	2857	1	1
179.592	2858	2	1
179.630	2859	3	1
179.667	2860	4	1
179.705	2861	2	1
179.742	2862	1	1
179.855	2863	1	1
179.892	2864	2	1
179.930	2865	3	1
179.967	2866	4	1
180.005	2867	2	2
180.305	2868	2	3
180.005	2869	1	2
180.305	2870	1	3
180.455	2871	3	2
180.755	2872	3	3
180.455	2873	4	2
180.755	2874	4	3
180.905	2875	3	2
183.605	2876	3	3
180.905	2877	2	2
181.205	2878	2	3
181.355	2879	1	1
181.355	2880	2	1
181.505	2881	1	1
181.505	2882	4	1
181.505	2883	2	1
181.955	2884	2	1
181.955	2885	1	1
182.105	2886	4	1
182.105	2887	2	1
182.105	2888	1	1
182.555	2889	1	1
182.555	2890	2	1
182.705	2891	1	1
182.705	2892	4	1
182.705	2893	2	1
183.155	2894	1	1
183.155	2895	2	1
183.305	2896	4	1
183.305	2897	1	1
183.305	2898	2	1
183.605	2899	1	1
183.605	2900	4	1
183.605	2901	2	1
183.755	2902	4	1
183.755	2903	3	1
183.905	2904	1	1
183.905	2905	2	1
184.055	2906	4	1
184.055	2907	3	1
184.205	2908	1	1
184.205	2909	2	1
184.355	2910	3	1
184.355	2911	4	1
184.505	2912	2	1
184.505	2913	1	1
184.655	2914	4	1
184.655	2915	3	1
184.805	2916	1	1
184.805	2917	2	1
184.955	2918	3	1
184.955	2919	4	1
185.105	2920	1	1
185.105	2921	2	1
185.255	2922	4	1
185.255	2923	3	1
185.405	2924	2	1
185.405	2925	1	1
185.555	2926	3	1
185.555	2927	4	1
185.705	2928	1	1
185.705	2929	2	1
185.855	2930	4	1
185.855	2931	3	1
186.005	2932	2	1
186.005	2933	1	1
186.080	2934	4	1
186.080	2935	3	1
186.155	2936	1	1
186.155	2937	2	1
186.230	2938	3	1
186.230	2939	4	1
186.305	2940	1	1
186.305	2941	2	1
186.380	2942	3	1
186.380	2943	4	1
186.455	2944	2	1
186.455	2945	1	1
186.530	2946	3	1
186.530	2947	4	1
186.605	2948	1	1
186.642	2949	2	1
186.680	2950	3	1
186.717	2951	4	1
186.755	2952	1	1
186.830	2953	3	1
186.867	2954	4	1
186.905	2955	2	1
186.905	2956	1	1
186.942	2957	3	1
186.980	2958	4	1
187.017	2959	1	1
187.055	2960	2	1
187.130	2961	3	1
187.205	2962	4	1
187.205	2963	1	1
187.505	2964	3	1
187.580	2965	4	1
187.955	2966	4	1
188.030	2967	4	1
188.105	2968	3	1
188.180	2969	3	1
188.255	2970	2	1
188.330	2971	2	1
188.405	2972	1	2
188.705	2973	1	3
188.405	2974	4	1
188.405	2975	3	2
188.705	2976	3	3
188.705	2977	4	2
188.855	2978	4	3
188.855	2979	2	2
189.080	2980	2	3
188.855	2981	3	1
188.855	2982	1	1
189.080	2983	4	1
189.080	2984	3	1
189.155	2985	2	1
189.305	2986	3	1
189.305	2987	1	1
189.305	2988	4	1
189.455	2989	4	1
189.455	2990	1	2
189.530	2991	1	3
189.530	2992	2	2
189.605	2993	2	3
189.605	2994	4	2
189.680	2995	4	3
189.680	2996	3	2
189.755	2997	3	3
189.755	2998	2	2
189.830	2999	2	3
189.830	3000	4	1
189.830	3001	3	1
189.905	3002	1	2
190.055	3003	1	3
189.905	3004	4	2
190.355	3005	4	3
189.905	3006	2	2
190.205	3007	2	3
190.355	3008	1	1
190.355	3009	2	1
190.430	3010	4	2
190.655	3011	4	3
190.505	3012	1	1
190.505	3013	3	1
190.505	3014	2	1
190.655	3015	2	2
190.805	3016	2	3
190.730	3017	3	1
190.805	3018	1	2
191.105	3019	1	3
190.805	3020	4	2
191.105	3021	4	3
190.955	3022	3	1
191.105	3023	2	2
191.180	3024	2	3
191.180	3025	1	2
191.255	3026	1	3
191.255	3027	3	1
191.255	3028	4	1
191.255	3029	2	1
191.330	3030	1	2
191.480	3031	1	3
191.480	3032	4	1
191.480	3033	3	1
191.555	3034	2	2
191.705	3035	2	3
191.705	3036	1	1
191.705	3037	4	1
191.705	3038	3	2
191.855	3039	3	3
191.855	3040	4	1
191.930	3041	3	1
192.005	3042	1	1
192.005	3043	2	1
192.080	3044	4	2
192.155	3045	4	3
192.155	3046	3	2
192.230	3047	3	3
192.230	3048	2	1
192.230	3049	1	1
192.305	3050	3	1
192.305	3051	4	1
192.305	3052	1	1
192.380	3053	2	2
192.455	3054	2	3
192.455	3055	3	2
192.530	3056	3	3
192.530	3057	2	1
192.530	3058	1	1
192.605	3059	4	1
192.680	3060	3	1
192.755	3061	2	1
192.755	3062	1	1
192.905	3063	2	1
192.905	3064	4	1
192.955	3065	1	1
192.955	3066	3	1
193.005	3067	2	1
193.055	3068	3	1
193.055	3069	4	1
193.130	3070	1	1
193.205	3071	4	2
193.505	3072	4	3
193.205	3073	3	2
193.505	3074	3	3
193.205	3075	2	1
193.505	3076	2	2
193.730	3077	2	3
193.505	3078	1	1
193.655	3079	1	1
193.730	3080	4	1
193.730	3081	3	1
193.805	3082	4	2
194.255	3083	4	3
193.805	3084	2	1
193.805	3085	1	1
193.955	3086	3	2
194.255	3087	3	3
194.105	3088	2	2
194.255	3089	2	3
194.255	3090	1	2
194.330	3091	1	3
194.330	3092	2	2
194.405	3093	2	3
194.405	3094	4	2
194.480	3095	4	3
194.480	3096	3	2
194.555	3097	3	3
194.555	3098	2	2
194.630	3099	2	3
194.630	3100	1	2
194.705	3101	1	3
194.705	3102	3	2
194.855	3103	3	3
194.705	3104	4	2
194.855	3105	4	3
194.855	3106	2	1
194.930	3107	1	2
195.005	3108	1	3
195.005	3109	3	2
195.155	3110	3	3
195.005	3111	4	1
195.005	3112	2	2
195.155	3113	2	3
195.155	3114	4	2
195.230	3115	4	3
195.230	3116	1	2
195.305	3117	1	3
195.305	3118	3	2
195.380	3119	3	3
195.380	3120	2	2
195.455	3121	2	3
195.455	3122	1	2
195.530	3123	1	3
195.530	3124	3	2
195.605	3125	3	3
195.605	3126	1	2
195.905	3127	1	3
195.605	3128	2	1
195.605	3129	4	2
195.905	3130	4	3
195.755	3131	3	1
195.905	3132	2	2
196.130	3133	2	3
196.055	3134	1	1
196.130	3135	3	1
196.130	3136	4	1
196.205	3137	1	1
196.205	3138	2	1
196.205	3139	4	1
196.280	3140	3	2
196.430	3141	3	3
196.355	3142	2	1
196.505	3143	3	2
196.655	3144	3	3
196.655	3145	2	1
196.730	3146	3	2
196.880	3147	3	3
196.955	3148	3	2
197.105	3149	3	3
197.105	3150	2	1
197.105	3151	1	1
197.180	3152	3	2
197.330	3153	3	3
197.255	3154	2	1
197.330	3155	1	1
197.405	3156	3	1
197.405	3157	4	1
197.455	3158	2	1
197.505	3159	1	1
197.555	3160	3	1
197.605	3161	2	1
197.655	3162	1	1
197.705	3163	4	1
197.755	3164	3	1
197.805	3165	2	1
197.855	3166	1	1
197.955	3167	3	1
198.005	3168	4	2
198.155	3169	4	3
198.005	3170	1	1
198.005	3171	2	2
198.155	3172	2	3
198.305	3173	2	2
198.380	3174	2	3
198.305	3175	4	2
198.380	3176	4	3
198.455	3177	2	1
198.455	3178	4	2
198.605	3179	4	3
198.530	3180	2	1
198.605	3181	1	1
198.605	3182	3	1
198.755	3183	2	2
198.830	3184	2	3
198.755	3185	4	2
198.905	3186	4	3
198.905	3187	2	2
198.980	3188	2	3
199.055	3189	2	1
199.055	3190	4	1
199.130	3191	4	1
199.130	3192	2	1
199.205	3193	4	2
199.355	3194	4	3
199.280	3195	2	1
199.355	3196	2	1
199.505	3197	1	1
199.505	3198	3	1
199.580	3199	4	2
199.805	3200	4	3
199.580	3201	2	1
199.730	3202	2	1
199.805	3203	3	1
199.805	3204	1	1
199.880	3205	2	1
199.955	3206	4	2
200.105	3207	4	3
200.030	3208	2	1
200.105	3209	3	1
200.105	3210	1	2
200.255	3211	1	3
200.180	3212	2	1
200.255	3213	3	2
200.405	3214	3	3
200.255	3215	4	1
200.330	3216	2	1
200.405	3217	1	2
200.555	3218	1	3
200.405	3219	4	2
200.555	3220	4	3
200.705	3221	4	1
200.705	3222	1	2
200.780	3223	1	3
200.855	3224	4	2
201.005	3225	4	3
200.855	3226	1	1
200.930	3227	1	1
201.005	3228	3	1
201.005	3229	2	1
201.155	3230	4	2
201.305	3231	4	3
201.155	3232	1	2
201.230	3233	1	3
201.305	3234	1	2
201.380	3235	1	3
201.455	3236	4	1
201.455	3237	1	1
201.530	3238	4	1
201.530	3239	1	1
201.605	3240	4	2
201.755	3241	4	3
201.680	3242	1	1
201.755	3243	1	2
201.905	3244	1	3
201.905	3245	4	1
201.905	3246	2	1
202.055	3247	4	2
202.205	3248	4	3
202.055	3249	2	1
202.130	3250	2	1
202.205	3251	1	1
202.205	3252	3	1
202.280	3253	2	1
202.355	3254	4	2
202.505	3255	4	3
202.355	3256	1	1
202.430	3257	2	1
202.505	3258	3	2
202.655	3259	3	3
202.505	3260	1	1
202.580	3261	4	1
202.655	3262	1	2
202.730	3263	1	3
202.730	3264	3	1
202.805	3265	1	1
202.805	3266	4	2
202.955	3267	4	3
202.805	3268	2	2
202.955	3269	2	3
203.105	3270	4	1
203.255	3271	3	1
203.255	3272	4	2
203.405	3273	4	3
203.330	3274	2	1
203.405	3275	3	1
203.405	3276	1	2
203.555	3277	1	3
203.555	3278	2	1
203.555	3279	4	2
203.705	3280	4	3
203.592	3281	3	1
203.630	3282	2	1
203.667	3283	3	1
203.705	3284	1	2
203.855	3285	1	3
203.855	3286	4	1
203.930	3287	4	1
204.005	3288	1	2
204.155	3289	1	3
204.005	3290	4	2
204.155	3291	4	3
204.155	3292	2	1
204.192	3293	3	1
204.230	3294	2	1
204.267	3295	3	1
204.305	3296	4	1
204.305	3297	1	2
204.455	3298	1	3
204.455	3299	4	2
204.605	3300	4	3
204.605	3301	3	1
204.605	3302	1	2
204.755	3303	1	3
204.605	3304	2	1
204.755	3305	4	2
204.905	3306	4	3
204.830	3307	3	1
204.905	3308	1	2
205.055	3309	1	3
204.980	3310	2	1
205.055	3311	3	2
205.205	3312	3	3
205.130	3313	2	1
205.205	3314	1	2
205.355	3315	1	3
205.205	3316	4	2
205.355	3317	4	3
205.355	3318	2	1
205.505	3319	4	1
205.580	3320	2	1
205.655	3321	4	2
205.805	3322	4	3
205.730	3323	2	1
205.805	3324	1	1
205.805	3325	3	1
205.880	3326	2	1
205.955	3327	4	2
206.105	3328	4	3
206.105	3329	1	1
206.255	3330	4	1
206.330	3331	4	1
206.405	3332	4	2
206.555	3333	4	3
206.555	3334	2	1
206.705	3335	2	1
206.705	3336	1	1
206.855	3337	4	2
207.005	3338	4	3
206.855	3339	1	1
206.930	3340	2	1
207.005	3341	1	1
207.005	3342	3	1
207.080	3343	2	1
207.155	3344	4	2
207.305	3345	4	3
207.230	3346	3	1
207.305	3347	2	2
207.455	3348	2	3
207.380	3349	4	1
207.455	3350	1	2
207.605	3351	1	3
207.530	3352	3	1
207.605	3353	4	1
207.605	3354	2	1
207.755	3355	4	1
207.905	3356	3	1
208.055	3357	4	1
208.205	3358	3	1
208.355	3359	4	1
208.505	3360	2	1
208.655	3361	4	1
208.805	3362	1	1
208.955	3363	3	1
209.105	3364	2	1
209.255	3365	3	1
209.405	3366	1	1
209.555	3367	3	1
209.705	3368	2	1
209.855	3369	3	1
210.005	3370	1	1
210.155	3371	4	1
210.305	3372	3	1
210.455	3373	4	1
210.605	3374	1	1
210.755	3375	4	1
210.905	3376	2	1
211.055	3377	4	1
211.205	3378	2	1
211.205	3379	4	1
211.505	3380	1	1
211.505	3381	3	1
211.805	3382	4	1
211.805	3383	2	1
211.880	3384	1	1
211.955	3385	2	1
212.030	3386	4	1
212.105	3387	3	1
212.105	3388	1	1
212.255	3389	2	1
212.405	3390	3	2
212.705	3391	3	3
212.555	3392	4	1
212.705	3393	2	2
213.005	3394	2	3
212.855	3395	1	1
213.005	3396	4	2
213.305	3397	4	3
213.155	3398	3	1
213.305	3399	1	1
213.455	3400	2	1
213.605	3401	4	2
213.755	3402	4	3
213.755	3403	3	1
213.905	3404	2	2
214.205	3405	2	3
214.055	3406	4	1
214.205	3407	1	2
214.505	3408	1	3
214.355	3409	3	1
214.505	3410	2	1
214.655	3411	1	2
214.805	3412	1	3
214.805	3413	3	2
214.955	3414	3	3
214.955	3415	2	2
215.105	3416	2	3
215.105	3417	3	2
215.255	3418	3	3
215.255	3419	1	1
215.330	3420	4	2
215.555	3421	4	3
215.405	3422	3	1
215.555	3423	2	1
215.705	3424	1	1
215.855	3425	2	2
216.005	3426	2	3
216.005	3427	3	2
216.305	3428	3	3
216.005	3429	4	1
216.155	3430	1	1
216.305	3431	4	2
216.605	3432	4	3
216.305	3433	2	1
216.455	3434	1	1
216.605	3435	3	1
216.605	3436	2	2
216.905	3437	2	3
216.755	3438	4	1
216.905	3439	3	1
217.055	3440	2	2
217.205	3441	2	3
217.205	3442	1	1
217.205	3443	3	2
217.505	3444	3	3
217.355	3445	2	1
217.505	3446	4	1
217.655	3447	1	1
217.805	3448	4	2
218.105	3449	4	3
217.955	3450	2	1
218.105	3451	3	2
218.255	3452	3	3
218.255	3453	1	1
218.405	3454	4	2
218.705	3455	4	3
218.555	3456	3	1
218.705	3457	2	2
219.005	3458	2	3
218.855	3459	4	1
219.005	3460	1	2
219.305	3461	1	3
219.155	3462	3	1
219.455	3463	1	2
219.605	3464	1	3
219.605	3465	3	2
219.755	3466	3	3
219.755	3467	2	2
219.905	3468	2	3
219.905	3469	4	1
220.055	3470	1	1
220.130	3471	4	2
220.355	3472	4	3
220.205	3473	2	1
220.355	3474	3	2
220.505	3475	3	3
220.505	3476	1	1
220.655	3477	2	2
220.805	3478	2	3
220.805	3479	4	1
220.955	3480	2	1
221.105	3481	1	1
221.105	3482	4	1
221.155	3483	3	1
221.255	3484	2	1
221.355	3485	3	1
221.405	3486	2	1
221.405	3487	4	1
221.505	3488	2	1
221.555	3489	1	1
221.555	3490	3	1
221.655	3491	2	1
221.705	3492	4	2
221.855	3493	4	3
221.705	3494	1	2
221.855	3495	1	3
221.855	3496	2	1
221.855	3497	3	1
222.005	3498	1	1
222.005	3499	4	1
222.155	3500	3	1
222.305	3501	2	1
222.380	3502	1	1
222.455	3503	4	1
222.530	3504	2	2
222.905	3505	2	3
222.605	3506	3	1
222.755	3507	4	2
222.830	3508	4	3
222.830	3509	1	2
222.905	3510	1	3
222.905	3511	4	1
222.980	3512	3	2
223.205	3513	3	3
223.055	3514	2	1
223.205	3515	4	1
223.355	3516	3	1
223.505	3517	2	1
223.580	3518	1	1
223.655	3519	4	1
223.730	3520	2	2
224.105	3521	2	3
223.805	3522	3	1
223.880	3523	4	2
223.955	3524	4	3
223.955	3525	3	2
224.030	3526	3	3
224.030	3527	1	2
224.105	3528	1	3
224.105	3529	4	1
224.180	3530	3	2
224.405	3531	3	3
224.255	3532	2	1
224.405	3533	4	1
224.555	3534	3	1
224.705	3535	2	1
224.780	3536	1	1
224.855	3537	4	1
224.930	3538	2	2
225.305	3539	2	3
225.005	3540	3	1
225.155	3541	1	1
225.305	3542	4	1
225.455	3543	2	2
225.605	3544	2	3
225.605	3545	4	1
225.755	3546	3	2
225.830	3547	3	3
225.905	3548	2	1
225.980	3549	1	2
226.055	3550	1	3
226.055	3551	4	1
226.130	3552	2	2
226.505	3553	2	3
226.205	3554	3	1
226.355	3555	4	2
226.430	3556	4	3
226.430	3557	3	2
226.505	3558	3	3
226.505	3559	1	2
226.655	3560	1	3
226.655	3561	4	1
226.805	3562	1	1
226.805	3563	4	1
226.955	3564	3	1
227.105	3565	4	1
227.105	3566	2	1
227.180	3567	1	1
227.255	3568	4	1
227.330	3569	2	2
227.705	3570	2	3
227.405	3571	1	2
227.480	3572	1	3
227.480	3573	3	2
227.555	3574	3	3
227.630	3575	1	2
227.705	3576	1	3
227.705	3577	4	1
227.705	3578	3	1
227.780	3579	2	2
228.005	3580	2	3
227.855	3581	1	1
228.005	3582	1	1
228.005	3583	4	1
228.080	3584	2	2
228.305	3585	2	3
228.155	3586	3	1
228.305	3587	3	2
228.530	3588	3	3
228.380	3589	1	2
228.455	3590	1	3
228.455	3591	4	2
228.530	3592	4	3
228.530	3593	2	2
228.680	3594	2	3
228.605	3595	3	1
228.605	3596	1	1
228.680	3597	4	2
228.830	3598	4	3
228.830	3599	1	2
228.905	3600	1	3
228.905	3601	4	1
228.905	3602	2	1
229.055	3603	2	1
229.130	3604	3	1
229.205	3605	2	2
229.355	3606	2	3
229.205	3607	4	2
229.355	3608	4	3
229.205	3609	1	1
229.430	3610	2	2
229.580	3611	2	3
229.430	3612	1	2
229.580	3613	1	3
229.430	3614	4	1
229.805	3615	4	2
229.955	3616	4	3
229.805	3617	3	2
229.955	3618	3	3
229.805	3619	1	1
230.030	3620	1	2
230.180	3621	1	3
230.030	3622	3	2
230.180	3623	3	3
230.030	3624	4	1
230.405	3625	1	2
230.855	3626	1	3
230.405	3627	2	2
230.855	3628	2	3
230.405	3629	4	1
230.855	3630	3	2
231.305	3631	3	3
231.305	3632	2	2
231.605	3633	2	3
231.505	3634	4	2
231.605	3635	4	3
231.605	3636	3	2
231.755	3637	3	3
231.605	3638	1	2
231.755	3639	1	3
231.755	3640	4	2
231.905	3641	4	3
231.905	3642	3	1
232.005	3643	2	1
232.055	3644	3	1
232.205	3645	2	1
232.355	3646	3	1
232.455	3647	2	1
232.505	3648	3	1
232.605	3649	4	2
232.805	3650	4	3
232.605	3651	2	2
232.805	3652	2	3
232.805	3653	1	2
232.955	3654	1	3
232.805	3655	3	2
232.955	3656	3	3
232.955	3657	4	2
233.105	3658	4	3
233.105	3659	2	1
233.205	3660	3	1
233.255	3661	1	1
233.305	3662	2	2
233.705	3663	2	3
233.405	3664	3	1
233.555	3665	1	1
233.655	3666	3	1
233.805	3667	2	2
234.005	3668	2	3
233.805	3669	4	2
234.005	3670	4	3
234.005	3671	3	2
234.155	3672	3	3
234.005	3673	1	2
234.155	3674	1	3
234.155	3675	4	2
234.305	3676	4	3
234.305	3677	2	1
234.405	3678	3	2
234.505	3679	3	3
234.455	3680	1	1
234.505	3681	4	1
234.555	3682	2	2
234.955	3683	2	3
234.605	3684	3	1
234.755	3685	1	1
234.855	3686	3	1
234.905	3687	4	1
235.005	3688	4	2
235.205	3689	4	3
235.005	3690	2	2
235.205	3691	2	3
235.205	3692	1	2
235.355	3693	1	3
235.205	3694	3	2
235.355	3695	3	3
235.355	3696	4	1
235.405	3697	2	1
235.455	3698	3	1
235.505	3699	1	1
235.555	3700	4	1
235.605	3701	2	1
235.655	3702	3	1
235.705	3703	1	1
235.755	3704	2	1
235.805	3705	4	1
235.855	3706	3	1
235.905	3707	2	2
236.405	3708	2	3
235.955	3709	1	1
236.055	3710	3	1
236.105	3711	4	1
236.205	3712	3	1
236.255	3713	1	1
236.355	3714	4	1
236.405	3715	3	2
236.605	3716	3	3
236.405	3717	1	2
236.605	3718	1	3
236.555	3719	4	1
236.605	3720	2	1
236.805	3721	4	2
237.005	3722	4	3
236.805	3723	2	2
237.005	3724	2	3
237.005	3725	3	2
237.205	3726	3	3
237.005	3727	1	2
237.205	3728	1	3
237.155	3729	4	1
237.205	3730	2	1
237.305	3731	3	1
237.405	3732	4	2
237.605	3733	4	3
237.405	3734	2	2
237.605	3735	2	3
237.605	3736	1	2
237.805	3737	1	3
237.605	3738	3	2
237.805	3739	3	3
237.755	3740	4	1
237.805	3741	2	1
238.005	3742	4	2
238.205	3743	4	3
238.005	3744	2	2
238.205	3745	2	3
238.205	3746	1	2
238.405	3747	1	3
238.205	3748	3	2
238.405	3749	3	3
238.355	3750	4	1
238.405	3751	2	1
238.605	3752	2	2
238.805	3753	2	3
238.605	3754	4	2
238.805	3755	4	3
238.805	3756	1	2
239.005	3757	1	3
238.805	3758	3	2
238.905	3759	3	3
238.905	3760	4	2
239.005	3761	4	3
239.005	3762	2	2
239.105	3763	2	3
239.105	3764	3	2
239.205	3765	3	3
239.105	3766	1	2
239.305	3767	1	3
239.205	3768	4	2
239.305	3769	4	3
239.305	3770	2	2
239.405	3771	2	3
239.405	3772	3	2
239.505	3773	3	3
239.405	3774	1	2
239.605	3775	1	3
239.505	3776	4	2
239.605	3777	4	3
239.605	3778	2	2
239.705	3779	2	3
239.705	3780	1	2
239.905	3781	1	3
239.705	3782	3	2
239.805	3783	3	3
239.805	3784	4	2
239.905	3785	4	3
239.905	3786	2	2
240.005	3787	2	3
240.005	3788	4	1
240.005	3789	3	1
240.155	3790	4	1
240.305	3791	4	1
240.455	3792	1	1
240.605	3793	4	1
240.755	3794	1	1
240.905	3795	4	1
241.055	3796	2	1
241.130	3797	3	1
241.205	3798	4	2
241.355	3799	4	3
241.205	3800	1	1
241.205	3801	2	2
241.355	3802	2	3
241.355	3803	3	1
241.505	3804	1	1
241.505	3805	4	1
241.505	3806	2	1
241.655	3807	3	1
241.805	3808	1	1
241.805	3809	2	2
241.955	3810	2	3
241.955	3811	3	1
242.030	3812	2	2
242.180	3813	2	3
242.105	3814	1	1
242.105	3815	4	1
242.105	3816	3	1
242.255	3817	2	2
242.405	3818	2	3
242.405	3819	4	1
242.405	3820	3	1
242.555	3821	2	1
242.705	3822	4	1
242.705	3823	3	1
242.705	3824	1	1
242.855	3825	3	1
243.005	3826	1	1
243.005	3827	2	1
243.080	3828	2	1
243.155	3829	3	1
243.230	3830	3	1
243.305	3831	4	1
243.305	3832	1	1
243.305	3833	2	2
243.455	3834	2	3
243.455	3835	3	2
243.605	3836	3	3
243.605	3837	4	2
243.755	3838	4	3
243.605	3839	2	2
243.755	3840	2	3
243.755	3841	3	1
243.905	3842	4	1
243.905	3843	2	1
243.905	3844	1	1
244.055	3845	3	1
244.205	3846	2	2
244.355	3847	2	3
244.205	3848	1	1
244.355	3849	3	1
244.430	3850	2	2
244.580	3851	2	3
244.505	3852	4	1
244.505	3853	3	1
244.505	3854	1	1
244.655	3855	2	2
244.805	3856	2	3
244.805	3857	3	1
244.805	3858	1	1
244.955	3859	1	1
245.105	3860	3	1
245.105	3861	1	1
245.105	3862	2	1
245.255	3863	4	1
245.405	3864	1	1
245.405	3865	3	1
245.555	3866	4	1
245.705	3867	4	2
245.855	3868	4	3
245.705	3869	1	1
245.705	3870	3	2
245.855	3871	3	3
246.005	3872	4	2
246.155	3873	4	3
246.005	3874	2	2
246.155	3875	2	3
246.155	3876	3	1
246.305	3877	4	1
246.305	3878	1	1
246.305	3879	2	1
246.455	3880	3	1
246.605	3881	2	2
246.755	3882	2	3
246.605	3883	1	1
246.755	3884	3	1
246.830	3885	2	2
246.980	3886	2	3
246.905	3887	3	1
246.905	3888	4	1
246.905	3889	1	1
247.055	3890	2	2
247.205	3891	2	3
247.205	3892	4	1
247.205	3893	3	1
247.355	3894	2	1
247.505	3895	3	1
247.505	3896	4	1
247.505	3897	1	1
247.655	3898	3	1
247.805	3899	1	1
247.805	3900	2	1
247.880	3901	2	1
247.955	3902	3	1
248.030	3903	3	1
248.105	3904	1	1
248.105	3905	2	2
248.255	3906	2	3
248.105	3907	4	1
248.255	3908	3	2
248.405	3909	3	3
248.405	3910	4	1
248.405	3911	2	1
248.555	3912	3	1
248.705	3913	2	1
248.705	3914	4	1
248.705	3915	1	1
248.855	3916	3	1
249.005	3917	2	2
249.155	3918	2	3
249.005	3919	1	1
249.155	3920	3	1
249.230	3921	2	2
249.380	3922	2	3
249.305	3923	3	1
249.305	3924	1	1
249.305	3925	4	1
249.455	3926	2	2
249.605	3927	2	3
249.605	3928	4	1
249.605	3929	3	1
249.755	3930	2	1
249.905	3931	1	1
249.905	3932	3	1
249.905	3933	4	1
250.055	3934	3	1
250.205	3935	2	1
250.205	3936	4	1
250.355	3937	3	1
250.505	3938	1	1
250.505	3939	2	1
250.505	3940	4	1
250.655	3941	3	1
250.805	3942	2	2
250.955	3943	2	3
250.805	3944	1	1
250.805	3945	4	2
250.955	3946	4	3
250.955	3947	3	1
251.105	3948	4	1
251.105	3949	1	1
251.105	3950	2	1
251.255	3951	3	1
251.405	3952	1	1
251.405	3953	2	2
251.555	3954	2	3
251.555	3955	3	1
251.630	3956	2	2
251.780	3957	2	3
251.705	3958	4	1
251.705	3959	1	1
251.705	3960	3	1
251.855	3961	2	2
252.005	3962	2	3
252.005	3963	3	1
252.005	3964	4	1
252.155	3965	2	1
252.305	3966	3	1
252.305	3967	4	1
252.305	3968	1	1
252.455	3969	3	1
252.605	3970	1	1
252.605	3971	2	1
252.680	3972	2	1
252.755	3973	3	1
252.830	3974	3	1
252.905	3975	4	1
252.905	3976	1	1
252.905	3977	2	2
253.055	3978	2	3
253.055	3979	3	2
253.205	3980	3	3
253.205	3981	2	2
253.355	3982	2	3
253.205	3983	4	2
253.355	3984	4	3
253.355	3985	3	1
253.505	3986	4	1
253.505	3987	1	1
253.505	3988	2	1
253.655	3989	3	1
253.805	3990	2	2
253.955	3991	2	3
253.805	3992	1	1
253.955	3993	3	1
254.030	3994	2	2
254.180	3995	2	3
254.105	3996	3	1
254.105	3997	4	1
254.105	3998	1	1
254.255	3999	2	2
254.405	4000	2	3
254.405	4001	3	1
254.405	4002	1	1
254.555	4003	1	1
254.705	4004	2	1
254.705	4005	1	1
254.705	4006	3	1
254.855	4007	4	1
255.005	4008	3	1
255.005	4009	1	1
255.155	4010	4	1
255.305	4011	1	1
255.355	4012	2	1
255.405	4013	3	1
255.455	4014	4	1
255.505	4015	1	1
255.555	4016	2	1
255.605	4017	4	1
255.605	4018	3	1
255.905	4019	4	1
255.905	4020	3	1
255.905	4021	1	1
256.055	4022	2	1
256.130	4023	2	1
256.205	4024	3	1
256.205	4025	1	1
256.355	4026	2	1
256.505	4027	4	1
256.505	4028	3	1
256.505	4029	1	1
256.655	4030	2	1
256.730	4031	2	1
256.805	4032	1	1
256.805	4033	3	1
256.955	4034	2	1
257.105	4035	4	1
257.105	4036	1	1
257.105	4037	3	1
257.255	4038	2	1
257.330	4039	2	1
257.405	4040	3	1
257.405	4041	1	1
257.555	4042	2	1
257.705	4043	4	1
257.705	4044	1	1
257.705	4045	3	1
257.855	4046	2	1
257.930	4047	2	1
258.005	4048	4	1
258.005	4049	1	1
258.005	4050	3	1
258.230	4051	1	1
258.230	4052	3	1
258.230	4053	4	1
258.455	4054	3	1
258.455	4055	1	1
258.455	4056	4	1
258.605	4057	1	1
258.605	4058	2	1
258.605	4059	4	1
258.830	4060	1	1
258.830	4061	2	1
258.830	4062	4	1
259.055	4063	4	1
259.055	4064	2	1
259.055	4065	1	1
259.205	4066	2	1
259.205	4067	3	1
259.205	4068	1	1
259.430	4069	2	1
259.430	4070	3	1
259.430	4071	1	1
259.655	4072	1	1
259.655	4073	2	1
259.655	4074	3	1
259.805	4075	1	1
259.842	4076	2	1
259.880	4077	3	1
259.917	4078	4	1
259.955	4079	1	1
259.992	4080	2	1
260.030	4081	3	1
260.067	4082	4	1
260.105	4083	1	1
260.142	4084	2	1
260.180	4085	3	1
260.217	4086	4	1
260.255	4087	1	1
260.292	4088	2	1
260.330	4089	3	1
260.367	4090	4	1
260.405	4091	2	2
260.705	4092	2	3
260.405	4093	1	1
260.705	4094	1	1
260.855	4095	2	2
261.005	4096	2	3
261.155	4097	4	2
261.305	4098	4	3
261.305	4099	3	2
261.905	4100	3	3
261.905	4101	1	2
262.205	4102	1	3
262.205	4103	2	2
262.505	4104	2	3
262.505	4105	3	2
262.805	4106	3	3
262.805	4107	4	2
263.105	4108	4	3
263.105	4109	3	1
263.255	4110	4	2
263.405	4111	4	3
263.555	4112	3	2
263.705	4113	3	3
263.705	4114	2	2
264.305	4115	2	3
264.005	4116	4	1
264.155	4117	3	1
264.305	4118	4	2
264.605	4119	4	3
264.455	4120	2	1
264.605	4121	3	2
264.905	4122	3	3
264.755	4123	2	1
264.905	4124	1	2
265.205	4125	1	3
265.055	4126	3	1
265.205	4127	2	2
265.505	4128	2	3
265.355	4129	3	1
265.505	4130	1	1
265.655	4131	2	2
265.805	4132	2	3
265.805	4133	3	1
265.955	4134	4	2
266.105	4135	4	3
266.105	4136	3	2
266.705	4137	3	3
266.255	4138	2	1
266.405	4139	4	1
266.555	4140	2	1
266.705	4141	4	1
266.855	4142	2	1
267.005	4143	3	1
267.155	4144	2	1
267.305	4145	3	1
267.455	4146	2	1
267.605	4147	3	1
267.755	4148	2	1
267.905	4149	3	1
268.055	4150	2	1
268.205	4151	3	1
268.355	4152	2	1
268.505	4153	3	1
268.655	4154	2	1
268.805	4155	3	1
268.955	4156	2	1
269.105	4157	3	1
269.255	4158	2	1
269.405	4159	3	1
269.555	4160	2	1
269.705	4161	3	1
269.855	4162	2	1
270.005	4163	3	1
270.005	4164	4	1
270.005	4165	1	2
270.155	4166	1	3
270.155	4167	2	2
270.305	4168	2	3
270.305	4169	3	2
270.455	4170	3	3
270.455	4171	4	2
270.605	4172	4	3
270.605	4173	3	2
270.755	4174	3	3
270.755	4175	2	2
270.905	4176	2	3
270.905	4177	1	2
271.055	4178	1	3
271.055	4179	2	2
271.205	4180	2	3
271.205	4181	3	2
271.355	4182	3	3
271.355	4183	4	2
271.505	4184	4	3
271.505	4185	2	2
271.655	4186	2	3
271.655	4187	3	2
271.805	4188	3	3
271.805	4189	4	2
271.955	4190	4	3
271.955	4191	1	2
272.105	4192	1	3
272.105	4193	3	2
272.255	4194	3	3
272.255	4195	2	2
272.405	4196	2	3
272.405	4197	1	2
272.555	4198	1	3
272.555	4199	2	2
272.705	4200	2	3
272.705	4201	3	2
272.855	4202	3	3
272.855	4203	4	2
273.005	4204	4	3
273.005	4205	3	2
273.155	4206	3	3
273.155	4207	2	2
273.305	4208	2	3
273.305	4209	1	2
273.455	4210	1	3
273.455	4211	2	2
273.605	4212	2	3
273.605	4213	3	2
273.755	4214	3	3
273.755	4215	4	2
273.905	4216	4	3
273.905	4217	3	2
274.055	4218	3	3
274.055	4219	2	2
274.205	4220	2	3
274.205	4221	1	2
274.355	4222	1	3
274.355	4223	2	2
274.505	4224	2	3
274.505	4225	4	2
274.655	4226	4	3
274.655	4227	3	2
274.805	4228	3	3
274.805	4229	1	2
274.955	4230	1	3
274.955	4231	2	2
275.105	4232	2	3
275.105	4233	3	2
275.255	4234	3	3
275.255	4235	4	2
275.405	4236	4	3
275.405	4237	3	2
275.555	4238	3	3
275.555	4239	2	2
275.705	4240	2	3
275.705	4241	1	2
275.855	4242	1	3
275.855	4243	2	2
276.005	4244	2	3
276.005	4245	3	2
276.155	4246	3	3
276.155	4247	4	2
276.305	4248	4	3
276.305	4249	2	2
276.455	4250	2	3
276.455	4251	3	2
276.605	4252	3	3
276.605	4253	4	2
276.755	4254	4	3
276.755	4255	1	2
276.905	4256	1	3
276.905	4257	3	2
277.055	4258	3	3
277.055	4259	2	2
277.205	4260	2	3
277.205	4261	1	2
277.355	4262	1	3
277.355	4263	2	2
277.505	4264	2	3
277.505	4265	3	2
277.655	4266	3	3
277.655	4267	4	2
277.805	4268	4	3
277.805	4269	3	2
277.955	4270	3	3
277.955	4271	2	2
278.105	4272	2	3
278.105	4273	1	2
278.255	4274	1	3
278.255	4275	2	2
278.405	4276	2	3
278.405	4277	3	2
278.555	4278	3	3
278.555	4279	4	2
278.705	4280	4	3
278.705	4281	3	2
278.855	4282	3	3
278.855	4283	2	2
279.005	4284	2	3
279.005	4285	1	1
279.305	4286	1	2
279.605	4287	1	3
279.605	4288	4	2
281.255	4289	4	3
279.605	4290	3	1
279.605	4291	2	1
279.905	4292	2	1
279.905	4293	3	1
280.205	4294	3	1
280.205	4295	2	1
280.505	4296	3	1
280.505	4297	2	1
280.805	4298	2	1
280.805	4299	3	1
281.105	4300	2	1
281.105	4301	3	1
281.405	4302	4	2
281.555	4303	4	3
281.405	4304	3	1
281.405	4305	1	1
281.555	4306	2	2
281.705	4307	2	3
281.705	4308	3	1
281.705	4309	4	1
281.705	4310	1	2
281.855	4311	1	3
281.855	4312	4	2
282.155	4313	4	3
282.005	4314	2	1
282.005	4315	1	1
282.155	4316	3	2
282.305	4317	3	3
282.305	4318	2	1
282.305	4319	1	2
283.655	4320	1	3
282.305	4321	4	1
282.605	4322	4	1
282.605	4323	2	1
282.905	4324	2	1
282.905	4325	4	1
283.205	4326	2	1
283.205	4327	4	1
283.505	4328	2	1
283.505	4329	4	1
283.805	4330	1	2
284.105	4331	1	3
283.805	4332	4	1
283.805	4333	3	1
284.105	4334	2	2
284.405	4335	2	3
284.105	4336	3	1
284.105	4337	4	1
284.405	4338	4	2
285.305	4339	4	3
284.405	4340	3	1
284.405	4341	1	1
284.705	4342	3	1
284.705	4343	1	1
285.005	4344	3	1
285.005	4345	1	1
285.305	4346	3	1
285.305	4347	2	2
285.455	4348	2	3
285.305	4349	1	1
285.455	4350	3	2
286.355	4351	3	3
285.605	4352	1	1
285.605	4353	4	1
285.905	4354	1	1
285.905	4355	4	1
286.205	4356	1	1
286.205	4357	4	1
286.355	4358	1	2
286.505	4359	1	3
286.505	4360	2	1
286.505	4361	4	2
286.655	4362	4	3
286.505	4363	3	1
286.655	4364	3	2
289.205	4365	3	3
286.805	4366	1	1
286.805	4367	2	1
287.105	4368	2	1
287.105	4369	1	1
287.405	4370	1	1
287.405	4371	2	1
287.705	4372	2	1
287.705	4373	1	1
288.005	4374	2	1
288.005	4375	1	1
288.305	4376	1	1
288.305	4377	2	1
288.380	4378	2	1
288.455	4379	4	1
288.530	4380	4	1
288.605	4381	2	1
288.605	4382	1	1
288.680	4383	2	1
288.755	4384	4	1
288.830	4385	4	1
288.905	4386	1	1
288.905	4387	2	1
288.980	4388	2	1
289.055	4389	4	1
289.130	4390	4	1
289.205	4391	2	1
289.205	4392	1	1
289.355	4393	3	1
289.505	4394	2	1
289.505	4395	4	1
289.655	4396	3	1
289.805	4397	4	1
289.805	4398	2	1
289.955	4399	2	1
290.105	4400	4	1
290.105	4401	2	1
290.255	4402	1	1
290.405	4403	4	1
290.405	4404	3	1
290.555	4405	2	1
290.705	4406	4	1
290.705	4407	3	1
290.855	4408	2	1
291.005	4409	4	1
291.005	4410	3	1
291.155	4411	3	1
291.305	4412	1	2
291.605	4413	1	3
291.305	4414	4	2
291.605	4415	4	3
291.605	4416	2	1
291.605	4417	3	1
291.755	4418	3	1
291.905	4419	4	1
291.905	4420	2	1
292.055	4421	3	1
292.205	4422	2	1
292.205	4423	4	1
292.355	4424	2	1
292.505	4425	4	1
292.505	4426	2	1
292.655	4427	1	1
292.805	4428	3	1
292.880	4429	2	1
292.955	4430	3	1
293.030	4431	2	1
293.105	4432	3	1
293.180	4433	3	1
293.255	4434	2	1
293.330	4435	2	1
293.405	4436	3	1
293.480	4437	2	1
293.555	4438	3	1
293.630	4439	2	1
293.705	4440	3	1
293.780	4441	2	1
293.855	4442	3	1
293.930	4443	2	1
294.005	4444	4	1
294.005	4445	1	1
294.005	4446	3	1
294.155	4447	2	1
294.155	4448	1	1
294.305	4449	3	1
294.305	4450	4	1
294.455	4451	1	1
294.455	4452	2	1
294.605	4453	4	1
294.605	4454	3	1
294.755	4455	2	1
294.755	4456	1	1
294.905	4457	3	1
294.905	4458	4	1
295.055	4459	2	1
295.055	4460	1	1
295.205	4461	3	1
295.205	4462	4	1
295.355	4463	2	1
295.355	4464	1	1
295.505	4465	4	1
295.505	4466	3	1
295.655	4467	2	1
295.655	4468	1	1
295.805	4469	3	1
295.805	4470	4	1
295.955	4471	1	1
295.955	4472	2	1
296.105	4473	4	1
296.105	4474	3	1
296.255	4475	2	1
296.255	4476	1	1
296.405	4477	4	1
296.405	4478	3	1
296.480	4479	1	1
296.480	4480	2	1
296.555	4481	4	1
296.555	4482	3	1
296.630	4483	1	1
296.630	4484	2	1
296.705	4485	3	1
296.705	4486	4	1
296.780	4487	2	1
296.780	4488	1	1
296.855	4489	3	1
296.855	4490	4	1
296.930	4491	1	1
296.930	4492	2	1
297.005	4493	4	1
297.005	4494	3	1
297.080	4495	1	1
297.080	4496	2	1
297.155	4497	3	1
297.155	4498	4	1
297.230	4499	1	1
297.230	4500	2	1
297.305	4501	4	1
297.305	4502	3	1
297.380	4503	1	1
297.380	4504	2	1
297.455	4505	3	1
297.455	4506	4	1
297.530	4507	2	1
297.530	4508	1	1
297.605	4509	3	1
297.605	4510	4	1
297.680	4511	2	1
297.680	4512	1	1
297.755	4513	3	1
297.755	4514	4	1
297.830	4515	2	1
297.830	4516	1	1
297.905	4517	4	1
297.905	4518	3	1
297.980	4519	2	1
297.980	4520	1	1
298.055	4521	3	1
298.055	4522	4	1
298.130	4523	1	1
298.130	4524	2	1
298.205	4525	4	1
298.205	4526	3	1
298.280	4527	2	1
298.280	4528	1	1
298.355	4529	3	1
298.355	4530	4	1
298.430	4531	1	1
298.430	4532	2	1
298.505	4533	3	1
298.505	4534	4	1
298.580	4535	2	1
298.580	4536	1	1
298.655	4537	4	1
298.655	4538	3	1
298.730	4539	2	1
298.730	4540	1	1
298.805	4541	3	1
298.842	4542	4	1
298.880	4543	2	1
298.917	4544	1	1
298.955	4545	3	1
298.992	4546	4	1
299.030	4547	2	1
299.067	4548	1	1
299.105	4549	3	1
299.142	4550	4	1
299.180	4551	2	1
299.217	4552	1	1
299.255	4553	3	1
299.292	4554	4	1
299.330	4555	2	1
299.367	4556	1	1
299.405	4557	3	1
299.442	4558	4	1
299.480	4559	2	1
299.517	4560	1	1
299.555	4561	3	1
299.592	4562	4	1
299.630	4563	2	1
299.667	4564	1	1
299.705	4565	3	1
299.742	4566	4	1
299.780	4567	2	1
299.817	4568	1	1
299.855	4569	3	1
299.892	4570	4	1
299.930	4571	2	1
299.967	4572	1	1
300.005	4573	4	1
300.005	4574	3	1
300.155	4575	1	1
300.230	4576	2	1
300.305	4577	3	1
300.380	4578	4	1
300.455	4579	2	1
300.530	4580	3	1
300.605	4581	2	1
300.680	4582	3	1
300.755	4583	1	2
300.830	4584	1	3
300.830	4585	2	2
300.905	4586	2	3
300.905	4587	3	2
300.980	4588	3	3
300.980	4589	4	2
301.055	4590	4	3
301.055	4591	2	2
301.130	4592	2	3
301.130	4593	3	2
301.805	4594	3	3
301.205	4595	2	1
301.205	4596	4	1
301.205	4597	1	1
301.355	4598	2	1
301.505	4599	4	1
301.505	4600	1	1
301.655	4601	2	1
301.805	4602	1	1
301.805	4603	4	1
301.955	4604	2	1
302.030	4605	1	1
302.067	4606	2	1
302.105	4607	4	1
302.105	4608	3	2
302.180	4609	3	3
302.180	4610	4	2
302.255	4611	4	3
302.255	4612	2	2
302.330	4613	2	3
302.330	4614	3	2
303.005	4615	3	3
302.405	4616	1	1
302.405	4617	4	1
302.555	4618	2	1
302.705	4619	1	1
302.705	4620	4	1
302.855	4621	2	1
303.005	4622	4	1
303.005	4623	1	1
303.155	4624	2	1
303.230	4625	1	1
303.267	4626	2	1
303.305	4627	4	1
303.305	4628	3	2
303.380	4629	3	3
303.380	4630	4	2
303.455	4631	4	3
303.455	4632	2	2
303.530	4633	2	3
303.530	4634	4	2
304.205	4635	4	3
303.605	4636	3	1
303.605	4637	1	1
303.755	4638	2	1
303.905	4639	1	1
303.905	4640	3	1
304.055	4641	2	1
304.205	4642	3	1
304.205	4643	1	1
304.355	4644	2	1
304.430	4645	1	1
304.467	4646	2	1
304.505	4647	4	1
304.505	4648	3	2
304.580	4649	3	3
304.580	4650	4	2
304.655	4651	4	3
304.655	4652	2	2
304.730	4653	2	3
304.730	4654	3	1
304.730	4655	4	1
304.805	4656	1	1
304.805	4657	2	1
304.880	4658	3	1
304.880	4659	4	1
305.030	4660	2	1
305.030	4661	1	1
305.105	4662	3	1
305.105	4663	4	1
305.255	4664	2	1
305.255	4665	1	1
305.330	4666	3	1
305.330	4667	4	1
305.405	4668	2	1
305.405	4669	1	1
305.405	4670	4	2
305.705	4671	4	3
305.555	4672	2	1
305.630	4673	1	1
305.705	4674	2	2
306.005	4675	2	3
305.780	4676	3	1
305.855	4677	4	1
305.930	4678	1	1
306.005	4679	3	1
306.005	4680	4	2
309.605	4681	4	3
306.305	4682	1	1
306.305	4683	2	1
306.605	4684	1	1
306.605	4685	2	1
306.905	4686	1	1
306.905	4687	2	1
307.205	4688	2	1
307.205	4689	1	1
307.505	4690	1	1
307.505	4691	2	1
307.805	4692	2	1
307.805	4693	1	1
308.105	4694	1	1
308.105	4695	2	1
308.405	4696	3	1
308.405	4697	1	1
308.505	4698	2	1
308.605	4699	1	1
308.705	4700	2	1
308.705	4701	3	1
308.805	4702	1	1
308.905	4703	2	1
309.005	4704	1	1
309.005	4705	3	1
309.105	4706	2	1
309.205	4707	1	1
309.305	4708	2	1
309.305	4709	3	1
309.405	4710	1	1
309.505	4711	2	1
309.605	4712	3	1
309.605	4713	1	1
309.642	4714	2	1
309.680	4715	4	1
309.717	4716	3	1
309.755	4717	1	1
309.792	4718	2	1
309.830	4719	4	1
309.867	4720	3	1
309.905	4721	1	1
309.942	4722	2	1
309.980	4723	4	1
310.017	4724	3	1
310.055	4725	1	1
310.092	4726	2	1
310.130	4727	4	1
310.167	4728	3	1
310.205	4729	1	1
310.305	4730	2	1
310.405	4731	3	1
310.505	4732	4	1
310.605	4733	3	1
310.705	4734	2	1
310.805	4735	4	2
311.105	4736	4	3
310.805	4737	1	2
311.105	4738	1	3
310.805	4739	3	1
310.955	4740	3	2
311.030	4741	3	3
311.105	4742	3	2
311.180	4743	3	3
311.255	4744	2	2
311.405	4745	2	3
311.255	4746	1	2
311.405	4747	1	3
311.405	4748	3	1
311.405	4749	4	1
311.555	4750	2	1
311.630	4751	2	1
311.705	4752	4	1
311.705	4753	1	1
311.780	4754	2	2
311.855	4755	2	3
311.930	4756	2	1
312.005	4757	2	1
312.080	4758	2	2
312.155	4759	2	3
312.230	4760	2	1
312.305	4761	4	1
312.305	4762	1	1
312.380	4763	2	2
312.455	4764	2	3
312.530	4765	2	1
312.605	4766	4	1
312.605	4767	3	1
312.755	4768	2	2
312.905	4769	2	3
312.755	4770	1	2
312.905	4771	1	3
312.980	4772	2	2
313.130	4773	2	3
312.980	4774	1	2
313.130	4775	1	3
313.205	4776	4	2
313.505	4777	4	3
313.205	4778	1	2
313.505	4779	1	3
313.355	4780	2	2
313.505	4781	2	3
313.505	4782	3	2
313.655	4783	3	3
313.655	4784	2	2
313.805	4785	2	3
313.655	4786	1	2
313.805	4787	1	3
313.805	4788	3	1
313.805	4789	4	1
313.955	4790	2	2
314.105	4791	2	3
314.105	4792	1	1
314.105	4793	4	1
314.180	4794	1	1
314.255	4795	1	2
314.330	4796	1	3
314.405	4797	1	1
314.480	4798	1	1
314.555	4799	1	2
314.630	4800	1	3
314.705	4801	1	1
314.705	4802	4	1
314.780	4803	1	1
314.855	4804	1	1
314.930	4805	2	1
315.005	4806	4	2
315.080	4807	4	3
315.005	4808	1	1
315.080	4809	3	2
315.155	4810	3	3
315.155	4811	2	2
315.230	4812	2	3
315.230	4813	1	2
315.305	4814	1	3
315.305	4815	4	2
315.380	4816	4	3
315.380	4817	3	2
315.455	4818	3	3
315.455	4819	2	2
315.530	4820	2	3
315.530	4821	1	2
315.605	4822	1	3
315.605	4823	3	1
315.605	4824	2	1
315.605	4825	4	1
315.755	4826	2	1
315.755	4827	1	1
315.905	4828	4	1
315.905	4829	3	1
316.055	4830	1	1
316.055	4831	2	1
316.205	4832	3	1
316.205	4833	4	1
316.355	4834	2	1
316.355	4835	1	1
316.505	4836	3	1
316.505	4837	4	1
316.655	4838	2	1
316.655	4839	1	1
316.805	4840	3	1
316.805	4841	4	1
316.955	4842	1	1
316.955	4843	2	1
317.105	4844	4	1
317.105	4845	3	1
317.255	4846	1	1
317.255	4847	2	1
317.405	4848	3	1
317.405	4849	4	1
317.555	4850	2	1
317.555	4851	1	1
317.705	4852	4	1
317.705	4853	3	1
317.855	4854	2	1
317.855	4855	1	1
318.005	4856	3	1
318.005	4857	4	1
318.080	4858	2	1
318.080	4859	1	1
318.155	4860	3	1
318.155	4861	4	1
318.230	4862	1	1
318.230	4863	2	1
318.305	4864	4	1
318.305	4865	3	1
318.380	4866	1	1
318.380	4867	2	1
318.455	4868	4	1
318.455	4869	3	1
318.530	4870	2	1
318.530	4871	1	1
318.605	4872	4	1
318.605	4873	3	1
318.680	4874	2	1
318.680	4875	1	1
318.755	4876	4	1
318.755	4877	3	1
318.830	4878	2	1
318.830	4879	1	1
318.905	4880	3	1
318.905	4881	4	1
318.980	4882	1	1
318.980	4883	2	1
319.055	4884	3	1
319.055	4885	4	1
319.130	4886	1	1
319.130	4887	2	1
319.205	4888	4	1
319.205	4889	3	1
319.355	4890	2	1
319.505	4891	3	1
319.655	4892	2	1
319.805	4893	3	1
319.955	4894	2	1
320.030	4895	3	1
320.255	4896	2	1
320.330	4897	3	1
320.405	4898	1	1
320.405	4899	4	1
320.405	4900	2	1
320.480	4901	3	1
320.555	4902	2	1
320.630	4903	1	1
320.705	4904	3	1
320.705	4905	4	1
320.780	4906	2	1
320.855	4907	1	1
320.930	4908	4	1
321.005	4909	2	1
321.005	4910	3	1
321.080	4911	1	1
321.155	4912	4	1
321.230	4913	3	1
321.305	4914	2	1
321.305	4915	1	1
321.380	4916	4	1
321.455	4917	3	1
321.530	4918	2	1
321.605	4919	4	1
321.605	4920	1	1
321.680	4921	3	1
321.755	4922	2	1
321.830	4923	1	1
321.905	4924	4	1
321.905	4925	3	1
321.980	4926	2	1
322.055	4927	1	1
322.130	4928	4	1
322.205	4929	2	1
322.205	4930	3	1
322.280	4931	1	1
322.355	4932	4	1
322.430	4933	3	1
322.505	4934	1	1
322.505	4935	2	1
322.580	4936	4	1
322.655	4937	3	1
322.730	4938	2	1
322.805	4939	1	1
322.805	4940	4	1
322.880	4941	2	1
322.955	4942	3	1
323.030	4943	4	1
323.105	4944	1	1
323.105	4945	2	1
323.180	4946	3	1
323.255	4947	4	1
323.330	4948	1	1
323.405	4949	3	1
323.405	4950	2	1
323.480	4951	4	1
323.555	4952	1	1
323.630	4953	2	1
323.705	4954	4	1
323.705	4955	3	1
323.780	4956	1	1
323.855	4957	2	1
323.930	4958	3	1
324.005	4959	1	1
324.005	4960	4	1
324.080	4961	2	1
324.155	4962	3	1
324.230	4963	4	1
324.305	4964	2	1
324.305	4965	1	1
324.380	4966	3	1
324.455	4967	4	1
324.530	4968	1	1
324.605	4969	2	1
324.605	4970	3	1
324.680	4971	4	1
324.755	4972	1	1
324.830	4973	2	1
324.905	4974	4	1
324.905	4975	3	1
324.980	4976	1	1
325.055	4977	2	1
325.130	4978	3	1
325.205	4979	1	1
325.205	4980	4	1
325.280	4981	3	1
325.355	4982	2	1
325.430	4983	1	1
325.505	4984	4	1
325.505	4985	3	1
325.580	4986	2	1
325.655	4987	1	1
325.730	4988	4	1
325.805	4989	2	1
325.805	4990	3	1
325.880	4991	1	1
325.955	4992	4	1
326.030	4993	3	1
326.105	4994	1	1
326.105	4995	2	1
326.180	4996	4	1
326.255	4997	3	1
326.330	4998	2	1
326.405	4999	4	1
326.405	5000	1	1
326.480	5001	3	1
326.555	5002	2	1
326.630	5003	1	1
326.705	5004	4	1
326.705	5005	3	1
326.780	5006	2	1
326.855	5007	1	1
326.930	5008	4	1
327.005	5009	2	1
327.005	5010	3	1
327.080	5011	1	1
327.155	5012	4	1
327.230	5013	3	1
327.305	5014	1	1
327.305	5015	2	1
327.380	5016	4	1
327.455	5017	3	1
327.530	5018	2	1
327.605	5019	4	1
327.680	5020	4	1
327.755	5021	3	1
327.830	5022	3	1
327.905	5023	2	1
327.980	5024	2	1
328.055	5025	1	1
328.130	5026	1	1
328.205	5027	4	1
328.280	5028	4	1
328.355	5029	3	1
328.430	5030	3	1
328.505	5031	2	1
328.580	5032	2	1
328.655	5033	1	1
328.730	5034	1	1
328.805	5035	4	1
328.880	5036	4	1
328.955	5037	1	1
329.030	5038	1	1
329.105	5039	2	1
329.180	5040	2	1
329.255	5041	3	1
329.330	5042	3	1
329.405	5043	4	1
329.480	5044	4	1
329.555	5045	1	1
329.630	5046	1	1
329.705	5047	2	1
329.780	5048	2	1
329.855	5049	3	1
329.930	5050	3	1
330.005	5051	2	1
330.005	5052	4	1
330.005	5053	1	1
330.080	5054	3	1
330.155	5055	2	1
330.230	5056	2	1
330.305	5057	1	1
330.380	5058	4	1
330.455	5059	1	1
330.530	5060	4	1
330.605	5061	2	1
330.605	5062	1	1
330.680	5063	2	1
330.755	5064	1	1
330.830	5065	4	1
330.905	5066	1	2
330.980	5067	1	3
330.980	5068	2	2
331.055	5069	2	3
331.055	5070	4	2
331.130	5071	4	3
331.130	5072	3	1
331.205	5073	2	1
331.205	5074	1	1
331.205	5075	4	1
331.280	5076	3	1
331.355	5077	2	1
331.430	5078	2	1
331.505	5079	1	1
331.580	5080	4	1
331.655	5081	1	1
331.730	5082	4	1
331.805	5083	2	1
331.805	5084	1	1
331.880	5085	1	1
331.955	5086	2	1
332.030	5087	2	1
332.105	5088	1	2
332.180	5089	1	3
332.180	5090	2	1
332.255	5091	4	2
332.330	5092	4	3
332.330	5093	3	2
332.405	5094	3	3
332.405	5095	2	1
332.405	5096	4	1
332.405	5097	1	1
332.480	5098	3	1
332.555	5099	2	1
332.630	5100	2	1
332.705	5101	1	1
332.780	5102	4	1
332.855	5103	1	1
332.930	5104	4	1
333.005	5105	2	1
333.005	5106	1	1
333.080	5107	2	1
333.155	5108	1	1
333.230	5109	4	1
333.305	5110	1	2
333.380	5111	1	3
333.380	5112	2	2
333.455	5113	2	3
333.455	5114	4	2
333.530	5115	4	3
333.530	5116	3	1
333.605	5117	1	1
333.605	5118	4	1
333.605	5119	2	1
333.680	5120	3	1
333.755	5121	2	1
333.830	5122	2	1
333.905	5123	1	1
333.980	5124	4	1
334.055	5125	1	1
334.130	5126	4	1
334.205	5127	1	1
334.205	5128	2	1
334.280	5129	1	1
334.355	5130	2	1
334.430	5131	2	1
334.505	5132	1	2
334.580	5133	1	3
334.580	5134	2	1
334.655	5135	4	2
334.730	5136	4	3
334.730	5137	3	2
334.805	5138	3	3
334.805	5139	1	1
334.805	5140	4	1
334.880	5141	2	2
334.955	5142	2	3
334.955	5143	4	1
334.955	5144	3	2
335.030	5145	3	3
335.030	5146	2	1
335.105	5147	1	1
335.105	5148	4	1
335.180	5149	3	2
335.255	5150	3	3
335.255	5151	1	1
335.255	5152	4	2
335.330	5153	4	3
335.330	5154	3	1
335.405	5155	2	1
335.405	5156	4	1
335.480	5157	1	2
335.555	5158	1	3
335.555	5159	4	1
335.555	5160	2	2
335.630	5161	2	3
335.630	5162	3	2
335.705	5163	3	3
335.705	5164	4	1
335.705	5165	2	1
335.780	5166	1	2
335.855	5167	1	3
335.855	5168	2	2
335.930	5169	2	3
335.855	5170	3	1
335.930	5171	4	2
336.005	5172	4	3
336.005	5173	2	1
336.005	5174	3	1
336.080	5175	1	2
336.155	5176	1	3
336.155	5177	2	1
336.155	5178	3	2
336.230	5179	3	3
336.230	5180	4	2
336.305	5181	4	3
336.305	5182	3	1
336.305	5183	1	1
336.380	5184	2	2
336.455	5185	2	3
336.455	5186	3	2
336.530	5187	3	3
336.455	5188	1	1
336.530	5189	4	2
336.605	5190	4	3
336.605	5191	2	1
336.605	5192	3	1
336.680	5193	1	2
336.755	5194	1	3
336.755	5195	2	2
336.830	5196	2	3
336.755	5197	4	1
336.830	5198	3	2
336.905	5199	3	3
336.905	5200	4	1
336.905	5201	1	1
336.980	5202	2	2
337.055	5203	2	3
337.055	5204	3	2
337.130	5205	3	3
337.055	5206	1	1
337.130	5207	4	2
337.205	5208	4	3
337.205	5209	2	1
337.205	5210	1	1
337.280	5211	4	1
337.280	5212	3	2
337.355	5213	3	3
337.355	5214	2	2
337.430	5215	2	3
337.355	5216	1	1
337.430	5217	3	2
337.505	5218	3	3
337.430	5219	4	1
337.505	5220	2	1
337.505	5221	1	1
337.580	5222	3	1
337.580	5223	4	2
337.655	5224	4	3
337.655	5225	2	1
337.655	5226	1	2
337.730	5227	1	3
337.730	5228	4	2
337.805	5229	4	3
337.730	5230	3	1
337.805	5231	1	1
337.805	5232	2	1
337.880	5233	4	1
337.880	5234	3	2
337.955	5235	3	3
337.955	5236	1	1
337.955	5237	2	2
338.030	5238	2	3
338.030	5239	4	1
338.030	5240	3	2
338.105	5241	3	3
338.105	5242	2	1
338.105	5243	1	1
338.180	5244	4	2
338.255	5245	4	3
338.180	5246	3	1
338.255	5247	2	1
338.255	5248	1	2
338.330	5249	1	3
338.330	5250	3	1
338.330	5251	4	2
338.405	5252	4	3
338.405	5253	1	1
338.405	5254	2	2
338.505	5255	2	3
338.505	5256	3	2
338.605	5257	3	3
338.605	5258	4	2
338.855	5259	4	3
338.705	5260	1	1
338.855	5261	2	2
339.155	5262	2	3
338.930	5263	1	1
339.080	5264	1	1
339.155	5265	3	1
339.305	5266	2	1
339.380	5267	3	1
339.455	5268	4	1
339.605	5269	2	2
339.989	5270	2	3
339.605	5271	4	1
339.605	5272	1	2
339.989	5273	1	3
339.605	5274	3	1
339.989	5275	4	1
339.989	5276	3	1
340.117	5277	2	2
340.181	5278	2	3
340.117	5279	1	1
340.117	5280	4	1
340.246	5281	2	2
340.310	5282	2	3
340.374	5283	2	2
340.438	5284	2	3
340.502	5285	2	2
340.566	5286	2	3
340.630	5287	1	1
340.630	5288	2	2
340.694	5289	2	3
340.758	5290	2	2
340.822	5291	2	3
340.887	5292	2	2
340.951	5293	2	3
341.015	5294	2	2
341.079	5295	2	3
341.143	5296	2	2
341.271	5297	2	3
341.143	5298	4	1
341.143	5299	1	1
341.271	5300	3	2
341.399	5301	3	3
341.399	5302	1	2
341.528	5303	1	3
341.528	5304	4	2
341.656	5305	4	3
341.656	5306	2	2
341.784	5307	2	3
341.656	5308	1	2
341.784	5309	1	3
341.656	5310	3	1
341.912	5311	1	2
342.040	5312	1	3
341.912	5313	2	2
342.040	5314	2	3
342.169	5315	4	1
342.169	5316	2	2
342.233	5317	2	3
342.169	5318	1	1
342.297	5319	2	2
342.361	5320	2	3
342.425	5321	2	2
342.489	5322	2	3
342.553	5323	2	2
342.617	5324	2	3
342.681	5325	1	1
342.681	5326	2	2
342.746	5327	2	3
342.810	5328	2	2
342.874	5329	2	3
342.938	5330	2	2
343.002	5331	2	3
343.066	5332	2	2
343.130	5333	2	3
343.194	5334	4	2
343.451	5335	4	3
343.194	5336	3	1
343.194	5337	1	1
343.451	5338	1	2
343.707	5339	1	3
343.707	5340	3	1
343.707	5341	4	2
344.092	5342	4	3
344.092	5343	3	2
344.156	5344	3	3
344.156	5345	2	2
344.220	5346	2	3
344.220	5347	3	1
344.220	5348	4	1
344.220	5349	1	2
344.391	5350	1	3
344.391	5351	4	2
344.562	5352	4	3
344.562	5353	3	2
344.733	5354	3	3
344.733	5355	2	2
344.904	5356	2	3
344.904	5357	4	2
345.075	5358	4	3
344.989	5359	1	1
344.989	5360	2	1
345.075	5361	3	2
345.246	5362	3	3
345.246	5363	2	1
345.246	5364	1	2
345.416	5365	1	3
345.246	5366	4	1
345.416	5367	4	2
345.587	5368	4	3
345.587	5369	2	2
345.758	5370	2	3
345.758	5371	1	2
346.015	5372	1	3
345.758	5373	4	1
346.015	5374	3	2
346.271	5375	3	3
346.271	5376	2	1
346.271	5377	4	2
346.442	5378	4	3
346.271	5379	1	1
346.442	5380	3	2
346.613	5381	3	3
346.613	5382	2	2
346.784	5383	2	3
346.784	5384	4	2
346.955	5385	4	3
346.955	5386	3	2
347.126	5387	3	3
347.040	5388	2	1
347.040	5389	4	1
347.126	5390	1	2
347.297	5391	1	3
347.297	5392	4	2
347.468	5393	4	3
347.297	5394	3	1
347.297	5395	2	1
347.468	5396	3	2
347.810	5397	3	3
347.810	5398	2	1
347.810	5399	4	2
348.066	5400	4	3
347.810	5401	1	2
348.066	5402	1	3
348.066	5403	3	1
348.258	5404	2	2
348.322	5405	2	3
348.322	5406	3	1
348.322	5407	4	1
348.322	5408	1	1
348.515	5409	3	2
348.579	5410	3	3
348.579	5411	2	2
348.835	5412	2	3
348.579	5413	1	2
348.835	5414	1	3
348.835	5415	3	2
349.028	5416	3	3
348.835	5417	4	2
349.028	5418	4	3
349.092	5419	2	1
349.092	5420	3	2
349.284	5421	3	3
349.092	5422	4	2
349.284	5423	4	3
349.348	5424	4	1
349.348	5425	1	1
349.348	5426	2	1
349.540	5427	1	1
349.540	5428	4	1
349.605	5429	3	1
349.605	5430	2	1
349.797	5431	4	1
349.797	5432	2	1
349.861	5433	3	1
349.861	5434	1	2
350.310	5435	1	3
349.989	5436	2	2
350.310	5437	2	3
350.310	5438	3	2
350.374	5439	3	3
350.374	5440	2	1
350.374	5441	1	1
350.374	5442	4	1
350.566	5443	2	2
350.630	5444	2	3
350.630	5445	4	2
350.822	5446	4	3
350.630	5447	3	2
350.822	5448	3	3
350.822	5449	2	1
350.822	5450	1	1
350.887	5451	4	2
351.079	5452	4	3
351.079	5453	1	1
351.079	5454	2	1
351.143	5455	4	2
351.335	5456	4	3
351.143	5457	3	1
351.271	5458	2	1
351.335	5459	3	1
351.399	5460	1	1
351.399	5461	2	2
351.656	5462	2	3
351.399	5463	4	1
351.656	5464	3	2
351.912	5465	3	3
351.912	5466	1	1
351.912	5467	4	2
353.963	5468	4	3
352.040	5469	3	1
352.169	5470	1	1
352.297	5471	3	1
352.361	5472	2	1
352.425	5473	1	1
352.553	5474	3	1
352.681	5475	1	1
352.746	5476	2	1
352.810	5477	3	1
352.938	5478	1	1
352.938	5479	2	1
353.066	5480	3	1
353.130	5481	2	1
353.194	5482	1	1
353.322	5483	3	1
353.451	5484	1	1
353.515	5485	2	1
353.579	5486	3	1
353.707	5487	1	2
353.771	5488	1	3
353.771	5489	3	2
353.835	5490	3	3
353.835	5491	1	2
353.899	5492	1	3
353.899	5493	2	2
353.963	5494	2	3
353.963	5495	3	2
354.028	5496	3	3
354.028	5497	2	1
354.092	5498	1	1
354.220	5499	4	1
354.348	5500	3	2
354.412	5501	3	3
354.412	5502	2	1
354.476	5503	1	1
354.605	5504	4	1
354.733	5505	3	2
354.797	5506	3	3
354.797	5507	2	1
354.861	5508	1	1
354.989	5509	3	1
354.989	5510	1	1
355.053	5511	2	1
355.117	5512	4	2
355.181	5513	4	3
355.246	5514	2	2
355.310	5515	2	3
355.374	5516	4	2
355.438	5517	4	3
355.438	5518	3	2
355.502	5519	3	3
355.502	5520	4	2
355.566	5521	4	3
355.630	5522	2	2
355.694	5523	2	3
355.758	5524	3	2
355.822	5525	3	3
355.887	5526	2	1
356.015	5527	4	2
358.066	5528	4	3
356.015	5529	1	1
356.015	5530	2	1
356.079	5531	3	1
356.143	5532	1	1
356.271	5533	3	1
356.399	5534	1	1
356.528	5535	2	1
356.528	5536	3	1
356.656	5537	1	1
356.784	5538	3	1
356.912	5539	2	1
356.976	5540	3	1
357.040	5541	2	1
357.040	5542	1	1
357.169	5543	3	1
357.297	5544	1	1
357.425	5545	3	1
357.553	5546	2	1
357.553	5547	1	1
357.681	5548	3	1
357.810	5549	2	1
357.874	5550	1	2
357.938	5551	1	3
357.938	5552	3	2
358.002	5553	3	3
358.002	5554	2	2
358.066	5555	2	3
358.066	5556	3	2
358.130	5557	3	3
358.066	5558	1	1
358.194	5559	4	2
358.258	5560	4	3
358.322	5561	2	2
358.387	5562	2	3
358.451	5563	4	2
358.515	5564	4	3
358.579	5565	3	1
358.579	5566	1	1
358.707	5567	2	2
358.771	5568	2	3
358.835	5569	4	2
358.899	5570	4	3
358.963	5571	2	2
359.028	5572	2	3
359.028	5573	4	1
359.092	5574	1	1
359.092	5575	3	2
359.156	5576	3	3
359.220	5577	1	2
359.284	5578	1	3
359.348	5579	3	2
359.412	5580	3	3
359.412	5581	2	1
359.476	5582	1	2
359.540	5583	1	3
359.540	5584	4	1
359.604	5585	2	2
359.989	5586	2	3
359.925	5587	3	2
359.989	5588	3	3
359.989	5589	4	1
359.989	5590	1	1
360.064	5591	2	1
360.139	5592	3	2
360.289	5593	3	3
360.214	5594	4	1
360.289	5595	1	1
360.289	5596	2	1
360.364	5597	4	1
360.439	5598	3	2
360.589	5599	3	3
360.514	5600	2	1
360.589	5601	1	1
360.589	5602	4	1
360.664	5603	2	1
360.739	5604	3	2
360.889	5605	3	3
360.814	5606	4	1
360.889	5607	2	1
360.889	5608	1	1
360.964	5609	4	1
361.039	5610	3	2
361.189	5611	3	3
361.114	5612	2	1
361.189	5613	4	1
361.189	5614	1	1
361.264	5615	2	1
361.339	5616	3	2
361.489	5617	3	3
361.414	5618	4	1
361.489	5619	2	1
361.489	5620	1	1
361.564	5621	4	1
361.639	5622	3	2
361.789	5623	3	3
361.714	5624	2	1
361.789	5625	1	1
361.789	5626	4	1
361.864	5627	2	1
361.939	5628	3	1
362.014	5629	4	1
362.089	5630	2	1
362.089	5631	1	1
362.164	5632	4	1
362.239	5633	3	1
362.314	5634	2	1
362.389	5635	1	1
362.389	5636	4	1
362.464	5637	2	1
362.539	5638	3	1
362.614	5639	4	1
362.689	5640	2	1
362.689	5641	1	1
362.764	5642	4	1
362.839	5643	3	1
362.914	5644	2	1
362.989	5645	1	1
362.989	5646	4	1
363.064	5647	2	1
363.139	5648	3	1
363.214	5649	4	1
363.289	5650	1	1
363.289	5651	2	1
363.364	5652	4	1
363.439	5653	3	1
363.514	5654	2	1
363.589	5655	1	1
363.589	5656	4	1
363.664	5657	2	1
363.739	5658	3	1
363.814	5659	1	1
363.814	5660	4	1
363.889	5661	3	1
363.889	5662	2	1
363.964	5663	4	1
364.039	5664	2	1
364.039	5665	1	1
364.114	5666	3	1
364.189	5667	1	1
364.189	5668	2	1
364.264	5669	2	1
364.339	5670	3	1
364.414	5671	3	1
364.489	5672	1	1
364.489	5673	2	2
364.564	5674	2	3
364.564	5675	3	1
364.639	5676	2	2
364.714	5677	2	3
364.714	5678	3	1
364.789	5679	2	1
364.789	5680	4	1
364.789	5681	1	1
364.864	5682	3	1
364.939	5683	4	1
364.939	5684	1	1
365.014	5685	3	1
365.089	5686	2	1
365.089	5687	4	1
365.164	5688	3	1
365.239	5689	2	1
365.239	5690	4	1
365.314	5691	3	1
365.389	5692	1	1
365.389	5693	4	1
365.464	5694	2	1
365.539	5695	1	1
365.539	5696	4	1
365.614	5697	2	1
365.689	5698	1	1
365.689	5699	3	1
365.764	5700	2	1
365.839	5701	3	1
365.839	5702	1	1
365.914	5703	2	1
365.989	5704	1	1
365.989	5705	4	1
366.064	5706	3	1
366.139	5707	4	1
366.139	5708	1	1
366.214	5709	3	1
366.289	5710	2	1
366.289	5711	4	1
366.364	5712	3	1
366.439	5713	4	1
366.439	5714	2	1
366.514	5715	3	1
366.589	5716	1	1
366.589	5717	4	1
366.664	5718	2	1
366.739	5719	1	1
366.739	5720	4	1
366.814	5721	2	1
366.889	5722	1	1
366.889	5723	3	1
366.964	5724	2	1
367.039	5725	1	1
367.039	5726	3	1
367.114	5727	2	1
367.189	5728	4	1
367.189	5729	3	1
367.264	5730	3	1
367.339	5731	2	1
367.339	5732	1	1
367.414	5733	2	1
367.489	5734	3	1
367.489	5735	1	1
367.564	5736	1	1
367.639	5737	2	1
367.639	5738	4	1
367.714	5739	4	1
367.789	5740	1	1
367.789	5741	3	1
367.864	5742	3	1
367.939	5743	2	1
367.939	5744	4	1
368.014	5745	2	1
368.089	5746	1	1
368.089	5747	3	1
368.164	5748	1	1
368.239	5749	4	1
368.239	5750	2	1
368.314	5751	4	1
368.389	5752	3	1
368.426	5753	2	1
368.464	5754	1	1
368.501	5755	4	1
368.539	5756	3	1
368.539	5757	2	1
368.614	5758	3	1
368.689	5759	2	1
368.689	5760	4	1
368.764	5761	2	1
368.838	5762	3	1
368.838	5763	1	1
368.913	5764	1	1
368.988	5765	4	1
369.026	5766	3	1
369.063	5767	2	1
369.101	5768	1	1
369.138	5769	4	1
369.176	5770	3	1
369.213	5771	2	1
369.251	5772	1	1
369.288	5773	4	1
369.326	5774	3	1
369.363	5775	2	1
369.401	5776	1	1
369.438	5777	4	1
369.476	5778	3	1
369.513	5779	2	1
369.551	5780	1	1
369.588	5781	4	1
370.188	5782	4	2
370.788	5783	4	3
371.388	5784	4	2
371.988	5785	4	3
372.588	5786	4	2
373.188	5787	4	3
373.788	5788	4	2
374.388	5789	4	3
374.388	5790	1	2
374.688	5791	1	3
374.388	5792	3	2
374.688	5793	3	3
374.688	5794	4	1
374.688	5795	2	1
374.763	5796	1	1
374.838	5797	2	1
374.913	5798	1	1
374.988	5799	4	1
374.988	5800	2	1
375.063	5801	1	1
375.138	5802	2	1
375.213	5803	1	1
375.288	5804	2	1
375.288	5805	4	1
375.363	5806	1	1
375.438	5807	2	1
375.513	5808	1	1
375.588	5809	4	1
375.588	5810	2	1
375.638	5811	3	1
375.688	5812	2	1
375.738	5813	3	2
375.888	5814	3	3
375.888	5815	2	1
375.888	5816	4	1
375.963	5817	1	1
376.038	5818	2	1
376.113	5819	1	1
376.188	5820	2	1
376.188	5821	4	1
376.263	5822	1	1
376.338	5823	2	1
376.413	5824	1	1
376.488	5825	4	1
376.488	5826	2	1
376.563	5827	1	1
376.638	5828	2	1
376.676	5829	3	1
376.713	5830	4	1
376.751	5831	1	1
376.788	5832	2	1
376.826	5833	3	1
376.863	5834	4	1
377.013	5835	1	1
377.013	5836	3	1
377.088	5837	4	2
377.388	5838	4	3
377.088	5839	2	1
377.163	5840	1	1
377.238	5841	2	1
377.313	5842	3	2
377.613	5843	3	3
377.313	5844	1	1
377.388	5845	2	1
377.463	5846	1	1
377.538	5847	4	2
377.838	5848	4	3
377.538	5849	2	1
377.613	5850	1	1
377.688	5851	2	1
377.763	5852	3	2
378.063	5853	3	3
377.763	5854	1	1
377.838	5855	2	1
377.913	5856	1	1
377.988	5857	2	1
377.988	5858	4	2
378.288	5859	4	3
378.213	5860	3	2
378.513	5861	3	3
378.288	5862	2	1
378.363	5863	1	1
378.438	5864	2	1
378.438	5865	4	2
378.738	5866	4	3
378.513	5867	1	1
378.588	5868	2	1
378.663	5869	3	2
378.888	5870	3	3
378.663	5871	1	1
378.738	5872	2	1
378.813	5873	1	1
378.888	5874	2	1
378.888	5875	4	2
379.188	5876	4	3
378.963	5877	1	1
379.038	5878	2	1
379.113	5879	1	1
379.188	5880	2	1
379.188	5881	3	2
379.338	5882	3	3
379.338	5883	4	2
379.488	5884	4	3
379.488	5885	2	1
379.488	5886	3	2
379.638	5887	3	3
379.563	5888	1	1
379.638	5889	2	1
379.713	5890	1	1
379.788	5891	3	1
379.788	5892	2	1
379.863	5893	1	1
379.863	5894	4	2
380.013	5895	4	3
379.938	5896	2	1
380.013	5897	1	1
380.088	5898	2	1
380.088	5899	3	2
380.238	5900	3	3
380.163	5901	1	1
380.238	5902	2	1
380.238	5903	4	2
380.388	5904	4	3
380.313	5905	1	1
380.388	5906	3	2
380.538	5907	3	3
380.538	5908	4	2
380.688	5909	4	3
380.688	5910	2	1
380.688	5911	3	2
380.838	5912	3	3
380.763	5913	1	1
380.838	5914	2	1
380.838	5915	4	1
380.913	5916	1	1
380.988	5917	3	1
380.988	5918	2	1
381.063	5919	4	2
381.213	5920	4	3
381.063	5921	1	1
381.138	5922	2	1
381.213	5923	1	1
381.288	5924	3	2
381.588	5925	3	3
381.288	5926	2	1
381.363	5927	1	1
381.438	5928	2	1
381.513	5929	1	1
381.588	5930	4	2
382.488	5931	4	3
381.888	5932	2	1
381.963	5933	1	1
382.038	5934	1	1
382.113	5935	2	1
382.188	5936	1	1
382.188	5937	3	1
382.263	5938	1	1
382.338	5939	2	1
382.413	5940	1	1
382.488	5941	1	1
382.488	5942	3	1
382.563	5943	2	1
382.638	5944	3	1
382.713	5945	4	1
382.788	5946	1	1
382.788	5947	2	1
382.863	5948	3	1
382.938	5949	2	1
383.013	5950	4	1
383.013	5951	3	1
383.088	5952	2	1
383.163	5953	3	1
383.238	5954	2	1
383.238	5955	1	1
383.313	5956	3	1
383.388	5957	2	1
383.463	5958	4	1
383.463	5959	3	1
383.651	5960	2	1
383.651	5961	1	1
383.688	5962	4	1
383.688	5963	3	1
383.838	5964	4	1
383.838	5965	3	1
383.988	5966	1	1
383.988	5967	4	1
383.988	5968	2	1
384.063	5969	3	1
384.138	5970	2	1
384.213	5971	4	1
384.213	5972	1	1
384.288	5973	3	1
384.363	5974	1	1
384.438	5975	4	1
384.438	5976	2	1
384.513	5977	3	1
384.513	5978	1	1
384.588	5979	4	1
384.588	5980	2	1
384.663	5981	3	1
384.738	5982	2	1
384.813	5983	1	1
384.813	5984	4	1
384.888	5985	3	1
384.963	5986	1	1
385.038	5987	4	1
385.038	5988	2	1
385.113	5989	3	1
385.113	5990	1	1
385.188	5991	4	1
385.188	5992	2	1
385.263	5993	3	1
385.338	5994	2	1
385.413	5995	1	1
385.413	5996	4	1
385.488	5997	3	1
385.563	5998	1	1
385.638	5999	4	1
385.638	6000	2	1
385.713	6001	1	1
385.713	6002	3	1
385.788	6003	2	1
385.788	6004	4	1
385.863	6005	3	1
385.938	6006	2	1
386.013	6007	1	1
386.013	6008	4	1
386.088	6009	3	1
386.163	6010	1	1
386.238	6011	4	1
386.238	6012	2	1
386.313	6013	1	1
386.313	6014	3	1
386.388	6015	4	1
386.388	6016	2	1
386.463	6017	4	1
386.538	6018	1	1
386.538	6019	3	1
386.613	6020	3	1
386.688	6021	2	1
386.688	6022	4	1
386.763	6023	2	1
386.838	6024	1	1
386.838	6025	3	1
386.913	6026	1	1
386.988	6027	4	1
386.988	6028	2	1
387.063	6029	4	1
387.138	6030	1	1
387.138	6031	3	1
387.213	6032	3	1
387.288	6033	4	1
387.288	6034	2	1
387.363	6035	2	1
387.438	6036	1	1
387.438	6037	3	1
387.513	6038	1	1
387.588	6039	4	1
387.663	6040	1	1
387.738	6041	4	1
387.813	6042	1	1
387.888	6043	4	1
387.963	6044	1	1
388.038	6045	4	1
388.113	6046	1	1
388.188	6047	3	1
388.263	6048	2	1
388.338	6049	3	1
388.413	6050	2	1
388.488	6051	1	2
388.563	6052	1	3
388.488	6053	4	2
388.563	6054	4	3
388.563	6055	3	1
388.638	6056	2	1
388.713	6057	3	1
388.788	6058	1	1
388.790	6059	4	1
388.790	6060	2	1
388.926	6061	4	1
388.926	6062	2	1
388.926	6063	1	1
389.062	6064	4	2
389.335	6065	4	3
389.062	6066	1	1
389.062	6067	2	2
389.199	6068	2	3
389.199	6069	3	1
389.335	6070	1	2
389.471	6071	1	3
389.335	6072	2	1
389.335	6073	3	2
389.608	6074	3	3
389.471	6075	4	1
389.608	6076	2	2
389.880	6077	2	3
389.608	6078	4	2
389.744	6079	4	3
389.608	6080	1	1
389.744	6081	3	1
389.880	6082	4	1
389.880	6083	1	2
390.017	6084	1	3
389.880	6085	3	2
390.153	6086	3	3
390.017	6087	2	1
390.153	6088	2	2
390.426	6089	2	3
390.153	6090	4	2
390.290	6091	4	3
390.153	6092	1	1
390.290	6093	3	1
390.426	6094	3	2
390.562	6095	3	3
390.426	6096	4	1
390.426	6097	1	2
390.699	6098	1	3
390.562	6099	2	1
390.699	6100	4	2
390.971	6101	4	3
390.699	6102	3	1
390.699	6103	2	2
390.835	6104	2	3
390.835	6105	1	1
390.971	6106	3	2
391.244	6107	3	3
390.971	6108	2	1
390.971	6109	1	2
391.108	6110	1	3
391.108	6111	4	1
391.244	6112	4	2
391.380	6113	4	3
391.244	6114	1	1
391.244	6115	2	2
391.517	6116	2	3
391.380	6117	3	1
391.517	6118	1	2
391.790	6119	1	3
391.517	6120	4	1
391.517	6121	3	2
391.653	6122	3	3
391.653	6123	2	1
391.790	6124	2	2
392.062	6125	2	3
391.790	6126	3	1
391.790	6127	4	2
391.926	6128	4	3
391.926	6129	1	1
392.062	6130	4	2
392.335	6131	4	3
392.062	6132	1	1
392.062	6133	3	2
392.199	6134	3	3
392.199	6135	2	1
392.335	6136	2	2
392.471	6137	2	3
392.335	6138	3	2
392.608	6139	3	3
392.335	6140	1	1
392.471	6141	4	1
392.608	6142	4	1
392.608	6143	2	2
392.880	6144	2	3
392.608	6145	1	2
392.744	6146	1	3
392.744	6147	3	1
392.880	6148	1	1
392.880	6149	4	2
393.017	6150	4	3
392.880	6151	3	2
393.153	6152	3	3
393.017	6153	2	1
393.153	6154	2	1
393.153	6155	1	1
393.221	6156	4	1
393.221	6157	3	1
393.290	6158	2	1
393.358	6159	4	1
393.358	6160	3	1
393.426	6161	2	2
393.562	6162	2	3
393.426	6163	4	2
393.699	6164	4	3
393.426	6165	1	1
393.562	6166	3	1
393.699	6167	1	2
393.835	6168	1	3
393.699	6169	3	2
393.971	6170	3	3
393.699	6171	2	1
393.835	6172	4	1
393.971	6173	2	2
394.244	6174	2	3
393.971	6175	1	1
393.971	6176	4	2
394.108	6177	4	3
394.108	6178	3	1
394.244	6179	4	1
394.244	6180	1	2
394.380	6181	1	3
394.244	6182	3	2
394.517	6183	3	3
394.380	6184	2	1
394.517	6185	2	2
394.790	6186	2	3
394.517	6187	1	1
394.517	6188	4	2
394.653	6189	4	3
394.653	6190	3	1
394.790	6191	3	2
394.926	6192	3	3
394.790	6193	4	1
394.790	6194	1	2
395.062	6195	1	3
394.926	6196	2	1
395.062	6197	4	1
395.062	6198	2	2
395.335	6199	2	3
395.130	6200	1	1
395.199	6201	3	1
395.267	6202	4	1
395.335	6203	1	1
395.335	6204	3	2
395.608	6205	3	3
395.403	6206	4	1
395.471	6207	1	1
395.540	6208	2	1
395.608	6209	4	2
395.880	6210	4	3
395.608	6211	1	1
395.676	6212	3	1
395.744	6213	2	1
395.812	6214	3	1
395.880	6215	1	2
396.153	6216	1	3
395.880	6217	2	1
395.949	6218	4	1
396.017	6219	2	1
396.085	6220	4	1
396.153	6221	3	2
396.426	6222	3	3
396.153	6223	2	1
396.221	6224	1	1
396.290	6225	4	1
396.358	6226	2	1
396.426	6227	4	2
396.699	6228	4	3
396.426	6229	1	1
396.494	6230	3	1
396.562	6231	1	1
396.630	6232	2	1
396.699	6233	1	1
396.699	6234	3	2
396.971	6235	3	3
396.767	6236	4	1
396.835	6237	1	1
396.903	6238	2	1
396.971	6239	1	2
397.244	6240	1	3
396.971	6241	4	1
397.040	6242	2	1
397.108	6243	3	1
397.176	6244	4	1
397.244	6245	2	2
397.517	6246	2	3
397.244	6247	3	1
397.312	6248	4	1
397.380	6249	3	1
397.449	6250	1	1
397.517	6251	3	2
397.585	6252	3	3
397.517	6253	4	1
397.653	6254	2	2
397.721	6255	2	3
397.721	6256	3	2
397.790	6257	3	3
397.790	6258	2	2
397.926	6259	2	3
397.790	6260	1	1
397.790	6261	4	2
398.062	6262	4	3
397.926	6263	3	1
398.062	6264	2	1
398.062	6265	1	2
398.199	6266	1	3
398.062	6267	3	2
398.335	6268	3	3
398.199	6269	4	1
398.335	6270	2	2
398.608	6271	2	3
398.335	6272	1	1
398.335	6273	4	2
398.471	6274	4	3
398.471	6275	3	1
398.608	6276	4	1
398.608	6277	3	2
398.880	6278	3	3
398.608	6279	1	2
398.744	6280	1	3
398.744	6281	2	1
398.880	6282	4	2
399.017	6283	4	3
398.880	6284	1	1
398.880	6285	2	2
399.153	6286	2	3
399.017	6287	3	1
399.153	6288	4	1
399.153	6289	3	2
399.290	6290	3	3
399.153	6291	1	2
399.426	6292	1	3
399.290	6293	2	1
399.426	6294	2	2
399.562	6295	2	3
399.426	6296	3	1
399.426	6297	4	2
399.699	6298	4	3
399.562	6299	1	1
399.699	6300	1	1
399.699	6301	2	1
399.835	6302	2	2
399.903	6303	2	3
399.903	6304	3	2
399.971	6305	3	3
399.971	6306	2	2
400.244	6307	2	3
399.971	6308	4	2
400.108	6309	4	3
399.971	6310	1	1
400.108	6311	3	1
400.244	6312	4	1
400.244	6313	3	2
400.380	6314	3	3
400.244	6315	1	2
400.517	6316	1	3
400.380	6317	2	1
400.517	6318	3	1
400.517	6319	2	2
400.790	6320	2	3
400.517	6321	4	2
400.653	6322	4	3
400.653	6323	1	1
400.790	6324	3	1
400.790	6325	1	1
400.790	6326	4	1
400.971	6327	1	1
400.971	6328	4	1
400.971	6329	3	1
401.153	6330	3	1
401.153	6331	4	1
401.153	6332	1	1
401.335	6333	1	1
401.335	6334	2	1
401.403	6335	3	1
401.471	6336	4	1
401.608	6337	2	1
401.744	6338	4	1
401.880	6339	1	2
402.017	6340	1	3
401.880	6341	3	2
402.153	6342	3	3
401.880	6343	2	1
402.017	6344	4	1
402.153	6345	4	2
402.426	6346	4	3
402.153	6347	2	2
402.290	6348	2	3
402.290	6349	1	1
402.290	6350	3	1
402.426	6351	1	2
402.562	6352	1	3
402.426	6353	3	2
402.699	6354	3	3
402.562	6355	4	1
402.699	6356	2	2
402.971	6357	2	3
402.699	6358	4	2
402.835	6359	4	3
402.699	6360	1	1
402.835	6361	3	1
402.903	6362	4	1
402.971	6363	3	2
403.244	6364	3	3
402.971	6365	1	2
403.108	6366	1	3
403.108	6367	2	1
403.244	6368	2	2
403.517	6369	2	3
403.244	6370	4	2
403.380	6371	4	3
403.380	6372	3	1
403.380	6373	1	1
403.449	6374	4	1
403.517	6375	1	2
403.790	6376	1	3
403.517	6377	3	2
403.653	6378	3	3
403.653	6379	2	1
403.790	6380	3	1
403.790	6381	2	2
403.926	6382	2	3
403.790	6383	4	2
404.062	6384	4	3
403.858	6385	1	1
403.926	6386	3	1
403.994	6387	1	1
404.062	6388	3	2
404.199	6389	3	3
404.062	6390	2	2
404.335	6391	2	3
404.199	6392	1	1
404.335	6393	4	2
404.471	6394	4	3
404.335	6395	3	2
404.608	6396	3	3
404.471	6397	1	1
404.471	6398	2	1
404.608	6399	2	2
404.744	6400	2	3
404.608	6401	1	2
404.880	6402	1	3
404.744	6403	3	1
404.880	6404	4	2
405.153	6405	4	3
404.880	6406	3	2
405.017	6407	3	3
404.880	6408	2	1
405.017	6409	1	1
405.085	6410	2	1
405.153	6411	1	1
405.153	6412	3	2
405.426	6413	3	3
405.290	6414	1	2
405.358	6415	1	3
405.358	6416	4	2
405.426	6417	4	3
405.426	6418	2	2
405.699	6419	2	3
405.562	6420	1	1
405.562	6421	3	2
405.630	6422	3	3
405.630	6423	4	2
405.699	6424	4	3
405.699	6425	1	2
405.971	6426	1	3
405.835	6427	2	2
405.903	6428	2	3
405.903	6429	4	2
405.971	6430	4	3
405.971	6431	2	1
405.971	6432	3	2
406.244	6433	3	3
406.108	6434	2	2
406.176	6435	2	3
406.176	6436	1	2
406.244	6437	1	3
406.244	6438	2	1
406.244	6439	4	1
406.312	6440	3	1
406.380	6441	2	1
406.449	6442	3	1
406.517	6443	2	1
406.653	6444	1	1
406.653	6445	4	1
406.653	6446	3	1
406.721	6447	2	1
406.790	6448	3	1
406.858	6449	2	1
406.926	6450	3	1
407.062	6451	2	1
407.062	6452	4	1
407.062	6453	1	1
407.130	6454	3	1
407.199	6455	2	1
407.267	6456	3	1
407.335	6457	2	1
407.471	6458	4	1
407.471	6459	3	1
407.471	6460	1	1
407.540	6461	2	1
407.608	6462	3	1
407.676	6463	2	1
407.744	6464	3	1
407.880	6465	3	1
407.880	6466	4	1
407.880	6467	2	1
407.949	6468	1	1
408.017	6469	2	1
408.085	6470	1	1
408.153	6471	2	1
408.153	6472	3	1
408.153	6473	4	1
408.221	6474	1	1
408.290	6475	2	1
408.358	6476	1	1
408.426	6477	3	1
408.426	6478	4	1
408.426	6479	2	1
408.494	6480	1	1
408.562	6481	2	1
408.630	6482	1	1
408.699	6483	2	1
408.835	6484	3	1
408.835	6485	1	1
408.835	6486	2	1
408.903	6487	4	1
408.971	6488	3	1
409.040	6489	4	1
409.108	6490	3	1
409.244	6491	2	1
409.244	6492	3	1
409.244	6493	4	1
409.312	6494	1	1
409.380	6495	2	1
409.449	6496	1	1
409.517	6497	2	1
409.653	6498	3	1
409.653	6499	2	1
409.653	6500	1	1
409.721	6501	4	1
409.790	6502	3	1
409.858	6503	4	1
409.926	6504	3	1
410.062	6505	4	1
410.062	6506	3	1
410.062	6507	2	2
410.608	6508	2	3
410.608	6509	3	1
410.608	6510	4	1
410.608	6511	1	1
410.676	6512	2	1
410.744	6513	3	1
410.812	6514	2	1
410.880	6515	3	1
410.949	6516	2	1
411.017	6517	3	1
411.017	6518	1	1
411.017	6519	4	1
411.085	6520	2	1
411.153	6521	3	1
411.221	6522	2	1
411.290	6523	3	1
411.358	6524	2	1
411.426	6525	4	1
411.426	6526	3	1
411.426	6527	1	1
411.494	6528	2	1
411.562	6529	3	1
411.630	6530	2	1
411.699	6531	3	1
411.767	6532	2	1
411.835	6533	4	1
411.835	6534	1	1
411.835	6535	3	1
411.903	6536	2	1
411.971	6537	3	1
412.040	6538	2	1
412.108	6539	3	1
412.176	6540	2	1
412.244	6541	1	1
412.244	6542	4	1
412.244	6543	3	1
412.312	6544	2	1
412.380	6545	3	1
412.449	6546	2	1
412.517	6547	3	1
412.517	6548	4	1
412.517	6549	1	1
412.585	6550	2	1
412.653	6551	3	1
412.721	6552	2	1
412.790	6553	4	1
412.790	6554	1	1
412.790	6555	3	1
413.153	6556	1	1
413.244	6557	2	1
413.335	6558	4	1
413.426	6559	1	1
413.517	6560	2	1
413.608	6561	1	1
413.699	6562	4	1
413.790	6563	1	1
413.880	6564	2	1
413.880	6565	3	1
413.971	6566	1	1
413.971	6567	4	1
414.153	6568	1	1
414.153	6569	4	1
414.244	6570	2	1
414.244	6571	3	1
414.335	6572	4	1
414.426	6573	2	1
414.426	6574	1	1
414.517	6575	4	1
414.517	6576	3	1
414.608	6577	2	1
414.699	6578	3	1
414.699	6579	4	1
414.790	6580	2	1
414.880	6581	1	1
414.971	6582	2	1
414.971	6583	3	1
414.971	6584	4	1
414.971	6585	1	1